pot,date,genotype_id,type,treatment,row,column,rep,canon_fgcc,n_lesions,size_lesions,fgcc,ndvi,endvi,rendvi,ngrdi,gndvi
121A,2021-07-05,CVR019,Cultivar,Infected,1,9,3,0.03091679997543706,0,0,NA,NA,NA,NA,NA,NA
122A,2021-07-05,CVR016,Cultivar,Infected,2,9,3,0.03339769596660938,0,0,NA,NA,NA,NA,NA,NA
123A,2021-07-05,WLD131,Wild cicer,Infected,3,9,3,0.03699151726223282,0,0,NA,NA,NA,NA,NA,NA
130A,2021-07-05,CVR485,Cultivar,Infected,1,10,3,0.04461969278649162,0,0,NA,NA,NA,NA,NA,NA
131A,2021-07-05,CVR010,Cultivar,Infected,2,10,3,0.01679987245290516,0,0,NA,NA,NA,NA,NA,NA
132A,2021-07-05,CVR491,Cultivar,Infected,3,10,3,0.02025457808547221,0,0,NA,NA,NA,NA,NA,NA
139A,2021-07-05,CVR011,Cultivar,Infected,1,11,3,0.0174921384904953,0,0,NA,NA,NA,NA,NA,NA
140A,2021-07-05,WLD132,Wild cicer,Infected,2,11,3,0.0022159137758268,0,0,NA,NA,NA,NA,NA,NA
141A,2021-07-05,CVR487,Cultivar,Infected,3,11,3,0.01785317675890355,0,0,NA,NA,NA,NA,NA,NA
148A,2021-07-05,CVR495,Cultivar,Infected,1,12,3,0.02711430518522904,0,0,NA,NA,NA,NA,NA,NA
149A,2021-07-05,CVR493,Cultivar,Infected,2,12,3,0.04054559122555444,0,0,NA,NA,NA,NA,NA,NA
150A,2021-07-05,CVR492,Cultivar,Infected,3,12,3,0.02439161292255395,0,0,NA,NA,NA,NA,NA,NA
124A,2021-07-05,Howzat,Cultivar,Infected,4,9,3,0.02276197229817908,0,0,NA,NA,NA,NA,NA,NA
125A,2021-07-05,CVR496,Cultivar,Infected,5,9,3,0.03485178587331785,0,0,NA,NA,NA,NA,NA,NA
126A,2021-07-05,CVR484,Cultivar,Infected,6,9,3,0.02783969399973736,0,0,NA,NA,NA,NA,NA,NA
133A,2021-07-05,CVR482,Cultivar,Infected,4,10,3,0.03627937755849177,0,0,NA,NA,NA,NA,NA,NA
134A,2021-07-05,CVR015,Cultivar,Infected,5,10,3,0.01622022385683686,0,0,NA,NA,NA,NA,NA,NA
135A,2021-07-05,CVR481,Cultivar,Infected,6,10,3,0.01147704220215228,0,0,NA,NA,NA,NA,NA,NA
142A,2021-07-05,WLD129,Wild cicer,Infected,4,11,3,0.00533607936152015,0,0,NA,NA,NA,NA,NA,NA
143A,2021-07-05,CVR477,Cultivar,Infected,5,11,3,0.01700523366979793,0,0,NA,NA,NA,NA,NA,NA
144A,2021-07-05,WLD133,Wild cicer,Infected,6,11,3,0.00373624923637165,0,0,NA,NA,NA,NA,NA,NA
127A,2021-07-05,CVR489,Cultivar,Infected,7,9,3,0.02545816633931961,0,0,NA,NA,NA,NA,NA,NA
128A,2021-07-05,CVR009,Cultivar,Infected,8,9,3,0.01675681284291152,0,0,NA,NA,NA,NA,NA,NA
129A,2021-07-05,CVR486,Cultivar,Infected,9,9,3,0.01719072122053978,0,0,NA,NA,NA,NA,NA,NA
136A,2021-07-05,CVR488,Cultivar,Infected,7,10,3,0.01544183859925944,0,0,NA,NA,NA,NA,NA,NA
137A,2021-07-05,CVR490,Cultivar,Infected,8,10,3,0.00723401447893235,0,0,NA,NA,NA,NA,NA,NA
138A,2021-07-05,CVR494,Cultivar,Infected,9,10,3,0.02075804429462868,0,0,NA,NA,NA,NA,NA,NA
145A,2021-07-05,CVR017,Cultivar,Infected,7,11,3,0.01641233596296236,0,0,NA,NA,NA,NA,NA,NA
146A,2021-07-05,Genesis090,Cultivar,Infected,8,11,3,0.02914141913262217,0,0,NA,NA,NA,NA,NA,NA
147A,2021-07-05,WLD130,Wild cicer,Infected,9,11,3,0.00786665951806974,0,0,NA,NA,NA,NA,NA,NA
151A,2021-07-05,WLD130,Wild cicer,Fungicide,10,9,3,0.01236804490125155,0,0,NA,NA,NA,NA,NA,NA
152A,2021-07-05,CVR482,Cultivar,Fungicide,11,9,3,0.03851516500046949,0,0,NA,NA,NA,NA,NA,NA
153A,2021-07-05,CVR491,Cultivar,Fungicide,12,9,3,0.02330187356194555,0,0,NA,NA,NA,NA,NA,NA
160A,2021-07-05,Howzat,Cultivar,Fungicide,10,10,3,0.03237088988214554,1,2.9810379984491917e-4,NA,NA,NA,NA,NA,NA
161A,2021-07-05,CVR009,Cultivar,Fungicide,11,10,3,0.01546502454310217,0,0,NA,NA,NA,NA,NA,NA
162A,2021-07-05,CVR484,Cultivar,Fungicide,12,10,3,0.03564342024166255,1,2.649811554177059e-4,NA,NA,NA,NA,NA,NA
169A,2021-07-05,CVR019,Cultivar,Fungicide,10,11,3,0.01998628359243489,0,0,NA,NA,NA,NA,NA,NA
170A,2021-07-05,CVR495,Cultivar,Fungicide,11,11,3,0.014623706009380181,0,0,NA,NA,NA,NA,NA,NA
171A,2021-07-05,CVR010,Cultivar,Fungicide,12,11,3,0.01527953699236031,0,0,NA,NA,NA,NA,NA,NA
178A,2021-07-05,CVR016,Cultivar,Fungicide,10,12,3,0.03968439902568154,0,0,NA,NA,NA,NA,NA,NA
179A,2021-07-05,CVR494,Cultivar,Fungicide,11,12,3,0.02987012022482231,0,0,NA,NA,NA,NA,NA,NA
180A,2021-07-05,WLD129,Wild cicer,Fungicide,12,12,3,0.00594885073450664,0,0,NA,NA,NA,NA,NA,NA
154A,2021-07-05,CVR493,Cultivar,Fungicide,13,9,3,0.04207586351917474,0,0,NA,NA,NA,NA,NA,NA
155A,2021-07-05,WLD132,Wild cicer,Fungicide,14,9,3,0.00586604379221116,0,0,NA,NA,NA,NA,NA,NA
156A,2021-07-05,CVR489,Cultivar,Fungicide,15,9,3,0.03406677606035679,0,0,NA,NA,NA,NA,NA,NA
163A,2021-07-05,WLD131,Wild cicer,Fungicide,13,10,3,0.00264650987576325,0,0,NA,NA,NA,NA,NA,NA
164A,2021-07-05,CVR485,Cultivar,Fungicide,14,10,3,0.02255992335897813,0,0,NA,NA,NA,NA,NA,NA
165A,2021-07-05,CVR488,Cultivar,Fungicide,15,10,3,0.01188776463593782,0,0,NA,NA,NA,NA,NA,NA
172A,2021-07-05,CVR481,Cultivar,Fungicide,13,11,3,0.02578608183080968,1,0.00132160172709078,NA,NA,NA,NA,NA,NA
173A,2021-07-05,CVR490,Cultivar,Fungicide,14,11,3,0.00595216301219845,0,0,NA,NA,NA,NA,NA,NA
174A,2021-07-05,CVR486,Cultivar,Fungicide,15,11,3,0.01540540354464943,0,0,NA,NA,NA,NA,NA,NA
157A,2021-07-05,CVR492,Cultivar,Fungicide,16,9,3,0.02859820559116388,0,0,NA,NA,NA,NA,NA,NA
158A,2021-07-05,CVR487,Cultivar,Fungicide,17,9,3,0.0200061572585858,0,0,NA,NA,NA,NA,NA,NA
159A,2021-07-05,CVR477,Cultivar,Fungicide,18,9,3,0.03075118609084612,0,0,NA,NA,NA,NA,NA,NA
166A,2021-07-05,CVR017,Cultivar,Fungicide,16,10,3,0.01084439716301488,0,0,NA,NA,NA,NA,NA,NA
167A,2021-07-05,CVR015,Cultivar,Fungicide,17,10,3,0.01625334663375505,0,0,NA,NA,NA,NA,NA,NA
168A,2021-07-05,Genesis090,Cultivar,Fungicide,18,10,3,0.03398728139575313,0,0,NA,NA,NA,NA,NA,NA
175A,2021-07-05,CVR011,Cultivar,Fungicide,16,11,3,0.00653843616365039,0,0,NA,NA,NA,NA,NA,NA
176A,2021-07-05,CVR496,Cultivar,Fungicide,17,11,3,0.03373886056886672,0,0,NA,NA,NA,NA,NA,NA
177A,2021-07-05,WLD133,Wild cicer,Fungicide,18,11,3,0.00681335521207135,0,0,NA,NA,NA,NA,NA,NA
1A,2021-07-05,CVR482,Cultivar,Infected,1,1,1,0.04449051395651068,0,0,NA,NA,NA,NA,NA,NA
2A,2021-07-05,CVR016,Cultivar,Infected,2,1,1,0.04963448121190534,0,0,NA,NA,NA,NA,NA,NA
3A,2021-07-05,CVR496,Cultivar,Infected,3,1,1,0.03332813813508118,0,0,NA,NA,NA,NA,NA,NA
10A,2021-07-05,CVR485,Cultivar,Infected,1,2,1,0.03791564273825028,0,0,NA,NA,NA,NA,NA,NA
11A,2021-07-05,CVR481,Cultivar,Infected,2,2,1,0.01981735743015213,0,0,NA,NA,NA,NA,NA,NA
12A,2021-07-05,CVR009,Cultivar,Infected,3,2,1,0.01947288055020297,2,4.7696607975187e-4,NA,NA,NA,NA,NA,NA
19A,2021-07-05,CVR495,Cultivar,Infected,1,3,1,0.01442165707017923,0,0,NA,NA,NA,NA,NA,NA
20A,2021-07-05,CVR488,Cultivar,Infected,2,3,1,0.0192509579448511,0,0,NA,NA,NA,NA,NA,NA
21A,2021-07-05,WLD130,Wild cicer,Infected,3,3,1,0.00537582669382198,0,0,NA,NA,NA,NA,NA,NA
28A,2021-07-05,CVR491,Cultivar,Infected,1,4,1,0.01788298725812992,0,0,NA,NA,NA,NA,NA,NA
29A,2021-07-05,CVR015,Cultivar,Infected,2,4,1,0.0221160781482744,0,0,NA,NA,NA,NA,NA,NA
30A,2021-07-05,WLD129,Wild cicer,Infected,3,4,1,0.01303050043961532,0,0,NA,NA,NA,NA,NA,NA
31A,2021-07-05,CVR011,Cultivar,Fungicide,10,1,1,0.02125819822609332,0,0,NA,NA,NA,NA,NA,NA
32A,2021-07-05,WLD131,Wild cicer,Fungicide,11,1,1,0.01266614989351525,0,0,NA,NA,NA,NA,NA,NA
33A,2021-07-05,CVR019,Cultivar,Fungicide,12,1,1,0.02029432541777404,0,0,NA,NA,NA,NA,NA,NA
40A,2021-07-05,CVR487,Cultivar,Fungicide,10,2,1,0.01282845150041437,0,0,NA,NA,NA,NA,NA,NA
41A,2021-07-05,CVR490,Cultivar,Fungicide,11,2,1,0.01010575923773928,0,0,NA,NA,NA,NA,NA,NA
42A,2021-07-05,Howzat,Cultivar,Fungicide,12,2,1,0.02693544218987082,0,0,NA,NA,NA,NA,NA,NA
49A,2021-07-05,CVR489,Cultivar,Fungicide,10,3,1,0.01068209555611576,0,0,NA,NA,NA,NA,NA,NA
50A,2021-07-05,CVR016,Cultivar,Fungicide,11,3,1,0.03317577336125751,0,0,NA,NA,NA,NA,NA,NA
51A,2021-07-05,WLD129,Wild cicer,Fungicide,12,3,1,0.00577330001684024,0,0,NA,NA,NA,NA,NA,NA
58A,2021-07-05,CVR477,Cultivar,Fungicide,10,4,1,0.0312049681346253,0,0,NA,NA,NA,NA,NA,NA
59A,2021-07-05,CVR492,Cultivar,Fungicide,11,4,1,0.02792912549741647,0,0,NA,NA,NA,NA,NA,NA
60A,2021-07-05,CVR495,Cultivar,Fungicide,12,4,1,0.03044645654319879,0,0,NA,NA,NA,NA,NA,NA
34A,2021-07-05,Genesis090,Cultivar,Fungicide,13,1,1,0.00436889427550905,0,0,NA,NA,NA,NA,NA,NA
35A,2021-07-05,CVR491,Cultivar,Fungicide,14,1,1,0.02500769657323225,0,0,NA,NA,NA,NA,NA,NA
36A,2021-07-05,CVR494,Cultivar,Fungicide,15,1,1,0.03624625478157358,0,0,NA,NA,NA,NA,NA,NA
43A,2021-07-05,CVR481,Cultivar,Fungicide,13,2,1,0.02647834786839982,0,0,NA,NA,NA,NA,NA,NA
44A,2021-07-05,CVR017,Cultivar,Fungicide,14,2,1,0.0308704280877516,0,0,NA,NA,NA,NA,NA,NA
45A,2021-07-05,CVR010,Cultivar,Fungicide,15,2,1,0.00822438550878618,0,0,NA,NA,NA,NA,NA,NA
52A,2021-07-05,CVR496,Cultivar,Fungicide,13,3,1,0.01071853061072577,0,0,NA,NA,NA,NA,NA,NA
53A,2021-07-05,CVR015,Cultivar,Fungicide,14,3,1,0.00902264443251452,0,0,NA,NA,NA,NA,NA,NA
54A,2021-07-05,CVR009,Cultivar,Fungicide,15,3,1,0.03578584818241076,0,0,NA,NA,NA,NA,NA,NA
37A,2021-07-05,WLD133,Wild cicer,Fungicide,16,1,1,0.00436889427550905,0,0,NA,NA,NA,NA,NA,NA
38A,2021-07-05,CVR488,Cultivar,Fungicide,17,1,1,0.02500769657323225,0,0,NA,NA,NA,NA,NA,NA
39A,2021-07-05,CVR493,Cultivar,Fungicide,18,1,1,0.03624625478157358,0,0,NA,NA,NA,NA,NA,NA
46A,2021-07-05,CVR482,Cultivar,Fungicide,16,2,1,0.02647834786839982,0,0,NA,NA,NA,NA,NA,NA
47A,2021-07-05,CVR485,Cultivar,Fungicide,17,2,1,0.0308704280877516,0,0,NA,NA,NA,NA,NA,NA
48A,2021-07-05,WLD132,Wild cicer,Fungicide,18,2,1,0.00822438550878618,0,0,NA,NA,NA,NA,NA,NA
55A,2021-07-05,CVR486,Cultivar,Fungicide,16,3,1,0.01071853061072577,0,0,NA,NA,NA,NA,NA,NA
56A,2021-07-05,WLD130,Wild cicer,Fungicide,17,3,1,0.00902264443251452,0,0,NA,NA,NA,NA,NA,NA
57A,2021-07-05,CVR484,Cultivar,Fungicide,18,3,1,0.03578584818241076,0,0,NA,NA,NA,NA,NA,NA
4A,2021-07-05,CVR493,Cultivar,Infected,4,1,1,0.02881019136344028,0,0,NA,NA,NA,NA,NA,NA
5A,2021-07-05,CVR489,Cultivar,Infected,5,1,1,0.00817138906571708,0,0,NA,NA,NA,NA,NA,NA
6A,2021-07-05,CVR010,Cultivar,Infected,6,1,1,0.02021814303086221,1,5.100887241790839e-4,NA,NA,NA,NA,NA,NA
13A,2021-07-05,CVR017,Cultivar,Infected,4,2,1,0.01962193304633482,0,0,NA,NA,NA,NA,NA,NA
14A,2021-07-05,CVR019,Cultivar,Infected,5,2,1,0.00979440513470831,0,0,NA,NA,NA,NA,NA,NA
15A,2021-07-05,WLD131,Wild cicer,Infected,6,2,1,0.00534270391690379,0,0,NA,NA,NA,NA,NA,NA
22A,2021-07-05,Howzat,Cultivar,Infected,4,3,1,0.01506423894239209,0,0,NA,NA,NA,NA,NA,NA
23A,2021-07-05,Genesis090,Cultivar,Infected,5,3,1,0.0329803489774402,0,0,NA,NA,NA,NA,NA,NA
24A,2021-07-05,CVR477,Cultivar,Infected,6,3,1,0.01759150682124986,0,0,NA,NA,NA,NA,NA,NA
61A,2021-07-05,CVR487,Cultivar,Fungicide,1,5,2,0.02231812708747535,0,0,NA,NA,NA,NA,NA,NA
62A,2021-07-05,WLD132,Wild cicer,Fungicide,2,5,2,0.00819126273186799,0,0,NA,NA,NA,NA,NA,NA
63A,2021-07-05,CVR482,Cultivar,Fungicide,3,5,2,0.04963448121190534,0,0,NA,NA,NA,NA,NA,NA
70A,2021-07-05,WLD133,Wild cicer,Fungicide,1,6,2,0.01531928432466214,0,0,NA,NA,NA,NA,NA,NA
71A,2021-07-05,WLD130,Wild cicer,Fungicide,2,6,2,0.00561099840994111,0,0,NA,NA,NA,NA,NA,NA
72A,2021-07-05,WLD129,Wild cicer,Fungicide,3,6,2,0.01074502883226032,0,0,NA,NA,NA,NA,NA,NA
79A,2021-07-05,CVR490,Cultivar,Fungicide,1,7,2,0.01555114376308946,0,0,NA,NA,NA,NA,NA,NA
80A,2021-07-05,CVR494,Cultivar,Fungicide,2,7,2,0.00376605973559802,0,0,NA,NA,NA,NA,NA,NA
81A,2021-07-05,WLD131,Wild cicer,Fungicide,3,7,2,0.01182814363748508,0,0,NA,NA,NA,NA,NA,NA
88A,2021-07-05,CVR493,Cultivar,Fungicide,1,8,2,0.03189392189452363,0,0,NA,NA,NA,NA,NA,NA
89A,2021-07-05,CVR477,Cultivar,Fungicide,2,8,2,0.0116393438090514,0,0,NA,NA,NA,NA,NA,NA
90A,2021-07-05,CVR488,Cultivar,Fungicide,3,8,2,0.01965174354556118,0,0,NA,NA,NA,NA,NA,NA
64A,2021-07-05,CVR015,Cultivar,Fungicide,4,5,2,0.01918802466870655,0,0,NA,NA,NA,NA,NA,NA
65A,2021-07-05,CVR016,Cultivar,Fungicide,5,5,2,0.03341425735506848,0,0,NA,NA,NA,NA,NA,NA
66A,2021-07-05,CVR485,Cultivar,Fungicide,6,5,2,0.03794545323747664,0,0,NA,NA,NA,NA,NA,NA
73A,2021-07-05,CVR010,Cultivar,Fungicide,4,6,2,0.01418317307636828,0,0,NA,NA,NA,NA,NA,NA
74A,2021-07-05,Genesis090,Cultivar,Fungicide,5,6,2,0.0341760812241868,0,0,NA,NA,NA,NA,NA,NA
75A,2021-07-05,CVR019,Cultivar,Fungicide,6,6,2,0.02049637435697499,0,0,NA,NA,NA,NA,NA,NA
82A,2021-07-05,CVR017,Cultivar,Fungicide,4,7,2,0.01649845518294965,0,0,NA,NA,NA,NA,NA,NA
83A,2021-07-05,CVR496,Cultivar,Fungicide,5,7,2,0.02977406417175956,0,0,NA,NA,NA,NA,NA,NA
84A,2021-07-05,CVR009,Cultivar,Fungicide,6,7,2,0.00987058752162014,0,0,NA,NA,NA,NA,NA,NA
67A,2021-07-05,CVR481,Cultivar,Fungicide,7,5,2,0.02635579359380252,0,0,NA,NA,NA,NA,NA,NA
68A,2021-07-05,CVR489,Cultivar,Fungicide,8,5,2,0.01571013309229676,0,0,NA,NA,NA,NA,NA,NA
69A,2021-07-05,Howzat,Cultivar,Fungicide,9,5,2,0.01150354042368683,0,0,NA,NA,NA,NA,NA,NA
76A,2021-07-05,CVR484,Cultivar,Fungicide,7,6,2,0.02671020730682714,0,0,NA,NA,NA,NA,NA,NA
77A,2021-07-05,CVR492,Cultivar,Fungicide,8,6,2,0.01256678156276068,0,0,NA,NA,NA,NA,NA,NA
78A,2021-07-05,CVR011,Cultivar,Fungicide,9,6,2,0.01319942660189808,0,0,NA,NA,NA,NA,NA,NA
85A,2021-07-05,CVR495,Cultivar,Fungicide,7,7,2,0.01468332700783292,0,0,NA,NA,NA,NA,NA,NA
86A,2021-07-05,CVR491,Cultivar,Fungicide,8,7,2,0.0185818778511037,0,0,NA,NA,NA,NA,NA,NA
87A,2021-07-05,CVR486,Cultivar,Fungicide,9,7,2,0.00818132589879253,0,0,NA,NA,NA,NA,NA,NA
7A,2021-07-05,CVR487,Cultivar,Infected,7,1,1,0.01332198087649538,0,0,NA,NA,NA,NA,NA,NA
8A,2021-07-05,WLD132,Wild cicer,Infected,8,1,1,0.004113848893239,0,0,NA,NA,NA,NA,NA,NA
9A,2021-07-05,CVR492,Cultivar,Infected,9,1,1,0.02853527231501932,0,0,NA,NA,NA,NA,NA,NA
16A,2021-07-05,CVR490,Cultivar,Infected,7,2,1,0.01045354839538026,0,0,NA,NA,NA,NA,NA,NA
17A,2021-07-05,CVR011,Cultivar,Infected,8,2,1,0.01271252178120071,0,0,NA,NA,NA,NA,NA,NA
18A,2021-07-05,CVR486,Cultivar,Infected,9,2,1,0.01248728689815703,0,0,NA,NA,NA,NA,NA,NA
25A,2021-07-05,CVR484,Cultivar,Infected,7,3,1,0.01815128175116725,0,0,NA,NA,NA,NA,NA,NA
26A,2021-07-05,CVR494,Cultivar,Infected,8,3,1,0.01096032688222854,0,0,NA,NA,NA,NA,NA,NA
27A,2021-07-05,WLD133,Wild cicer,Infected,9,3,1,0.00422315405706902,1,3.5772455981390294e-4,NA,NA,NA,NA,NA,NA
91A,2021-07-05,CVR484,Cultivar,Infected,10,5,2,0.04513309582872353,1,2.9810379984491917e-4,NA,NA,NA,NA,NA,NA
92A,2021-07-05,WLD132,Wild cicer,Infected,11,5,2,0.01062578683535484,0,0,NA,NA,NA,NA,NA,NA
93A,2021-07-05,CVR488,Cultivar,Infected,12,5,2,0.03341094507737666,0,0,NA,NA,NA,NA,NA,NA
100A,2021-07-05,CVR494,Cultivar,Infected,10,6,2,0.01066222188996485,0,0,NA,NA,NA,NA,NA,NA
101A,2021-07-05,WLD130,Wild cicer,Infected,11,6,2,0.00948305103167734,0,0,NA,NA,NA,NA,NA,NA
102A,2021-07-05,CVR482,Cultivar,Infected,12,6,2,0.0423143475129857,0,0,NA,NA,NA,NA,NA,NA
109A,2021-07-05,CVR016,Cultivar,Infected,10,7,2,0.03181111495222815,0,0,NA,NA,NA,NA,NA,NA
110A,2021-07-05,CVR011,Cultivar,Infected,11,7,2,0.00583292101529298,0,0,NA,NA,NA,NA,NA,NA
111A,2021-07-05,WLD133,Wild cicer,Infected,12,7,2,0.00617408561755032,0,0,NA,NA,NA,NA,NA,NA
118A,2021-07-05,CVR477,Cultivar,Infected,10,8,2,0.02003596775781217,0,0,NA,NA,NA,NA,NA,NA
119A,2021-07-05,CVR487,Cultivar,Infected,11,8,2,0.01360021220260816,0,0,NA,NA,NA,NA,NA,NA
120A,2021-07-05,CVR010,Cultivar,Infected,12,8,2,0.02400738871030296,0,0,NA,NA,NA,NA,NA,NA
94A,2021-07-05,CVR481,Cultivar,Infected,13,5,2,0.03935648353419147,1,4.736538153091493e-4,NA,NA,NA,NA,NA,NA
95A,2021-07-05,CVR489,Cultivar,Infected,14,5,2,0.01850569546419186,0,0,NA,NA,NA,NA,NA,NA
96A,2021-07-05,CVR015,Cultivar,Infected,15,5,2,0.02209620448212349,0,0,NA,NA,NA,NA,NA,NA
103A,2021-07-05,WLD129,Wild cicer,Infected,13,6,2,0.00297773764494513,0,0,NA,NA,NA,NA,NA,NA
104A,2021-07-05,CVR491,Cultivar,Infected,14,6,2,0.01149029131291956,0,0,NA,NA,NA,NA,NA,NA
105A,2021-07-05,CVR495,Cultivar,Infected,15,6,2,0.01948612966097024,0,0,NA,NA,NA,NA,NA,NA
112A,2021-07-05,CVR496,Cultivar,Infected,13,7,2,0.03566329390781347,0,0,NA,NA,NA,NA,NA,NA
113A,2021-07-05,CVR486,Cultivar,Infected,14,7,2,0.00698228137435411,0,0,NA,NA,NA,NA,NA,NA
114A,2021-07-05,CVR485,Cultivar,Infected,15,7,2,0.02079447934923868,0,0,NA,NA,NA,NA,NA,NA
97A,2021-07-05,CVR017,Cultivar,Infected,16,5,2,0.03155275729226629,0,0,NA,NA,NA,NA,NA,NA
98A,2021-07-05,Genesis090,Cultivar,Infected,17,5,2,0.04076420155321448,0,0,NA,NA,NA,NA,NA,NA
99A,2021-07-05,CVR009,Cultivar,Infected,18,5,2,0.02977075189406775,0,0,NA,NA,NA,NA,NA,NA
106A,2021-07-05,CVR019,Cultivar,Infected,16,6,2,0.01607779591608866,0,0,NA,NA,NA,NA,NA,NA
107A,2021-07-05,CVR490,Cultivar,Infected,17,6,2,0.01581281370074315,0,0,NA,NA,NA,NA,NA,NA
108A,2021-07-05,WLD131,Wild cicer,Infected,18,6,2,0.00689616215436682,0,0,NA,NA,NA,NA,NA,NA
115A,2021-07-05,CVR493,Cultivar,Infected,16,7,2,0.02482883357787403,0,0,NA,NA,NA,NA,NA,NA
116A,2021-07-05,Howzat,Cultivar,Infected,17,7,2,0.01085764627378216,0,0,NA,NA,NA,NA,NA,NA
117A,2021-07-05,CVR492,Cultivar,Infected,18,7,2,0.02605768860153882,0,0,NA,NA,NA,NA,NA,NA
121A,2021-07-09,CVR019,Cultivar,Infected,1,9,3,0.05337735500366063,0,0,NA,NA,NA,NA,NA,NA
122A,2021-07-09,CVR016,Cultivar,Infected,2,9,3,0.08089907034498339,0,0,NA,NA,NA,NA,NA,NA
123A,2021-07-09,WLD131,Wild cicer,Infected,3,9,3,0.03292404025667928,0,0,NA,NA,NA,NA,NA,NA
130A,2021-07-09,CVR485,Cultivar,Infected,1,10,3,0.14332556800269308,0,0,NA,NA,NA,NA,NA,NA
131A,2021-07-09,CVR010,Cultivar,Infected,2,10,3,0.0280748657158565,0,0,NA,NA,NA,NA,NA,NA
132A,2021-07-09,CVR491,Cultivar,Infected,3,10,3,0.03834623883818672,0,0,NA,NA,NA,NA,NA,NA
139A,2021-07-09,CVR011,Cultivar,Infected,1,11,3,0.06047887837492023,0,0,NA,NA,NA,NA,NA,NA
140A,2021-07-09,WLD132,Wild cicer,Infected,2,11,3,0.00842643444798713,0,0,NA,NA,NA,NA,NA,NA
141A,2021-07-09,CVR487,Cultivar,Infected,3,11,3,0.04704096777921119,0,0,NA,NA,NA,NA,NA,NA
148A,2021-07-09,CVR495,Cultivar,Infected,1,12,3,0.10907992894697809,0,0,NA,NA,NA,NA,NA,NA
149A,2021-07-09,CVR493,Cultivar,Infected,2,12,3,0.13215987990357178,0,0,NA,NA,NA,NA,NA,NA
150A,2021-07-09,CVR492,Cultivar,Infected,3,12,3,0.07366174358835922,0,0,NA,NA,NA,NA,NA,NA
124A,2021-07-09,Howzat,Cultivar,Infected,4,9,3,0.10587033186360564,0,0,NA,NA,NA,NA,NA,NA
125A,2021-07-09,CVR496,Cultivar,Infected,5,9,3,0.08978259911444152,0,0,NA,NA,NA,NA,NA,NA
126A,2021-07-09,CVR484,Cultivar,Infected,6,9,3,0.11562498966601212,0,0,NA,NA,NA,NA,NA,NA
133A,2021-07-09,CVR482,Cultivar,Infected,4,10,3,0.15919469042419718,0,0,NA,NA,NA,NA,NA,NA
134A,2021-07-09,CVR015,Cultivar,Infected,5,10,3,0.04480186805954165,0,0,NA,NA,NA,NA,NA,NA
135A,2021-07-09,CVR481,Cultivar,Infected,6,10,3,0.07717607021937901,0,0,NA,NA,NA,NA,NA,NA
142A,2021-07-09,WLD129,Wild cicer,Infected,4,11,3,0.01697211089287974,0,0,NA,NA,NA,NA,NA,NA
143A,2021-07-09,CVR477,Cultivar,Infected,5,11,3,0.130437495503826,0,0,NA,NA,NA,NA,NA,NA
144A,2021-07-09,WLD133,Wild cicer,Infected,6,11,3,0.01699198455903065,0,0,NA,NA,NA,NA,NA,NA
127A,2021-07-09,CVR489,Cultivar,Infected,7,9,3,0.08713608923867827,0,0,NA,NA,NA,NA,NA,NA
128A,2021-07-09,CVR009,Cultivar,Infected,8,9,3,0.11105404645130212,0,0,NA,NA,NA,NA,NA,NA
129A,2021-07-09,CVR486,Cultivar,Infected,9,9,3,0.08807677610315481,0,0,NA,NA,NA,NA,NA,NA
136A,2021-07-09,CVR488,Cultivar,Infected,7,10,3,0.02661746353145621,0,0,NA,NA,NA,NA,NA,NA
137A,2021-07-09,CVR490,Cultivar,Infected,8,10,3,0.07831218146767287,0,0,NA,NA,NA,NA,NA,NA
138A,2021-07-09,CVR494,Cultivar,Infected,9,10,3,0.10227319829029036,0,0,NA,NA,NA,NA,NA,NA
145A,2021-07-09,CVR017,Cultivar,Infected,7,11,3,0.05888567280515536,0,0,NA,NA,NA,NA,NA,NA
146A,2021-07-09,Genesis090,Cultivar,Infected,8,11,3,0.11300829028947525,0,0,NA,NA,NA,NA,NA,NA
147A,2021-07-09,WLD130,Wild cicer,Infected,9,11,3,0.0160678590830132,0,0,NA,NA,NA,NA,NA,NA
151A,2021-07-09,WLD130,Wild cicer,Fungicide,10,9,3,0.0244015497556294,0,0,NA,NA,NA,NA,NA,NA
152A,2021-07-09,CVR482,Cultivar,Fungicide,11,9,3,0.12652900782747975,0,0,NA,NA,NA,NA,NA,NA
153A,2021-07-09,CVR491,Cultivar,Fungicide,12,9,3,0.05966405806273279,0,0,NA,NA,NA,NA,NA,NA
160A,2021-07-09,Howzat,Cultivar,Fungicide,10,10,3,0.1703305680240921,0,0,NA,NA,NA,NA,NA,NA
161A,2021-07-09,CVR009,Cultivar,Fungicide,11,10,3,0.07983251692821772,0,0,NA,NA,NA,NA,NA,NA
162A,2021-07-09,CVR484,Cultivar,Fungicide,12,10,3,0.13326949293033108,0,0,NA,NA,NA,NA,NA,NA
169A,2021-07-09,CVR019,Cultivar,Fungicide,10,11,3,0.07387704163832744,0,0,NA,NA,NA,NA,NA,NA
170A,2021-07-09,CVR495,Cultivar,Fungicide,11,11,3,0.0976393217994358,0,0,NA,NA,NA,NA,NA,NA
171A,2021-07-09,CVR010,Cultivar,Fungicide,12,11,3,0.04413610024348606,0,0,NA,NA,NA,NA,NA,NA
178A,2021-07-09,CVR016,Cultivar,Fungicide,10,12,3,0.1566674225453394,0,0,NA,NA,NA,NA,NA,NA
179A,2021-07-09,CVR494,Cultivar,Fungicide,11,12,3,0.12369369812328282,0,0,NA,NA,NA,NA,NA,NA
180A,2021-07-09,WLD129,Wild cicer,Fungicide,12,12,3,0.01714766161054614,0,0,NA,NA,NA,NA,NA,NA
154A,2021-07-09,CVR493,Cultivar,Fungicide,13,9,3,0.15267612792669769,0,0,NA,NA,NA,NA,NA,NA
155A,2021-07-09,WLD132,Wild cicer,Fungicide,14,9,3,0.01101001104760582,0,0,NA,NA,NA,NA,NA,NA
156A,2021-07-09,CVR489,Cultivar,Fungicide,15,9,3,0.08279369318470377,0,0,NA,NA,NA,NA,NA,NA
163A,2021-07-09,WLD131,Wild cicer,Fungicide,13,10,3,0.00194099472740584,0,0,NA,NA,NA,NA,NA,NA
164A,2021-07-09,CVR485,Cultivar,Fungicide,14,10,3,0.12381625239788012,0,0,NA,NA,NA,NA,NA,NA
165A,2021-07-09,CVR488,Cultivar,Fungicide,15,10,3,0.01533915799081305,0,0,NA,NA,NA,NA,NA,NA
172A,2021-07-09,CVR481,Cultivar,Fungicide,13,11,3,0.13102708093296975,0,0,NA,NA,NA,NA,NA,NA
173A,2021-07-09,CVR490,Cultivar,Fungicide,14,11,3,0.02363310133112743,0,0,NA,NA,NA,NA,NA,NA
174A,2021-07-09,CVR486,Cultivar,Fungicide,15,11,3,0.11885114813784368,0,0,NA,NA,NA,NA,NA,NA
157A,2021-07-09,CVR492,Cultivar,Fungicide,16,9,3,0.06892187421136646,0,0,NA,NA,NA,NA,NA,NA
158A,2021-07-09,CVR487,Cultivar,Fungicide,17,9,3,0.04215204590608658,0,0,NA,NA,NA,NA,NA,NA
159A,2021-07-09,CVR477,Cultivar,Fungicide,18,9,3,0.11781440522030438,0,0,NA,NA,NA,NA,NA,NA
166A,2021-07-09,CVR017,Cultivar,Fungicide,16,10,3,0.03425888816648228,0,0,NA,NA,NA,NA,NA,NA
167A,2021-07-09,CVR015,Cultivar,Fungicide,17,10,3,0.0628471569245707,0,0,NA,NA,NA,NA,NA,NA
168A,2021-07-09,Genesis090,Cultivar,Fungicide,18,10,3,0.12008331543920028,0,0,NA,NA,NA,NA,NA,NA
175A,2021-07-09,CVR011,Cultivar,Fungicide,16,11,3,0.02719379984983268,0,0,NA,NA,NA,NA,NA,NA
176A,2021-07-09,CVR496,Cultivar,Fungicide,17,11,3,0.1094873391030718,0,0,NA,NA,NA,NA,NA,NA
177A,2021-07-09,WLD133,Wild cicer,Fungicide,18,11,3,0.01440509568172014,0,0,NA,NA,NA,NA,NA,NA
1A,2021-07-09,CVR482,Cultivar,Infected,1,1,1,0.15398778989265793,0,0,NA,NA,NA,NA,NA,NA
2A,2021-07-09,CVR016,Cultivar,Infected,2,1,1,0.13581332219764797,0,0,NA,NA,NA,NA,NA,NA
3A,2021-07-09,CVR496,Cultivar,Infected,3,1,1,0.0910611383034836,0,0,NA,NA,NA,NA,NA,NA
10A,2021-07-09,CVR485,Cultivar,Infected,1,2,1,0.13110657559757338,0,0,NA,NA,NA,NA,NA,NA
11A,2021-07-09,CVR481,Cultivar,Infected,2,2,1,0.09428067221993151,0,0,NA,NA,NA,NA,NA,NA
12A,2021-07-09,CVR009,Cultivar,Infected,3,2,1,0.11068969590520204,0,0,NA,NA,NA,NA,NA,NA
19A,2021-07-09,CVR495,Cultivar,Infected,1,3,1,0.08012399736509777,0,0,NA,NA,NA,NA,NA,NA
20A,2021-07-09,CVR488,Cultivar,Infected,2,3,1,0.06284384464687888,0,0,NA,NA,NA,NA,NA,NA
21A,2021-07-09,WLD130,Wild cicer,Infected,3,3,1,0.01737620877128164,0,0,NA,NA,NA,NA,NA,NA
28A,2021-07-09,CVR491,Cultivar,Infected,1,4,1,0.02923747518568491,0,0,NA,NA,NA,NA,NA,NA
29A,2021-07-09,CVR015,Cultivar,Infected,2,4,1,0.05439753653274083,0,0,NA,NA,NA,NA,NA,NA
30A,2021-07-09,WLD129,Wild cicer,Infected,3,4,1,0.02914473141031398,0,0,NA,NA,NA,NA,NA,NA
31A,2021-07-09,CVR011,Cultivar,Fungicide,10,1,1,0.03921405559344326,0,0,NA,NA,NA,NA,NA,NA
32A,2021-07-09,WLD131,Wild cicer,Fungicide,11,1,1,0.01922445972331655,0,0,NA,NA,NA,NA,NA,NA
33A,2021-07-09,CVR019,Cultivar,Fungicide,12,1,1,0.03408333744881588,0,0,NA,NA,NA,NA,NA,NA
40A,2021-07-09,CVR487,Cultivar,Fungicide,10,2,1,0.03284123331438381,0,0,NA,NA,NA,NA,NA,NA
41A,2021-07-09,CVR490,Cultivar,Fungicide,11,2,1,0.03620319517157994,0,0,NA,NA,NA,NA,NA,NA
42A,2021-07-09,Howzat,Cultivar,Fungicide,12,2,1,0.11907969529857916,0,0,NA,NA,NA,NA,NA,NA
49A,2021-07-09,CVR489,Cultivar,Fungicide,10,3,1,0.05430810503506173,0,0,NA,NA,NA,NA,NA,NA
50A,2021-07-09,CVR016,Cultivar,Fungicide,11,3,1,0.11746992834035522,0,0,NA,NA,NA,NA,NA,NA
51A,2021-07-09,WLD129,Wild cicer,Fungicide,12,3,1,0.0216755452152625,0,0,NA,NA,NA,NA,NA,NA
58A,2021-07-09,CVR477,Cultivar,Fungicide,10,4,1,0.174812079741123,0,0,NA,NA,NA,NA,NA,NA
59A,2021-07-09,CVR492,Cultivar,Fungicide,11,4,1,0.09653964560575196,0,0,NA,NA,NA,NA,NA,NA
60A,2021-07-09,CVR495,Cultivar,Fungicide,12,4,1,0.12974522946623585,0,0,NA,NA,NA,NA,NA,NA
34A,2021-07-09,Genesis090,Cultivar,Fungicide,13,1,1,0.18729936663928004,0,0,NA,NA,NA,NA,NA,NA
35A,2021-07-09,CVR491,Cultivar,Fungicide,14,1,1,0.02008896420088127,0,0,NA,NA,NA,NA,NA,NA
36A,2021-07-09,CVR494,Cultivar,Fungicide,15,1,1,0.03470935793256964,0,0,NA,NA,NA,NA,NA,NA
43A,2021-07-09,CVR481,Cultivar,Fungicide,13,2,1,0.11554218272371664,0,0,NA,NA,NA,NA,NA,NA
44A,2021-07-09,CVR017,Cultivar,Fungicide,14,2,1,0.05397687726587984,7,0.00322615460309877,NA,NA,NA,NA,NA,NA
45A,2021-07-09,CVR010,Cultivar,Fungicide,15,2,1,0.02203658348367075,0,0,NA,NA,NA,NA,NA,NA
52A,2021-07-09,CVR496,Cultivar,Fungicide,13,3,1,0.1120841648134578,0,0,NA,NA,NA,NA,NA,NA
53A,2021-07-09,CVR015,Cultivar,Fungicide,14,3,1,0.02443798481023941,0,0,NA,NA,NA,NA,NA,NA
54A,2021-07-09,CVR009,Cultivar,Fungicide,15,3,1,0.07699389494632897,0,0,NA,NA,NA,NA,NA,NA
37A,2021-07-09,WLD133,Wild cicer,Fungicide,16,1,1,0.01245416412123884,0,0,NA,NA,NA,NA,NA,NA
38A,2021-07-09,CVR488,Cultivar,Fungicide,17,1,1,0.01958218571403299,0,0,NA,NA,NA,NA,NA,NA
39A,2021-07-09,CVR493,Cultivar,Fungicide,18,1,1,0.0795310996582622,0,0,NA,NA,NA,NA,NA,NA
46A,2021-07-09,CVR482,Cultivar,Fungicide,16,2,1,0.12721796158737808,0,0,NA,NA,NA,NA,NA,NA
47A,2021-07-09,CVR485,Cultivar,Fungicide,17,2,1,0.10772189509333235,0,0,NA,NA,NA,NA,NA,NA
48A,2021-07-09,WLD132,Wild cicer,Fungicide,18,2,1,0.01089408132839217,0,0,NA,NA,NA,NA,NA,NA
55A,2021-07-09,CVR486,Cultivar,Fungicide,16,3,1,0.09838458428009506,0,0,NA,NA,NA,NA,NA,NA
56A,2021-07-09,WLD130,Wild cicer,Fungicide,17,3,1,0.03862778244199133,0,0,NA,NA,NA,NA,NA,NA
57A,2021-07-09,CVR484,Cultivar,Fungicide,18,3,1,0.15124853624152376,0,0,NA,NA,NA,NA,NA,NA
4A,2021-07-09,CVR493,Cultivar,Infected,4,1,1,0.09031587582282435,0,0,NA,NA,NA,NA,NA,NA
5A,2021-07-09,CVR489,Cultivar,Infected,5,1,1,0.03902856804270141,0,0,NA,NA,NA,NA,NA,NA
6A,2021-07-09,CVR010,Cultivar,Infected,6,1,1,0.0682461695622354,0,0,NA,NA,NA,NA,NA,NA
13A,2021-07-09,CVR017,Cultivar,Infected,4,2,1,0.05856438186904893,0,0,NA,NA,NA,NA,NA,NA
14A,2021-07-09,CVR019,Cultivar,Infected,5,2,1,0.04668655406618657,0,0,NA,NA,NA,NA,NA,NA
15A,2021-07-09,WLD131,Wild cicer,Infected,6,2,1,0.01499468111086389,0,0,NA,NA,NA,NA,NA,NA
22A,2021-07-09,Howzat,Cultivar,Infected,4,3,1,0.13060973394380057,0,0,NA,NA,NA,NA,NA,NA
23A,2021-07-09,Genesis090,Cultivar,Infected,5,3,1,0.13558477503691246,0,0,NA,NA,NA,NA,NA,NA
24A,2021-07-09,CVR477,Cultivar,Infected,6,3,1,0.1211233706344314,0,0,NA,NA,NA,NA,NA,NA
61A,2021-07-09,CVR487,Cultivar,Fungicide,1,5,2,0.04017130384637891,0,0,NA,NA,NA,NA,NA,NA
62A,2021-07-09,WLD132,Wild cicer,Fungicide,2,5,2,0.0144514675694056,0,0,NA,NA,NA,NA,NA,NA
63A,2021-07-09,CVR482,Cultivar,Fungicide,3,5,2,0.13972180987399418,0,0,NA,NA,NA,NA,NA,NA
70A,2021-07-09,WLD133,Wild cicer,Fungicide,1,6,2,0.01867130934878281,0,0,NA,NA,NA,NA,NA,NA
71A,2021-07-09,WLD130,Wild cicer,Fungicide,2,6,2,0.01169565252981233,0,0,NA,NA,NA,NA,NA,NA
72A,2021-07-09,WLD129,Wild cicer,Fungicide,3,6,2,0.02120520178302422,0,0,NA,NA,NA,NA,NA,NA
79A,2021-07-09,CVR490,Cultivar,Fungicide,1,7,2,0.10413138607540076,0,0,NA,NA,NA,NA,NA,NA
80A,2021-07-09,CVR494,Cultivar,Fungicide,2,7,2,0.02727660679212816,0,0,NA,NA,NA,NA,NA,NA
81A,2021-07-09,WLD131,Wild cicer,Fungicide,3,7,2,0.04099274871394998,0,0,NA,NA,NA,NA,NA,NA
88A,2021-07-09,CVR493,Cultivar,Fungicide,1,8,2,0.09031256354513252,0,0,NA,NA,NA,NA,NA,NA
89A,2021-07-09,CVR477,Cultivar,Fungicide,2,8,2,0.10340599726089242,0,0,NA,NA,NA,NA,NA,NA
90A,2021-07-09,CVR488,Cultivar,Fungicide,3,8,2,0.0512442481701293,0,0,NA,NA,NA,NA,NA,NA
64A,2021-07-09,CVR015,Cultivar,Fungicide,4,5,2,0.06289021653456435,0,0,NA,NA,NA,NA,NA,NA
65A,2021-07-09,CVR016,Cultivar,Fungicide,5,5,2,0.10926872877541176,0,0,NA,NA,NA,NA,NA,NA
66A,2021-07-09,CVR485,Cultivar,Fungicide,6,5,2,0.10687726428191856,0,0,NA,NA,NA,NA,NA,NA
73A,2021-07-09,CVR010,Cultivar,Fungicide,4,6,2,0.03181773950761179,0,0,NA,NA,NA,NA,NA,NA
74A,2021-07-09,Genesis090,Cultivar,Fungicide,5,6,2,0.13838033740880756,0,0,NA,NA,NA,NA,NA,NA
75A,2021-07-09,CVR019,Cultivar,Fungicide,6,6,2,0.06426812405436098,0,0,NA,NA,NA,NA,NA,NA
82A,2021-07-09,CVR017,Cultivar,Fungicide,4,7,2,0.03452387038182778,0,0,NA,NA,NA,NA,NA,NA
83A,2021-07-09,CVR496,Cultivar,Fungicide,5,7,2,0.1018558513011212,0,0,NA,NA,NA,NA,NA,NA
84A,2021-07-09,CVR009,Cultivar,Fungicide,6,7,2,0.0894977432329451,0,0,NA,NA,NA,NA,NA,NA
67A,2021-07-09,CVR481,Cultivar,Fungicide,7,5,2,0.12693641798357347,0,0,NA,NA,NA,NA,NA,NA
68A,2021-07-09,CVR489,Cultivar,Fungicide,8,5,2,0.03847872994585948,0,0,NA,NA,NA,NA,NA,NA
69A,2021-07-09,Howzat,Cultivar,Fungicide,9,5,2,0.06961082797126478,0,0,NA,NA,NA,NA,NA,NA
76A,2021-07-09,CVR484,Cultivar,Fungicide,7,6,2,0.12721464930968626,0,0,NA,NA,NA,NA,NA,NA
77A,2021-07-09,CVR492,Cultivar,Fungicide,8,6,2,0.03800507423592939,0,0,NA,NA,NA,NA,NA,NA
78A,2021-07-09,CVR011,Cultivar,Fungicide,9,6,2,0.01903565989488288,0,0,NA,NA,NA,NA,NA,NA
85A,2021-07-09,CVR495,Cultivar,Fungicide,7,7,2,0.1231637336925918,0,0,NA,NA,NA,NA,NA,NA
86A,2021-07-09,CVR491,Cultivar,Fungicide,8,7,2,0.05756407400611964,0,0,NA,NA,NA,NA,NA,NA
87A,2021-07-09,CVR486,Cultivar,Fungicide,9,7,2,0.10145837797810292,0,0,NA,NA,NA,NA,NA,NA
7A,2021-07-09,CVR487,Cultivar,Infected,7,1,1,0.06759696313463892,0,0,NA,NA,NA,NA,NA,NA
8A,2021-07-09,WLD132,Wild cicer,Infected,8,1,1,0.00902264443251452,0,0,NA,NA,NA,NA,NA,NA
9A,2021-07-09,CVR492,Cultivar,Infected,9,1,1,0.11047439785523384,0,0,NA,NA,NA,NA,NA,NA
16A,2021-07-09,CVR490,Cultivar,Infected,7,2,1,0.03965458852645517,0,0,NA,NA,NA,NA,NA,NA
17A,2021-07-09,CVR011,Cultivar,Infected,8,2,1,0.04484492766953529,0,0,NA,NA,NA,NA,NA,NA
18A,2021-07-09,CVR486,Cultivar,Infected,9,2,1,0.09784137073863676,0,0,NA,NA,NA,NA,NA,NA
25A,2021-07-09,CVR484,Cultivar,Infected,7,3,1,0.09308162769549308,0,0,NA,NA,NA,NA,NA,NA
26A,2021-07-09,CVR494,Cultivar,Infected,8,3,1,0.06540423530265485,0,0,NA,NA,NA,NA,NA,NA
27A,2021-07-09,WLD133,Wild cicer,Infected,9,3,1,0.01428254140712284,0,0,NA,NA,NA,NA,NA,NA
91A,2021-07-09,CVR484,Cultivar,Infected,10,5,2,0.1299837134600468,0,0,NA,NA,NA,NA,NA,NA
92A,2021-07-09,WLD132,Wild cicer,Infected,11,5,2,0.01482906722627295,0,0,NA,NA,NA,NA,NA,NA
93A,2021-07-09,CVR488,Cultivar,Infected,12,5,2,0.03890601376810411,0,0,NA,NA,NA,NA,NA,NA
100A,2021-07-09,CVR494,Cultivar,Infected,10,6,2,0.04629901757624376,0,0,NA,NA,NA,NA,NA,NA
101A,2021-07-09,WLD130,Wild cicer,Infected,11,6,2,0.02780657122281917,0,0,NA,NA,NA,NA,NA,NA
102A,2021-07-09,CVR482,Cultivar,Infected,12,6,2,0.11914262857472371,0,0,NA,NA,NA,NA,NA,NA
109A,2021-07-09,CVR016,Cultivar,Infected,10,7,2,0.1082021753586461,0,0,NA,NA,NA,NA,NA,NA
110A,2021-07-09,CVR011,Cultivar,Infected,11,7,2,0.02128800872531969,0,0,NA,NA,NA,NA,NA,NA
111A,2021-07-09,WLD133,Wild cicer,Infected,12,7,2,0.01253365878584249,0,0,NA,NA,NA,NA,NA,NA
118A,2021-07-09,CVR477,Cultivar,Infected,10,8,2,0.13941708032634686,0,0,NA,NA,NA,NA,NA,NA
119A,2021-07-09,CVR487,Cultivar,Infected,11,8,2,0.03562685885320346,0,0,NA,NA,NA,NA,NA,NA
120A,2021-07-09,CVR010,Cultivar,Infected,12,8,2,0.06592757517796222,0,0,NA,NA,NA,NA,NA,NA
94A,2021-07-09,CVR481,Cultivar,Infected,13,5,2,0.14514400845550163,0,0,NA,NA,NA,NA,NA,NA
95A,2021-07-09,CVR489,Cultivar,Infected,14,5,2,0.03751154485984838,0,0,NA,NA,NA,NA,NA,NA
96A,2021-07-09,CVR015,Cultivar,Infected,15,5,2,0.06083660436563666,0,0,NA,NA,NA,NA,NA,NA
103A,2021-07-09,WLD129,Wild cicer,Infected,13,6,2,0.01357040170338179,0,0,NA,NA,NA,NA,NA,NA
104A,2021-07-09,CVR491,Cultivar,Infected,14,6,2,0.03618000922773721,0,0,NA,NA,NA,NA,NA,NA
105A,2021-07-09,CVR495,Cultivar,Infected,15,6,2,0.10531718148907188,0,0,NA,NA,NA,NA,NA,NA
112A,2021-07-09,CVR496,Cultivar,Infected,13,7,2,0.14005966219855973,0,0,NA,NA,NA,NA,NA,NA
113A,2021-07-09,CVR486,Cultivar,Infected,14,7,2,0.08352570655459572,0,0,NA,NA,NA,NA,NA,NA
114A,2021-07-09,CVR485,Cultivar,Infected,15,7,2,0.08008756231048778,0,0,NA,NA,NA,NA,NA,NA
97A,2021-07-09,CVR017,Cultivar,Infected,16,5,2,0.10494951866528,0,0,NA,NA,NA,NA,NA,NA
98A,2021-07-09,Genesis090,Cultivar,Infected,17,5,2,0.17874375336131196,0,0,NA,NA,NA,NA,NA,NA
99A,2021-07-09,CVR009,Cultivar,Infected,18,5,2,0.11924862146086192,0,0,NA,NA,NA,NA,NA,NA
106A,2021-07-09,CVR019,Cultivar,Infected,16,6,2,0.05898172885821811,0,0,NA,NA,NA,NA,NA,NA
107A,2021-07-09,CVR490,Cultivar,Infected,17,6,2,0.07935554894059581,0,0,NA,NA,NA,NA,NA,NA
108A,2021-07-09,WLD131,Wild cicer,Infected,18,6,2,0.00697565681897048,0,0,NA,NA,NA,NA,NA,NA
115A,2021-07-09,CVR493,Cultivar,Infected,16,7,2,0.08193250098483086,0,0,NA,NA,NA,NA,NA,NA
116A,2021-07-09,Howzat,Cultivar,Infected,17,7,2,0.05296994484756692,0,0,NA,NA,NA,NA,NA,NA
117A,2021-07-09,CVR492,Cultivar,Infected,18,7,2,0.03764734824521295,0,0,NA,NA,NA,NA,NA,NA
121A,2021-07-13,CVR019,Cultivar,Infected,1,9,3,0.09655620699421104,0,0,0.07953817402913485,0.6543003239581483,0.6895707687903633,0.06191552346353481,0.41109386433914874,0.3326941486685977
122A,2021-07-13,CVR016,Cultivar,Infected,2,9,3,0.1677105563698634,0,0,0.14544010972422336,0.698000657138941,0.698448231865303,0.1775081000615567,0.37933225467156506,0.4334292763468772
123A,2021-07-13,WLD131,Wild cicer,Infected,3,9,3,0.04302979949441857,0,0,0.02593636109645701,0.6685318924020409,0.7187294680541244,0.3063324256365519,0.29482084532880587,0.4654498876466094
130A,2021-07-13,CVR485,Cultivar,Infected,1,10,3,0.23478417962919496,0,0,0.21008452488130183,0.7272939624755761,0.7134520121579571,0.1127468677323911,0.44208876831713023,0.42036429065508313
131A,2021-07-13,CVR010,Cultivar,Infected,2,10,3,0.03787258312825663,0,0,0.0270366915672158,0.7659604630495945,0.7253816331921873,0.3422676638397991,0.38772610150983455,0.5380158495505935
132A,2021-07-13,CVR491,Cultivar,Infected,3,10,3,0.06512600397654206,0,0,0.05387689555036753,0.759407560986466,0.703011595836666,0.33873830210756967,0.4165688882577378,0.501479482004251
139A,2021-07-13,CVR011,Cultivar,Infected,1,11,3,0.08514872262358696,0,0,0.06983168737636987,0.7465063406480793,0.7023976595164735,0.1596989960859106,0.40597583767782375,0.4886105420469723
140A,2021-07-13,WLD132,Wild cicer,Infected,2,11,3,0.02166560838218704,0,0,0.01862702296927367,0.8013620367612703,0.7357285633699425,0.3314391561692173,0.37790555079091065,0.6074014242042467
141A,2021-07-13,CVR487,Cultivar,Infected,3,11,3,0.07340007365070553,0,0,0.05816032488296421,0.7701753920728203,0.6963402341083866,0.30367759706705544,0.4336091625601222,0.5053206367008177
148A,2021-07-13,CVR495,Cultivar,Infected,1,12,3,0.19271162838771205,0,0,0.15978370336090034,0.7287070507630039,0.7094105635218806,0.1204548609215236,0.38681674649866266,0.4760881788703226
149A,2021-07-13,CVR493,Cultivar,Infected,2,12,3,0.30796895522993223,0,0,0.2851427819937759,0.7627606389699706,0.7165974587772165,0.18582081984536908,0.4289638349276664,0.49612839048638
150A,2021-07-13,CVR492,Cultivar,Infected,3,12,3,0.1741264382589165,0,0,0.16992246269860628,0.7494561996687279,0.6974955256908483,0.1971897083107063,0.4414177721407913,0.4603244868983448
124A,2021-07-13,Howzat,Cultivar,Infected,4,9,3,0.20914052573913347,0,0,0.19051436150852064,0.7529042159812055,0.7038739212476897,0.2184995031401921,0.38799264313609527,0.5155001431583331
125A,2021-07-13,CVR496,Cultivar,Infected,5,9,3,0.16789935619829707,0,0,0.16783969430752715,0.7654009104886214,0.7100498870151799,0.3121168589727401,0.36861146062962463,0.552735893973762
126A,2021-07-13,CVR484,Cultivar,Infected,6,9,3,0.18262905509381547,0,0,0.16650357873589147,0.7409566309054092,0.6993613742157396,0.3052576215176482,0.3710534761952464,0.5101651807394958
133A,2021-07-13,CVR482,Cultivar,Infected,4,10,3,0.24384988367170313,0,0,0.24753505840391324,0.7662157619534073,0.7163306416186273,0.20263975812525303,0.406977787405934,0.5220213520573332
134A,2021-07-13,CVR015,Cultivar,Infected,5,10,3,0.09183289900567738,0,0,0.08594366926962348,0.7886368485657378,0.7108732322081855,0.34307794546959747,0.40935316983362946,0.5601019468758179
135A,2021-07-13,CVR481,Cultivar,Infected,6,10,3,0.13763838720584015,0,0,0.1202504014472098,0.7765139652595985,0.6813585633817404,0.3863217046039322,0.4067738440583616,0.5404495159421849
142A,2021-07-13,WLD129,Wild cicer,Infected,4,11,3,0.03230464432830916,0,0,0.02479673310888542,0.7759363360969646,0.738465453064546,0.19372672499683996,0.3759900860415161,0.5646919459385114
143A,2021-07-13,CVR477,Cultivar,Infected,5,11,3,0.21668920659878865,0,0,0.2048186576283848,0.7536734288148993,0.694230734111707,0.19403393336286104,0.4097169062939646,0.49761706107162257
144A,2021-07-13,WLD133,Wild cicer,Infected,6,11,3,0.03954859564031697,0,0,0.03242045137057127,0.7698515218232727,0.6913453751012536,0.29692453387959106,0.3762290766183673,0.5541172607260083
127A,2021-07-13,CVR489,Cultivar,Infected,7,9,3,0.11187217904118138,0,0,0.08865519792970762,0.6956256001024902,0.6871253164594937,0.1713875606084669,0.34426919646349513,0.46199645387486704
128A,2021-07-13,CVR009,Cultivar,Infected,8,9,3,0.20686830324254576,0,0,0.19813807977020648,0.7107685191258484,0.6927450595654009,0.2409648546947192,0.3166091664141658,0.5086162265726841
129A,2021-07-13,CVR486,Cultivar,Infected,9,9,3,0.16887979039507545,0,0,0.1631632898068023,0.7073245801422987,0.6859481410547906,0.2417233059452316,0.3529154162456468,0.4723098683699043
136A,2021-07-13,CVR488,Cultivar,Infected,7,10,3,0.03728299769911288,0,0,0.03088784821487153,0.7310372609565065,0.6961713002922721,0.2471427445649846,0.3533652368675279,0.5092137183092006
137A,2021-07-13,CVR490,Cultivar,Infected,8,10,3,0.16541846020712478,0,0,0.16642498370226586,0.7660413606874049,0.6981699704492024,0.3378510772243734,0.34852296517438985,0.5695889716063389
138A,2021-07-13,CVR494,Cultivar,Infected,9,10,3,0.14827079859657863,0,0,0.1248875084311218,0.7675085616310904,0.6953637667807091,0.32629522349991474,0.41122578274050914,0.5205915122747387
145A,2021-07-13,CVR017,Cultivar,Infected,7,11,3,0.119576536952352,0,0,0.10586751029372,0.7453242827294133,0.7118895360160474,0.1876509593812513,0.38744822695786574,0.5031823126790037
146A,2021-07-13,Genesis090,Cultivar,Infected,8,11,3,0.22379404224774,0,0,0.21955522643318992,0.7697821503114962,0.7079703641160011,0.25264181672071473,0.4119756332663277,0.5239757159741985
147A,2021-07-13,WLD130,Wild cicer,Infected,9,11,3,0.02440486203332122,0,0,0.01748739498170208,0.7528864916049617,0.6900196642370019,0.2878762237615363,0.3749999956716161,0.526548101524086
151A,2021-07-13,WLD130,Wild cicer,Fungicide,10,9,3,0.03095323503004707,0,0,0.01233942027922349,0.668351693760763,0.6423983590176766,0.15446436071381586,0.3977457618700375,0.3685895991627569
152A,2021-07-13,CVR482,Cultivar,Fungicide,11,9,3,0.18410633094436668,0,0,0.12103635178346608,0.6483253031874696,0.638963558865994,0.2091703017349949,0.3855858484819185,0.35031229571087863
153A,2021-07-13,CVR491,Cultivar,Fungicide,12,9,3,0.10064024538822368,0,0,0.06079325850942273,0.6446855174604516,0.6357768323752719,0.27502571361543976,0.3818285350740795,0.34869036880308324
160A,2021-07-13,Howzat,Cultivar,Fungicide,10,10,3,0.2715140269537741,0,0,0.21039890501580436,0.7269726637492717,0.6470366120521207,0.18334331555758404,0.4053211447353183,0.45602167724637765
161A,2021-07-13,CVR009,Cultivar,Fungicide,11,10,3,0.16553438992633843,0,0,0.12791341722570845,0.7261924818929132,0.641107586763134,0.2904895458192233,0.37623769146651215,0.481514713847649
162A,2021-07-13,CVR484,Cultivar,Fungicide,12,10,3,0.2243140698453556,0,0,0.1789215940487406,0.7587550360249352,0.6543445347812011,0.34914451707882055,0.40206590712524776,0.5132731190312997
169A,2021-07-13,CVR019,Cultivar,Fungicide,10,11,3,0.1566541734345721,0,0,0.12390507051080148,0.7279119414346893,0.6448525123344933,0.20926997656359064,0.4152899213370016,0.44807159598969226
170A,2021-07-13,CVR495,Cultivar,Fungicide,11,11,3,0.1739012033758728,0,0,0.1429643661650161,0.757794616364924,0.6578288265707751,0.27919606717582113,0.39891932428258464,0.514368259515795
171A,2021-07-13,CVR010,Cultivar,Fungicide,12,11,3,0.05156885138392754,0,0,0.03556425271559636,0.7402417724115041,0.6222248241063865,0.3524509054541089,0.4056379479727493,0.4781900131077232
178A,2021-07-13,CVR016,Cultivar,Fungicide,10,12,3,0.21036938076279824,0,0,0.1723196112241879,0.7260070999364191,0.6491646744457845,0.21483170606497415,0.3828141626430347,0.4752876329192307
179A,2021-07-13,CVR494,Cultivar,Fungicide,11,12,3,0.2051691047866427,0,0,0.17251609880825197,0.7190080461972346,0.6475380130876043,0.1755903587689327,0.40447013873562643,0.44352167706970935
180A,2021-07-13,WLD129,Wild cicer,Fungicide,12,12,3,0.02535548573087323,0,0,0.01595479182600234,0.7379933928411114,0.6513593552069368,0.2286336256367513,0.40712135368407393,0.4729803390558574
154A,2021-07-13,CVR493,Cultivar,Fungicide,13,9,3,0.23609915387284705,0,0,0.2059189880991436,0.7256000077312531,0.6674230506795495,0.20226973423954747,0.4445616295227539,0.4148620598767333
155A,2021-07-13,WLD132,Wild cicer,Fungicide,14,9,3,0.02101971423228237,0,0,0.01155346994296721,0.728138027292779,0.6903786919125461,0.3323743541254307,0.37988035170651874,0.481421401041806
156A,2021-07-13,CVR489,Cultivar,Fungicide,15,9,3,0.11839074153868086,0,0,0.09584664350645251,0.7405967296059336,0.6923132908173356,0.3167863474300555,0.43308508054670686,0.4527166037736319
163A,2021-07-13,WLD131,Wild cicer,Fungicide,13,10,3,0.00348782840948524,0,0,0,NA,NA,NA,NA,NA
164A,2021-07-13,CVR485,Cultivar,Fungicide,14,10,3,0.2461353552790581,0,0,0.23201253926285184,0.7867470774422599,0.6996564536376377,0.3083536372694399,0.4693634481641306,0.5032007211589127
165A,2021-07-13,CVR488,Cultivar,Fungicide,15,10,3,0.016876054839817,0,0,0.00939210651826246,0.7820268968384685,0.6574862723084222,0.45053127621817496,0.4056519338242659,0.5512476552412623
172A,2021-07-13,CVR481,Cultivar,Fungicide,13,11,3,0.21259854364939235,0,0,0.1832836184149629,0.7429782563900519,0.6872630539082781,0.181531139298742,0.4228009331134499,0.4668205494848791
173A,2021-07-13,CVR490,Cultivar,Fungicide,14,11,3,0.05232073841997042,0,0,0.03902243419512397,0.7349420452604744,0.6764354480979811,0.1839901369622283,0.4237370602106514,0.4519532531716699
174A,2021-07-13,CVR486,Cultivar,Fungicide,15,11,3,0.21708336764411507,0,0,0.1993563027914037,0.7685647675057388,0.6807624643760112,0.26293117189340237,0.4678112145314393,0.4695922677590601
157A,2021-07-13,CVR492,Cultivar,Fungicide,16,9,3,0.13312044043419924,0,0,0.11918936849326384,0.6777152624202012,0.6577619614817227,0.08172086836889915,0.408553736886592,0.3722240852797541
158A,2021-07-13,CVR487,Cultivar,Fungicide,17,9,3,0.0421222354068602,0,0,0.0241679728398804,0.6166696513110183,0.6618007250969585,0.15376011576691853,0.34693494934632396,0.3431495837540694
159A,2021-07-13,CVR477,Cultivar,Fungicide,18,9,3,0.180297211598775,0,0,0.14744428308167687,0.6849893015065276,0.6805743393932713,0.2172879698138507,0.40386145545741464,0.38864209763310575
166A,2021-07-13,CVR017,Cultivar,Fungicide,16,10,3,0.08264464068857191,0,0,0.07706243046992758,0.7270469347932511,0.6920221023116185,0.11319782597063072,0.46233489203739664,0.39874628723348887
167A,2021-07-13,CVR015,Cultivar,Fungicide,17,10,3,0.13153717169750984,0,0,0.1184820131906332,0.783391111914491,0.7098140585274219,0.2724563502248037,0.4318577384727144,0.5312687818821921
168A,2021-07-13,Genesis090,Cultivar,Fungicide,18,10,3,0.22519182343368757,0,0,0.20466146756113351,0.7501607231949079,0.6701649823228701,0.27366186613194615,0.45994610670082337,0.4430984153865355
175A,2021-07-13,CVR011,Cultivar,Fungicide,16,11,3,0.0466037471238911,0,0,0.0411445001030159,0.714031118107629,0.6826535408589294,0.09167168189445492,0.4154981324602104,0.42446168137171064
176A,2021-07-13,CVR496,Cultivar,Fungicide,17,11,3,0.2095611850059945,0,0,0.18886386580238249,0.7774487126013053,0.7126393193709883,0.210669572779992,0.4417227637273116,0.5113227779802293
177A,2021-07-13,WLD133,Wild cicer,Fungicide,18,11,3,0.03541487308092705,0,0,0.02699739405040298,0.768409143067035,0.692305266921497,0.25935114505361917,0.42454416580663934,0.5103547508850401
1A,2021-07-13,CVR482,Cultivar,Infected,1,1,1,0.2067026893579548,0,0,0.18029700713718907,0.7026198174061891,0.6913995354147635,0.08018252471231882,0.4337134338380026,0.3867685506891178
2A,2021-07-13,CVR016,Cultivar,Infected,2,1,1,0.23828194487175564,0,0,0.21043820253261716,0.7396007692770896,0.7194150637443856,0.21599629790727737,0.401059638614603,0.4813089143826748
3A,2021-07-13,CVR496,Cultivar,Infected,3,1,1,0.1611688079285212,0,0,0.1498414316072585,0.7304905671179457,0.7070893133765258,0.27948323780180695,0.3980805759969837,0.46870731588858294
10A,2021-07-13,CVR485,Cultivar,Infected,1,2,1,0.2245591783945502,0,0,0.18340151096540136,0.7362119961757242,0.7141232174726427,0.13757461512921007,0.44502861844195074,0.4330736344514382
11A,2021-07-13,CVR481,Cultivar,Infected,2,2,1,0.1427591685173921,0,0,0.13675535850859155,0.7565884467250673,0.7139262141826984,0.276756527115791,0.3730459613108379,0.534362036665606
12A,2021-07-13,CVR009,Cultivar,Infected,3,2,1,0.20790504616008504,0,0,0.1982166748038321,0.7707433280187891,0.7086796739189395,0.3241867999368671,0.4024089944435303,0.5339370801480122
19A,2021-07-13,CVR495,Cultivar,Infected,1,3,1,0.1665645082884941,0,0,0.1481123408674947,0.7578832315545333,0.7155538230392369,0.15422129545116986,0.394549103490426,0.5183246914808839
20A,2021-07-13,CVR488,Cultivar,Infected,2,3,1,0.09828521594934048,0,0,0.09364598256493496,0.7783788966794768,0.7206013665650612,0.2837829649774957,0.374643095297816,0.5699378029622287
21A,2021-07-13,WLD130,Wild cicer,Infected,3,3,1,0.02606762543461428,0,0,0.01607268437644079,0.7720130047261834,0.6937893314001342,0.3561130944434522,0.39881333343215014,0.5392194523137404
28A,2021-07-13,CVR491,Cultivar,Infected,1,4,1,0.05320180428599423,0,0,0.04134098768707997,0.7351008896036613,0.693931878197183,0.14715659457071503,0.4003244336950212,0.4743749774914168
29A,2021-07-13,CVR015,Cultivar,Infected,2,4,1,0.11389266843319087,0,0,0.0977722218302804,0.7454114390260035,0.7051776509366763,0.16963802544115836,0.41757303741881946,0.4759999008594338
30A,2021-07-13,WLD129,Wild cicer,Infected,3,4,1,0.04875672762357334,0,0,0.04208764050652343,0.7933222856226522,0.7413299431921083,0.23433102340822057,0.4151035549962877,0.563925567302978
31A,2021-07-13,CVR011,Cultivar,Fungicide,10,1,1,0.05615635598709664,0,0,0.02715458411765424,0.5857107126867012,0.6116813731847107,0.023239623066558,0.4066411136289067,0.23505316480607424
32A,2021-07-13,WLD131,Wild cicer,Fungicide,11,1,1,0.02934346807182311,0,0,0.01147487490934159,0.6638046441247933,0.6466812006474242,0.18071820893959464,0.3378508490585308,0.4201881051371883
33A,2021-07-13,CVR019,Cultivar,Fungicide,12,1,1,0.06644097822019414,0,0,0.03230255882013283,0.6251248535499981,0.6489195888914026,0.15290980354306669,0.38801479614164736,0.31304041917913583
40A,2021-07-13,CVR487,Cultivar,Fungicide,10,2,1,0.08730170312326921,0,0,0.06122553119436368,0.7205389185556808,0.6398200285001036,0.1369298747986548,0.4068477233114228,0.44378726175456823
41A,2021-07-13,CVR490,Cultivar,Fungicide,11,2,1,0.07298935121691999,0,0,0.05804243233252577,0.7328792310171486,0.6430480226922533,0.2253469685600663,0.4062799644552465,0.4650782423250924
42A,2021-07-13,Howzat,Cultivar,Fungicide,12,2,1,0.2223995733394843,0,0,0.1843053538520961,0.7642055074853901,0.6571257071633977,0.2596717813552165,0.4349087628445571,0.4932247660027363
49A,2021-07-13,CVR489,Cultivar,Fungicide,10,3,1,0.11578729127291124,0,0,0.08452895866436219,0.7205977157657003,0.6382343128123618,0.09172066109013056,0.408876807106309,0.44192895170297086
50A,2021-07-13,CVR016,Cultivar,Fungicide,11,3,1,0.22729511976799255,0,0,0.19059295654214625,0.7579565212364742,0.6456721926869431,0.2235198779073583,0.3938704901437782,0.5190378947558617
51A,2021-07-13,WLD129,Wild cicer,Fungicide,12,3,1,0.04447064029035977,0,0,0.02735107170171831,0.7946151549327077,0.6767328132275136,0.28525969116475486,0.432701744476245,0.5515554850532234
58A,2021-07-13,CVR477,Cultivar,Fungicide,10,4,1,0.3174056343739241,0,0,0.24804592612247983,0.6952853488541457,0.6460452948617249,0.06964553923354747,0.3650473931086397,0.44256675502900866
59A,2021-07-13,CVR492,Cultivar,Fungicide,11,4,1,0.1713639986639396,0,0,0.13569432555464558,0.7127533247713057,0.6314897111160042,0.08865210888271778,0.4122277985066454,0.4255630807355574
60A,2021-07-13,CVR495,Cultivar,Fungicide,12,4,1,0.2011811224456928,0,0,0.16579622343326084,0.7586937262263178,0.6648318623985041,0.16614192224230587,0.4195668055213229,0.4974889470988382
34A,2021-07-13,Genesis090,Cultivar,Fungicide,13,1,1,0.2699373827724683,0,0,0.23189464671241344,0.6748859861429465,0.6396189503399208,0.11186976466395868,0.43533992942588245,0.3392065857706667
35A,2021-07-13,CVR491,Cultivar,Fungicide,14,1,1,0.05049236113408642,0,0,0.03426743466077351,0.6599840363134268,0.6203904981411501,0.19892312839818177,0.38218063455465096,0.3715107052338284
36A,2021-07-13,CVR494,Cultivar,Fungicide,15,1,1,0.09502924697828256,0,0,0.05497722602112631,0.6645275253934552,0.6475853725064449,0.32580513246146575,0.4182621334860196,0.34106262250809694
43A,2021-07-13,CVR481,Cultivar,Fungicide,13,2,1,0.2002702460804426,0,0,0.1631632898068023,0.7145368083362339,0.6534733724873887,0.129941687533706,0.4131757002621528,0.4276016086460826
44A,2021-07-13,CVR017,Cultivar,Fungicide,14,2,1,0.11185561765272228,0,0,0.10732151841579413,0.7085229819185807,0.6606690896021559,0.1675902518343345,0.44063924482688815,0.3894808343687538
45A,2021-07-13,CVR010,Cultivar,Fungicide,15,2,1,0.01937682449714022,0,0,0.00817388349706524,0.7287577428140475,0.6361372826194464,0.5095723728780969,0.4193489076757751,0.445579654431024
52A,2021-07-13,CVR496,Cultivar,Fungicide,13,3,1,0.23175675781887253,0,0,0.19456200574024043,0.7225202650399314,0.6716650262332099,0.14142569533215596,0.41383598352411594,0.4403515440976467
53A,2021-07-13,CVR015,Cultivar,Fungicide,14,3,1,0.05581187910714748,0,0,0.04432759896485381,0.7107304210535536,0.6599308165993337,0.16712021305938704,0.40675088801422543,0.4275922850202693
54A,2021-07-13,CVR009,Cultivar,Fungicide,15,3,1,0.15465686998640535,0,0,0.12347279782586051,0.7144212521119561,0.6315188056852287,0.25479467707364106,0.4259293247410652,0.41467444111228247
37A,2021-07-13,WLD133,Wild cicer,Fungicide,16,1,1,0.03297372442205656,0,0,0.02212450196561409,0.7159582487058767,0.6790502121316532,0.2590499784494741,0.30984861495240584,0.5218835979087509
38A,2021-07-13,CVR488,Cultivar,Fungicide,17,1,1,0.01768093831892897,0,0,0.00483359456797608,0.6490039195139757,0.6545677311569819,0.3335524950824985,0.2914785942493647,0.4409378735640343
39A,2021-07-13,CVR493,Cultivar,Fungicide,18,1,1,0.19548069253807257,0,0,0.15931213315914658,0.7347799501226788,0.6815469903863274,0.3003555873219495,0.37755375291324944,0.4943752485645488
46A,2021-07-13,CVR482,Cultivar,Fungicide,16,2,1,0.22673203256038335,0,0,0.2100059298476762,0.719645092650783,0.671441736840529,0.17535047894516628,0.36190934489918414,0.48371841021417783
47A,2021-07-13,CVR485,Cultivar,Fungicide,17,2,1,0.2228202326063453,0,0,0.21904435871462336,0.7522563142725093,0.6890054577194262,0.29738984290709597,0.3750098902546754,0.525488638573853
48A,2021-07-13,WLD132,Wild cicer,Fungicide,18,2,1,0.02968463267408045,0,0,0.02110276652848093,0.7894668565052779,0.7090438377224176,0.43451503699100935,0.3436848748913842,0.6117730201713539
55A,2021-07-13,CVR486,Cultivar,Fungicide,16,3,1,0.18298346880684008,0,0,0.14972353905682004,0.6496412265776939,0.6534432937334084,0.05144622168478697,0.3432187389634846,0.3943504241138536
56A,2021-07-13,WLD130,Wild cicer,Fungicide,17,3,1,0.05979654917040555,0,0,0.04295218587640533,0.7214412809577937,0.6709167871683145,0.2344185331370413,0.308829345972553,0.5308969681421575
57A,2021-07-13,CVR484,Cultivar,Fungicide,18,3,1,0.21925953408764004,0,0,0.19412973305529949,0.7780791647435314,0.693935441081025,0.2911589266102127,0.39381692288879366,0.5540278744742846
4A,2021-07-13,CVR493,Cultivar,Infected,4,1,1,0.17364615799360278,0,0,0.1521992826160273,0.6839701136854132,0.6681885540343039,0.14551643879190526,0.4009070087293224,0.3900060427372486
5A,2021-07-13,CVR489,Cultivar,Infected,5,1,1,0.07631487801950611,0,0,0.05977152307228958,0.6734973386497074,0.6645776532657585,0.2092738003009869,0.3675593786964176,0.40658923121491153
6A,2021-07-13,CVR010,Cultivar,Infected,6,1,1,0.1011702098189147,0,0,0.0831535455759137,0.6723630368779773,0.6594459566141047,0.2505967458634548,0.3783917195419119,0.3942836167970803
13A,2021-07-13,CVR017,Cultivar,Infected,4,2,1,0.11169331604582317,0,0,0.09769362679665476,0.7321793669712828,0.6901539512792341,0.1755011416948667,0.45072131652790726,0.4200921903130735
14A,2021-07-13,CVR019,Cultivar,Infected,5,2,1,0.08463200730366321,0,0,0.07918449637781953,0.7501381735743835,0.6734062266464481,0.3116787536369131,0.416724146370269,0.4850368954032656
15A,2021-07-13,WLD131,Wild cicer,Infected,6,2,1,0.01922777200100837,0,0,0.00939210651826246,0.7371295838122384,0.6780952767311156,0.4105681571541697,0.3537084331307334,0.5186475931063748
22A,2021-07-13,Howzat,Cultivar,Infected,4,3,1,0.26240195102358044,0,0,0.2306764236912162,0.7358511528031529,0.7009096212515105,0.14617482560265552,0.4207297725889602,0.4564294096996232
23A,2021-07-13,Genesis090,Cultivar,Infected,5,3,1,0.25057049510840357,0,0,0.2174724580421108,0.7266134452066848,0.6754221763843143,0.19374754960467416,0.44876363063196456,0.4122876027678823
24A,2021-07-13,CVR477,Cultivar,Infected,6,3,1,0.23094524978437692,0,0,0.19723423688351177,0.7306420736889448,0.6531929852947153,0.25544463053983385,0.42797830555796573,0.44036564627216573
61A,2021-07-13,CVR487,Cultivar,Fungicide,1,5,2,0.05903472530128721,0,0,0.04189115292245936,0.6731222223145076,0.667868626813073,0.14016874900976847,0.3676701404679234,0.4059093441790434
62A,2021-07-13,WLD132,Wild cicer,Fungicide,2,5,2,0.02718055073906541,0,0,0.01866632048608649,0.7055477970013844,0.7284236669994321,0.2862898791049143,0.3322437435374277,0.487605541494839
63A,2021-07-13,CVR482,Cultivar,Fungicide,3,5,2,0.1903334130049861,0,0,0.16041246362990536,0.6977173781191357,0.7058088090473094,0.2553397290884135,0.3708701943861756,0.44094803467757593
70A,2021-07-13,WLD133,Wild cicer,Fungicide,1,6,2,0.04117492398700002,0,0,0.03218466626969438,0.7321542310698875,0.7116480943415282,0.1815640331824464,0.40085364281018343,0.46892335057631407
71A,2021-07-13,WLD130,Wild cicer,Fungicide,2,6,2,0.02066861279694957,0,0,0.01198574262790816,0.7289647294761792,0.7104739184739008,0.3318283057388003,0.34076654904646075,0.5165003860749031
72A,2021-07-13,WLD129,Wild cicer,Fungicide,3,6,2,0.04105236971240272,0,0,0.02939454257598461,0.7821596023604216,0.7307656836385762,0.3848512147851206,0.3882457658930622,0.5657000610501944
79A,2021-07-13,CVR490,Cultivar,Fungicide,1,7,2,0.18789888890149925,0,0,0.1705905204844241,0.7605892272648294,0.7218975405767998,0.16914440237876796,0.3894226563338352,0.5273680795903644
80A,2021-07-13,CVR494,Cultivar,Fungicide,2,7,2,0.07333714037456097,0,0,0.06008590320679208,0.758654046328566,0.7164934229385054,0.25333967751876463,0.4237479140901301,0.4935818832923794
81A,2021-07-13,WLD131,Wild cicer,Fungicide,3,7,2,0.06180047717395594,0,0,0.05022222648677586,0.7845376430188489,0.7187343246947975,0.3208520380797871,0.3732725621397967,0.581578128121111
88A,2021-07-13,CVR493,Cultivar,Fungicide,1,8,2,0.23571161738290425,0,0,0.20548671541420263,0.7620306436240578,0.7386548261233534,0.16006806679741878,0.4310415905372379,0.492885687116536
89A,2021-07-13,CVR477,Cultivar,Fungicide,2,8,2,0.19334758570454125,0,0,0.16984386766498064,0.7360092487920897,0.7034123043609335,0.13185352655777083,0.4087506043239642,0.46807686681358346
90A,2021-07-13,CVR488,Cultivar,Fungicide,3,8,2,0.07547355948578413,0,0,0.05808172984933859,0.736758879290178,0.6924936639481761,0.20977011069156237,0.3940145368042719,0.4829382895711024
64A,2021-07-13,CVR015,Cultivar,Fungicide,4,5,2,0.12675093043283162,0,0,0.10578891526009436,0.6594776536304433,0.6627511529078063,0.1191572858343261,0.4065275950157999,0.34560545069310206
65A,2021-07-13,CVR016,Cultivar,Fungicide,5,5,2,0.1969248456117056,0,0,0.17381291686307482,0.6879505986349167,0.6640398714306913,0.22859552855094276,0.374215854010046,0.4225053846387725
66A,2021-07-13,CVR485,Cultivar,Fungicide,6,5,2,0.1911084859848717,0,0,0.14830882845155877,0.6245766029932899,0.6621466457576749,0.2213994052323108,0.4023343856355694,0.29683297245527535
73A,2021-07-13,CVR010,Cultivar,Fungicide,4,6,2,0.03764403596752113,0,0,0.02452165049119572,0.7246516427562802,0.6812994504191635,0.24231015152256277,0.3923591837875717,0.4643055408473264
74A,2021-07-13,Genesis090,Cultivar,Fungicide,5,6,2,0.25343230303413505,0,0,0.2541370412284659,0.7322524580325049,0.6891988464078734,0.25403466390365764,0.43141575831921575,0.439758819194604
75A,2021-07-13,CVR019,Cultivar,Fungicide,6,6,2,0.1381584148034557,0,0,0.11663502990043094,0.7482455175252617,0.6660688607264196,0.3549494381401868,0.4406263674973867,0.45892531342081866
82A,2021-07-13,CVR017,Cultivar,Fungicide,4,7,2,0.06414225750207186,0,0,0.05250148246191905,0.6905361056625741,0.6850474369191335,0.09617488465516152,0.4483620672680814,0.35077870058568367
83A,2021-07-13,CVR496,Cultivar,Fungicide,5,7,2,0.1967824176709574,0,0,0.16803618189159122,0.7631845420401085,0.696578274613867,0.260434478854845,0.429625891326292,0.49628125334362183
84A,2021-07-13,CVR009,Cultivar,Fungicide,6,7,2,0.16791260530906435,0,0,0.13758060636166064,0.7284439886027214,0.6412357260042072,0.3164161318476701,0.4165669416897178,0.4477426095624717
67A,2021-07-13,CVR481,Cultivar,Fungicide,7,5,2,0.1986273563453005,0,0,0.1636348600085561,0.6608401057957417,0.662748186318507,0.08176792849939016,0.3834070799208125,0.3715807213020462
68A,2021-07-13,CVR489,Cultivar,Fungicide,8,5,2,0.046448070072375607,0,0,0.03615371546778857,0.6158200471976111,0.6750249341035578,0.13793425383749933,0.35201435328028297,0.3368208809790261
69A,2021-07-13,Howzat,Cultivar,Fungicide,9,5,2,0.12707553364662985,0,0,0.1136091211058443,0.7010110201264301,0.6759375892802856,0.25593541012439514,0.3697237290999949,0.44719024014503583
76A,2021-07-13,CVR484,Cultivar,Fungicide,7,6,2,0.1986836650660614,0,0,0.17526692498514893,0.7286726671828793,0.6971048364429668,0.1548888644779419,0.4013688893280783,0.4625983023382588
77A,2021-07-13,CVR492,Cultivar,Fungicide,8,6,2,0.09602624256352003,0,0,0.08401809094579561,0.7363672033914488,0.6793563414559814,0.28057215736860813,0.4096599085899933,0.46783422332531865
78A,2021-07-13,CVR011,Cultivar,Fungicide,9,6,2,0.01472638661782657,0,0,0.00561954490423235,0.7405538323176312,0.7028498809101565,0.6142914004362255,0.37336504180918567,0.5075151673648498
85A,2021-07-13,CVR495,Cultivar,Fungicide,7,7,2,0.2082793335392606,0,0,0.1717301484719957,0.722330277320893,0.695142553879774,0.1312159087897672,0.3830505324501257,0.4690648194477768
86A,2021-07-13,CVR491,Cultivar,Fungicide,8,7,2,0.1359789360822389,0,0,0.1139235012403468,0.7157860692624745,0.6663588473028245,0.21539416039501408,0.3773853962189589,0.4636433600233561
87A,2021-07-13,CVR486,Cultivar,Fungicide,9,7,2,0.182052718775439,0,0,0.13628378830683777,0.7065741784761447,0.6449777874003335,0.27101453329445435,0.4063203376276037,0.4211697688517796
7A,2021-07-13,CVR487,Cultivar,Infected,7,1,1,0.1357835116984216,0,0,0.09985499022135952,0.659827355021526,0.6576234181081348,0.16557462775709308,0.3914217625026311,0.3618646637387968
8A,2021-07-13,WLD132,Wild cicer,Infected,8,1,1,0.02168879432602977,0,0,0.00970648665276497,0.6965074846290208,0.6846476754060173,0.3372775792146124,0.3183795691175717,0.48587181357180115
9A,2021-07-13,CVR492,Cultivar,Infected,9,1,1,0.20970030066905085,0,0,0.1841481637848448,0.6800800645672779,0.6769949345653341,0.2607827895712913,0.4057520701720834,0.3788767087972872
16A,2021-07-13,CVR490,Cultivar,Infected,7,2,1,0.08808008838084663,0,0,0.07270040610370528,0.7126759073280956,0.6830288934253306,0.19165812365442067,0.3846574629875434,0.4519007588793572
17A,2021-07-13,CVR011,Cultivar,Infected,8,2,1,0.05811722438065339,0,0,0.0546628458866238,0.7301702547717759,0.6799112450323165,0.2529113638464341,0.3899982180762932,0.4756088326572701
18A,2021-07-13,CVR486,Cultivar,Infected,9,2,1,0.1744576660280984,0,0,0.1484267210019972,0.7522708696851895,0.6724623668660165,0.3614472379401346,0.4144857536723485,0.49082802125114927
25A,2021-07-13,CVR484,Cultivar,Infected,7,3,1,0.16967473704111197,0,0,0.14021353998811914,0.7227877452057493,0.6896967510759296,0.1629598498392794,0.3730067018308075,0.4788927727589168
26A,2021-07-13,CVR494,Cultivar,Infected,8,3,1,0.13111651243064884,0,0,0.10684994821404034,0.7211513771071543,0.6691036993957805,0.2071851674869278,0.4117821865811068,0.44004323852728366
27A,2021-07-13,WLD133,Wild cicer,Infected,9,3,1,0.03525919602941157,0,0,0.02581846854601857,0.7664046928869577,0.6910058963291095,0.3191945174108825,0.3935971932922009,0.5338441009595819
91A,2021-07-13,CVR484,Cultivar,Infected,10,5,2,0.19477517738971517,0,0,0.13868093683241942,0.6549974275479259,0.6416650146009579,0.06601291459664278,0.4152882150473205,0.32927664621625674
92A,2021-07-13,WLD132,Wild cicer,Infected,11,5,2,0.03085386669929251,0,0,0.0106496270562725,0.7211980110112314,0.6749664965505194,0.17635682394739666,0.33538319512082954,0.5089084075934937
93A,2021-07-13,CVR488,Cultivar,Infected,12,5,2,0.02592850977155789,0,0,0.00192557832382786,0.6096997964039639,0.6417599777793559,0.5813953357383255,0.35372851557708085,0.3263558638185247
100A,2021-07-13,CVR494,Cultivar,Infected,10,6,2,0.1319843291859054,0,0,0.10378474190264088,0.7014396945472788,0.6459697746276754,0.06958857389142536,0.4168688246134312,0.4021682086208787
101A,2021-07-13,WLD130,Wild cicer,Infected,11,6,2,0.04171482525076649,0,0,0.02629003874777234,0.7339312361138463,0.6569236443844441,0.25311619313532135,0.34844432549907994,0.5179425111606301
102A,2021-07-13,CVR482,Cultivar,Infected,12,6,2,0.18811418695146748,0,0,0.1590370505414569,0.7384474098156714,0.6440884660497919,0.24052996294786072,0.40312532673312274,0.4774538034571082
109A,2021-07-13,CVR016,Cultivar,Infected,10,7,2,0.1823872588223127,0,0,0.15314242301953485,0.7309419922039684,0.6342449107700039,0.1485123385880585,0.3725894764595879,0.4924733434601352
110A,2021-07-13,CVR011,Cultivar,Infected,11,7,2,0.03766722191136387,0,0,0.03230255882013283,0.7371704471761148,0.6462447471355038,0.17429534792900317,0.3997471908894212,0.4783986343827453
111A,2021-07-13,WLD133,Wild cicer,Infected,12,7,2,0.03337119774507482,0,0,0.02106346901166812,0.7902614236258388,0.6834440138892639,0.33331923197968166,0.4284498029187325,0.5470285779493976
118A,2021-07-13,CVR477,Cultivar,Infected,10,8,2,0.22214121567952244,0,0,0.16017667852902848,0.6862367589873967,0.6470684892729957,0.05536358464931178,0.35910693753120926,0.4341081187442956
119A,2021-07-13,CVR487,Cultivar,Infected,11,8,2,0.04855136640668058,0,0,0.02872648479016678,0.6972365702684983,0.643644769708676,0.08385810737038693,0.36525799839943535,0.4454122624041808
120A,2021-07-13,CVR010,Cultivar,Infected,12,8,2,0.08927582062759323,0,0,0.07890941376012983,0.7375415800457544,0.6502673164593075,0.14151513760927256,0.40942736587615935,0.47005726993631497
94A,2021-07-13,CVR481,Cultivar,Infected,13,5,2,0.2518357851866783,0,0,0.200771013396665,0.6489662077804553,0.6430721160323909,0.06749808777814788,0.41919080848983886,0.31564318170993655
95A,2021-07-13,CVR489,Cultivar,Infected,14,5,2,0.0425428946737212,0,0,0.01823404780114554,0.6151894799912588,0.6127094706982199,0.2321298162303747,0.3313307953819512,0.3565307905041103
96A,2021-07-13,CVR015,Cultivar,Infected,15,5,2,0.1011370870419965,0,0,0.07694453791948914,0.6441705392890787,0.64004318339249755,0.2467291747669453,0.3894129580587736,0.3400614321522781
103A,2021-07-13,WLD129,Wild cicer,Infected,13,6,2,0.02167885749295432,0,0,0.01273239544735162,0.7338973896577606,0.6533372252920896,0.19871476446198064,0.40599852897644984,0.46706661938801625
104A,2021-07-13,CVR491,Cultivar,Infected,14,6,2,0.06872976210524097,0,0,0.05560598629013133,0.7151748956046265,0.642749026243753,0.2611609483556801,0.407281170457925,0.4344346688624523
105A,2021-07-13,CVR495,Cultivar,Infected,15,6,2,0.19496066494045705,0,0,0.16178787671835385,0.741658115673605,0.6336049539354363,0.29330894333703567,0.41492361904007663,0.4719765267560677
112A,2021-07-13,CVR496,Cultivar,Infected,13,7,2,0.24692036509201917,0,0,0.2111848553520606,0.7167763305298571,0.6572742695268885,0.16650797362976927,0.3931025362102534,0.4506526588116874
113A,2021-07-13,CVR486,Cultivar,Infected,14,7,2,0.15246082987672946,0,0,0.11856060822425882,0.6945805934959431,0.6367815490267097,0.14118645248827727,0.4125884460571418,0.39526581510252967
114A,2021-07-13,CVR485,Cultivar,Infected,15,7,2,0.1538056146196079,0,0,0.12822779736021098,0.6998457381398082,0.6118481941814189,0.2130363862807175,0.4310544438374889,0.38490672904016054
97A,2021-07-13,CVR017,Cultivar,Infected,16,5,2,0.20447683874905256,0,0,0.180100519553125,0.667660587967225,0.6746032162046748,0.07655497924327725,0.44416253592086696,0.31771695901779307
98A,2021-07-13,Genesis090,Cultivar,Infected,17,5,2,0.27287868536280346,0,0,0.27103497345797584,0.6782345318722621,0.6704890080602222,0.14526606465761038,0.39810965605706544,0.38373886545234376
99A,2021-07-13,CVR009,Cultivar,Infected,18,5,2,0.21813335967242165,0,0,0.23114799389296992,0.7099217457047692,0.6814489932360623,0.18712218170759137,0.3733854448804323,0.45791889992396545
106A,2021-07-13,CVR019,Cultivar,Infected,16,6,2,0.10789082125561512,0,0,0.10288089901594616,0.7200965072946132,0.6639306515893012,0.1880170606029857,0.39559879308516527,0.45376001670711513
107A,2021-07-13,CVR490,Cultivar,Infected,17,6,2,0.13491238266547323,0,0,0.132864904344123,0.7530694234076832,0.69513940509647,0.22758366867667185,0.4027714789834752,0.5028067014852536
108A,2021-07-13,WLD131,Wild cicer,Infected,18,6,2,0.00661793082825404,0,0,0,NA,NA,NA,NA,NA
115A,2021-07-13,CVR493,Cultivar,Infected,16,7,2,0.1979814621953958,0,0,0.17801775116204588,0.7498244292318359,0.6999490232581657,0.166862435025051,0.41288630259724296,0.4880277196936577
116A,2021-07-13,Howzat,Cultivar,Infected,17,7,2,0.12513453891922402,0,0,0.1306249458857926,0.7320947555034232,0.673240077938432,0.16583399749287756,0.4060957781953304,0.4639237950298212
117A,2021-07-13,CVR492,Cultivar,Infected,18,7,2,0.05536803389644376,0,0,0.04597809467099198,0.7194958415821245,0.634087036963351,0.2464934718342884,0.41493290437417946,0.4341858728074679
121A,2021-07-16,CVR019,Cultivar,Infected,1,9,3,0.1573894990821559,0,0,0.1297604005159107,0.7426414527570903,0.7085167688151973,0.12010210588511372,0.472106951042763,0.4165954438937734
122A,2021-07-16,CVR016,Cultivar,Infected,2,9,3,0.1901744236757788,0,0,0.1417854406606317,0.7136443973335104,0.7052363134341647,0.15774301629716786,0.4287113150716253,0.4105353020612495
123A,2021-07-16,WLD131,Wild cicer,Infected,3,9,3,0.05735540051153506,0,0,0.02412867532306759,0.6495190987869969,0.7229923857869556,0.22249135262194833,0.3652032453547363,0.3727297715832018
130A,2021-07-16,CVR485,Cultivar,Infected,1,10,3,0.2366026200820035,0,0,0.18705618002899305,0.7536623976362028,0.7219024374764901,0.08048286735945612,0.5090113820485194,0.3969176524121973
131A,2021-07-16,CVR010,Cultivar,Infected,2,10,3,0.04118154854238366,0,0,0.02636863378139796,0.7648972801769304,0.7079000531906513,0.25459338734659,0.44710793784539726,0.4829563944107947
132A,2021-07-16,CVR491,Cultivar,Infected,3,10,3,0.1036113584777852,0,0,0.08515771893336721,0.7715278911029683,0.7180145284783352,0.2955753664875752,0.4365841636697974,0.5050698791417879
139A,2021-07-16,CVR011,Cultivar,Infected,1,11,3,0.10227319829029036,0,0,0.0819746200715293,0.7830008561417687,0.7178154546405747,0.14916347026294793,0.4685769608926697,0.49663874415535464
140A,2021-07-16,WLD132,Wild cicer,Infected,2,11,3,0.03393097267499221,0,0,0.02483603062569823,0.8259875983529842,0.7409607786395253,0.29814626040950093,0.4337199893866655,0.6112442203441238
141A,2021-07-16,CVR487,Cultivar,Infected,3,11,3,0.08699366129793006,0,0,0.06535177045970912,0.8015252507192892,0.6958704308092459,0.38121938718634735,0.4787024843330924,0.52380114137526
148A,2021-07-16,CVR495,Cultivar,Infected,1,12,3,0.24790079928879755,0,0,0.16642498370226586,0.7646803220590666,0.7197526057893543,0.11659352857601048,0.4551161656294009,0.4748050329725843
149A,2021-07-16,CVR493,Cultivar,Infected,2,12,3,0.339038119979193,0,0,0.2931201779067771,0.7970228047901496,0.7364066543506719,0.17706606448434675,0.4871991496192664,0.5065033986824434
150A,2021-07-16,CVR492,Cultivar,Infected,3,12,3,0.2023304828047539,0,0,0.16960808256410376,0.7795244862951214,0.707368510832315,0.2166710967117915,0.5039354180682939,0.4538911133153169
124A,2021-07-16,Howzat,Cultivar,Infected,4,9,3,0.24225667810193827,0,0,0.2002601456780984,0.7371295217330492,0.7274863514530969,0.15733957879530103,0.43426342472189927,0.4454623248927744
125A,2021-07-16,CVR496,Cultivar,Infected,5,9,3,0.2022344267516912,0,0,0.188745973251944,0.7708914829393321,0.7369548429704639,0.302458571940176,0.4065584456812502,0.5306432276448723
126A,2021-07-16,CVR484,Cultivar,Infected,6,9,3,0.1881936816160711,0,0,0.146147465026854,0.7472338251043571,0.7251907450478242,0.31275983828346593,0.41124701772975014,0.485037798636726
133A,2021-07-16,CVR482,Cultivar,Infected,4,10,3,0.258387470461096,0,0,0.22246324267733816,0.7479367561770854,0.7164961574934523,0.1295119989188235,0.45470672202037055,0.44434978314147744
134A,2021-07-16,CVR015,Cultivar,Infected,5,10,3,0.16724683749300878,0,0,0.13907391200054756,0.7943862339773726,0.7359828122340157,0.30239696296698765,0.44625768630820933,0.5393169123606355
135A,2021-07-16,CVR481,Cultivar,Infected,6,10,3,0.20279088940391676,0,0,0.15880126544058,0.7940580836333133,0.7167255169538386,0.3838008207403324,0.4551160950818799,0.5307484271915104
142A,2021-07-16,WLD129,Wild cicer,Infected,4,11,3,0.04623939657779102,0,0,0.02998400532817682,0.7634969840043879,0.7482551659296025,0.15743417915196853,0.4061074922859904,0.5180022142696588
143A,2021-07-16,CVR477,Cultivar,Infected,5,11,3,0.24491643708846875,0,0,0.1987275425223987,0.7468117867182228,0.7111508464809108,0.15582730451116802,0.441364123351938,0.4556308492875949
144A,2021-07-16,WLD133,Wild cicer,Infected,6,11,3,0.05525872873261373,0,0,0.04405251634716412,0.7556138724573312,0.7074201733279974,0.2795791475381573,0.40885226102002514,0.5017781692721339
127A,2021-07-16,CVR489,Cultivar,Infected,7,9,3,0.11666835713893506,0,0,0.08162094242021398,0.7250789501451843,0.6605091340487899,0.16761119188439697,0.42474309244895886,0.4339939674191416
128A,2021-07-16,CVR009,Cultivar,Infected,8,9,3,0.2202399682844184,0,0,0.18481622157066263,0.749208339616175,0.6642095470695423,0.2859562824477756,0.4105755881819308,0.48907568759457903
129A,2021-07-16,CVR486,Cultivar,Infected,9,9,3,0.1551537116401782,0,0,0.12076126916577638,0.7168463571642086,0.653581915031097,0.27520778199168594,0.41271549167186905,0.4319142497763406
136A,2021-07-16,CVR488,Cultivar,Infected,7,10,3,0.04313579238055677,0,0,0.03167379855112781,0.7449253790934062,0.6501077028970653,0.19865786050937653,0.4392370994765231,0.45435160961080706
137A,2021-07-16,CVR490,Cultivar,Infected,8,10,3,0.1819301645008417,0,0,0.15667919953268808,0.7783545682055693,0.6538692190153352,0.30496065027501507,0.45781457408738374,0.4979974249582151
138A,2021-07-16,CVR494,Cultivar,Infected,9,10,3,0.16240759978526145,0,0,0.13734482126078373,0.7893323052719575,0.6400013632480542,0.3376068742960255,0.4875310578221,0.49059334922298103
145A,2021-07-16,CVR017,Cultivar,Infected,7,11,3,0.18583865217718792,0,0,0.16497097558019175,0.7556424819785627,0.6824994526507937,0.12791529928103632,0.4632419390071705,0.4498783343198513
146A,2021-07-16,Genesis090,Cultivar,Infected,8,11,3,0.26540949916775197,0,0,0.2242316309339147,0.7787610631537842,0.6743652902336115,0.19972815797930857,0.490816681138648,0.466102074913524
147A,2021-07-16,WLD130,Wild cicer,Infected,9,11,3,0.0358289077924044,0,0,0.02220309699923971,0.7625789413449077,0.6526790588593319,0.276897324275414,0.46418260911504994,0.4618965828299599
151A,2021-07-16,WLD130,Wild cicer,Fungicide,10,9,3,0.0464811928492938,0,0,0.02031681619222466,0.6452528351457852,0.7052056658233241,0.10114319882899354,0.40059760444153664,0.32994046621682294
152A,2021-07-16,CVR482,Cultivar,Fungicide,11,9,3,0.18306627574913556,0,0,0.12264754997279144,0.6509701682289358,0.7137350113024467,0.18165928699634523,0.4058903866819821,0.3330895449223821
153A,2021-07-16,CVR491,Cultivar,Fungicide,12,9,3,0.14314008045195123,0,0,0.10850044392017852,0.6483328202470513,0.7178667363764237,0.22271330684789287,0.37943944298742743,0.3566239560861073
160A,2021-07-16,Howzat,Cultivar,Fungicide,10,10,3,0.2630975293388624,0,0,0.2203018792526334,0.7001461462638014,0.7229893323655443,0.09068778129911365,0.4328868350880611,0.38348858413770287
161A,2021-07-16,CVR009,Cultivar,Fungicide,11,10,3,0.20810047054390235,0,0,0.16835056202609372,0.7433837085792884,0.7368543250476512,0.24437239948696396,0.4143936470267039,0.4754559130828878
162A,2021-07-16,CVR484,Cultivar,Fungicide,12,10,3,0.20366533071455692,0,0,0.1630846947731767,0.733874425891383,0.7239090643645609,0.3113652474296267,0.4112374050803011,0.4620960418388769
169A,2021-07-16,CVR019,Cultivar,Fungicide,10,11,3,0.22042214355746845,0,0,0.1955837411773736,0.732529605564947,0.7253905683313753,0.15724835272381238,0.42074945776239214,0.4506870498841745
170A,2021-07-16,CVR495,Cultivar,Fungicide,11,11,3,0.20597067598806285,0,0,0.17192663605605976,0.7529012280703892,0.7329943417099505,0.21035454159376735,0.4298003451565261,0.477675264781314
171A,2021-07-16,CVR010,Cultivar,Fungicide,12,11,3,0.05497718512880913,0,0,0.04047644231719807,0.7476699496364012,0.6910075369538669,0.3342512284007773,0.4155954812109075,0.4817758302626796
178A,2021-07-16,CVR016,Cultivar,Fungicide,10,12,3,0.338653895766942,0,0,0.32141439001200295,0.7465498953660591,0.7348883879684707,0.1972207579813215,0.40880089147533033,0.486102864980925
179A,2021-07-16,CVR494,Cultivar,Fungicide,11,12,3,0.2767043660968542,0,0,0.24694559565172103,0.7295760242259796,0.721849124653498,0.13662805424877322,0.43986571115467127,0.4266189305559326
180A,2021-07-16,WLD129,Wild cicer,Fungicide,12,12,3,0.0347192947656451,0,0,0.02499322069294949,0.7329140136824288,0.7203466037482127,0.20023360093985143,0.4325438420024908,0.4397918640073854
154A,2021-07-16,CVR493,Cultivar,Fungicide,13,9,3,0.2871943495468445,0,0,0.21228518582281936,0.6750629879717991,0.656685554888679,0.135483521171665,0.4154683782047433,0.360782239242196
155A,2021-07-16,WLD132,Wild cicer,Fungicide,14,9,3,0.02901555258033305,0,0,0.01571900672512546,0.642777440666116,0.68235845294892306,0.23532355408514863,0.3087878800789022,0.4166962088743218
156A,2021-07-16,CVR489,Cultivar,Fungicide,15,9,3,0.1399669184231888,0,0,0.09651470129227036,0.6754947545012219,0.6591392429914128,0.2350285964975831,0.3810562694675661,0.3964975548327977
163A,2021-07-16,WLD131,Wild cicer,Fungicide,13,10,3,0.00240140132656866,0,0,0,NA,NA,NA,NA,NA
164A,2021-07-16,CVR485,Cultivar,Fungicide,14,10,3,0.23378387176626567,0,0,0.18493411412110108,0.7529644405586706,0.6840143239149634,0.2462873163638896,0.4343014509021258,0.4735058026634581
165A,2021-07-16,CVR488,Cultivar,Fungicide,15,10,3,0.01389169263948822,0,0,0.00369396658040448,0.7613352265179961,0.6609957316797864,0.48476924634423263,0.37367355104586264,0.5417983386651324
172A,2021-07-16,CVR481,Cultivar,Fungicide,13,11,3,0.23013042947218948,0,0,0.16567833088282238,0.7055055649156441,0.6666301642362902,0.11024206841837486,0.3823709795812467,0.4425075772993374
173A,2021-07-16,CVR490,Cultivar,Fungicide,14,11,3,0.08217429725633364,0,0,0.06189358898018152,0.7165345170055961,0.6613114253885576,0.12491274357963177,0.4088581512524255,0.4351617890240628
174A,2021-07-16,CVR486,Cultivar,Fungicide,15,11,3,0.22745742137489167,0,0,0.17448097464889264,0.7409266286289155,0.6571264245987444,0.2482196209879535,0.44850257034575025,0.4379621714107738
157A,2021-07-16,CVR492,Cultivar,Fungicide,16,9,3,0.1845700498212213,0,0,0.14339663884995704,0.7092366678603013,0.6946294825433383,0.1330126664029478,0.4089444794864589,0.422969632189828
158A,2021-07-16,CVR487,Cultivar,Fungicide,17,9,3,0.04068470688861083,0,0,0.02436446042394447,0.6801979644622128,0.6959852336950583,0.24046234769898348,0.33880712790731277,0.4436273955864995
159A,2021-07-16,CVR477,Cultivar,Fungicide,18,9,3,0.19141321553251903,0,0,0.14060651515624728,0.7260488782065458,0.7344186261945301,0.3085842905591482,0.4014182304899683,0.4581614661159442
166A,2021-07-16,CVR017,Cultivar,Fungicide,16,10,3,0.14713137507059296,0,0,0.12622362400275747,0.7677089763527013,0.7191001153585416,0.1880059963493175,0.4436018755559771,0.49148625504427024
167A,2021-07-16,CVR015,Cultivar,Fungicide,17,10,3,0.22771909131254536,0,0,0.1843839488857217,0.8077586619192453,0.7523189732637053,0.3171860081985783,0.4328936132716047,0.5764259746174225
168A,2021-07-16,Genesis090,Cultivar,Fungicide,18,10,3,0.31862455256451344,0,0,0.25739873512392947,0.8016906369254975,0.7247483493346262,0.3187303121222751,0.4620774639818463,0.539448005672049
175A,2021-07-16,CVR011,Cultivar,Fungicide,16,11,3,0.06609318906255317,0,0,0.05163693709203715,0.7367665241594618,0.7247042950832105,0.12906377345765557,0.40471924120249536,0.47312556042279846
176A,2021-07-16,CVR496,Cultivar,Fungicide,17,11,3,0.2910697144462725,0,0,0.24124745571386305,0.8024327586530102,0.75756732657338,0.2367815172254358,0.43617882608274305,0.5634712109783472
177A,2021-07-16,WLD133,Wild cicer,Fungicide,18,11,3,0.05280101868528415,0,0,0.0405550373508237,0.7853647042367667,0.7250933389069755,0.28119999949486457,0.40420814900897567,0.5584308980346394
1A,2021-07-16,CVR482,Cultivar,Infected,1,1,1,0.21066417347737015,0,0,0.15023440677538663,0.6998069571589925,0.660462000179193,0.07123945008539108,0.43770166199253985,0.37784029795243423
2A,2021-07-16,CVR016,Cultivar,Infected,2,1,1,0.257784635921185,0,0,0.16607130605095052,0.6867646564843769,0.6754143343425705,0.1576326080893463,0.3873522979071582,0.4079297864427404
3A,2021-07-16,CVR496,Cultivar,Infected,3,1,1,0.2036785798253242,0,0,0.1434752338835827,0.7140554279679968,0.6870832189422291,0.21786649892035312,0.37206678511080815,0.46571920031782704
10A,2021-07-16,CVR485,Cultivar,Infected,1,2,1,0.24233286048885008,0,0,0.1705512229676113,0.7221296246373664,0.670787284157299,0.07541738930453976,0.4404252462890869,0.41308299509449936
11A,2021-07-16,CVR481,Cultivar,Infected,2,2,1,0.1799626715519013,0,0,0.10971866694137576,0.7193225619805153,0.6750996024851516,0.19201549764137343,0.4237574001013885,0.4251624349713888
12A,2021-07-16,CVR009,Cultivar,Infected,3,2,1,0.24668188109820824,0,0,0.1639885376598714,0.751409402168663,0.6724770085827506,0.3341262160701575,0.3846153140378859,0.5158873788094586
19A,2021-07-16,CVR495,Cultivar,Infected,1,3,1,0.19939249249211063,0,0,0.110504617277632,0.7322530545053397,0.6520222019624584,0.05227573108107915,0.4218189549906753,0.4491742377503935
20A,2021-07-16,CVR488,Cultivar,Infected,2,3,1,0.11946391951083016,0,0,0.086886809673131,0.7664962521860099,0.6749408350995411,0.21429564884133603,0.3942107347980512,0.5334834316881436
21A,2021-07-16,WLD130,Wild cicer,Infected,3,3,1,0.03353349935197395,0,0,0.00927421396782402,0.7598936616666708,0.6597332269822359,0.3961943269893152,0.38993665929410914,0.5257389056059038
28A,2021-07-16,CVR491,Cultivar,Infected,1,4,1,0.10222682640260491,0,0,0.06963519979230581,0.7408209345185078,0.6705358169133506,0.12438310639266228,0.3947921932622822,0.4890660445733257
29A,2021-07-16,CVR015,Cultivar,Infected,2,4,1,0.16420616657191908,0,0,0.11730308768624878,0.7528884448658948,0.67876450295351,0.1367805722359667,0.4152843422587192,0.49117681113532224
30A,2021-07-16,WLD129,Wild cicer,Infected,3,4,1,0.0694584631974411,0,0,0.03646809560229108,0.8083005822956336,0.7253245820300182,0.22978463802880789,0.48265746139003257,0.5339569954136518
31A,2021-07-16,CVR011,Cultivar,Fungicide,10,1,1,0.06290677792302345,0,0,0.04346305359497191,0.6220954177565959,0.6292101779455146,0.07679049789736374,0.4474720498906141,0.2419847336162692
32A,2021-07-16,WLD131,Wild cicer,Fungicide,11,1,1,0.03332151357969754,0,0,0.01406851101898729,0.6509042419936321,0.6635485989100895,0.2092747458067276,0.398675297262187,0.340619520219184
33A,2021-07-16,CVR019,Cultivar,Fungicide,12,1,1,0.0980069846232277,0,0,0.07175726570019775,0.6698693117989956,0.6790498596607464,0.2312649733237424,0.4449150260685418,0.32046364254249143
40A,2021-07-16,CVR487,Cultivar,Fungicide,10,2,1,0.10591339147359928,0,0,0.0825640828237215,0.7061151398974652,0.6380118734248729,0.14914581307026417,0.44034931955143014,0.3856917934923299
41A,2021-07-16,CVR490,Cultivar,Fungicide,11,2,1,0.08577474310734072,0,0,0.06456582012345284,0.7472776660883099,0.676468267604512,0.22116074594561777,0.4697415668577617,0.4276545595672284
42A,2021-07-16,Howzat,Cultivar,Fungicide,12,2,1,0.2005286037404045,0,0,0.17522762746833612,0.7635533214134635,0.6753865497271124,0.3032769959297024,0.4704420650266926,0.45741999588943183
49A,2021-07-16,CVR489,Cultivar,Fungicide,10,3,1,0.13945351538095688,0,0,0.1113298651307011,0.7269955705367319,0.6518207752063434,0.12963248102014657,0.4433069385256932,0.4185940282676033
50A,2021-07-16,CVR016,Cultivar,Fungicide,11,3,1,0.2837330193588938,0,0,0.25755592519118076,0.7796368138163805,0.6740890506748907,0.26636130674169756,0.4540947379213918,0.5039577057120916
51A,2021-07-16,WLD129,Wild cicer,Fungicide,12,3,1,0.05895191835899174,0,0,0.04271640077552845,0.7953088907689568,0.675630173519863,0.35327926658079334,0.4725833248474239,0.5170638806084421
58A,2021-07-16,CVR477,Cultivar,Fungicide,10,4,1,0.3485774797316313,0,0,0.29697133455443286,0.7160285193302844,0.6704650799916091,0.11952271750552178,0.42387402260724394,0.4194644176036231
59A,2021-07-16,CVR492,Cultivar,Fungicide,11,4,1,0.2042781020875434,0,0,0.1740879994807645,0.7367388595961796,0.6608254903038966,0.14557399881550695,0.4604990276779763,0.4180812111287176
60A,2021-07-16,CVR495,Cultivar,Fungicide,12,4,1,0.2299085068668376,0,0,0.18289064324683477,0.7706390303201138,0.6860006379043239,0.19502382021957032,0.4957720397929258,0.44481270296355424
34A,2021-07-16,Genesis090,Cultivar,Fungicide,13,1,1,0.2689569485756899,0,0,0.2413260507474887,0.7003821704129249,0.6568497835744733,0.0866315190971831,0.4821080286833848,0.3295499261181362
35A,2021-07-16,CVR491,Cultivar,Fungicide,14,1,1,0.06077698336718392,0,0,0.05289445763004719,0.6785077530119059,0.6625086415906866,0.11207943272720312,0.43370055676970753,0.34688466602477935
36A,2021-07-16,CVR494,Cultivar,Fungicide,15,1,1,0.15258338415132677,0,0,0.11698870755174628,0.7054355422337207,0.6760417884427863,0.2103505826869368,0.47201821529119514,0.3499396959825992
43A,2021-07-16,CVR481,Cultivar,Fungicide,13,2,1,0.22662272739655331,0,0,0.180100519553125,0.728376741774482,0.6606475409902228,0.07742350082749393,0.48095744448995287,0.3808315139981419
44A,2021-07-16,CVR017,Cultivar,Fungicide,14,2,1,0.16903546744659095,1,5.597726908199036e-4,0.16662147128632993,0.7531601861447096,0.6868912435990999,0.1710448480151974,0.4867163658663032,0.4206401449070815
45A,2021-07-16,CVR010,Cultivar,Fungicide,15,2,1,0.01518016866160575,0,0,0.00687706544224239,0.7454885112296705,0.6438765452848721,0.6337460735701707,0.4508220984211894,0.4438299929540884
52A,2021-07-16,CVR496,Cultivar,Fungicide,13,3,1,0.2827260869405809,0,0,0.24167972839880403,0.7539428266237641,0.6812911001905856,0.134868468768198,0.4551692919951038,0.4548730610740856
53A,2021-07-16,CVR015,Cultivar,Fungicide,14,3,1,0.09892779782155334,0,0,0.08350722322722903,0.7706748638795867,0.6837743557440329,0.1896438508224489,0.4648180151949325,0.4765784935411824
54A,2021-07-16,CVR009,Cultivar,Fungicide,15,3,1,0.1935496346437422,0,0,0.16273101712186136,0.7571951690852056,0.6527362333757036,0.25759204295674437,0.47258210264117256,0.44320992571405526
37A,2021-07-16,WLD133,Wild cicer,Fungicide,16,1,1,0.05264865391146049,0,0,0.04157677278795685,0.6932345776467094,0.6724572713877676,0.20749129291820004,0.35589815935606,0.4478239511123844
38A,2021-07-16,CVR488,Cultivar,Fungicide,17,1,1,0.01264627622736433,0,0,0.0017290907397638,0.6271383811331548,0.6586384363106617,0.422985321781481,0.29769313731354086,0.40506963519208217
39A,2021-07-16,CVR493,Cultivar,Fungicide,18,1,1,0.2552904908192454,0,0,0.19923841024096525,0.741186952761179,0.7200683542600225,0.2758262601735462,0.42180111235567785,0.46465143652088026
46A,2021-07-16,CVR482,Cultivar,Fungicide,16,2,1,0.21956426363528736,0,0,0.19173258452971784,0.7160236227485731,0.6949742802898828,0.1370325932907981,0.4144012093611068,0.428880198414642
47A,2021-07-16,CVR485,Cultivar,Fungicide,17,2,1,0.2250725814367821,0,0,0.18654531231042645,0.7643239322286369,0.7214769754612962,0.2745260614362428,0.4333917108053123,0.49485314571373806
48A,2021-07-16,WLD132,Wild cicer,Fungicide,18,2,1,0.04746162704607218,0,0,0.03678247573679358,0.7864455696550124,0.7109610873485115,0.4170474673220437,0.37473185126562447,0.5837478237614154
55A,2021-07-16,CVR486,Cultivar,Fungicide,16,3,1,0.19796821308462853,0,0,0.16147349658385132,0.6901046450366126,0.693620604717843,0.06671914816120472,0.4016488675929312,0.3990698615931924
56A,2021-07-16,WLD130,Wild cicer,Fungicide,17,3,1,0.05924008651817998,0,0,0.03780421117392674,0.7547475401070112,0.7012375544374722,0.2912316210605468,0.37873793710432013,0.5265146071011148
57A,2021-07-16,CVR484,Cultivar,Fungicide,18,3,1,0.2528725281042176,0,0,0.19939560030821651,0.8033169120153965,0.7229057484103286,0.29990265259370097,0.4751827047326688,0.5307230211920275
4A,2021-07-16,CVR493,Cultivar,Infected,4,1,1,0.2104853104820119,0,0,0.16646428121907866,0.7202150824919,0.6460078622563052,0.15256003468460266,0.48713962067599115,0.3590445583562674
5A,2021-07-16,CVR489,Cultivar,Infected,5,1,1,0.10725486393878592,0,0,0.07163937314975931,0.700111753549973,0.6340491477594521,0.2405869084050959,0.4565055719015973,0.3580363637801698
6A,2021-07-16,CVR010,Cultivar,Infected,6,1,1,0.11490622540688744,0,0,0.08480404128205188,0.688172814856546,0.6163902182240333,0.2372526081980873,0.4374825412335818,0.35867393757177496
13A,2021-07-16,CVR017,Cultivar,Infected,4,2,1,0.17707436540463528,0,0,0.13015337568403884,0.7463578847097513,0.661843887072304,0.14538497293935307,0.5259107722023079,0.3628864493709992
14A,2021-07-16,CVR019,Cultivar,Infected,5,2,1,0.1260288538960151,0,0,0.1066927581467891,0.7858070652577764,0.6595415005531229,0.3095976053441889,0.4863272871857768,0.4847201477881526
15A,2021-07-16,WLD131,Wild cicer,Infected,6,2,1,0.02330518583963737,0,0,0.01202504014472098,0.7583792914579447,0.6224174412922222,0.5055331388118806,0.4324438319505527,0.4849915723309559
22A,2021-07-16,Howzat,Cultivar,Infected,4,3,1,0.3137124447475461,0,0,0.2465133229667801,0.7653541335457789,0.6712423777350576,0.1455521529699765,0.5011807952224732,0.4285611730494589
23A,2021-07-16,Genesis090,Cultivar,Infected,5,3,1,0.26052388957231915,0,0,0.20092820346391624,0.7493896358943876,0.6413219130405942,0.1898925221798086,0.5106463581125198,0.38673719432397863
24A,2021-07-16,CVR477,Cultivar,Infected,6,3,1,0.2517927255766847,0,0,0.19809878225339367,0.7654413711537664,0.6259201670801013,0.28299516072606773,0.5093560472350249,0.41973094413168355
61A,2021-07-16,CVR487,Cultivar,Fungicide,1,5,2,0.0676996437430853,0,0,0.02794053445391051,0.6490548776915497,0.6368051299034124,0.07018822200677807,0.4073425927251073,0.32858651749301343
62A,2021-07-16,WLD132,Wild cicer,Fungicide,2,5,2,0.04782597759217225,0,0,0.02357851008768819,0.6673611921604966,0.708955449647188,0.17867528194978594,0.33315820691994297,0.4297528933217978
63A,2021-07-16,CVR482,Cultivar,Fungicide,3,5,2,0.20519229073048545,0,0,0.12296193010729396,0.6435384504115225,0.6698425252796241,0.1423465913291188,0.3769050793870761,0.3520158368887349
70A,2021-07-16,WLD133,Wild cicer,Fungicide,1,6,2,0.05307925001139693,0,0,0.02648652633183641,0.6978820497628078,0.6486853503064114,0.0797926444804011,0.3743617690987824,0.437935454669817
71A,2021-07-16,WLD130,Wild cicer,Fungicide,2,6,2,0.02694537902294627,0,0,0.00915632141738558,0.7342249912424378,0.6876697539185472,0.2615158676635682,0.3768941667104968,0.4940456699953772
72A,2021-07-16,WLD129,Wild cicer,Fungicide,3,6,2,0.05540446895105376,0,0,0.02342132002043694,0.7793993550470844,0.7066122777789973,0.3717759423509461,0.39529179581059487,0.5551410645961489
79A,2021-07-16,CVR490,Cultivar,Fungicide,1,7,2,0.273398712960419,0,0,0.19078944412621032,0.7562300725997483,0.6901526755972331,0.09316535647070674,0.41118065582227464,0.500759020734284
80A,2021-07-16,CVR494,Cultivar,Fungicide,2,7,2,0.13369015219719207,0,0,0.08881238799695887,0.7618020988492034,0.6916439194711171,0.1714962119295566,0.4538477563725626,0.4706926381903619
81A,2021-07-16,WLD131,Wild cicer,Fungicide,3,7,2,0.07945822954904219,0,0,0.0463317723223073,0.7982323116389354,0.6979233238871979,0.33522633136589286,0.38923175593774606,0.5933541154809113
88A,2021-07-16,CVR493,Cultivar,Fungicide,1,8,2,0.3228510188992743,0,0,0.21955522643318992,0.752295808672579,0.69494023167339,0.08966864176190006,0.43393215407341906,0.4726619439575912
89A,2021-07-16,CVR477,Cultivar,Fungicide,2,8,2,0.22764953348101716,0,0,0.16933299994641407,0.7407700159716957,0.681208541499194,0.08983253181827075,0.41494679768089304,0.4704214243693262
90A,2021-07-16,CVR488,Cultivar,Fungicide,3,8,2,0.07653680062485797,0,0,0.04067292990126214,0.7263264129028643,0.6639539163872888,0.17568706621039357,0.4146525691501278,0.44599578181430927
64A,2021-07-16,CVR015,Cultivar,Fungicide,4,5,2,0.1844607446573913,0,0,0.1406458126730601,0.6579788920467363,0.6384623088508304,0.09744589449572566,0.4322555860036665,0.31543886792904385
65A,2021-07-16,CVR016,Cultivar,Fungicide,5,5,2,0.24810616050569032,0,0,0.1992777077577781,0.6973836964715319,0.6620592350532922,0.20506794569765577,0.4239298471700241,0.3882312085986955
66A,2021-07-16,CVR485,Cultivar,Fungicide,6,5,2,0.1896676451889305,0,0,0.13054635085216698,0.6555977470955268,0.6500051996803503,0.24817806869741704,0.41955907941557,0.32559841465721784
73A,2021-07-16,CVR010,Cultivar,Fungicide,4,6,2,0.03103272969465072,0,0,0.01953086585596838,0.7232716873773306,0.638841486686876,0.24099762656554097,0.423188159643095,0.4324468727224984
74A,2021-07-16,Genesis090,Cultivar,Fungicide,5,6,2,0.2400540134368787,0,0,0.1870168825121802,0.7342387347527884,0.6737709183954377,0.21893253721319195,0.4881523771480643,0.38356324200005687
75A,2021-07-16,CVR019,Cultivar,Fungicide,6,6,2,0.18832617272374388,0,0,0.156482711948624,0.7592191012667767,0.6413076795882651,0.35114384332455467,0.4499818616943329,0.4697047339948669
82A,2021-07-16,CVR017,Cultivar,Fungicide,4,7,2,0.07559942603807324,0,0,0.06397635737126064,0.6796716789122542,0.6380651334691362,0.06849639348278184,0.44710084399184463,0.3340967506176278
83A,2021-07-16,CVR496,Cultivar,Fungicide,5,7,2,0.29843953231056947,0,0,0.24580596766414944,0.7710177321329409,0.6782811438044842,0.2516058664549944,0.45745494983398416,0.4844208708670389
84A,2021-07-16,CVR009,Cultivar,Fungicide,6,7,2,0.23800040126795105,0,0,0.1869775849953674,0.7453053649983987,0.6285992405279393,0.30701298386583775,0.4529132547919743,0.4413856756727384
67A,2021-07-16,CVR481,Cultivar,Fungicide,7,5,2,0.21733510074869328,0,0,0.18682039492811617,0.703953143293068,0.7117024767345479,0.1395178189171586,0.4368033442846233,0.3857698038752627
68A,2021-07-16,CVR489,Cultivar,Fungicide,8,5,2,0.05010482464414362,0,0,0.04083011996851339,0.6747058948228626,0.7001677685227254,0.2528630516853689,0.3787217667143972,0.3975747332652009
69A,2021-07-16,Howzat,Cultivar,Fungicide,9,5,2,0.1606454680532138,0,0,0.1340831273653202,0.7240999248714178,0.7099925068361609,0.2967801983506093,0.43683586975675714,0.4201688487313509
76A,2021-07-16,CVR484,Cultivar,Fungicide,7,6,2,0.19264538283387564,0,0,0.18442324640253452,0.733164108461987,0.7299946826845829,0.13500075660952457,0.4604462105395928,0.4117010098392952
77A,2021-07-16,CVR492,Cultivar,Fungicide,8,6,2,0.13854263901570668,1,0.00149052782975199,0.1151024267447312,0.7442719197125436,0.7015223734529626,0.31432208386724386,0.4534261583886284,0.4389941530007197
78A,2021-07-16,CVR011,Cultivar,Fungicide,9,6,2,0.01501455477701481,0,0,0.00636619772367581,0.7079190545580251,0.677867474255107,0.4668725846941432,0.3925602488415425,0.4367250936564468
85A,2021-07-16,CVR495,Cultivar,Fungicide,7,7,2,0.2332439705024992,0,0,0.20639055830089736,0.7311894071587202,0.7273694002585323,0.13890726436746298,0.43995048641616785,0.4293578021542005
86A,2021-07-16,CVR491,Cultivar,Fungicide,8,7,2,0.24829827261181583,0,0,0.2120101032051297,0.7322307653971325,0.6974859907667228,0.2087293589445734,0.4363716816800518,0.4347830323276612
87A,2021-07-16,CVR486,Cultivar,Fungicide,9,7,2,0.1904890900565016,0,0,0.16021597604584129,0.7034094418985335,0.6677598233635972,0.24326535734001845,0.4524419262164021,0.3681235401749359
7A,2021-07-16,CVR487,Cultivar,Infected,7,1,1,0.1501256741039972,0,0,0.116831517484495,0.6932976534062887,0.7023431762743465,0.1400078260201099,0.4218833132819061,0.3836194724030448
8A,2021-07-16,WLD132,Wild cicer,Infected,8,1,1,0.03634893539001997,0,0,0.02460024552482135,0.7471123645524914,0.7187330810913113,0.361698322417534,0.34634037128273887,0.5406742537225463
9A,2021-07-16,CVR492,Cultivar,Infected,9,1,1,0.22973626842686304,0,0,0.18210469291057851,0.7216634689864874,0.7117778910250065,0.2924676823396021,0.4394326422456158,0.4132964119286768
16A,2021-07-16,CVR490,Cultivar,Infected,7,2,1,0.1316365400282644,0,0,0.10692854324766596,0.7468689028255737,0.721146324560871,0.17585272091030235,0.4363855431197324,0.4606050403845679
17A,2021-07-16,CVR011,Cultivar,Infected,8,2,1,0.06714980564624337,0,0,0.05073309420534244,0.7691621294500995,0.7077452194218942,0.2923763496625066,0.4454502127673259,0.4924299610479206
18A,2021-07-16,CVR486,Cultivar,Infected,9,2,1,0.1948778579981615,0,0,0.16477448799612768,0.7719289428331534,0.6935619918100373,0.3688686125532464,0.44403806829703424,0.49889505569664305
25A,2021-07-16,CVR484,Cultivar,Infected,7,3,1,0.1966996107286619,0,0,0.16894002477828593,0.7568994845633942,0.7262728408859968,0.1557106313279844,0.4315648521551108,0.4831591579964117
26A,2021-07-16,CVR494,Cultivar,Infected,8,3,1,0.1928507440507684,0,0,0.15660060449906243,0.7516322008644402,0.7170029441824418,0.17635472350183085,0.47166901288581736,0.43372976677089814
27A,2021-07-16,WLD133,Wild cicer,Infected,9,3,1,0.05055198213253916,0,0,0.04051573983401088,0.7687736487889154,0.6950366612806405,0.29922503569905895,0.4138850934153803,0.5205048446223891
91A,2021-07-16,CVR484,Cultivar,Infected,10,5,2,0.22268774149867257,0,0,0.16783969430752715,0.700350514116528,0.7191661689948008,0.11222085696446236,0.4855347064759763,0.32550043382364646
92A,2021-07-16,WLD132,Wild cicer,Infected,11,5,2,0.05264865391146049,0,0,0.03265623647144815,0.7193195534564765,0.7201372120544007,0.2519613171421815,0.4006261564076095,0.4477151578577656
93A,2021-07-16,CVR488,Cultivar,Infected,12,5,2,0.01858519012879552,0,0,0.00153260315569973,0.6535496668639855,0.7290625589557892,0.617139431427608,0.35837715584752566,0.385452034588083
100A,2021-07-16,CVR494,Cultivar,Infected,10,6,2,0.1437992237126232,0,0,0.1340831273653202,0.712973809187989,0.7233247189608859,0.08914436513915122,0.4854884283998504,0.3479117343350183
101A,2021-07-16,WLD130,Wild cicer,Infected,11,6,2,0.05216837364614676,0,0,0.03890454164468552,0.7504288856181914,0.7194981761159128,0.2964217762215209,0.4169068349353237,0.4853763892089936
102A,2021-07-16,CVR482,Cultivar,Infected,12,6,2,0.1521163529967803,0,0,0.11325544345452895,0.7466018921570198,0.7072247246632897,0.32878669584382547,0.4605269472530978,0.435977066047144
109A,2021-07-16,CVR016,Cultivar,Infected,10,7,2,0.2675492305566669,0,0,0.23633526611226136,0.7729214955499781,0.7261508494709611,0.21945947390124232,0.44340349002019186,0.501332833245857
110A,2021-07-16,CVR011,Cultivar,Infected,11,7,2,0.05361252671977977,0,0,0.04440619399847943,0.766678153936748,0.7127225329714403,0.22631969468886615,0.4621779597269073,0.47161202049216366
111A,2021-07-16,WLD133,Wild cicer,Infected,12,7,2,0.05059835402022462,0,0,0.03859016151018301,0.7825912329098268,0.6981039780404963,0.351537227941302,0.4496216547875759,0.5137388490352486
118A,2021-07-16,CVR477,Cultivar,Infected,10,8,2,0.27727407785984703,0,0,0.23979344759178897,0.7218365457107803,0.7133256058630018,0.12491486031612715,0.4293577726453189,0.4238369055951901
119A,2021-07-16,CVR487,Cultivar,Infected,11,8,2,0.04852155590745421,0,0,0.02687950149996454,0.6952733503479527,0.6840192274600859,0.11509034025658212,0.41849937076161026,0.39035661306539826
120A,2021-07-16,CVR010,Cultivar,Infected,12,8,2,0.10265079794715772,0,0,0.0900306110181561,0.7452944049606254,0.6904820002649901,0.2087769322436419,0.4662558383482306,0.4276439152567154
94A,2021-07-16,CVR481,Cultivar,Infected,13,5,2,0.1874517314131037,0,0,0.1349476727352021,0.6210876602209788,0.6555983004297401,0.01348733638337383,0.43178744716683026,0.25866969784704996
95A,2021-07-16,CVR489,Cultivar,Infected,14,5,2,0.03283460875900017,0,0,0.01155346994296721,0.6348702256169854,0.6640227967851237,0.3549433357261863,0.3518254998847037,0.3644494410216375
96A,2021-07-16,CVR015,Cultivar,Infected,15,5,2,0.1388440562856622,0,0,0.09392106518262464,0.6567034492158863,0.6887077319134889,0.2514939069609127,0.40344083612361625,0.344547320932267
103A,2021-07-16,WLD129,Wild cicer,Infected,13,6,2,0.02986018339174685,0,0,0.01489375887205637,0.7151895633393218,0.6754804255046376,0.22326741014005044,0.3916076795186427,0.4494653066557113
104A,2021-07-16,CVR491,Cultivar,Infected,14,6,2,0.10020964928828724,0,0,0.08578647920237223,0.7245436213120283,0.6636103460717031,0.24513102330263684,0.4028719371754079,0.45427327830505776
105A,2021-07-16,CVR495,Cultivar,Infected,15,6,2,0.171466679272386,0,0,0.12779552467527003,0.7437321767098181,0.6622257883774303,0.33146326599347725,0.41227454983704176,0.47803298400036354
112A,2021-07-16,CVR496,Cultivar,Infected,13,7,2,0.2535681064194996,0,0,0.22273832529502785,0.7442788525234023,0.691084928669367,0.18103045702848233,0.4011540594152728,0.4891792900143844
113A,2021-07-16,CVR486,Cultivar,Infected,14,7,2,0.1783628414267528,0,0,0.1419426307278829,0.7218133319906669,0.6682206136925757,0.17428505259222876,0.4206573943052137,0.4324692080531251
114A,2021-07-16,CVR485,Cultivar,Infected,15,7,2,0.21151542884416755,0,0,0.17180874350562134,0.7325690351501627,0.6502154928725443,0.24337767246791747,0.4448977556726583,0.4267602693379842
97A,2021-07-16,CVR017,Cultivar,Infected,16,5,2,0.24522779119149976,0,0,0.18253696559551943,0.6523004554449686,0.6712174018619124,0.06794402486122421,0.4251854304496942,0.3142802196018286
98A,2021-07-16,Genesis090,Cultivar,Infected,17,5,2,0.29124857744163074,0,0,0.23492055550700008,0.6733889751387001,0.6919814597834295,0.17252360089924218,0.3946026315391762,0.379673621337805
99A,2021-07-16,CVR009,Cultivar,Infected,18,5,2,0.22034927344824845,0,0,0.15636481939818556,0.6724557885425373,0.7116916340306217,0.2093848479701964,0.3758925914187861,0.39688402918983695
106A,2021-07-16,CVR019,Cultivar,Infected,16,6,2,0.17555734222178224,0,0,0.14280717609776483,0.7274889221676373,0.685333945837908,0.2173452318670681,0.3952858706388157,0.4662931505487653
107A,2021-07-16,CVR490,Cultivar,Infected,17,6,2,0.21430767893837088,0,0,0.17224101619056228,0.7420990820758844,0.7100669051957483,0.2127306867749311,0.42921562946138697,0.4591238091907885
108A,2021-07-16,WLD131,Wild cicer,Infected,18,6,2,0.00862848338718808,0,0,0,NA,NA,NA,NA,NA
115A,2021-07-16,CVR493,Cultivar,Infected,16,7,2,0.2937394102658785,0,0,0.24584526518096225,0.7436284225560957,0.70700342827806,0.18157614373281483,0.4086739055130097,0.48118841269599655
116A,2021-07-16,Howzat,Cultivar,Infected,17,7,2,0.135117743882366,0,0,0.12319771520817084,0.7157618201720938,0.6764681311955236,0.15544383207938486,0.4112780108822446,0.4315106670753338
117A,2021-07-16,CVR492,Cultivar,Infected,18,7,2,0.06444036249433556,0,0,0.04931838360008114,0.7247104519411427,0.6557099851307352,0.2944808892076944,0.4215946940805987,0.43647319427942494
121A,2021-07-19,CVR019,Cultivar,Infected,1,9,3,0.21418512466377357,0,0,0.18041489968762753,0.7535217441982591,0.7043755263568577,0.18217645757105275,0.47938035630092773,0.42916637889926135
122A,2021-07-19,CVR016,Cultivar,Infected,2,9,3,0.240945016135978,0,0,0.21189221065469127,0.7214341736875862,0.6916096700086461,0.2030876792034996,0.4235898502332764,0.4289184549813656
123A,2021-07-19,WLD131,Wild cicer,Infected,3,9,3,0.07266474800312174,0,0,0.03670388070316796,0.6768996413761889,0.6818791610202196,0.281448662912198,0.37751943275494915,0.4021456116103244
130A,2021-07-19,CVR485,Cultivar,Infected,1,10,3,0.2811096954269733,0,0,0.2542942312957172,0.7442095790877056,0.6879073389799195,0.12944863442018878,0.4829833268470868,0.4078097071056904
131A,2021-07-19,CVR010,Cultivar,Infected,2,10,3,0.03918093281652508,0,0,0.02526830331063918,0.7488211762064318,0.6883216152991692,0.31130751752473307,0.4275931358447381,0.47252675892258533
132A,2021-07-19,CVR491,Cultivar,Infected,3,10,3,0.12624415194598332,0,0,0.11243019560145988,0.7691086395337372,0.6913120571532084,0.3033545543912081,0.4337265102277546,0.503261519108048
139A,2021-07-19,CVR011,Cultivar,Infected,1,11,3,0.13148748753213255,0,0,0.10661416311316346,0.7696867417186568,0.6907666970501884,0.20143849946536616,0.4571846805061883,0.48217366314355153
140A,2021-07-19,WLD132,Wild cicer,Infected,2,11,3,0.0445302612888125,0,0,0.03458181479527602,0.8140743879933892,0.7153464988402035,0.3327038720254366,0.41427868777800847,0.6032409108018411
141A,2021-07-19,CVR487,Cultivar,Infected,3,11,3,0.08727520490173465,0,0,0.06708086119947292,0.7803965649956865,0.65532993031146,0.3820054224441094,0.43677134502717974,0.5213195057250073
148A,2021-07-19,CVR495,Cultivar,Infected,1,12,3,0.3064320583809283,0,0,0.2557089419009785,0.7429139987679568,0.692714605268206,0.16869920390832208,0.4286654913883844,0.46108701251515993
149A,2021-07-19,CVR493,Cultivar,Infected,2,12,3,0.4406289890649686,0,0,0.3998129360535662,0.8004681614243639,0.7205328093968186,0.24502342109164704,0.48026461193324127,0.5201795843492918
150A,2021-07-19,CVR492,Cultivar,Infected,3,12,3,0.253743657137166,0,0,0.22344568059765849,0.7763015616174099,0.6810530142857262,0.264683571273923,0.47956302155808006,0.47272852659874465
124A,2021-07-19,Howzat,Cultivar,Infected,4,9,3,0.310916882375651,0,0,0.27771555131615416,0.7451418918755175,0.7008167976777943,0.1934710299010456,0.42699546160737545,0.46660818627102535
125A,2021-07-19,CVR496,Cultivar,Infected,5,9,3,0.25747659409584583,0,0,0.24101167061298617,0.7804843398223622,0.718392452784904,0.32714264201241255,0.3975940708892439,0.555167640423924
126A,2021-07-19,CVR484,Cultivar,Infected,6,9,3,0.2299913138091331,0,0,0.19122171681115127,0.749698935260397,0.6933220793437315,0.3017208974350378,0.41355989236241014,0.4871900966276728
133A,2021-07-19,CVR482,Cultivar,Infected,4,10,3,0.2860251155216324,0,0,0.27547559285782375,0.7635717592121201,0.7010781072262731,0.20380594993128132,0.4410149397318436,0.4863251312437642
134A,2021-07-19,CVR015,Cultivar,Infected,5,10,3,0.22852066251396552,0,0,0.1980594847365809,0.8022970750540293,0.7177545422387687,0.34591251107601384,0.4369913073035138,0.5625253995794169
135A,2021-07-19,CVR481,Cultivar,Infected,6,10,3,0.2416107839520336,0,0,0.2028144842709313,0.7932362802903863,0.6857911988787878,0.4042379955437963,0.4355993120030165,0.54645545998392
142A,2021-07-19,WLD129,Wild cicer,Infected,4,11,3,0.05364233721900614,0,0,0.03910102922874959,0.7662869805236284,0.7067942417891102,0.23523580704447292,0.37763233593177686,0.546919266465973
143A,2021-07-19,CVR477,Cultivar,Infected,5,11,3,0.28726059510068086,0,0,0.25818468546018575,0.7679869678857831,0.6865196613424852,0.24976578778056496,0.42844151313456746,0.5060572744929458
144A,2021-07-19,WLD133,Wild cicer,Infected,6,11,3,0.07306884588152364,0,0,0.05922135783691019,0.7758952675881116,0.6691384111332986,0.3530288441513469,0.39619326142608374,0.5482305231962793
127A,2021-07-19,CVR489,Cultivar,Infected,7,9,3,0.1344287901224677,0,0,0.0888909830305845,0.6747941853181737,0.6516049822762231,0.12138158023483173,0.3734566577386913,0.402861093958035
128A,2021-07-19,CVR009,Cultivar,Infected,8,9,3,0.27254745759362153,0,0,0.23295567966635936,0.7137472993786792,0.6631567064432783,0.2387994467959075,0.36686602769548415,0.4699330771024806
129A,2021-07-19,CVR486,Cultivar,Infected,9,9,3,0.20359246060533692,0,0,0.1745595696825183,0.7016274249022814,0.660920686269485,0.22276619957325783,0.3938491080250926,0.4253051612992675
136A,2021-07-19,CVR488,Cultivar,Infected,7,10,3,0.05053542074408006,0,0,0.03831507889249332,0.7220922950183459,0.6476598970365752,0.21151745796005775,0.38132665881811434,0.4702505579311099
137A,2021-07-19,CVR490,Cultivar,Infected,8,10,3,0.25150455741749644,0,0,0.21829770589517988,0.7656439927325294,0.670778380799234,0.28097395747920223,0.416937391801511,0.5122205032016847
138A,2021-07-19,CVR494,Cultivar,Infected,9,10,3,0.19361919247527035,0,0,0.1567577945663137,0.751948740181473,0.6335287302086112,0.29712148421554496,0.4282763808748825,0.47742235422563406
145A,2021-07-19,CVR017,Cultivar,Infected,7,11,3,0.22770252992408627,0,0,0.20116398856479312,0.7429194449364656,0.6869649812921259,0.14999896979789715,0.4167618213237411,0.4724323436211566
146A,2021-07-19,Genesis090,Cultivar,Infected,8,11,3,0.32512655367355386,0,0,0.27936604702229234,0.771527520494052,0.685854602936891,0.2171189023759769,0.4466773286241225,0.49566984207345893
147A,2021-07-19,WLD130,Wild cicer,Infected,9,11,3,0.04115505032084911,0,0,0.02255677465055504,0.7474640041228885,0.6403653195336942,0.28880247651380514,0.4074377660878513,0.48892634226656345
151A,2021-07-19,WLD130,Wild cicer,Fungicide,10,9,3,0.05447703119734449,0,0,0.01744809746488926,0.6738580743067653,0.6533520804964217,0.10194323418029622,0.42225582778260273,0.35166525311843994
152A,2021-07-19,CVR482,Cultivar,Fungicide,11,9,3,0.22989194547837852,0,0,0.18792072539887492,0.6414105287997482,0.6649565034920455,0.12168890057858482,0.40366621564549887,0.32080605765192133
153A,2021-07-19,CVR491,Cultivar,Fungicide,12,9,3,0.18659716376861443,0,0,0.1553037864442396,0.661949795189581,0.6651363364994255,0.1936354825588904,0.3827188070665671,0.3739737309521042
160A,2021-07-19,Howzat,Cultivar,Fungicide,10,10,3,0.3517108944280919,0,0,0.3181526961165394,0.7363086617800408,0.6766202167276322,0.09523000468596964,0.4617794478060488,0.4159610480532737
161A,2021-07-19,CVR009,Cultivar,Fungicide,11,10,3,0.28458758700338305,0,0,0.2399506376590402,0.7523932861225952,0.6836553054152448,0.21891929543059535,0.4299496911360001,0.476628868762683
162A,2021-07-19,CVR484,Cultivar,Fungicide,12,10,3,0.252610858166564,0,0,0.21385708649533192,0.7537142899726238,0.6721226994017655,0.2658488169377112,0.43126484890817146,0.4777386029856431
169A,2021-07-19,CVR019,Cultivar,Fungicide,10,11,3,0.27961917046565476,1,1.3911539409942425e-4,0.24808522363929264,0.7456146619225141,0.6750037459902488,0.1594613309437986,0.4321324815248247,0.4625024722453075
170A,2021-07-19,CVR495,Cultivar,Fungicide,11,11,3,0.26909937651643817,0,0,0.2229348128790919,0.7681068803337414,0.6883302535490027,0.19224592901610477,0.4551044457485981,0.4812230126071439
171A,2021-07-19,CVR010,Cultivar,Fungicide,12,11,3,0.05882936408439444,0,0,0.04279499580915408,0.7427103379922436,0.6295371972016074,0.3170436086519047,0.401720787048786,0.4859908373893178
178A,2021-07-19,CVR016,Cultivar,Fungicide,10,12,3,0.41212021497148393,0,0,0.3908923997370574,0.7627978184918667,0.6867142261615627,0.207926909199948,0.4293395586324847,0.4958481817287398
179A,2021-07-19,CVR494,Cultivar,Fungicide,11,12,3,0.33075411347195405,0,0,0.2864788975654116,0.7349951782370678,0.6673955879646141,0.14641955624238032,0.4340648907548632,0.4419177981318219
180A,2021-07-19,WLD129,Wild cicer,Fungicide,12,12,3,0.04404998102349877,0,0,0.02632933626458515,0.7342526454974214,0.6475055092363722,0.211416062619127,0.425333974708302,0.44920726624740576
154A,2021-07-19,CVR493,Cultivar,Fungicide,13,9,3,0.3546124496861252,0,0,0.31029319275397665,0.7048399494275861,0.6601014416752414,0.16149260497573314,0.4262710541729304,0.3982131905308958
155A,2021-07-19,WLD132,Wild cicer,Fungicide,14,9,3,0.03710082242606284,0,0,0.02357851008768819,0.6888861821509649,0.6542133783224248,0.2651136302517288,0.3386589398437119,0.4567967704781045
156A,2021-07-19,CVR489,Cultivar,Fungicide,15,9,3,0.1476182798912903,0,0,0.11840341815700756,0.6975902855963234,0.6423834873816829,0.2709050421428377,0.39950845465454143,0.41325249943444375
163A,2021-07-19,WLD131,Wild cicer,Fungicide,13,10,3,0.00270281859652417,0,0,0,NA,NA,NA,NA,NA
164A,2021-07-19,CVR485,Cultivar,Fungicide,14,10,3,0.30053951636718257,0,0,0.2666729490917535,0.7645703676471147,0.6814231016947845,0.23540409286521,0.4691047910911516,0.46070297423170115
165A,2021-07-19,CVR488,Cultivar,Fungicide,15,10,3,0.01089076905070035,0,0,0.00302590879458665,0.762102054112653,0.6517428170529499,0.4694062563609614,0.40577339266080326,0.5158507168109268
172A,2021-07-19,CVR481,Cultivar,Fungicide,13,11,3,0.2761280297784777,0,0,0.220380474286259,0.7269494421983206,0.6714860144571907,0.15321101124940137,0.4130200799576144,0.4486273555221056
173A,2021-07-19,CVR490,Cultivar,Fungicide,14,11,3,0.0995538183053071,0,0,0.08122796725208584,0.7249703777327613,0.6611461581045788,0.17102814409503525,0.4243152903286194,0.4342317189381901
174A,2021-07-19,CVR486,Cultivar,Fungicide,15,11,3,0.2973266070061183,0,0,0.25177919021969714,0.7587671763703436,0.6632455774296125,0.25925704725098525,0.480075369001352,0.4383776209080126
157A,2021-07-19,CVR492,Cultivar,Fungicide,16,9,3,0.2578276955311786,0,0,0.22977258080452148,0.7365036660045848,0.649141142461377,0.1761409036699024,0.44842519780721657,0.4301391495995962
158A,2021-07-19,CVR487,Cultivar,Fungicide,17,9,3,0.03547780635707161,0,0,0.03018049291224089,0.7131097994196457,0.6358603422604526,0.2631880543541787,0.3802442770640334,0.4567033355378591
159A,2021-07-19,CVR477,Cultivar,Fungicide,18,9,3,0.2374903105034109,0,0,0.2243495234843532,0.7398030032557164,0.6485704357550393,0.3169263325774338,0.4313492289291189,0.4530178729451159
166A,2021-07-19,CVR017,Cultivar,Fungicide,16,10,3,0.1798202436111531,0,0,0.1622594469201076,0.7702012497047045,0.6743757068084432,0.19413709374940075,0.477424950152112,0.46304357884774
167A,2021-07-19,CVR015,Cultivar,Fungicide,17,10,3,0.32472576807284376,0,0,0.27256757661367553,0.8078317639972888,0.7025063390443627,0.3079250483107685,0.46943149438712,0.5451225573581966
168A,2021-07-19,Genesis090,Cultivar,Fungicide,18,10,3,0.4171714384515076,0,0,0.3613799646106344,0.7927647232459277,0.660304089988791,0.3143949021270542,0.4783080860822162,0.5065229270875318
175A,2021-07-19,CVR011,Cultivar,Fungicide,16,11,3,0.06819648539685813,0,0,0.05764945716439764,0.7341429876975017,0.6471901327617136,0.17958457283607565,0.4322192196078859,0.4422564879347647
176A,2021-07-19,CVR496,Cultivar,Fungicide,17,11,3,0.3722635775058278,0,0,0.3217287701465054,0.792471490208596,0.7008037381338567,0.2465405312490218,0.46689133190447857,0.516792318519778
177A,2021-07-19,WLD133,Wild cicer,Fungicide,18,11,3,0.07270449533542357,0,0,0.0563919366263876,0.7639387537923393,0.6554577873587745,0.2725267143559008,0.42307152125970976,0.5036459819073484
1A,2021-07-19,CVR482,Cultivar,Infected,1,1,1,0.2470992280873774,0,0,0.2178654332102389,0.7389449568935924,0.6968015905808258,0.15003637025216598,0.4867196431190399,0.3938921979056531
2A,2021-07-19,CVR016,Cultivar,Infected,2,1,1,0.30968802735198625,0,0,0.2742573698366265,0.7548518470328848,0.7119547527976275,0.2245569397269449,0.45326817639401656,0.45843857628488294
3A,2021-07-19,CVR496,Cultivar,Infected,3,1,1,0.2918514119815418,0,0,0.25849906559468827,0.765180408395108,0.7061542396523313,0.28094650127146753,0.4356927575613831,0.4942687160612454
10A,2021-07-19,CVR485,Cultivar,Infected,1,2,1,0.3029906018591285,0,0,0.2816060054806227,0.7752856751786291,0.7148001748599541,0.16782961225396445,0.5077678783175927,0.4412047275876596
11A,2021-07-19,CVR481,Cultivar,Infected,2,2,1,0.2504280671676553,0,0,0.20988803729723776,0.7956136597019153,0.7272237591069359,0.2716763178746195,0.49116075950644617,0.49973737960450054
12A,2021-07-19,CVR009,Cultivar,Infected,3,2,1,0.3183198230168661,0,0,0.26537613103693064,0.8039290822201054,0.7073963798306017,0.3708653187036099,0.4658062815246315,0.5405426124744194
19A,2021-07-19,CVR495,Cultivar,Infected,1,3,1,0.26888739074416174,0,0,0.21735456549167237,0.7614390413792053,0.6886788374718977,0.13046111787680206,0.47453913930419944,0.44921646909096846
20A,2021-07-19,CVR488,Cultivar,Infected,2,3,1,0.14054656701925708,0,0,0.11698870755174628,0.7897087566616514,0.7073401595208632,0.28237251266758423,0.4250955580493818,0.5488696722013715
21A,2021-07-19,WLD130,Wild cicer,Infected,3,3,1,0.04156908503232646,0,0,0.01803756021708147,0.8030580969544753,0.7007315885590927,0.42959308774814814,0.4568988103787064,0.5467828039966125
28A,2021-07-19,CVR491,Cultivar,Infected,1,4,1,0.13766819770506653,0,0,0.11655643486680532,0.7616504922445659,0.6946201525779904,0.1909529772065324,0.4629154745945808,0.46142368933079986
29A,2021-07-19,CVR015,Cultivar,Infected,2,4,1,0.2297130824830203,0,0,0.1900820888235797,0.7882358112982201,0.710364002594288,0.21991899938927664,0.4812326205397913,0.4946277592141402
30A,2021-07-19,WLD129,Wild cicer,Infected,3,4,1,0.08767267822475291,0,0,0.05965363052185114,0.8152856550929956,0.7169021804125151,0.2806435899512153,0.4922933171982696,0.5395432397274
31A,2021-07-19,CVR011,Cultivar,Fungicide,10,1,1,0.06798781190227354,0,0,0.0500650364195246,0.5964660977445931,0.6135570868853814,0.02930786136788651,0.4202756348303887,0.23513385788383373
32A,2021-07-19,WLD131,Wild cicer,Fungicide,11,1,1,0.03682590337764188,0,0,0.01426499860305136,0.6729437181526509,0.6491153376166302,0.22911047737058404,0.37430059239458174,0.39919319907408407
33A,2021-07-19,CVR019,Cultivar,Fungicide,12,1,1,0.14191122542828644,0,0,0.11372701365628274,0.6556756879699713,0.6469484212800685,0.19461840706995612,0.4007905681033954,0.345742253508486
40A,2021-07-19,CVR487,Cultivar,Fungicide,10,2,1,0.12301468119645996,0,0,0.097850816863906,0.6978750929925206,0.634333811260919,0.1019555339560284,0.43969854359598337,0.37247101761046025
41A,2021-07-19,CVR490,Cultivar,Fungicide,11,2,1,0.10745360060029505,0,0,0.08841941282883074,0.7339935897133117,0.6649015581726029,0.19094165141471017,0.43425798049673786,0.4399740799329128
42A,2021-07-19,Howzat,Cultivar,Fungicide,12,2,1,0.26899338363029995,0,0,0.2528402231736431,0.7555863287070494,0.6759148069759051,0.23229465259355112,0.4465549534271373,0.46639966904672325
49A,2021-07-19,CVR489,Cultivar,Fungicide,10,3,1,0.18707081947854456,0,0,0.15200279503196323,0.7293877575489771,0.6481144935057397,0.12615728621952155,0.43383726520372345,0.4323667060851903
50A,2021-07-19,CVR016,Cultivar,Fungicide,11,3,1,0.3661226146651956,0,0,0.339962817947651,0.7659689949767823,0.6732541103464023,0.23368803534347807,0.4206881222805559,0.5094396921013696
51A,2021-07-19,WLD129,Wild cicer,Fungicide,12,3,1,0.07088605488261503,0,0,0.05045801158765274,0.7758572629317649,0.6619278158393967,0.33040447971473585,0.4305834999140952,0.5184846088344942
58A,2021-07-19,CVR477,Cultivar,Fungicide,10,4,1,0.3916172160591253,0,0,0.35517095695420986,0.7027584022474399,0.6626063539355818,0.10662528292739236,0.4102205551481536,0.4110328351280474
59A,2021-07-19,CVR492,Cultivar,Fungicide,11,4,1,0.25307457704341857,0,0,0.21935873884912585,0.7217725263074991,0.6617170959981414,0.13517293443406947,0.4286782592202482,0.4244102853502363
60A,2021-07-19,CVR495,Cultivar,Fungicide,12,4,1,0.2939944556481486,0,0,0.24749576088710043,0.7314395282400356,0.6558508000302516,0.1582358436907003,0.4423707619798672,0.42734308269632376
34A,2021-07-19,Genesis090,Cultivar,Fungicide,13,1,1,0.3449472233813978,0,0,0.2989362103950735,0.6920648992551208,0.6423473584826247,0.10561848006658578,0.4084249432062622,0.39540329369320376
35A,2021-07-19,CVR491,Cultivar,Fungicide,14,1,1,0.08472475107903416,0,0,0.07619788510004569,0.6769995607661126,0.6390430411333551,0.15499087283529986,0.35441412975910114,0.4244200081177621
36A,2021-07-19,CVR494,Cultivar,Fungicide,15,1,1,0.16823058396747895,0,0,0.12732395447351627,0.6587890993856192,0.6363497189594335,0.23605771791008617,0.38322242715163907,0.3686327003144464
43A,2021-07-19,CVR481,Cultivar,Fungicide,13,2,1,0.3031860262429458,0,0,0.2237993582489738,0.7245626747847631,0.6540844741596781,0.10346750663145912,0.41552686058763744,0.4421589245019641
44A,2021-07-19,CVR017,Cultivar,Fungicide,14,2,1,0.20586137082423284,7,0.0024179600254667,0.17621006538865647,0.7443991745191256,0.6719960050062489,0.1914092305412737,0.4153062532127378,0.47636194757698574
45A,2021-07-19,CVR010,Cultivar,Fungicide,15,2,1,0.01607779591608866,0,0,0.00554094987060672,0.7113593835502438,0.6152910447575834,0.6079662060463958,0.3624485820697349,0.47012324074805806
52A,2021-07-19,CVR496,Cultivar,Fungicide,13,3,1,0.36309850513256503,0,0,0.2862431124645347,0.748211439107062,0.6727275640131469,0.1907374408075032,0.3651096057999499,0.5270925442091766
53A,2021-07-19,CVR015,Cultivar,Fungicide,14,3,1,0.15061589120238636,0,0,0.12268684748960423,0.7431649548169729,0.6729367893287976,0.18747908903289132,0.3906162873414853,0.4967519517211512
54A,2021-07-19,CVR009,Cultivar,Fungicide,15,3,1,0.263342637888057,0,0,0.2125209709236963,0.7425134245888613,0.638599793115476,0.26784500135539907,0.4072197619116014,0.4806155232578919
37A,2021-07-19,WLD133,Wild cicer,Fungicide,16,1,1,0.07418177118597477,0,0,0.06511598535883224,0.7455537903666123,0.6443670707973438,0.2636642452642606,0.38641839248798904,0.5044714527773477
38A,2021-07-19,CVR488,Cultivar,Fungicide,17,1,1,0.01298412855192985,0,0,0.00157190067251254,0.6492969481982226,0.6094124518431939,0.30582845143337034,0.34033445655170286,0.3966031008464117
39A,2021-07-19,CVR493,Cultivar,Fungicide,18,1,1,0.35585786609824904,0,0,0.31665939047765246,0.7715730153966899,0.6711500212621376,0.30586152829188906,0.45305383168007185,0.4897011206270458
46A,2021-07-19,CVR482,Cultivar,Fungicide,16,2,1,0.2672113782321014,0,0,0.25386195861077626,0.7470282705489083,0.6575070320827943,0.16875300831470597,0.45641273518391745,0.44096343767670465
47A,2021-07-19,CVR485,Cultivar,Fungicide,17,2,1,0.2803975557232322,0,0,0.2548050990142838,0.7841369371014091,0.6803132290257919,0.29874666386563,0.4503621422785536,0.5159967839634015
48A,2021-07-19,WLD132,Wild cicer,Fungicide,18,2,1,0.06338043363295354,0,0,0.05242288742829342,0.7969931456716726,0.6582413505070381,0.4100284591015467,0.40223725590814874,0.5810192295245504
55A,2021-07-19,CVR486,Cultivar,Fungicide,16,3,1,0.2683143667034771,0,0,0.2517398927028843,0.7156585671399285,0.6513454464073521,0.10908307746663648,0.44184307051508753,0.40043727985057487
56A,2021-07-19,WLD130,Wild cicer,Fungicide,17,3,1,0.07187642591246886,0,0,0.05320883776454969,0.7531099132787897,0.6454561785668045,0.26094535966118454,0.39642788173456095,0.5084951847860631
57A,2021-07-19,CVR484,Cultivar,Fungicide,18,3,1,0.2937394102658785,0,0,0.2640007179484822,0.7887548441080341,0.6709580725525882,0.2720161080710169,0.4719801276628583,0.5046406148143356
4A,2021-07-19,CVR493,Cultivar,Infected,4,1,1,0.2490766578693933,0,0,0.21464303683158825,0.727045034068021,0.6824946712324591,0.17693507650198065,0.486211478585852,0.3725176747373709
5A,2021-07-19,CVR489,Cultivar,Infected,5,1,1,0.10362460758855246,0,0,0.07446879436028189,0.7108812004238853,0.6759891209296598,0.24251723021532648,0.44696067036539394,0.3868304732963715
6A,2021-07-19,CVR010,Cultivar,Infected,6,1,1,0.12057684481528128,0,0,0.09168110672429428,0.6807210921969159,0.6620602299179749,0.2218079880269276,0.431502719094437,0.3528670798559651
13A,2021-07-19,CVR017,Cultivar,Infected,4,2,1,0.2151754956936274,0,0,0.1751883299515233,0.7661613317868086,0.7042269410924231,0.1800292584200252,0.5290063830444112,0.39878365154535966
14A,2021-07-19,CVR019,Cultivar,Infected,5,2,1,0.1663028383508404,0,0,0.15247436523371702,0.7934688077429395,0.7122372630556093,0.31224135742808806,0.49772372114831614,0.4887768854255223
15A,2021-07-19,WLD131,Wild cicer,Infected,6,2,1,0.03160575373533538,0,0,0.01127838732527752,0.7874063447780555,0.6824503663229521,0.4708645317175179,0.46138932691129503,0.5120425164391541
22A,2021-07-19,Howzat,Cultivar,Infected,4,3,1,0.3634794170671242,0,0,0.33057071142938854,0.7877711332406738,0.7180378039279529,0.20195828968367,0.5054106537474559,0.46915262154436
23A,2021-07-19,Genesis090,Cultivar,Infected,5,3,1,0.32773000393932344,0,0,0.2815667079638099,0.7713073088054613,0.6878732036670874,0.23953485646287087,0.5028583692643832,0.43854054561649153
24A,2021-07-19,CVR477,Cultivar,Infected,6,3,1,0.3054781224056845,0,0,0.26105340418752115,0.7876724330160376,0.6740288146273513,0.321106411657606,0.5036847341349203,0.4707539542067778
61A,2021-07-19,CVR487,Cultivar,Fungicide,1,5,2,0.07212484673935528,0,0,0.05537020118925444,0.6741898991588843,0.6366903064233368,0.14177538061848283,0.4303969707103591,0.3434522134794775
62A,2021-07-19,WLD132,Wild cicer,Fungicide,2,5,2,0.05387419665743346,0,0,0.04130169017026716,0.742050660887651,0.7075069158271471,0.26735197113746867,0.39192163852647016,0.4937136437898619
63A,2021-07-19,CVR482,Cultivar,Fungicide,3,5,2,0.2267419693934588,0,0,0.17385221437988763,0.7001205622734625,0.6860627578663369,0.2235999186031538,0.4252217273719428,0.39143011441853615
70A,2021-07-19,WLD133,Wild cicer,Fungicide,1,6,2,0.06009465416266924,0,0,0.04680334252406107,0.75859584186135,0.695737726872762,0.2093186356867683,0.4397499360028933,0.47845483866462674
71A,2021-07-19,WLD130,Wild cicer,Fungicide,2,6,2,0.0321887146090955,0,0,0.01890210558696337,0.770807530478548,0.7134060065625165,0.3686111261274799,0.42188690281942,0.5170677523804498
72A,2021-07-19,WLD129,Wild cicer,Fungicide,3,6,2,0.07090924082645776,0,0,0.04676404500724825,0.8024470726894147,0.711088126521101,0.4245210791798136,0.4464955906356043,0.554691327168208
79A,2021-07-19,CVR490,Cultivar,Fungicide,1,7,2,0.3247655154051456,0,0,0.3069922013417003,0.7880886072298687,0.7201699594867692,0.20635165618647233,0.46231864910509446,0.5124973869551285
80A,2021-07-19,CVR494,Cultivar,Fungicide,2,7,2,0.1825263744853691,0,0,0.15369258825491422,0.7966358302682045,0.7293193301340709,0.23528007199929377,0.4999434357851637,0.4930679901710698
81A,2021-07-19,WLD131,Wild cicer,Fungicide,3,7,2,0.10024939662058906,0,0,0.07474387697797158,0.8198409759538475,0.7055782767864819,0.38136197165446345,0.4396245870996684,0.5944803257709512
88A,2021-07-19,CVR493,Cultivar,Fungicide,1,8,2,0.4052273650948089,0,0,0.3463290156713268,0.7881303495087093,0.7122523017204853,0.22692200044616337,0.4742152796486243,0.5012563491929083
89A,2021-07-19,CVR477,Cultivar,Fungicide,2,8,2,0.28037105750169766,0,0,0.25539456176647596,0.7703644354256676,0.6925999454395276,0.20062463029104985,0.4619368152763419,0.478820556996369
90A,2021-07-19,CVR488,Cultivar,Fungicide,3,8,2,0.08208486575865453,0,0,0.05474144092024943,0.743934831724888,0.6523689958575759,0.23710035215080963,0.4465833801380911,0.4452895097236048
64A,2021-07-19,CVR015,Cultivar,Fungicide,4,5,2,0.2762605208861505,0,0,0.218690681063308,0.7356508518467296,0.6785762555708204,0.1891124446476034,0.41957471342852415,0.4571938046226226
65A,2021-07-19,CVR016,Cultivar,Fungicide,5,5,2,0.32260591035007974,0,0,0.2760257580932032,0.7508461859235404,0.6892332009157515,0.2669467667671561,0.399834451786503,0.501598804457638
66A,2021-07-19,CVR485,Cultivar,Fungicide,6,5,2,0.2661514493707194,0,0,0.2019892364178622,0.7014752797561343,0.668070645067037,0.2544419328526392,0.396944259451653,0.42204917080587967
73A,2021-07-19,CVR010,Cultivar,Fungicide,4,6,2,0.02841934259580566,0,0,0.0172516098808252,0.7489581269017938,0.6653572979736528,0.2615274977514675,0.3842955805909796,0.5120379834406277
74A,2021-07-19,Genesis090,Cultivar,Fungicide,5,6,2,0.3611674472382347,0,0,0.3005867061012117,0.7741041408210825,0.7079599740888001,0.2284782674379565,0.46685898969615935,0.4811211044567767
75A,2021-07-19,CVR019,Cultivar,Fungicide,6,6,2,0.2515409924721065,1,5.167132530645264e-4,0.21531109461740605,0.7980911035691183,0.6808234849668532,0.3648081690549154,0.4503341156418876,0.542867845124695
82A,2021-07-19,CVR017,Cultivar,Fungicide,4,7,2,0.0859999779903844,0,0,0.07694453791948914,0.7255584166212989,0.6720572659625521,0.13027484793064092,0.4187318306928497,0.4407252717100627
83A,2021-07-19,CVR496,Cultivar,Fungicide,5,7,2,0.3788682592233146,0,0,0.30970373000178447,0.803116898028806,0.71355510628088,0.28485866480570365,0.4285735545731518,0.5711196947307999
84A,2021-07-19,CVR009,Cultivar,Fungicide,6,7,2,0.2928020356790938,0,0,0.21790473072705177,0.7775777658159055,0.6677098264963562,0.32607316531106906,0.4344630616271599,0.5181661674330454
67A,2021-07-19,CVR481,Cultivar,Fungicide,7,5,2,0.2415942225635745,0,0,0.2207341519375743,0.7235888549679029,0.7058292590883545,0.1692098933951498,0.4029915867256629,0.4525654547839189
68A,2021-07-19,CVR489,Cultivar,Fungicide,8,5,2,0.05625903659554302,0,0,0.04503495426748445,0.6773963167316136,0.7115432061267658,0.2150066687565795,0.378383726158977,0.40206927539670656
69A,2021-07-19,Howzat,Cultivar,Fungicide,9,5,2,0.1942385884036405,0,0,0.17133717330386755,0.7596567789875683,0.7161850033056643,0.30176131952746554,0.4118682557771184,0.5061528849892062
76A,2021-07-19,CVR484,Cultivar,Fungicide,7,6,2,0.24124643340593352,0,0,0.2428586539031884,0.7769538340115675,0.7406216156936678,0.21371733743233656,0.4343674055016078,0.517098649916643
77A,2021-07-19,CVR492,Cultivar,Fungicide,8,6,2,0.16293093966056882,0,0,0.14657973771179494,0.7850146872472928,0.7255053098038048,0.34293572159691094,0.4392939697190009,0.5276988294214647
78A,2021-07-19,CVR011,Cultivar,Fungicide,9,6,2,0.01132798970602043,0,0,0.00334028892908916,0.7462463934925444,0.6737579345829126,0.4972520942749494,0.3926019864587585,0.5001885588222275
85A,2021-07-19,CVR495,Cultivar,Fungicide,7,7,2,0.28884386383737026,0,0,0.2696988578863402,0.7840780472981175,0.7383854416458523,0.21153953339054352,0.4288180142087226,0.535212973940479
86A,2021-07-19,CVR491,Cultivar,Fungicide,8,7,2,0.3236956497106881,0,0,0.28809009575473693,0.7985773511333857,0.7220682452163895,0.31294353237387845,0.416131914527421,0.5727919453544748
87A,2021-07-19,CVR486,Cultivar,Fungicide,9,7,2,0.2296766474284103,0,0,0.19440481567298917,0.7919447890921951,0.6854313646819085,0.3780972874389499,0.4300803506393516,0.548778252203461
7A,2021-07-19,CVR487,Cultivar,Infected,7,1,1,0.16180807752304224,0,0,0.12351209534267334,0.6586951321427044,0.6615800325400498,0.12071240111089754,0.40203196207153913,0.3491144303540205
8A,2021-07-19,WLD132,Wild cicer,Infected,8,1,1,0.05010813692183544,0,0,0.02990541029455119,0.7081320887106256,0.6851983135838532,0.25385906586062434,0.3461257165001993,0.4795438862445806
9A,2021-07-19,CVR492,Cultivar,Infected,9,1,1,0.27260045403669064,0,0,0.23256270449823124,0.6837089368184299,0.6749601684381635,0.239088228450882,0.41770940024568487,0.3723354249020082
16A,2021-07-19,CVR490,Cultivar,Infected,7,2,1,0.16660425562079592,0,0,0.14233560589601107,0.7393364867457011,0.6940315469024002,0.1673795267050797,0.43017072900639447,0.4533494233879446
17A,2021-07-19,CVR011,Cultivar,Infected,8,2,1,0.05741833378767962,0,0,0.05230499487785498,0.7181079836145595,0.6774612810968454,0.20929261229975843,0.40918389891313006,0.4374692817604934
18A,2021-07-19,CVR486,Cultivar,Infected,9,2,1,0.2263941802358178,0,0,0.19970998044271904,0.7470666350165583,0.6704317183743309,0.28259153056117214,0.432679408739432,0.4645478291201942
25A,2021-07-19,CVR484,Cultivar,Infected,7,3,1,0.23594016454363972,1,1.5898902182791342e-4,0.21566477226872136,0.7609431449125483,0.6973949233050288,0.17754236472306495,0.4284350469981245,0.49334622559420305
26A,2021-07-19,CVR494,Cultivar,Infected,8,3,1,0.2300641839183531,0,0,0.19126101432796408,0.7513067839090274,0.6778362465020464,0.21861864429510933,0.4446393040392902,0.46050353165797703
27A,2021-07-19,WLD133,Wild cicer,Infected,9,3,1,0.06293990069994163,0,0,0.04770718541075578,0.7607046776100012,0.6464269726423033,0.355376098228723,0.3917395448372522,0.525589937805756
91A,2021-07-19,CVR484,Cultivar,Infected,10,5,2,0.27421353327260645,0,0,0.22242394516052533,0.6874414486848821,0.6677339573144138,0.06729921014001515,0.4670864593888033,0.3245739197212763
92A,2021-07-19,WLD132,Wild cicer,Infected,11,5,2,0.05791186316376062,0,0,0.04255921070827719,0.7005725052041896,0.6665170136812306,0.2143908353293004,0.35207616124870456,0.4625985274492553
93A,2021-07-19,CVR488,Cultivar,Infected,12,5,2,0.01806847480887178,0,0,0.00184698329020224,0.6188471413396077,0.6352765285769404,0.5968694963325356,0.28428093536523136,0.4059907075221724
100A,2021-07-19,CVR494,Cultivar,Infected,10,6,2,0.1846661058742841,0,0,0.17676023062403584,0.7206245906576669,0.6759971040216589,0.08206928649218381,0.4718722537189431,0.3769218942858849
101A,2021-07-19,WLD130,Wild cicer,Infected,11,6,2,0.06193628055932052,0,0,0.04248061567465157,0.7365325948657071,0.662887409218352,0.2671552175691202,0.3880965471795425,0.4879002695542669
102A,2021-07-19,CVR482,Cultivar,Infected,12,6,2,0.20757713066859496,0,0,0.17970754438499686,0.7325075008700848,0.6589854823030492,0.2722659023156643,0.41799790101863793,0.45330574312079674
109A,2021-07-19,CVR016,Cultivar,Infected,10,7,2,0.3202310072450456,0,0,0.29115530206613643,0.7591832882750351,0.6746642449177078,0.18817724385653117,0.43316279196844015,0.4857639474953925
110A,2021-07-19,CVR011,Cultivar,Infected,11,7,2,0.06214164177621328,0,0,0.05454495333618536,0.7343531007150068,0.656316199424031,0.18127661574081963,0.42345149531163906,0.45121171819182976
111A,2021-07-19,WLD133,Wild cicer,Infected,12,7,2,0.06329431441296625,0,0,0.04935768111689396,0.7650530015291623,0.648231098994785,0.31303151468898327,0.4111936113416631,0.5162702041107877
118A,2021-07-19,CVR477,Cultivar,Infected,10,8,2,0.33115489907266416,0,0,0.2787372867532873,0.7208225499006806,0.6641099684234237,0.13271760883604913,0.41646145020348246,0.4349226065221311
119A,2021-07-19,CVR487,Cultivar,Infected,11,8,2,0.04429840185038519,0,0,0.02625074123095952,0.6856676735831052,0.642105904245347,0.10188057218243286,0.3918179740484845,0.4017945982696608
120A,2021-07-19,CVR010,Cultivar,Infected,12,8,2,0.121825573505097,0,0,0.09997288277179796,0.7327917545596931,0.6486935702603047,0.188542151410576,0.4230446580403623,0.44891120189747247
94A,2021-07-19,CVR481,Cultivar,Infected,13,5,2,0.2397525961669232,0,0,0.2189657636809977,0.6431042230144801,0.6517466882011764,0.04159190220900392,0.4260256685727411,0.2989975861674826
95A,2021-07-19,CVR489,Cultivar,Infected,14,5,2,0.03148651173842991,1,6.028321285752808e-4,0.00923491645101121,0.6052770131149338,0.6082546948804114,0.35916254131619996,0.3443525945937439,0.3296284513968008
96A,2021-07-19,CVR015,Cultivar,Infected,15,5,2,0.1777335086653072,0,0,0.14591167992597712,0.6754494224451636,0.6623406483242726,0.26233075784752696,0.3996385874578016,0.3777897607969884
103A,2021-07-19,WLD129,Wild cicer,Infected,13,6,2,0.0353353784163234,0,0,0.02236028706649097,0.729595364357727,0.676173217482461,0.18756217194808544,0.4090091239413809,0.4569431873879218
104A,2021-07-19,CVR491,Cultivar,Infected,14,6,2,0.1314411156444471,0,0,0.11977883124545605,0.7339964132039318,0.6632083390830387,0.24119904699258035,0.4139836612937372,0.4596976348208777
105A,2021-07-19,CVR495,Cultivar,Infected,15,6,2,0.21896805365075997,0,0,0.19110382426071285,0.753680207332646,0.6502521404123248,0.306415507677604,0.4290366584061108,0.4797851734585825
112A,2021-07-19,CVR496,Cultivar,Infected,13,7,2,0.3256432689934776,0,0,0.2989362103950735,0.7510852823036478,0.6854533478926045,0.21189427750295384,0.40148312398396113,0.5005386069676898
113A,2021-07-19,CVR486,Cultivar,Infected,14,7,2,0.2392756281793013,0,0,0.207097913603528,0.7322336728247903,0.6615584643155461,0.18367826386020691,0.4387876012839255,0.4323617715101326
114A,2021-07-19,CVR485,Cultivar,Infected,15,7,2,0.26381960587567893,0,0,0.22682526704356049,0.7413681067932136,0.6352651679011466,0.25012165857604157,0.4478080074124882,0.439455026001009
97A,2021-07-19,CVR017,Cultivar,Infected,16,5,2,0.3186941103960417,0,0,0.30137265643746797,0.722000228373506,0.653943790565473,0.1506256127183672,0.4479166793601121,0.4050870622234867
98A,2021-07-19,Genesis090,Cultivar,Infected,17,5,2,0.37662253494826137,0,0,0.3691215754227587,0.7500851936321258,0.6772617324490021,0.2371266555940854,0.439924357900283,0.4629133184248376
99A,2021-07-19,CVR009,Cultivar,Infected,18,5,2,0.2626868069050769,0,0,0.26254670982640804,0.7535185990349248,0.6712380865624396,0.26673129285064384,0.4293218205298112,0.47922797607476847
106A,2021-07-19,CVR019,Cultivar,Infected,16,6,2,0.22804700680403545,0,0,0.2242316309339147,0.7746039386888967,0.671737829906208,0.24218718681153725,0.4559436797402732,0.4926535590992082
107A,2021-07-19,CVR490,Cultivar,Infected,17,6,2,0.2368112935765881,0,0,0.22144150724020495,0.778794393290257,0.6835813128686632,0.257661044828026,0.45127456333120675,0.5050032847684661
108A,2021-07-19,WLD131,Wild cicer,Infected,18,6,2,0.0061177768967894,0,0,0,NA,NA,NA,NA,NA
115A,2021-07-19,CVR493,Cultivar,Infected,16,7,2,0.3714255712497976,0,0,0.3390982725777691,0.7722068949959887,0.6804895557891433,0.22683801922880545,0.4521515506750209,0.4917532140222734
116A,2021-07-19,Howzat,Cultivar,Infected,17,7,2,0.1906348302749416,0,0,0.186427419759988,0.7498033837663529,0.6626056363220714,0.199001408977026,0.4386461959572702,0.4636513886104634
117A,2021-07-19,CVR492,Cultivar,Infected,18,7,2,0.06886556549060553,0,0,0.06216867159787121,0.7281755434782319,0.6094156611273998,0.26804580773823045,0.41015782043224025,0.45344747059125984
121A,2021-07-28,CVR019,Cultivar,Infected,1,9,3,0.33218170515712797,0,0,0.28565364971234253,0.786840808479147,0.7219833089019166,0.1974309337432432,0.43740402065297335,0.5328139410223101
122A,2021-07-28,CVR016,Cultivar,Infected,2,9,3,0.3414130230842271,0,0,0.31493029973788866,0.7574400334397073,0.7147665120721458,0.2252920511661392,0.38436045864972246,0.5263018241438033
123A,2021-07-28,WLD131,Wild cicer,Infected,3,9,3,0.09778837429556766,0,0,0.050615201654904,0.6872798894980909,0.6919869402251485,0.2869025380244842,0.3226121156024636,0.4685589144741556
130A,2021-07-28,CVR485,Cultivar,Infected,1,10,3,0.3257856969342258,0,0,0.2850641869601503,0.8010115796947729,0.7422136817043368,0.15897331584362312,0.4735946012641952,0.5275428814517481
131A,2021-07-28,CVR010,Cultivar,Infected,2,10,3,0.03609720228544173,0,0,0.02275326223461911,0.7917246039863695,0.7191785567900293,0.28575777240597017,0.4322622363063428,0.5464886125913582
132A,2021-07-28,CVR491,Cultivar,Infected,3,10,3,0.212605168204776,0,0,0.17133717330386755,0.8067568495979869,0.7188749811484376,0.3150546693529564,0.4256058615517251,0.5804569410788042
139A,2021-07-28,CVR011,Cultivar,Infected,1,11,3,0.13054017611227237,0,0,0.10504226244065092,0.8017218691715174,0.7285497412469653,0.19598087738134548,0.42611528222492767,0.5705063581320022
140A,2021-07-28,WLD132,Wild cicer,Infected,2,11,3,0.06672583410169057,0,0,0.05041871407083993,0.8331623657937997,0.737287853562627,0.3164531658576569,0.3762605065745081,0.6655391174180093
141A,2021-07-28,CVR487,Cultivar,Infected,3,11,3,0.03679278060072369,0,0,0.01434359363667698,0.7932345736068764,0.7058209760965946,0.36621989723335546,0.4639093984811673,0.5210750469909398
148A,2021-07-28,CVR495,Cultivar,Infected,1,12,3,0.3734891202518007,0,0,0.26101410667070835,0.7965182680757268,0.7350271468344012,0.1577537886300938,0.4454159624461036,0.544160700655174
149A,2021-07-28,CVR493,Cultivar,Infected,2,12,3,0.5849349912644402,0,0,0.5115750738692082,0.8388021425127352,0.7621014966310283,0.25189451998533435,0.48060671916491304,0.6001269812417857
150A,2021-07-28,CVR492,Cultivar,Infected,3,12,3,0.4074532157037112,0,0,0.3310422816311423,0.8205230095879235,0.7293802596354281,0.2676662605024918,0.4851554332162384,0.557164146133346
124A,2021-07-28,Howzat,Cultivar,Infected,4,9,3,0.37675502605593414,0,0,0.305381003152375,0.741654261373314,0.6979813470743599,0.1889081658213695,0.4252771744123199,0.4621400447178944
125A,2021-07-28,CVR496,Cultivar,Infected,5,9,3,0.3498891416975915,0,0,0.32200385276419513,0.7574407830127735,0.706809872220863,0.2973017006757843,0.38827472741603863,0.5229685509863751
126A,2021-07-28,CVR484,Cultivar,Infected,6,9,3,0.29304051967290473,0,0,0.2059975831327692,0.7154910575302037,0.6873043012575983,0.2900955786850104,0.39705841924241664,0.4447953177309736
133A,2021-07-28,CVR482,Cultivar,Infected,4,10,3,0.3701967162261328,3,0.00171906524577236,0.33674042156900025,0.7602701540588491,0.7134666039732771,0.1674219725288328,0.452803331083671,0.46888015732609023
134A,2021-07-28,CVR015,Cultivar,Infected,5,10,3,0.35369163648779955,0,0,0.31634501034315,0.7846054607738504,0.6974188405431111,0.3096702228707226,0.4234053695707782,0.5408856331381048
135A,2021-07-28,CVR481,Cultivar,Infected,6,10,3,0.2980586203760103,0,0,0.25087534733300243,0.7760777339931231,0.6714169594031677,0.3551237547859673,0.4298785498559703,0.5195215243305605
142A,2021-07-28,WLD129,Wild cicer,Infected,4,11,3,0.08101168778650522,0,0,0.05800313481571296,0.7717556708918921,0.7110657988063516,0.21136323028693535,0.39895847999266526,0.5386452339844195
143A,2021-07-28,CVR477,Cultivar,Infected,5,11,3,0.31324872587069147,0,0,0.25213286787101247,0.7685464289472463,0.6868863129675951,0.22693473594026925,0.4485899787320699,0.4883058685207557
144A,2021-07-28,WLD133,Wild cicer,Infected,6,11,3,0.1220342469996816,0,0,0.10460998975570995,0.7502126484522236,0.6421779345690363,0.34382462300309174,0.37627466399868537,0.5210125353864575
127A,2021-07-28,CVR489,Cultivar,Infected,7,9,3,0.150238291545519,0,0,0.10861833647061696,0.7367222038962621,0.6992802011846891,0.22041440231478657,0.3882340528156276,0.48809275733968566
128A,2021-07-28,CVR009,Cultivar,Infected,8,9,3,0.3266502014117905,0,0,0.2603853464017033,0.7334729039419036,0.691094741925979,0.30155862365578795,0.35916447485870956,0.5081827862991162
129A,2021-07-28,CVR486,Cultivar,Infected,9,9,3,0.25182916063129474,0,0,0.1947977908411173,0.7270450283413888,0.7033326343714518,0.3077168874205849,0.3798276190733103,0.4796826194625979
136A,2021-07-28,CVR488,Cultivar,Infected,7,10,3,0.05474201341268999,0,0,0.04452408654891788,0.7728764326169016,0.6996851115350055,0.274122633252149,0.4187583369581688,0.5235710562763365
137A,2021-07-28,CVR490,Cultivar,Infected,8,10,3,0.3206549787895984,0,0,0.2583025780106242,0.7919536232857293,0.7082816780366197,0.3367135701141355,0.44034324892744,0.5398853734888015
138A,2021-07-28,CVR494,Cultivar,Infected,9,10,3,0.2202333437290348,0,0,0.17357713176219794,0.7974889925222808,0.6898174456716464,0.3803662228681255,0.4647318542920107,0.5287050198727671
145A,2021-07-28,CVR017,Cultivar,Infected,7,11,3,0.3325824907578381,0,0,0.28533926957784,0.7897005287919514,0.7269603880477059,0.26034067973238395,0.4221088489576992,0.5513926873178943
146A,2021-07-28,Genesis090,Cultivar,Infected,8,11,3,0.4323416702800379,0,0,0.3765488061003805,0.8012407880681655,0.7254070070206864,0.2791964028491621,0.46488405155196594,0.536013058993989
147A,2021-07-28,WLD130,Wild cicer,Infected,9,11,3,0.05777274750070423,0,0,0.02817631955478739,0.7704218076073817,0.6707577522277369,0.362504980646578,0.4158998226670724,0.5216767628873432
151A,2021-07-28,WLD130,Wild cicer,Fungicide,10,9,3,0.06741478786158889,0,0,0.02715458411765424,0.7106692691417192,0.6881337370458815,0.2253646560678514,0.386886896372694,0.44656473350963966
152A,2021-07-28,CVR482,Cultivar,Fungicide,11,9,3,0.2525876722227212,0,0,0.18568076694054456,0.7015081434215831,0.7024058827401737,0.24483520603330924,0.40475248456652657,0.4144268406807501
153A,2021-07-28,CVR491,Cultivar,Fungicide,12,9,3,0.28024519094940853,0,0,0.22941890315320615,0.7298712404523399,0.7040136129587661,0.3172197810889169,0.3909993399106499,0.4741981871372194
160A,2021-07-28,Howzat,Cultivar,Fungicide,10,10,3,0.3736149868040899,0,0,0.31135422570792265,0.7767970227820753,0.7313880133127463,0.22573571257335617,0.4463495322980057,0.5058305807760289
161A,2021-07-28,CVR009,Cultivar,Fungicide,11,10,3,0.3711407153683012,0,0,0.30577397832050307,0.7825720327707824,0.7168953935428997,0.3179398776480296,0.4214159418961234,0.5388686995435741
162A,2021-07-28,CVR484,Cultivar,Fungicide,12,10,3,0.3169419154970695,0,0,0.2698560479535914,0.8010416995633404,0.7150107099451409,0.3839311063722891,0.45830680048611505,0.5415504472186318
169A,2021-07-28,CVR019,Cultivar,Fungicide,10,11,3,0.394455838041014,0,0,0.32141439001200295,0.7953614422925418,0.7304421306220813,0.2670782168619341,0.4295521616343899,0.5556449472820703
170A,2021-07-28,CVR495,Cultivar,Fungicide,11,11,3,0.36489707191922266,0,0,0.30310174717723176,0.8056810438968605,0.7310016176856399,0.27536740292707423,0.4669510629856946,0.5430224059129383
171A,2021-07-28,CVR010,Cultivar,Fungicide,12,11,3,0.06634823444482321,0,0,0.04923978856645551,0.7817408336203361,0.6706797470803724,0.3808435431189141,0.41239751192637153,0.5450660672102415
178A,2021-07-28,CVR016,Cultivar,Fungicide,10,12,3,0.5302161637955929,0,0,0.4910617700929195,0.8006562326390316,0.7371856235373786,0.2925957058429812,0.430255325348157,0.5650546758245852
179A,2021-07-28,CVR494,Cultivar,Fungicide,11,12,3,0.4182545532567324,0,0,0.3638164106530289,0.775046719216906,0.7021999499839616,0.2378684597345287,0.4468014568070357,0.5021282652752892
180A,2021-07-28,WLD129,Wild cicer,Fungicide,12,12,3,0.05443397158735084,0,0,0.03823648385886769,0.7867259937531802,0.685815332072847,0.29758938034213,0.4565465589980403,0.5152428332115805
154A,2021-07-28,CVR493,Cultivar,Fungicide,13,9,3,0.5069904726205592,0,0,0.4381673124628723,0.7383231297344063,0.6984659333508421,0.2105848536704824,0.44410082352547814,0.43775909715022665
155A,2021-07-28,WLD132,Wild cicer,Fungicide,14,9,3,0.06073392375719028,0,0,0.04456338406573069,0.7188763924949808,0.677566532873467,0.29368771434590774,0.3390101336322117,0.5022735215053605
156A,2021-07-28,CVR489,Cultivar,Fungicide,15,9,3,0.1532226537458478,0,0,0.10964007190775012,0.6850425698548462,0.6602638821598192,0.3080948765851574,0.3779452881607188,0.4143851709054101
163A,2021-07-28,WLD131,Wild cicer,Fungicide,13,10,3,0.00289161842495784,0,0,0,NA,NA,NA,NA,NA
164A,2021-07-28,CVR485,Cultivar,Fungicide,14,10,3,0.33377822300458465,0,0,0.2904872442803186,0.7619741876015548,0.6939055969777237,0.2746822978278933,0.439408619067446,0.48492830671712583
165A,2021-07-28,CVR488,Cultivar,Fungicide,15,10,3,0.00854567644489261,0,0,8.252478530690869e-4,0.7246871089552247,0.662793825463117,0.5885434423773972,0.37735843891665616,0.47806303716397985
172A,2021-07-28,CVR481,Cultivar,Fungicide,13,11,3,0.3139641778521244,0,0,0.26553332110418193,0.7162291373928473,0.6902958687225881,0.154226234278932,0.4084833459233256,0.4350179944741228
173A,2021-07-28,CVR490,Cultivar,Fungicide,14,11,3,0.15070201042237366,0,0,0.1360873007227737,0.7190841494700922,0.6613287564899429,0.16429593872295922,0.4306200824066742,0.4178531678165199
174A,2021-07-28,CVR486,Cultivar,Fungicide,15,11,3,0.3514823472673564,0,0,0.2859287323300322,0.7570296054585051,0.6610801808837207,0.2819681760344913,0.45346500146844143,0.4622481069213516
157A,2021-07-28,CVR492,Cultivar,Fungicide,16,9,3,0.3035271908452032,0,0,0.2344882828220591,0.7397220411769537,0.6248228904114231,0.1939445923280052,0.41209780988281713,0.4712918033944977
158A,2021-07-28,CVR487,Cultivar,Fungicide,17,9,3,0.0279688728297183,0,0,0.014972353905682,0.6775660153238653,0.5810588173538973,0.29067112589895705,0.3314536055500365,0.44635574015735063
159A,2021-07-28,CVR477,Cultivar,Fungicide,18,9,3,0.276416197937666,0,0,0.20328605447268508,0.7286202655395391,0.6389126067616662,0.2968368737355159,0.3874129075312774,0.4754024997898831
166A,2021-07-28,CVR017,Cultivar,Fungicide,16,10,3,0.16742901276605882,0,0,0.14449696932071582,0.7655648345494706,0.6338472305922425,0.18230906390360407,0.4525995990767752,0.47890210181849585
167A,2021-07-28,CVR015,Cultivar,Fungicide,17,10,3,0.4306888437118203,0,0,0.3393733551954588,0.8084613934727578,0.677185043609207,0.3235666287254566,0.43975902772348974,0.5721000727395076
168A,2021-07-28,Genesis090,Cultivar,Fungicide,18,10,3,0.41078867933937274,0,0,0.34247785902367106,0.7894468485528239,0.6254399122593371,0.3527288453873906,0.4458188261915799,0.5302494624335246
175A,2021-07-28,CVR011,Cultivar,Fungicide,16,11,3,0.03031065315783421,0,0,0.00939210651826246,0.629050186663366,0.5713974088421675,-0.00382689239744971,0.4226691081626732,0.2811272017935364
176A,2021-07-28,CVR496,Cultivar,Fungicide,17,11,3,0.5718117470494539,0,0,0.48595309290725375,0.8045905811825328,0.6821796464633294,0.27289291457622233,0.44231140065832847,0.5624401480951675
177A,2021-07-28,WLD133,Wild cicer,Fungicide,18,11,3,0.11810257337949262,0,0,0.07686594288586353,0.7637283398153792,0.6235453114376357,0.31998034681335225,0.3780014887959479,0.5422770588988027
1A,2021-07-28,CVR482,Cultivar,Infected,1,1,1,0.194467135564376,0,0,0.14335734133314423,0.7208291583421188,0.7079832071520472,0.12803003821608477,0.5174753054164053,0.32433415357345663
2A,2021-07-28,CVR016,Cultivar,Infected,2,1,1,0.4007789761546962,0,0,0.32691604236579686,0.7394577045722941,0.7001302567968207,0.24674068292846385,0.4203275141432472,0.4630540729867067
3A,2021-07-28,CVR496,Cultivar,Infected,3,1,1,0.3467623515565145,0,0,0.2882472858219882,0.7467727236299825,0.6973365883100849,0.29156387172667786,0.4111596444761357,0.48432007461863275
10A,2021-07-28,CVR485,Cultivar,Infected,1,2,1,0.3544965199669115,0,0,0.27390369218531124,0.758827528096791,0.7059889522733387,0.15643721752988377,0.47763072146689384,0.4410510625038764
11A,2021-07-28,CVR481,Cultivar,Infected,2,2,1,0.2380070258233347,0,0,0.1653639507483199,0.7564976043007409,0.7002492827414459,0.27160448184067926,0.4558329483564408,0.4589154787604321
12A,2021-07-28,CVR009,Cultivar,Infected,3,2,1,0.3801898580223503,0,0,0.29390612824303336,0.7758508041799852,0.6973336466541855,0.35027935415037975,0.4410963408846464,0.5089193694721945
19A,2021-07-28,CVR495,Cultivar,Infected,1,3,1,0.32451047002287553,0,0,0.21185291313787843,0.7840605572587276,0.711856604624884,0.17132796092928548,0.4631924173484731,0.5038528270161117
20A,2021-07-28,CVR488,Cultivar,Infected,2,3,1,0.12853293583103015,0,0,0.08637594195456443,0.7824941893765626,0.6939255987951763,0.2772106848826439,0.42516196473987267,0.5354790028739841
21A,2021-07-28,WLD130,Wild cicer,Infected,3,3,1,0.0544969048634954,0,0,0.02067049384353998,0.7732970808311327,0.668146641830394,0.38045315875276464,0.4107205112291007,0.5313325570264111
28A,2021-07-28,CVR491,Cultivar,Infected,1,4,1,0.23722532828806545,0,0,0.18803861794931337,0.7696429850442333,0.700367198335367,0.2028040357294242,0.43546356272146686,0.5026399403858913
29A,2021-07-28,CVR015,Cultivar,Infected,2,4,1,0.36742102752038863,0,0,0.29123389709976205,0.7978984120634103,0.716053837044946,0.2417914824266819,0.4664800986020612,0.5279074267618451
30A,2021-07-28,WLD129,Wild cicer,Infected,3,4,1,0.11710226551656332,0,0,0.07203234831788743,0.830609066414727,0.7367198238681445,0.31917605516749303,0.48819590568336807,0.5759682578816679
31A,2021-07-28,CVR011,Cultivar,Fungicide,10,1,1,0.08394967809914854,0,0,0.05501652353793913,0.6237493200930194,0.6652061476704015,0.0761338261905244,0.4166835596890679,0.2797830880389085
32A,2021-07-28,WLD131,Wild cicer,Fungicide,11,1,1,0.03379848156731946,0,0,0.0077809083289371,0.6495954479377444,0.6838437877640999,0.2378913008386992,0.3476141016450626,0.39006029017541693
33A,2021-07-28,CVR019,Cultivar,Fungicide,12,1,1,0.23620183448129345,0,0,0.18442324640253452,0.6915871059255018,0.7061971095334789,0.24918650903283823,0.41815971369314736,0.3846722463881315
40A,2021-07-28,CVR487,Cultivar,Fungicide,10,2,1,0.1047209715045445,0,0,0.05749226709714639,0.7159523650866463,0.6688801733935524,0.17907699502157964,0.41496272420086466,0.42820725039166424
41A,2021-07-28,CVR490,Cultivar,Fungicide,11,2,1,0.14775077099896303,0,0,0.09454982545162968,0.7335332734734334,0.6916779451162026,0.22487678693319632,0.44438056002746473,0.4289895465968633
42A,2021-07-28,Howzat,Cultivar,Fungicide,12,2,1,0.3214962973233204,0,0,0.25299741324089436,0.7716628932636224,0.7046312473721253,0.27929987847841126,0.4600106632869353,0.48316164590833394
49A,2021-07-28,CVR489,Cultivar,Fungicide,10,3,1,0.15255688592979222,0,0,0.10142689089387208,0.7244028292283426,0.676774050309343,0.17272510020297405,0.41092109149934875,0.44634688754453794
50A,2021-07-28,CVR016,Cultivar,Fungicide,11,3,1,0.45735599140865385,0,0,0.39989153108719183,0.7850955204382898,0.7061018014094261,0.2912089236949321,0.419383165270997,0.5452337558438587
51A,2021-07-28,WLD129,Wild cicer,Fungicide,12,3,1,0.09853032449853508,0,0,0.0555273912565057,0.7938390302992759,0.6893420730585478,0.3807700316138546,0.4250862884914429,0.556565980313425
58A,2021-07-28,CVR477,Cultivar,Fungicide,10,4,1,0.41465741968341713,0,0,0.33245699223640357,0.734696234546191,0.7022857761437273,0.13468682687249,0.4224732398034358,0.452752668433301
59A,2021-07-28,CVR492,Cultivar,Fungicide,11,4,1,0.28328917414819005,0,0,0.22230605261008687,0.7537563504339228,0.7010361483113268,0.18997264217216348,0.4344529823070528,0.4747805638187714
60A,2021-07-28,CVR495,Cultivar,Fungicide,12,4,1,0.3179786584146088,0,0,0.24804592612247983,0.7813852009928566,0.7108077944200156,0.23347233609694537,0.471009801563835,0.49113146856882106
34A,2021-07-28,Genesis090,Cultivar,Fungicide,13,1,1,0.3958304332831189,0,0,0.3521450481596232,0.7379606378807825,0.6290467530428089,0.14497170093433756,0.4568177210717173,0.4241192352955082
35A,2021-07-28,CVR491,Cultivar,Fungicide,14,1,1,0.09987179696372173,0,0,0.08551139658468253,0.7084769981896635,0.6234755383908345,0.15476322504659115,0.4109844136485389,0.4196970291587082
36A,2021-07-28,CVR494,Cultivar,Fungicide,15,1,1,0.2184281523869935,0,0,0.16787899182433996,0.7166815116229187,0.6404429580353634,0.2178544205391063,0.4219965289567681,0.42244934041891136
43A,2021-07-28,CVR481,Cultivar,Fungicide,13,2,1,0.33424525415913114,0,0,0.2571629500230526,0.7629080561594027,0.6430713278967928,0.14530691660887543,0.47247918068882616,0.45412022068365776
44A,2021-07-28,CVR017,Cultivar,Fungicide,14,2,1,0.3147789981643118,2,9.539321595037412e-4,0.27598646057639037,0.7906883167346751,0.6667474729099342,0.23697693900892192,0.46623612529406055,0.5139001895126092
45A,2021-07-28,CVR010,Cultivar,Fungicide,15,2,1,0.00726382497815871,0,0,0,NA,NA,NA,NA,NA
52A,2021-07-28,CVR496,Cultivar,Fungicide,13,3,1,0.5188020548695852,0,0,0.4499172699899036,0.7874777792440162,0.6548056339001386,0.19720049113948973,0.4469352567448299,0.5254893211693833
53A,2021-07-28,CVR015,Cultivar,Fungicide,14,3,1,0.25527061715309446,0,0,0.2229741103959047,0.7923931064114396,0.6500667241595564,0.2326071494912625,0.4508754692705032,0.5313552552917095
54A,2021-07-28,CVR009,Cultivar,Fungicide,15,3,1,0.35164133659656366,0,0,0.25669137982129886,0.7724124685796661,0.6171602400206451,0.28005492828429995,0.4551047985606432,0.4893163835056948
37A,2021-07-28,WLD133,Wild cicer,Fungicide,16,1,1,0.11502877968148471,0,0,0.09407825524987593,0.7491030518813353,0.6579347617645936,0.2544011662211066,0.3880426296607191,0.5090261329945733
38A,2021-07-28,CVR488,Cultivar,Fungicide,17,1,1,0.00731019686584418,0,0,0,NA,NA,NA,NA,NA
39A,2021-07-28,CVR493,Cultivar,Fungicide,18,1,1,0.505456888049247,0,0,0.4496028898554011,0.7900255044002833,0.7080154372255577,0.30341625296281677,0.45636978989636295,0.5217803825402632
46A,2021-07-28,CVR482,Cultivar,Fungicide,16,2,1,0.14271942118509023,0,0,0.11950374862776636,0.7243767407686688,0.6547867112196177,0.13126198033278494,0.4567901024253094,0.3999131514253864
47A,2021-07-28,CVR485,Cultivar,Fungicide,17,2,1,0.3640955007178025,0,0,0.3276233976684275,0.7975746347251964,0.7028397523054054,0.2921009201193267,0.4611939438134743,0.5321103472121221
48A,2021-07-28,WLD132,Wild cicer,Fungicide,18,2,1,0.09607923900658914,0,0,0.07482247201159721,0.8169352410319048,0.6885756427205392,0.3997661775740536,0.3993827954035725,0.6197621768328045
55A,2021-07-28,CVR486,Cultivar,Fungicide,16,3,1,0.3348414641436585,0,0,0.2944562934784128,0.7496579764419485,0.6770566278126418,0.13604336108479606,0.44527245977855107,0.4568995104153862
56A,2021-07-28,WLD130,Wild cicer,Fungicide,17,3,1,0.09748033247022853,0,0,0.06256164676599935,0.7782312315406539,0.6722842429183955,0.2957499015572501,0.4044425456500894,0.5454776912318285
57A,2021-07-28,CVR484,Cultivar,Fungicide,18,3,1,0.3428538638801683,0,0,0.2795625346063564,0.8153520605912982,0.6972572896975319,0.3077357206461996,0.49024210417392067,0.5415971006527699
4A,2021-07-28,CVR493,Cultivar,Infected,4,1,1,0.43998640719275584,0,0,0.3666065343467386,0.7176029673473368,0.6737072047941942,0.12892900866962403,0.4262585374615053,0.419734733307714
5A,2021-07-28,CVR489,Cultivar,Infected,5,1,1,0.1088182590093244,0,0,0.07183586073382338,0.6749649181285234,0.6615350861580129,0.17216814295862565,0.3776757984184224,0.3990018354208413
6A,2021-07-28,CVR010,Cultivar,Infected,6,1,1,0.1451241347893507,0,0,0.10614259291140968,0.6616564784530149,0.629890879195569,0.22164507995674904,0.35284443664034765,0.40286582559032225
13A,2021-07-28,CVR017,Cultivar,Infected,4,2,1,0.31861130345374616,0,0,0.2585383631115011,0.7596764800262372,0.6885318815869218,0.15898487480707624,0.4586225040719937,0.4620260299745372
14A,2021-07-28,CVR019,Cultivar,Infected,5,2,1,0.28903266366580393,0,0,0.25264373558957903,0.7690075689804123,0.6821523138813975,0.2529328894685538,0.4309707362450457,0.50560398227732
15A,2021-07-28,WLD131,Wild cicer,Infected,6,2,1,0.03618000922773721,0,0,0.01752669249851489,0.7458637992072424,0.6478620060951369,0.4437675239021672,0.3547864069498035,0.5318048291974363
22A,2021-07-28,Howzat,Cultivar,Infected,4,3,1,0.33206246316022253,0,0,0.2680876596970148,0.7558049487660273,0.6983931354577821,0.13998897024438384,0.4387852334910224,0.47432198536503795
23A,2021-07-28,Genesis090,Cultivar,Infected,5,3,1,0.342035731290289,0,0,0.272685469164114,0.7237699494720838,0.6524632473735343,0.1616451319722282,0.4401577134300104,0.4162033574348611
24A,2021-07-28,CVR477,Cultivar,Infected,6,3,1,0.444974697396635,0,0,0.3475079411757112,0.7638489675920587,0.6658921829686004,0.25000918810535083,0.4442284942764323,0.4837775553650968
61A,2021-07-28,CVR487,Cultivar,Fungicide,1,5,2,0.07911044039140121,0,0,0.04381673124628723,0.6823650945402295,0.6350442410176137,0.1831008295761387,0.34687622608523605,0.43952208952195326
62A,2021-07-28,WLD132,Wild cicer,Fungicide,2,5,2,0.08174701343408901,0,0,0.04330586352772065,0.7141980711722665,0.6936143778479663,0.24803754559769928,0.2696835417092144,0.5505556595675264
63A,2021-07-28,CVR482,Cultivar,Fungicide,3,5,2,0.1942750234582505,0,0,0.10838255136974008,0.6659347069301738,0.6733616992367615,0.2849585955660761,0.3761054422233084,0.38667704120972274
70A,2021-07-28,WLD133,Wild cicer,Fungicide,1,6,2,0.08649019508877359,0,0,0.04939697863370677,0.7587576227635432,0.6833850825214783,0.2354103485549273,0.30674066435617275,0.5891327959669075
71A,2021-07-28,WLD130,Wild cicer,Fungicide,2,6,2,0.04385124436198964,0,0,0.01638706451094329,0.7704553467032439,0.6982774094679202,0.3274179439130858,0.3645633931717648,0.5644285368004662
72A,2021-07-28,WLD129,Wild cicer,Fungicide,3,6,2,0.09321080652547402,0,0,0.04196974795608499,0.7877339501457901,0.6923282423927561,0.3963543844135864,0.3516013702098408,0.6031998345178061
79A,2021-07-28,CVR490,Cultivar,Fungicide,1,7,2,0.43142748163709593,0,0,0.30569538328687745,0.8033894841348056,0.729010306632326,0.21361221695941784,0.3921975956516426,0.6003567505130337
80A,2021-07-28,CVR494,Cultivar,Fungicide,2,7,2,0.2995590821704042,0,0,0.21106696280162215,0.799852123688354,0.7163122913249211,0.23653909421364183,0.430076253309903,0.5636804990523298
81A,2021-07-28,WLD131,Wild cicer,Fungicide,3,7,2,0.12130554590748144,0,0,0.06884924945604953,0.813463454179967,0.6966615422036823,0.3799829870446764,0.3404326966680023,0.6541973362603659
88A,2021-07-28,CVR493,Cultivar,Fungicide,1,8,2,0.6110390517536645,0,0,0.48284858907904143,0.7956022057381794,0.7281634853322755,0.20942980639162403,0.4097110063271189,0.5725108238924319
89A,2021-07-28,CVR477,Cultivar,Fungicide,2,8,2,0.3328640343616427,0,0,0.25362617350989936,0.7892248027712623,0.7066668436038854,0.22024119534893935,0.3827947712722392,0.582370700728163
90A,2021-07-28,CVR488,Cultivar,Fungicide,3,8,2,0.08594366926962348,0,0,0.04318797097728221,0.7510336622767921,0.6696233039527328,0.24363408842507855,0.38947804611962034,0.5110407076235772
64A,2021-07-28,CVR015,Cultivar,Fungicide,4,5,2,0.3650792471922727,0,0,0.3089963746991538,0.7356195168460062,0.6880761822890031,0.20213459350970783,0.41967241081297374,0.45704598389023654
65A,2021-07-28,CVR016,Cultivar,Fungicide,5,5,2,0.39681417975758904,0,0,0.34974789963404157,0.7424553843858656,0.6911501756826255,0.26589709750844587,0.3890877741866075,0.49691720905936776
66A,2021-07-28,CVR485,Cultivar,Fungicide,6,5,2,0.2771912709175516,0,0,0.2255677465055504,0.7224502754477604,0.6803067202887209,0.26615410112723475,0.4037700404930689,0.4499250802047417
73A,2021-07-28,CVR010,Cultivar,Fungicide,4,6,2,0.02729979273597089,0,0,0.01768388256576614,0.7671782087342117,0.6824981208774878,0.27258047263472185,0.40268157124955,0.5274369605360446
74A,2021-07-28,Genesis090,Cultivar,Fungicide,5,6,2,0.2605603246269292,0,0,0.228397167716073,0.7587199665339568,0.6916875967219892,0.24412652260032056,0.46141441778692294,0.4574525022436055
75A,2021-07-28,CVR019,Cultivar,Fungicide,6,6,2,0.3842076508625265,0,0,0.32683744733217124,0.7964316345896358,0.6820594461619796,0.366554643555381,0.4520561867961617,0.5381134148581278
82A,2021-07-28,CVR017,Cultivar,Fungicide,4,7,2,0.1045984172299472,0,0,0.1009553206921183,0.7523028182536325,0.6884200335323472,0.18656504600931337,0.41677798220108897,0.48877782372134376
83A,2021-07-28,CVR496,Cultivar,Fungicide,5,7,2,0.4787731789639544,0,0,0.41285971163542035,0.8093889788154504,0.7287273219124405,0.29164297689924634,0.440087160185868,0.5736296865147356
84A,2021-07-28,CVR009,Cultivar,Fungicide,6,7,2,0.3538638749277741,0,0,0.29021216166262886,0.7839902282096696,0.6826301170100288,0.3187749746153745,0.4386954076110374,0.526310231525482
67A,2021-07-28,CVR481,Cultivar,Fungicide,7,5,2,0.2680394476550561,0,0,0.23095150630890587,0.7337542108754282,0.7016728963809762,0.19230303088895329,0.40927009773767176,0.463749906173511
68A,2021-07-28,CVR489,Cultivar,Fungicide,8,5,2,0.05997541216576376,0,0,0.04279499580915408,0.7217619454137716,0.6980372569774612,0.26829732383882127,0.38001336258723895,0.4709091640036141
69A,2021-07-28,Howzat,Cultivar,Fungicide,9,5,2,0.2670689502913532,0,0,0.2157040697855342,0.7671410028476991,0.711454162757384,0.33150443813863767,0.4029513889329321,0.5271391481467856
76A,2021-07-28,CVR484,Cultivar,Fungicide,7,6,2,0.27100062391154217,0,0,0.24242638121824747,0.7698606696223215,0.7248038174374773,0.19329203936013828,0.4367351226534328,0.50186530724641365
77A,2021-07-28,CVR492,Cultivar,Fungicide,8,6,2,0.15715101508834495,0,0,0.13620519327321215,0.7835744445449806,0.7083816421883516,0.3486239067866131,0.4209521228952827,0.5411040433803025
78A,2021-07-28,CVR011,Cultivar,Fungicide,9,6,2,0.00772423157732153,0,0,0.00141471060526129,0.6941279461765877,0.6764985351407751,0.6423109310866641,0.3408876286197212,0.4627317274869925
85A,2021-07-28,CVR495,Cultivar,Fungicide,7,7,2,0.2996452013903915,0,0,0.26993464298721703,0.773832280585642,0.715128045470614,0.20534904342968616,0.4250422594500885,0.519737679998334
86A,2021-07-28,CVR491,Cultivar,Fungicide,8,7,2,0.4511289093480344,0,0,0.3934467383298904,0.7983389698861523,0.7182533099535711,0.30117272100665743,0.4174158999532924,0.5713040906562823
87A,2021-07-28,CVR486,Cultivar,Fungicide,9,7,2,0.2994100296742724,1,1.8548680879239412e-4,0.24443055457570095,0.7848748805939564,0.6921535824885817,0.33669600266918054,0.432316573875278,0.5336249450830846
7A,2021-07-28,CVR487,Cultivar,Infected,7,1,1,0.18981338540737053,0,0,0.11113337754663705,0.6578510806217925,0.6428858772296507,0.14606982788520875,0.4032468113059738,0.346530657499658
8A,2021-07-28,WLD132,Wild cicer,Infected,8,1,1,0.07306222132614001,0,0,0.04562441701967666,0.7212101396259293,0.6691624802933261,0.27199397905562217,0.3122558381563517,0.5278205957159244
9A,2021-07-28,CVR492,Cultivar,Infected,9,1,1,0.3672355399696468,0,0,0.2863217074981603,0.7077948616900379,0.6804313233256161,0.2470719923986334,0.4099214794711767,0.4196229047743568
16A,2021-07-28,CVR490,Cultivar,Infected,7,2,1,0.30083430908175446,0,0,0.22234535012689968,0.7497757810060576,0.6912123156875719,0.1628730016247491,0.435919979399322,0.4662440540093552
17A,2021-07-28,CVR011,Cultivar,Infected,8,2,1,0.0642548749435937,0,0,0.04908259849920426,0.7088548522652914,0.6519168986427519,0.21623932179563404,0.3935837623012663,0.4372654109403212
18A,2021-07-28,CVR486,Cultivar,Infected,9,2,1,0.32985317393977936,0,0,0.2588920407628164,0.7662279115801114,0.6692286570948393,0.33279042042386275,0.41904396995641735,0.5113792064711047
25A,2021-07-28,CVR484,Cultivar,Infected,7,3,1,0.33410613849607473,1,2.3185851099049264e-4,0.2758685680259519,0.7602328439284357,0.695277045537922,0.17008243284267455,0.4289789071304336,0.49156501389185214
26A,2021-07-28,CVR494,Cultivar,Infected,8,3,1,0.3518533223688401,0,0,0.25213286787101247,0.7612435411625621,0.6892451528074818,0.21909366952340203,0.4478409399213466,0.4755123962500344
27A,2021-07-28,WLD133,Wild cicer,Infected,9,3,1,0.11320702695098436,0,0,0.07380073657446405,0.7624922827451494,0.6582177826033765,0.3631508724161529,0.3984589936383439,0.5229025347128706
91A,2021-07-28,CVR484,Cultivar,Infected,10,5,2,0.34509627587752967,0,0,0.22081274697119996,0.694893457530787,0.6463403053983496,0.1182339312752422,0.4568077064224633,0.3488091890928029
92A,2021-07-28,WLD132,Wild cicer,Infected,11,5,2,0.09309818908395218,0,0,0.0523442923946678,0.7318110643678495,0.6197378488227218,0.2897041681381443,0.3386980928815471,0.5226614003570701
93A,2021-07-28,CVR488,Cultivar,Infected,12,5,2,0.02017508342086856,0,0,4.715702017537639e-4,0.6754530528808571,0.5337552934401912,0.7106812616282262,0.378548935716196,0.3988995561577248
100A,2021-07-28,CVR494,Cultivar,Infected,10,6,2,0.23208136103267077,0,0,0.14044932508899602,0.734729459376609,0.6560840888535041,0.1391405092194469,0.4656815344183285,0.4089806205785011
101A,2021-07-28,WLD130,Wild cicer,Infected,11,6,2,0.08946130817833509,0,0,0.03171309606794062,0.746297926197165,0.6287549536600596,0.3044188344484901,0.383966468413978,0.5078606404070773
102A,2021-07-28,CVR482,Cultivar,Infected,12,6,2,0.1886143408829321,0,0,0.08881238799695887,0.7131514826892096,0.6227544826638033,0.31327994461224923,0.4347800967410915,0.403474256231575
109A,2021-07-28,CVR016,Cultivar,Infected,10,7,2,0.4871631783573316,0,0,0.36546690635916707,0.7826801446683376,0.6622088399959857,0.23519702018358876,0.42942808798572946,0.5320901204250802
110A,2021-07-28,CVR011,Cultivar,Infected,11,7,2,0.08782835527626841,0,0,0.06322970455181719,0.7643083025631694,0.6310883516106206,0.23272318106311715,0.43928793931320703,0.4893053183111669
111A,2021-07-28,WLD133,Wild cicer,Infected,12,7,2,0.10604257030358022,0,0,0.06264024179962498,0.7872376194206108,0.6139013658539693,0.3893800355187984,0.4284501627552128,0.5413960648072736
118A,2021-07-28,CVR477,Cultivar,Infected,10,8,2,0.41070256011938544,0,0,0.30015443341627074,0.757087067680116,0.6641988926993346,0.17878286779334782,0.42452518853075394,0.4900723829968151
119A,2021-07-28,CVR487,Cultivar,Infected,11,8,2,0.04239384217758935,0,0,0.0195701633727812,0.7310048666614125,0.6347806017029936,0.15502036711483766,0.42173528277563566,0.44710908788509535
120A,2021-07-28,CVR010,Cultivar,Infected,12,8,2,0.14224245319746834,0,0,0.1024093288141924,0.7643632277790745,0.6272399552972401,0.24276251510177135,0.467879014533679,0.4615470660558776
94A,2021-07-28,CVR481,Cultivar,Infected,13,5,2,0.19380799230370405,0,0,0.14606886999322838,0.6905291178920291,0.617725533238832,0.0749774267421887,0.4480168414411088,0.3511457813074553
95A,2021-07-28,CVR489,Cultivar,Infected,14,5,2,0.0230302667912164,0,0,0.00542305732016828,0.6828478645655878,0.5894186870574785,0.40139504971792833,0.35964123427518596,0.4284175086761709
96A,2021-07-28,CVR015,Cultivar,Infected,15,5,2,0.2254071214836558,0,0,0.17180874350562134,0.7429913262057112,0.6548596596111727,0.3040062901015863,0.4266406749637356,0.463171549283113
103A,2021-07-28,WLD129,Wild cicer,Infected,13,6,2,0.05021081753028181,0,0,0.02739036921853112,0.7930652439652882,0.6510934959017799,0.25361109166707047,0.4567793801540409,0.5273052902274867
104A,2021-07-28,CVR491,Cultivar,Infected,14,6,2,0.23511540739837683,0,0,0.19636969151362987,0.7896360907617801,0.6481666444461105,0.2797445272729098,0.4379133447889724,0.5376315233766262
105A,2021-07-28,CVR495,Cultivar,Infected,15,6,2,0.3055675539033636,0,0,0.2338595225530541,0.8054311698197119,0.6367647082730012,0.34404057129559756,0.45781199957401775,0.5506716685699439
112A,2021-07-28,CVR496,Cultivar,Infected,13,7,2,0.424571066815031,0,0,0.3719902941500941,0.7920907945123717,0.6575372392154611,0.24127746454754528,0.42031002329107015,0.5573287064508263
113A,2021-07-28,CVR486,Cultivar,Infected,14,7,2,0.3484284272354994,0,0,0.26014956130082645,0.7747289297373772,0.6436938279652594,0.209215289035819,0.4504216126097529,0.49813322382883574
114A,2021-07-28,CVR485,Cultivar,Infected,15,7,2,0.3413832125850007,0,0,0.25897063579644203,0.7761791153273817,0.6278741043121787,0.25560290337553054,0.4622640331792166,0.4895741259483001
97A,2021-07-28,CVR017,Cultivar,Infected,16,5,2,0.2601761004146782,0,0,0.24725997578622355,0.7150093514532767,0.6641318286658248,0.08522327955727967,0.4624634025890396,0.3773091157135581
98A,2021-07-28,Genesis090,Cultivar,Infected,17,5,2,0.3700443514523092,0,0,0.3409059583511585,0.7332263339933762,0.6814254782192327,0.15677009994925822,0.4583183799572842,0.4140498708997686
99A,2021-07-28,CVR009,Cultivar,Infected,18,5,2,0.31155615197017206,0,0,0.28109513776205614,0.7487110298825361,0.6893703843172965,0.20235780854267665,0.4585953785922205,0.44181534323686145
106A,2021-07-28,CVR019,Cultivar,Infected,16,6,2,0.3578253590471895,0,0,0.3152446798723912,0.7818259190555011,0.6860016662483155,0.17782202472154984,0.484889056473218,0.4782353102066022
107A,2021-07-28,CVR490,Cultivar,Infected,17,6,2,0.2922025134168746,0,0,0.26738030439438415,0.7710658543317378,0.6842007984738887,0.196586484696026,0.470060697250216,0.4721262587517424
108A,2021-07-28,WLD131,Wild cicer,Infected,18,6,2,0.00595216301219845,0,0,0,NA,NA,NA,NA,NA
115A,2021-07-28,CVR493,Cultivar,Infected,16,7,2,0.5554490952518688,0,0,0.49400908385388054,0.8018291820758475,0.7124666763239411,0.18530240424818303,0.4983861176138332,0.5054187912198912
116A,2021-07-28,Howzat,Cultivar,Infected,17,7,2,0.28295132182362454,0,0,0.24002923269266585,0.7540131839715072,0.664469473777565,0.12540752352655243,0.48061016740237633,0.4287910698141376
117A,2021-07-28,CVR492,Cultivar,Infected,18,7,2,0.08888828413765043,0,0,0.07482247201159721,0.7330152602907484,0.6180668345441641,0.2002286351353052,0.45019490607411006,0.42211976550105806
121A,2021-07-30,CVR019,Cultivar,Infected,1,9,3,0.3737806006886808,0,0,0.31485170470426305,0.7764889436746613,0.7582258352240786,0.2642812230508527,0.40488442403952857,0.5420043270968187
122A,2021-07-30,CVR016,Cultivar,Infected,2,9,3,0.3581102149286859,0,0,0.3515162878906182,0.7517977835479324,0.7446523396448625,0.2822534363414971,0.35616595754231956,0.5403070131355124
123A,2021-07-30,WLD131,Wild cicer,Infected,3,9,3,0.09679800326571383,0,0,0.04428830144804099,0.7166539907454808,0.729215353685826,0.3769667598329485,0.30270804316368993,0.5286240175808832
130A,2021-07-30,CVR485,Cultivar,Infected,1,10,3,0.37944790781938287,0,0,0.320982117327062,0.7921527855473157,0.771971499826352,0.2452750609015524,0.4260239821827261,0.552627300888121
131A,2021-07-30,CVR010,Cultivar,Infected,2,10,3,0.03240070038137191,0,0,0.02228169203286534,0.7615581113216271,0.7394256273334388,0.3470932951065154,0.35563287769563057,0.5566988140923883
132A,2021-07-30,CVR491,Cultivar,Infected,3,10,3,0.2209189852112413,0,0,0.2056439054814539,0.7945114231088425,0.7475740104417616,0.35606216194684437,0.3914991456710968,0.5849663913095459
139A,2021-07-30,CVR011,Cultivar,Infected,1,11,3,0.1303679376722978,0,0,0.09678978390996004,0.7715526482368436,0.7409574146888864,0.26767102568821843,0.3667785133185704,0.5645298290342576
140A,2021-07-30,WLD132,Wild cicer,Infected,2,11,3,0.07112785115411781,0,0,0.05890697770240768,0.8201501335801646,0.76825535563483,0.39170306480136147,0.31406155422854215,0.6816720465849493
141A,2021-07-30,CVR487,Cultivar,Infected,3,11,3,0.03187073595068089,0,0,0.01607268437644079,0.693389040440732,0.6762297785389968,0.3855410431912371,0.32001103420542315,0.4798537931811182
148A,2021-07-30,CVR495,Cultivar,Infected,1,12,3,0.4300065145073057,0,0,0.3162271177927115,0.7772527121064509,0.7585630378810676,0.24678159509751105,0.3846245753978828,0.560057647221615
149A,2021-07-30,CVR493,Cultivar,Infected,2,12,3,0.6062793087105207,0,0,0.5512262683333372,0.8184467618828069,0.7795475996773202,0.31748061110387127,0.4231770416062745,0.6047096120750203
150A,2021-07-30,CVR492,Cultivar,Infected,3,12,3,0.4365317015601888,0,0,0.39372182094758007,0.789776643973924,0.7410625736529799,0.3170246689710388,0.410904166544569,0.5608957886602077
124A,2021-07-30,Howzat,Cultivar,Infected,4,9,3,0.4115571277638747,0,0,0.34849037909603153,0.7937537359901453,0.707903100133263,0.2511802614619775,0.40627093289716754,0.5719126692617256
125A,2021-07-30,CVR496,Cultivar,Infected,5,9,3,0.3805442717353749,0,0,0.3342253804929802,0.8189186994428453,0.7201521133623696,0.3623264356428004,0.39133284535544705,0.6292374415481412
126A,2021-07-30,CVR484,Cultivar,Infected,6,9,3,0.33072099069503585,0,0,0.24604175276502632,0.7841399944741709,0.6912187615438684,0.3559171162614469,0.40381891390405766,0.5565543173352668
133A,2021-07-30,CVR482,Cultivar,Infected,4,10,3,0.4310035100925431,0,0,0.4069650841134983,0.8045338961173599,0.7133998715756105,0.2426645906051376,0.4320723354027172,0.570924547432457
134A,2021-07-30,CVR015,Cultivar,Infected,5,10,3,0.40271003404902656,0,0,0.34251715654048387,0.8239862379029717,0.7122106036976532,0.3546710912231906,0.4162908445948651,0.6205578660484766
135A,2021-07-30,CVR481,Cultivar,Infected,6,10,3,0.36113101218362464,0,0,0.29591030160048687,0.8157740699622461,0.6790471541498609,0.3868833005613157,0.432064037341836,0.5925718353253403
142A,2021-07-30,WLD129,Wild cicer,Infected,4,11,3,0.08540376800585701,0,0,0.04043714480038526,0.8031692619669486,0.7113350138587777,0.275334970650119,0.35882905160296236,0.6242490873248219
143A,2021-07-30,CVR477,Cultivar,Infected,5,11,3,0.385661740769235,0,0,0.3054988957028134,0.7795561624864441,0.6797850313380738,0.22734018519474877,0.425656227325223,0.5296499292752576
144A,2021-07-30,WLD133,Wild cicer,Infected,6,11,3,0.13779406425735563,0,0,0.10020866787267484,0.7852643094678731,0.6660968062381211,0.3433578858258607,0.3676247181016899,0.5871353266333711
127A,2021-07-30,CVR489,Cultivar,Infected,7,9,3,0.15394804256035613,0,0,0.109875857008627,0.7229804058431114,0.7136418063539771,0.17243957780652355,0.3948671566187076,0.45920871095083593
128A,2021-07-30,CVR009,Cultivar,Infected,8,9,3,0.34755729820255105,0,0,0.2562591071363579,0.7264169912651851,0.7184305963767593,0.2331008514605665,0.3768321426647369,0.4813476374035011
129A,2021-07-30,CVR486,Cultivar,Infected,9,9,3,0.2600469215846973,0,0,0.20576179803189232,0.7153203813765154,0.7067065928919851,0.2433300241134915,0.4015969534140633,0.4401717927283425
136A,2021-07-30,CVR488,Cultivar,Infected,7,10,3,0.0557986299963802,0,0,0.0434237560781591,0.7551971721192036,0.72300007854241,0.23292559472549224,0.4053501660192581,0.5041889847117155
137A,2021-07-30,CVR490,Cultivar,Infected,8,10,3,0.3790669958848237,0,0,0.29783587992431476,0.7795937351176934,0.7307774496769368,0.2719948384962972,0.4386213943187993,0.5181529103440469
138A,2021-07-30,CVR494,Cultivar,Infected,9,10,3,0.2541411304601843,0,0,0.19825597232064493,0.7647559109269756,0.7007346938298207,0.296215631744587,0.45926446056518777,0.4708744166579775
145A,2021-07-30,CVR017,Cultivar,Infected,7,11,3,0.33301971141315817,0,0,0.3040841850975521,0.7844283158153351,0.7519932521731142,0.2227508343303595,0.42342756280822424,0.5405405106152916
146A,2021-07-30,Genesis090,Cultivar,Infected,8,11,3,0.47486800356530007,0,0,0.4072008692143751,0.7936296933424974,0.7390361645332469,0.2427975764414336,0.457996676430538,0.5272935514142555
147A,2021-07-30,WLD130,Wild cicer,Infected,9,11,3,0.0612837618540322,0,0,0.02294974981868318,0.7700881762694268,0.6910229723900261,0.34141861990521916,0.4259079818455625,0.5121627725746262
151A,2021-07-30,WLD130,Wild cicer,Fungicide,10,9,3,0.06503657247886295,0,0,0.02585776606283139,0.7327315126445667,0.6639658523245484,0.2547550548127932,0.3939863736173446,0.4762246339509272
152A,2021-07-30,CVR482,Cultivar,Fungicide,11,9,3,0.2598713708670309,0,0,0.19373675788717137,0.7256459069495459,0.6951057964886125,0.23112140779824997,0.43851624256963334,0.42113938089729863
153A,2021-07-30,CVR491,Cultivar,Fungicide,12,9,3,0.3149048647166009,0,0,0.25445142136296844,0.7632026405770505,0.6946391043073351,0.3209941017127954,0.4276386623693724,0.4981465302730521
160A,2021-07-30,Howzat,Cultivar,Fungicide,10,10,3,0.3961815347184516,0,0,0.3334001326399111,0.8039115496402486,0.7274099091299099,0.22535499063179007,0.4954513779923824,0.5126470044925328
161A,2021-07-30,CVR009,Cultivar,Fungicide,11,10,3,0.3859300352622723,0,0,0.33387170284166484,0.8089289192561295,0.7261426730676207,0.32384068239620256,0.453865468574946,0.5610501556426415
162A,2021-07-30,CVR484,Cultivar,Fungicide,12,10,3,0.3919053842183135,0,0,0.35949368380361935,0.8136671961882187,0.7050525465767458,0.3617026535918456,0.48116642452242,0.5464352883071052
169A,2021-07-30,CVR019,Cultivar,Fungicide,10,11,3,0.4075161489798557,0,0,0.3448357100324399,0.8099917302570003,0.7201184150053721,0.2891231888473249,0.45334558883285614,0.5636055994388848
170A,2021-07-30,CVR495,Cultivar,Fungicide,11,11,3,0.42988727251040015,0,0,0.3556818246727764,0.8179892118599815,0.7259753531663979,0.28746689289228716,0.47848658504991104,0.5578391024582279
171A,2021-07-30,CVR010,Cultivar,Fungicide,12,11,3,0.06338705818833718,0,0,0.04538863191879978,0.7874747386998908,0.6504951576333164,0.3874130514155528,0.4296750178875362,0.5407755872522866
178A,2021-07-30,CVR016,Cultivar,Fungicide,10,12,3,0.5685590903560878,0,0,0.53841527785236,0.8077086796966626,0.7213920693118717,0.3088676638552687,0.4466638252844762,0.5648158786080032
179A,2021-07-30,CVR494,Cultivar,Fungicide,11,12,3,0.4478000702677565,0,0,0.38873103631235273,0.7951923962340125,0.7029717070477931,0.2608375120299498,0.4686388970742455,0.520535122347513
180A,2021-07-30,WLD129,Wild cicer,Fungicide,12,12,3,0.05813047349142067,0,0,0.03764702110667549,0.8003802556392087,0.6725594556580401,0.3468559156195265,0.45040296853630063,0.547261623478121
154A,2021-07-30,CVR493,Cultivar,Fungicide,13,9,3,0.5380563250921281,0,0,0.4552617322764463,0.7680810707922247,0.7368936157710948,0.24736954611618436,0.41230421639165454,0.5206615490795808
155A,2021-07-30,WLD132,Wild cicer,Fungicide,14,9,3,0.06938228081052927,0,0,0.04444549151529225,0.7564021153757726,0.7214558540352219,0.3334764637979229,0.30146902194581043,0.5893158512471847
156A,2021-07-30,CVR489,Cultivar,Fungicide,15,9,3,0.14386546926645957,0,0,0.10075883310805422,0.7154360429179062,0.703527755112116,0.31743616589587675,0.3648251240496802,0.47444547947162075
163A,2021-07-30,WLD131,Wild cicer,Fungicide,13,10,3,0.00237821538272592,0,0,0,NA,NA,NA,NA,NA
164A,2021-07-30,CVR485,Cultivar,Fungicide,14,10,3,0.42429283548891816,0,0,0.3819718634205488,0.7854378603139585,0.743809959197306,0.27916063953249026,0.4260339468586161,0.5401509474640855
165A,2021-07-30,CVR488,Cultivar,Fungicide,15,10,3,0.00526320925230014,0,0,8.252478530690869e-4,0.6858995956299626,0.6214510632977527,0.5147239130605591,0.30930927224991445,0.47800058825756225
172A,2021-07-30,CVR481,Cultivar,Fungicide,13,11,3,0.4025841674967375,0,0,0.3061276559718184,0.7388004343762475,0.7275919049738954,0.19472797764092056,0.3649891127855845,0.5118277918766803
173A,2021-07-30,CVR490,Cultivar,Fungicide,14,11,3,0.17153292482622234,0,0,0.1492912663718791,0.7295993167034941,0.702734313916389,0.17917712386827336,0.40242712633827393,0.46316121132493304
174A,2021-07-30,CVR486,Cultivar,Fungicide,15,11,3,0.4084667726774077,0,0,0.3521450481596232,0.7786244468200466,0.7170237532134686,0.29410054101331395,0.4321720690885223,0.5221586149864633
157A,2021-07-30,CVR492,Cultivar,Fungicide,16,9,3,0.2931597616698102,0,0,0.2358636959105076,0.7569965946507957,0.7174836029419096,0.2381454902307989,0.40239005343633666,0.5099375464612038
158A,2021-07-30,CVR487,Cultivar,Fungicide,17,9,3,0.02761445911669368,0,0,0.018980700620589,0.730229674161467,0.6954582450182365,0.2293810656277739,0.3658244730059836,0.4972343358839551
159A,2021-07-30,CVR477,Cultivar,Fungicide,18,9,3,0.3540924220885096,0,0,0.2810558402452433,0.782655110911106,0.7370309555389456,0.33846553189239986,0.4528062072955136,0.5109113268553668
166A,2021-07-30,CVR017,Cultivar,Fungicide,16,10,3,0.1772366670115344,0,0,0.17102279316936506,0.7771362218006489,0.7317260275124318,0.22074212752285352,0.4286580587478685,0.5225544982882288
167A,2021-07-30,CVR015,Cultivar,Fungicide,17,10,3,0.48559315873140946,0,0,0.4435510722662278,0.8328865500759345,0.7710478799118168,0.34116632720180523,0.4613673835024374,0.60337675346119
168A,2021-07-30,Genesis090,Cultivar,Fungicide,18,10,3,0.5227867249328432,0,0,0.4944806540556343,0.8200415964917388,0.7376753942370974,0.33991471567662657,0.48080760243614296,0.5600529042490836
175A,2021-07-30,CVR011,Cultivar,Fungicide,16,11,3,0.02387158532493839,0,0,0.01253590786328755,0.6182055459274473,0.6580411736743015,0.02733046909431848,0.38125441470384286,0.31002112403223714
176A,2021-07-30,CVR496,Cultivar,Fungicide,17,11,3,0.5766841075341194,0,0,0.5404587487266262,0.8276553264614792,0.7634919398442455,0.31388659766101284,0.4561549418279315,0.5968252224593465
177A,2021-07-30,WLD133,Wild cicer,Fungicide,18,11,3,0.1386121968472349,0,0,0.10857903895380416,0.7935304225828158,0.7154680258091333,0.33934636409692265,0.40039235974792575,0.5762151758918331
1A,2021-07-30,CVR482,Cultivar,Infected,1,1,1,0.22286991677172255,0,0,0.13644097837408903,0.7615422598305004,0.7363080789299936,0.23229814658526785,0.4749070048158071,0.449033496984871
2A,2021-07-30,CVR016,Cultivar,Infected,2,1,1,0.4194304118373281,0,0,0.3391375700945819,0.7781543686305439,0.7335651896738259,0.32808579212240624,0.3933027874277164,0.5545813642526533
3A,2021-07-30,CVR496,Cultivar,Infected,3,1,1,0.36659627037512577,0,0,0.30726728395939,0.7848591963674261,0.7287371644695484,0.34763578649091925,0.39560087316487647,0.564544210195915
10A,2021-07-30,CVR485,Cultivar,Infected,1,2,1,0.4045450358902942,0,0,0.31280823382999673,0.7918266779576201,0.7368374103031122,0.24467520506531043,0.43806986180095914,0.541637565005411
11A,2021-07-30,CVR481,Cultivar,Infected,2,2,1,0.2566750228944257,0,0,0.18764564278118523,0.8069858775931742,0.7487492249661764,0.3262443204556457,0.4341338448912376,0.5739186110764163
12A,2021-07-30,CVR009,Cultivar,Infected,3,2,1,0.402428490445222,0,0,0.3135155891326274,0.8138737316413222,0.7394048022975814,0.39429517798597086,0.4341485903896351,0.5872118176141911
19A,2021-07-30,CVR495,Cultivar,Infected,1,3,1,0.3755824797530303,0,0,0.23452758033887192,0.8091125881786315,0.743348022301961,0.2571108116160322,0.4146547123049655,0.5936181630949505
20A,2021-07-30,CVR488,Cultivar,Infected,2,3,1,0.11959972289619474,0,0,0.08743697490851039,0.7928081633819561,0.7168297487330939,0.3384508962727287,0.3693805305715577,0.5987787250143971
21A,2021-07-30,WLD130,Wild cicer,Infected,3,3,1,0.05848157492675347,0,0,0.02039541122585029,0.8021009117341104,0.7136270627697329,0.4459335812869743,0.38340941641284887,0.6046375076379671
28A,2021-07-30,CVR491,Cultivar,Infected,1,4,1,0.26975189522172643,0,0,0.19173258452971784,0.7951498320993247,0.7363949019250872,0.2835828581620798,0.3898028202196376,0.5874182731492691
29A,2021-07-30,CVR015,Cultivar,Infected,2,4,1,0.41845660219593334,0,0,0.33296785995497014,0.8189125585529233,0.7434126469026497,0.31863749896428295,0.42222545990461136,0.606338001298547
30A,2021-07-30,WLD129,Wild cicer,Infected,3,4,1,0.12688673381819618,0,0,0.07871292617606576,0.842685277039362,0.7515180189824355,0.3789762427378248,0.44393495609843864,0.6370805197641268
31A,2021-07-30,CVR011,Cultivar,Fungicide,10,1,1,0.08305536312235745,0,0,0.05533090367244164,0.6897924252438616,0.6650952532625517,0.1566509640297453,0.4477195917233278,0.35023813016358374
32A,2021-07-30,WLD131,Wild cicer,Fungicide,11,1,1,0.03167531156686358,0,0,0.00727004061037052,0.6922007871782866,0.6926320348999533,0.23569420974507693,0.3825990640630708,0.4211325081194257
33A,2021-07-30,CVR019,Cultivar,Fungicide,12,1,1,0.26765853572049697,0,0,0.2096915497131737,0.7444597306204012,0.6975684513121406,0.2970960489084097,0.450842146795835,0.4419514328970554
40A,2021-07-30,CVR487,Cultivar,Fungicide,10,2,1,0.077914708144654607,0,0,0.04680334252406107,0.734993929440683,0.6533439403251088,0.2534242665616489,0.390083631730776,0.4835478741376455
41A,2021-07-30,CVR490,Cultivar,Fungicide,11,2,1,0.15876409432426072,0,0,0.10853974143699131,0.7678083984284529,0.6890768573381554,0.2728434271925512,0.4723501597171214,0.46359074201873823
42A,2021-07-30,Howzat,Cultivar,Fungicide,12,2,1,0.34374155430157577,0,0,0.297993069991566,0.8135330121329013,0.7086583807073916,0.3424408371046926,0.491203256254284,0.5368673538472898
49A,2021-07-30,CVR489,Cultivar,Fungicide,10,3,1,0.15061920348007818,0,0,0.09639680874183192,0.7582655121888368,0.6773745811043638,0.2358052503548256,0.4400651118451397,0.47755336767186585
50A,2021-07-30,CVR016,Cultivar,Fungicide,11,3,1,0.4722811146879895,0,0,0.43109375943656586,0.8173604155141819,0.7127156537029371,0.35925654803465684,0.442937314014924,0.5869063345970282
51A,2021-07-30,WLD129,Wild cicer,Fungicide,12,3,1,0.12224623277195798,0,0,0.07112850543119273,0.8363958821953422,0.7065874880073657,0.4283198691895827,0.4642349887294465,0.6083885907619815
58A,2021-07-30,CVR477,Cultivar,Fungicide,10,4,1,0.4561536346065236,0,0,0.3614192621274472,0.7819911759412248,0.7104061913943754,0.24483323190368883,0.44069432995881713,0.520761032506454
59A,2021-07-30,CVR492,Cultivar,Fungicide,11,4,1,0.26424357742023175,0,0,0.20293237682136975,0.7868177704210487,0.6961926860830082,0.2678526072460749,0.45447181465836334,0.5173396196154033
60A,2021-07-30,CVR495,Cultivar,Fungicide,12,4,1,0.39425710137950487,0,0,0.3152446798723912,0.8172239811396217,0.7061538468148721,0.30908864127090846,0.4949019972827088,0.5412135004666868
34A,2021-07-30,Genesis090,Cultivar,Fungicide,13,1,1,0.4926681838811345,0,0,0.41926520687590896,0.7537123949203638,0.6845879068704376,0.18992432556770836,0.4381856199044335,0.4711224806411262
35A,2021-07-30,CVR491,Cultivar,Fungicide,14,1,1,0.10890437822931168,0,0,0.09175970175791988,0.7304822857780874,0.6811565210811851,0.22685916058734243,0.39311857606439415,0.4732711733110256
36A,2021-07-30,CVR494,Cultivar,Fungicide,15,1,1,0.2558966376368482,0,0,0.2272182422116886,0.7501021719265297,0.6805622699673891,0.2645283745848657,0.4363673599829276,0.4663954044613769
43A,2021-07-30,CVR481,Cultivar,Fungicide,13,2,1,0.3801633598008157,0,0,0.29304158287315146,0.7776352211751356,0.7003702351325347,0.1970715051507096,0.4410377951184177,0.5122987458336435
44A,2021-07-30,CVR017,Cultivar,Fungicide,14,2,1,0.33187366333178886,1,4.3059437755377206e-4,0.2915875747510774,0.7981310021447642,0.7161790281346426,0.2756859493262482,0.4465493892715343,0.5462776506404536
45A,2021-07-30,CVR010,Cultivar,Fungicide,15,2,1,0.00434902060935813,0,0,0,NA,NA,NA,NA,NA
52A,2021-07-30,CVR496,Cultivar,Fungicide,13,3,1,0.5295967678672228,0,0,0.42622086735177694,0.7896927599540994,0.7181962784164135,0.24548674105057655,0.4182057216370076,0.5546685687726036
53A,2021-07-30,CVR015,Cultivar,Fungicide,14,3,1,0.29506763362029786,0,0,0.24109026564661185,0.7940173258573622,0.7032590956343373,0.2715687914262344,0.42893212241581175,0.5536455476042526
54A,2021-07-30,CVR009,Cultivar,Fungicide,15,3,1,0.3625221688141886,0,0,0.27107427097478864,0.7814116482083487,0.6825263727515758,0.2987578547300764,0.4419476706447984,0.518537199639035
37A,2021-07-30,WLD133,Wild cicer,Fungicide,16,1,1,0.15555118496319645,0,0,0.11840341815700756,0.772049567955708,0.6961855289980099,0.3128908510613796,0.3636713049793274,0.5678010568134303
38A,2021-07-30,CVR488,Cultivar,Fungicide,17,1,1,0.00340833374488158,0,0,0,NA,NA,NA,NA,NA
39A,2021-07-30,CVR493,Cultivar,Fungicide,18,1,1,0.5555319021941643,0,0,0.5041085456747736,0.814638474067539,0.7227515956433185,0.3494762911617,0.4636206312208762,0.5640500864783651
46A,2021-07-30,CVR482,Cultivar,Fungicide,16,2,1,0.17482201657419846,0,0,0.14516502710653367,0.744064023890681,0.6919918288076015,0.18443494095371987,0.41799939115219986,0.4732558745479191
47A,2021-07-30,CVR485,Cultivar,Fungicide,17,2,1,0.44292439750539914,0,0,0.3923464078591316,0.7999570681917845,0.7147231784234722,0.2998884445702049,0.4422966145429727,0.5534982735227125
48A,2021-07-30,WLD132,Wild cicer,Fungicide,18,2,1,0.1034391200378106,0,0,0.08527561148380565,0.8214849351039126,0.70238395058304115,0.4256975495059183,0.3687650155456051,0.6494657711558901
55A,2021-07-30,CVR486,Cultivar,Fungicide,16,3,1,0.4151045771718127,0,0,0.3319068270010242,0.7603982167304745,0.7032470490180734,0.2111825680925497,0.41011647149229136,0.5090208218641267
56A,2021-07-30,WLD130,Wild cicer,Fungicide,17,3,1,0.1153931302275848,0,0,0.0667271835481576,0.7760470777561989,0.6910665086008398,0.27025104625987506,0.3853181468836796,0.5574078149395479
57A,2021-07-30,CVR484,Cultivar,Fungicide,18,3,1,0.4589226987568842,0,0,0.41470669492562257,0.8058393621322683,0.7089436100115125,0.2936953158172363,0.4660669514688185,0.5441365452896987
4A,2021-07-30,CVR493,Cultivar,Infected,4,1,1,0.462983551207054,0,0,0.3950579365192157,0.7583558745474053,0.6929771554692254,0.19558372436731297,0.4396524555026091,0.4781122790416503
5A,2021-07-30,CVR489,Cultivar,Infected,5,1,1,0.10483027666837452,0,0,0.06649139844728072,0.7124022564771474,0.6674068732996542,0.2487516110755426,0.37901607259417047,0.45670085078046024
6A,2021-07-30,CVR010,Cultivar,Infected,6,1,1,0.14045051096619435,0,0,0.10488507237339968,0.6929063771031458,0.646113226858677,0.26476395134094355,0.3787507010819241,0.4259384385273847
13A,2021-07-30,CVR017,Cultivar,Infected,4,2,1,0.3280049229877444,0,0,0.2678911721129507,0.7872078137391476,0.7078677998131259,0.2076392291964232,0.46693272611568887,0.5064222960895097
14A,2021-07-30,CVR019,Cultivar,Infected,5,2,1,0.30105291940941453,0,0,0.25633770216998353,0.8008399684354222,0.7096818879988971,0.2961905515491083,0.45189546284835785,0.5468457763349173
15A,2021-07-30,WLD131,Wild cicer,Infected,6,2,1,0.03695508220762281,0,0,0.01465797377117949,0.7786020447644684,0.669746808244133,0.4357097660845143,0.3988361599746418,0.550812139601815
22A,2021-07-30,Howzat,Cultivar,Infected,4,3,1,0.4420068965847654,0,0,0.3508875276216132,0.781210491746566,0.7161667606878879,0.1863142948548076,0.44189421837545045,0.5182081535799272
23A,2021-07-30,Genesis090,Cultivar,Infected,5,3,1,0.38456206457555114,0,0,0.30333753227810867,0.76979541665308715,0.6884933536490828,0.21434567262657833,0.4637682386915286,0.47594144617342937
24A,2021-07-30,CVR477,Cultivar,Infected,6,3,1,0.4875672762357335,0,0,0.3949793414855901,0.7931557932726563,0.6820694381965832,0.2879219172090756,0.46522631423328903,0.5196955500061975
61A,2021-07-30,CVR487,Cultivar,Fungicide,1,5,2,0.08170726610178719,0,0,0.04035854976675963,0.7194021815794043,0.6726924370688897,0.26372383133573774,0.36308283135866576,0.4822964198903544
62A,2021-07-30,WLD132,Wild cicer,Fungicide,2,5,2,0.08054465663195877,0,0,0.05163693709203715,0.7581372041217865,0.7244639176000959,0.33335261253263193,0.29574053924692434,0.5960347525243748
63A,2021-07-30,CVR482,Cultivar,Fungicide,3,5,2,0.2097267988905854,0,0,0.15137403476295822,0.7212108607553626,0.7109917987143334,0.3418319664146382,0.4122846113775267,0.4396551238255493
70A,2021-07-30,WLD133,Wild cicer,Fungicide,1,6,2,0.08645376003416358,0,0,0.05124396192390901,0.7952275763155324,0.7272273299565483,0.32295160155511693,0.34924374236082384,0.6174737374220001
71A,2021-07-30,WLD130,Wild cicer,Fungicide,2,6,2,0.0479750300883041,0,0,0.02346061753724975,0.7922482635438252,0.7221051847528901,0.4175402448861828,0.36308934876225446,0.6024609748271541
72A,2021-07-30,WLD129,Wild cicer,Fungicide,3,6,2,0.10096153632433012,0,0,0.05611685400869791,0.8180365249616106,0.7310742216893189,0.45553484282175977,0.4030423084761746,0.6191202115590256
79A,2021-07-30,CVR490,Cultivar,Fungicide,1,7,2,0.4905980103237477,0,0,0.3934467383298904,0.8097149027227946,0.7522339362028928,0.2720223429737602,0.4129722625846176,0.5960585300702351
80A,2021-07-30,CVR494,Cultivar,Fungicide,2,7,2,0.32522592200430844,0,0,0.2752005102401341,0.8168806851624514,0.7570301866627404,0.29183957109878944,0.456415504070901,0.574755185904775
81A,2021-07-30,WLD131,Wild cicer,Fungicide,3,7,2,0.13268653205657097,0,0,0.08665102457225413,0.8367674335227219,0.7389542441608731,0.42604865302931183,0.3689264342475855,0.6767608945802898
88A,2021-07-30,CVR493,Cultivar,Fungicide,1,8,2,0.6475138536959735,0,0,0.5606969698852253,0.8152593089097315,0.757269214466289,0.30081969654884705,0.4250216354244637,0.5971528266968938
89A,2021-07-30,CVR477,Cultivar,Fungicide,2,8,2,0.3807065733422741,0,0,0.3247153814242793,0.7977750845704337,0.7320760767524778,0.2844633999344395,0.40488938278608694,0.5803425246095021
90A,2021-07-30,CVR488,Cultivar,Fungicide,3,8,2,0.08320772789618112,0,0,0.05485933347068787,0.7444607326371049,0.6736563385259344,0.2876615786243778,0.3946195477539732,0.4953705211570933
64A,2021-07-30,CVR015,Cultivar,Fungicide,4,5,2,0.4000966469501815,0,0,0.33147455431608325,0.737452436414656,0.7266558809067705,0.18863474671153788,0.4333990696108698,0.446881792770994
65A,2021-07-30,CVR016,Cultivar,Fungicide,5,5,2,0.4244087652081318,0,0,0.35678215514353523,0.7561298154196051,0.7305294631312899,0.2503625530079424,0.410357797906521,0.5013250384165869
66A,2021-07-30,CVR485,Cultivar,Fungicide,6,5,2,0.2849519375494831,0,0,0.2298118783213343,0.7040619169354762,0.7011073627089877,0.2180468574880889,0.4090397899431547,0.4143507155026056
73A,2021-07-30,CVR010,Cultivar,Fungicide,4,6,2,0.02463672147174854,0,0,0.01807685773389428,0.7401499102959682,0.7161752701287288,0.23430751096404068,0.3849989714206504,0.4966846974347069
74A,2021-07-30,Genesis090,Cultivar,Fungicide,5,6,2,0.3269615555148215,0,0,0.3053024081187493,0.761433861917429,0.7400970509221353,0.21043988551668044,0.46872713529316834,0.45515296481808526
75A,2021-07-30,CVR019,Cultivar,Fungicide,6,6,2,0.39028236814932227,0,0,0.34585744546957303,0.79254837619460194,0.7180061256381124,0.33212786769188735,0.4689846489572479,0.5149771346847182
82A,2021-07-30,CVR017,Cultivar,Fungicide,4,7,2,0.10367429175392974,0,0,0.09458912296844248,0.7469494858565928,0.7170629197228501,0.17616020488329362,0.4119277789168464,0.483918100930237
83A,2021-07-30,CVR496,Cultivar,Fungicide,5,7,2,0.5129790706873676,0,0,0.4533361539526184,0.8088172697062018,0.7578533406744645,0.28264507242494474,0.4407626233430624,0.5719543118606565
84A,2021-07-30,CVR009,Cultivar,Fungicide,6,7,2,0.39205443671444534,0,0,0.33147455431608325,0.7822453821792241,0.7117003453587406,0.29750118010877963,0.44521695656943855,0.5171280454851295
67A,2021-07-30,CVR481,Cultivar,Fungicide,7,5,2,0.2676982830527988,0,0,0.21240307837325784,0.7399889811692345,0.6937371776504828,0.13886850525159172,0.4265771982569583,0.45797833550285455
68A,2021-07-30,CVR489,Cultivar,Fungicide,8,5,2,0.06033645043417202,0,0,0.04071222741807495,0.7095430469292594,0.669538980189746,0.21964389828995876,0.36419237802280496,0.4656895965071962
69A,2021-07-30,Howzat,Cultivar,Fungicide,9,5,2,0.28262340633213445,0,0,0.2265108869090579,0.7615872168589195,0.6849932031909802,0.2628399792654161,0.4197015976594182,0.5025064722513897
76A,2021-07-30,CVR484,Cultivar,Fungicide,7,6,2,0.33616968749807785,0,0,0.299879350798581,0.7722000560681668,0.7154668279746437,0.17138890635244394,0.43104187191815896,0.511366962932484
77A,2021-07-30,CVR492,Cultivar,Fungicide,8,6,2,0.16157621808461492,0,0,0.14504713455609522,0.7694260592412462,0.689339302877621,0.29595672506896686,0.424209902300852,0.5124928898166325
78A,2021-07-30,CVR011,Cultivar,Fungicide,9,6,2,0.00722076536816507,0,0,5.894627521922049e-4,0.6520930327255043,0.6114356278246378,0.5160051547802438,0.386382282360611,0.3552079484472859
85A,2021-07-30,CVR495,Cultivar,Fungicide,7,7,2,0.3732506362579898,0,0,0.31866356383510597,0.7756610168278394,0.7164303003980619,0.1845014677918724,0.41985350934186966,0.5276412759702882
86A,2021-07-30,CVR491,Cultivar,Fungicide,8,7,2,0.5230086475381951,0,0,0.45482945959150534,0.7888646755603408,0.699687156328138,0.2551167299972613,0.4191545926882339,0.5523471069239229
87A,2021-07-30,CVR486,Cultivar,Fungicide,9,7,2,0.34223115567410634,0,0,0.2862038149477219,0.775734351599009,0.6628562091006538,0.2796843623180403,0.4341799084422344,0.5150161372329519
7A,2021-07-30,CVR487,Cultivar,Infected,7,1,1,0.1867263425985954,0,0,0.12775622715845722,0.7485955888740796,0.6957839297239278,0.2587935171836687,0.42013964877321985,0.4791582463502248
8A,2021-07-30,WLD132,Wild cicer,Infected,8,1,1,0.07279392683310268,0,0,0.0540733831344316,0.7982912496102833,0.7314318855909083,0.3769071364457171,0.35306086943699494,0.6199645338441506
9A,2021-07-30,CVR492,Cultivar,Infected,9,1,1,0.3635589117317279,0,0,0.3099002175858485,0.780958159243121,0.7242370256733999,0.34238307301584014,0.43696329206868273,0.5221933849870644
16A,2021-07-30,CVR490,Cultivar,Infected,7,2,1,0.315451390535751,0,0,0.271624436210168,0.8015166032155746,0.7367014761604028,0.26331238569947074,0.45314075272097337,0.5470724894264832
17A,2021-07-30,CVR011,Cultivar,Infected,8,2,1,0.05824971548832615,0,0,0.050615201654904,0.7713700855267316,0.7014393601470207,0.31326497001933473,0.4101950469293524,0.5283520748698057
18A,2021-07-30,CVR486,Cultivar,Infected,9,2,1,0.3432480249254947,1,2.914792709594765e-4,0.29756079730662505,0.814315782245333,0.7219345217069598,0.382232634144289,0.44999406744145,0.575036532528781
25A,2021-07-30,CVR484,Cultivar,Infected,7,3,1,0.3612237559589956,0,0,0.31339769658218897,0.8022310293300785,0.7426850631984732,0.26493931809094856,0.4432575321984336,0.5570618899995223
26A,2021-07-30,CVR494,Cultivar,Infected,8,3,1,0.372826664713437,0,0,0.30471294536655713,0.7995271280618766,0.7349326549818485,0.27885196228758935,0.4604747523721461,0.5366128753033558
27A,2021-07-30,WLD133,Wild cicer,Infected,9,3,1,0.12608847489446784,0,0,0.09828308954884696,0.7829709780609801,0.6911716386369031,0.37389394004890586,0.3917070990107783,0.5643462010961328
91A,2021-07-30,CVR484,Cultivar,Infected,10,5,2,0.3270344256240415,0,0,0.21755105307573644,0.7308977716402236,0.6802001328119701,0.15685523211098645,0.47072287305014654,0.3966384894794612
92A,2021-07-30,WLD132,Wild cicer,Infected,11,5,2,0.09325386613546768,0,0,0.05426987071849566,0.7571834782947543,0.663659720975132,0.30312121472515857,0.34687976620330757,0.55645842268042
93A,2021-07-30,CVR488,Cultivar,Infected,12,5,2,0.01320936343497354,0,0,3.5367765131532296e-4,0.6919874947884276,0.5570934183991132,0.7008368212062387,0.3565217675750292,0.4453332791837091
100A,2021-07-30,CVR494,Cultivar,Infected,10,6,2,0.24606910972522175,0,0,0.17896089156555342,0.7608287750529172,0.6916153323163342,0.1646018150675636,0.486801233527408,0.4352216064209627
101A,2021-07-30,WLD130,Wild cicer,Infected,11,6,2,0.09643365271961377,0,0,0.04935768111689396,0.7713576126067251,0.6744953062855059,0.302042812623316,0.4074251364142014,0.5307230706348198
102A,2021-07-30,CVR482,Cultivar,Infected,12,6,2,0.22116409376043583,0,0,0.14709060543036154,0.7522335530577938,0.6625684113924961,0.34425690667179554,0.4717033507710578,0.4348166764839787
109A,2021-07-30,CVR016,Cultivar,Infected,10,7,2,0.498179813960321,0,0,0.41828276895558864,0.7944586361213606,0.6941534954029835,0.2552298082830998,0.4412132290676992,0.5438943240844911
110A,2021-07-30,CVR011,Cultivar,Infected,11,7,2,0.09036224771050982,0,0,0.07270040610370528,0.7739603114985621,0.6694186366582302,0.24667128344662556,0.4420330796177505,0.5045376725225942
111A,2021-07-30,WLD133,Wild cicer,Infected,12,7,2,0.1180826997133417,0,0,0.08000974423088861,0.792226426257955,0.6459639658208935,0.3687921406659176,0.43548422473996146,0.5446463378590931
118A,2021-07-30,CVR477,Cultivar,Infected,10,8,2,0.443510670656851,2,5.498358974917398e-4,0.3629125677663342,0.7761760696978998,0.6859031532642186,0.2267380243395694,0.4359097117151618,0.5142637301595743
119A,2021-07-30,CVR487,Cultivar,Infected,11,8,2,0.03478554031948147,0,0,0.01709441981357394,0.7433571878986918,0.6741915415621335,0.18234030032788928,0.4362625956674741,0.454482919636052
120A,2021-07-30,CVR010,Cultivar,Infected,12,8,2,0.14227888825207835,0,0,0.11325544345452895,0.7681743476837768,0.6531046999786654,0.25232639296232146,0.46391791885428246,0.4727193502690608
94A,2021-07-30,CVR481,Cultivar,Infected,13,5,2,0.2474470172450184,0,0,0.1740879994807645,0.7010193915019378,0.6702170801753504,0.12075060233562324,0.4024496070140983,0.4159077493928695
95A,2021-07-30,CVR489,Cultivar,Infected,14,5,2,0.01904559672795834,0,0,0.0043227268494095,0.6789605091711691,0.6251224022154779,0.48926017362601704,0.3091371484396778,0.46806679754838304
96A,2021-07-30,CVR015,Cultivar,Infected,15,5,2,0.2519318412397411,0,0,0.1933044852022304,0.7505804956480333,0.693292231900998,0.3393482676186992,0.4163965980088859,0.48611336178895953
103A,2021-07-30,WLD129,Wild cicer,Infected,13,6,2,0.0549374377965073,0,0,0.01976665095684527,0.7946589027338192,0.7165045263668539,0.2907624463739696,0.38170496191513453,0.5927499720182627
104A,2021-07-30,CVR491,Cultivar,Infected,14,6,2,0.27219304388059695,0,0,0.22159869730745624,0.7731466271184876,0.6838352577148816,0.29712008845060256,0.4046145461885458,0.5363012574054907
105A,2021-07-30,CVR495,Cultivar,Infected,15,6,2,0.31562031669803375,0,0,0.28899393864143164,0.7941377704237929,0.6767500969062985,0.353625618040343,0.4207537432427126,0.5607515553670441
112A,2021-07-30,CVR496,Cultivar,Infected,13,7,2,0.48532155196068033,0,0,0.3684142201201281,0.792344389522961,0.7125299224057197,0.2921729592542398,0.3784268547445368,0.591179349192867
113A,2021-07-30,CVR486,Cultivar,Infected,14,7,2,0.40513130904174616,0,0,0.3080139367788335,0.7747408963811598,0.6911723816444131,0.2558718331094812,0.4189686294667857,0.5267517355552074
114A,2021-07-30,CVR485,Cultivar,Infected,15,7,2,0.4119214783099748,0,0,0.3310815791479551,0.7717632025675412,0.6708343131875311,0.28324100574981737,0.4398059731654436,0.5025285021044328
97A,2021-07-30,CVR017,Cultivar,Infected,16,5,2,0.28265652910905265,0,0,0.25649489223723476,0.7379878669731944,0.7330843847280052,0.2106402864849051,0.3919537631382762,0.4868625692304178
98A,2021-07-30,Genesis090,Cultivar,Infected,17,5,2,0.4657360539689555,0,0,0.4576981783188407,0.7830469061712416,0.7634818404159857,0.2776460501134553,0.43594862270192114,0.5269989911577276
99A,2021-07-30,CVR009,Cultivar,Infected,18,5,2,0.37004103917461734,0,0,0.34794021386065216,0.7870497214936972,0.7548717100876751,0.32587282668095413,0.429186882808173,0.5404080340349969
106A,2021-07-30,CVR019,Cultivar,Infected,16,6,2,0.3945783923156113,0,0,0.3620873199132651,0.8014701399113784,0.7683526531299321,0.30073208782659827,0.41390576700586257,0.579954476931997
107A,2021-07-30,CVR490,Cultivar,Infected,17,6,2,0.4264093809339904,0,0,0.39183554014056504,0.802943370422869,0.76072520752567,0.2941159758087182,0.4400763752507221,0.5611545519885349
108A,2021-07-30,WLD131,Wild cicer,Infected,18,6,2,0.00600515945526756,0,0,0,NA,NA,NA,NA,NA
115A,2021-07-30,CVR493,Cultivar,Infected,16,7,2,0.5909368384420159,0,0,0.5579854412251412,0.8061528706741469,0.7771400409963933,0.29239453285987105,0.4236150289329058,0.5809217219146521
116A,2021-07-30,Howzat,Cultivar,Infected,17,7,2,0.2897977998126141,0,0,0.26372563533079246,0.7743729883104018,0.7345278252355968,0.2504684544150673,0.4223511040401729,0.5231082486448805
117A,2021-07-30,CVR492,Cultivar,Infected,18,7,2,0.07866659518069749,0,0,0.07804486839024793,0.7424264034895942,0.6786320211114429,0.2893916673788786,0.4115296790776275,0.4764740916707967
121A,2021-08-03,CVR019,Cultivar,Infected,1,9,3,0.3859631580391905,0,0,0.33328224008947266,0.7756853103068786,0.7029094872077654,0.21394634807357205,0.4123858987827842,0.5341708977753552
122A,2021-08-03,CVR016,Cultivar,Infected,2,9,3,0.4231169769083225,0,0,0.4086941748532621,0.7500499279988577,0.691360952444244,0.24351060848666503,0.347896698951892,0.5441414382701304
123A,2021-08-03,WLD131,Wild cicer,Infected,3,9,3,0.10278328905483047,0,0,0.0667664810649704,0.6575909287621494,0.6612979604118203,0.28869887273212663,0.2532068230813853,0.48516768338631294
130A,2021-08-03,CVR485,Cultivar,Infected,1,10,3,0.3984769431588821,0,0,0.3537562463489486,0.7863229550539717,0.7119435830912407,0.19034475645144577,0.4354265570856043,0.533590135017531
131A,2021-08-03,CVR010,Cultivar,Infected,2,10,3,0.03734593097525744,0,0,0.02373570015493945,0.7696853447370483,0.6845342592037912,0.29756502800786006,0.3756083540659807,0.5543355278553111
132A,2021-08-03,CVR491,Cultivar,Infected,3,10,3,0.2435153436248294,0,0,0.2254891514719248,0.7882669923261669,0.684472908028754,0.3092088994338374,0.3673597383080318,0.5924746009695061
139A,2021-08-03,CVR011,Cultivar,Infected,1,11,3,0.1336404680318148,0,0,0.10889341908830666,0.7713636894775019,0.6893595314406367,0.18132686924999977,0.4157883123886402,0.5234623048489672
140A,2021-08-03,WLD132,Wild cicer,Infected,2,11,3,0.0692266037590138,0,0,0.05937854790416144,0.8172027198292957,0.713265816710365,0.34552407694649445,0.3294400078093403,0.6674542612645572
141A,2021-08-03,CVR487,Cultivar,Infected,3,11,3,0.02865451431192479,0,0,0.00687706544224239,0.6875280368519727,0.6372793047417923,0.3164750329496084,0.33111945888656347,0.46146226838833576
148A,2021-08-03,CVR495,Cultivar,Infected,1,12,3,0.4488368131852958,0,0,0.36884649280506904,0.7884402455059503,0.7145498806230558,0.1923691021461728,0.4295092483512252,0.5427184699926835
149A,2021-08-03,CVR493,Cultivar,Infected,2,12,3,0.6332710596211525,0,0,0.587772958969254,0.8254779287991234,0.7461134581361024,0.26394846874691497,0.4502248528801334,0.5972045539116314
150A,2021-08-03,CVR492,Cultivar,Infected,3,12,3,0.44417643847290667,0,0,0.37356219482260666,0.7957774381254267,0.7057819270241397,0.2727242403027512,0.4223366635623739,0.5624836468293426
124A,2021-08-03,Howzat,Cultivar,Infected,4,9,3,0.4137564801512424,0,0,0.33988422291402537,0.713722919729711,0.6450432961986337,0.11781065460622088,0.40332528243306326,0.4358675627991857
125A,2021-08-03,CVR496,Cultivar,Infected,5,9,3,0.39878829726191306,0,0,0.3509661226552388,0.7332831807047139,0.6576123824901325,0.2139860069341036,0.3753277052163011,0.4938825755345352
126A,2021-08-03,CVR484,Cultivar,Infected,6,9,3,0.32588506526498034,1,2.914792709594765e-4,0.2326412995318569,0.6772854610028042,0.6382201234269861,0.19963770890703864,0.3568180984564004,0.4225949058244895
133A,2021-08-03,CVR482,Cultivar,Infected,4,10,3,0.4067741987768883,0,0,0.3647988485733492,0.7483597735252331,0.6628642812759792,0.10005133502821288,0.4429774348532245,0.4568216974340807
134A,2021-08-03,CVR015,Cultivar,Infected,5,10,3,0.41557160832635914,0,0,0.3587077334673631,0.7778176079204783,0.6618004542369366,0.2318931355413567,0.420987880847696,0.5305637869236837
135A,2021-08-03,CVR481,Cultivar,Infected,6,10,3,0.35119749138585993,0,0,0.27288195674817806,0.7622894483040936,0.627678440819753,0.2634793986018544,0.4255118285441372,0.49845953966573825
142A,2021-08-03,WLD129,Wild cicer,Infected,4,11,3,0.09636078261039374,0,0,0.06939941469142892,0.7521185423435349,0.6617470366016323,0.12679309492756732,0.4051808105837936,0.499007174450895
143A,2021-08-03,CVR477,Cultivar,Infected,5,11,3,0.3891628182894875,0,0,0.2972464171721225,0.7384545969945535,0.6420091595093921,0.11168816618868206,0.45343821098421,0.42849524802885
144A,2021-08-03,WLD133,Wild cicer,Infected,6,11,3,0.12297162158646632,0,0,0.07647296771773539,0.7317689052034245,0.6180370982074,0.2600604747191555,0.38294249150484455,0.4846328523699635
127A,2021-08-03,CVR489,Cultivar,Infected,7,9,3,0.17051936785252578,0,0,0.1205254840648995,0.6592762219939644,0.6207290954352024,0.1120406774579803,0.37925289542506896,0.3733805734693116
128A,2021-08-03,CVR009,Cultivar,Infected,8,9,3,0.411550503208491,0,0,0.3180741010829138,0.6563964130806197,0.6097654675735664,0.20459557105962045,0.32470677926266645,0.421533820033361
129A,2021-08-03,CVR486,Cultivar,Infected,9,9,3,0.30434863571277426,0,0,0.18776353533162368,0.6465476450572052,0.6236496795456163,0.2197599457172161,0.3340386731712632,0.398594105058363
136A,2021-08-03,CVR488,Cultivar,Infected,7,10,3,0.06637473266635777,0,0,0.03678247573679358,0.6816505906985847,0.6145080058645116,0.17394140510714148,0.3554784734118279,0.4304834776778607
137A,2021-08-03,CVR490,Cultivar,Infected,8,10,3,0.4527883604716356,2,6.425793018879369e-4,0.23798576181839953,0.7244396155952895,0.6304926511391635,0.23735234047526155,0.4103618584558956,0.4469473246816865
138A,2021-08-03,CVR494,Cultivar,Infected,9,10,3,0.27597235272696224,0,0,0.12099705426665326,0.7162015942050965,0.586221262320064,0.2835864976671856,0.3956758490598566,0.44727664367202646
145A,2021-08-03,CVR017,Cultivar,Infected,7,11,3,0.3779143232480707,0,0,0.29665695441993034,0.7298260707008212,0.665497809615036,0.14210293737815508,0.4318344606627501,0.4351284552189486
146A,2021-08-03,Genesis090,Cultivar,Infected,8,11,3,0.486477536875125,0,0,0.31866356383510597,0.7382079385578307,0.665495352304294,0.17825565442726068,0.4405051437815,0.4411616924388256
147A,2021-08-03,WLD130,Wild cicer,Infected,9,11,3,0.07331064215302642,0,0,0.0348175998961529,0.6885638736106074,0.6293065047435934,0.24158173196344157,0.398358433922574,0.3998946268842789
151A,2021-08-03,WLD130,Wild cicer,Fungicide,10,9,3,0.08275063357471012,0,0,0.03705755835448328,0.6191858101654493,0.6053878775112028,0.11601059712140768,0.3447519999150127,0.3489151797293917
152A,2021-08-03,CVR482,Cultivar,Fungicide,11,9,3,0.28309043748668095,0,0,0.14088159777393697,0.6224364462434882,0.6333206745721347,0.14621327254586738,0.3575336838376288,0.34072935245365826
153A,2021-08-03,CVR491,Cultivar,Fungicide,12,9,3,0.3266634505225578,0,0,0.2243495234843532,0.6484127740612357,0.6341329127763872,0.2516347801312345,0.3050510110657027,0.42802458628922097
160A,2021-08-03,Howzat,Cultivar,Fungicide,10,10,3,0.45536862479356255,2,5.962075996898383e-4,0.3264444721640431,0.7233965474120064,0.6599453295489035,0.14573583728712733,0.4067143978358992,0.4486954307242586
161A,2021-08-03,CVR009,Cultivar,Fungicide,11,10,3,0.4318348917931897,0,0,0.2822347657496277,0.7358765212110487,0.6523406909625652,0.23662379119121804,0.3704771434099533,0.5023537990129932
162A,2021-08-03,CVR484,Cultivar,Fungicide,12,10,3,0.38361475315569094,0,0,0.19947419534184213,0.7432942420944496,0.6439536308993073,0.29579735853708317,0.4062371525777656,0.48285780915970994
169A,2021-08-03,CVR019,Cultivar,Fungicide,10,11,3,0.4467931378494435,0,0,0.34070947076709446,0.7629082714619866,0.6689706336332513,0.22312238342309945,0.4058956035033591,0.517155667770631
170A,2021-08-03,CVR495,Cultivar,Fungicide,11,11,3,0.4598865715652034,0,0,0.33009914122763473,0.7714429955581329,0.6740206776347983,0.1990998596385025,0.4407941373006242,0.5010192145040676
171A,2021-08-03,CVR010,Cultivar,Fungicide,12,11,3,0.07244282539776989,0,0,0.02955173264323587,0.723886060030368,0.5810708479427206,0.33636895455325666,0.3613307369938018,0.49097617167972474
178A,2021-08-03,CVR016,Cultivar,Fungicide,10,12,3,0.5929208927794154,0,0,0.3938004159812057,0.7720481201433217,0.6799777403954509,0.24286636799446376,0.40579832408179767,0.5333443625407331
179A,2021-08-03,CVR494,Cultivar,Fungicide,11,12,3,0.48782232161800354,0,0,0.17220171867374948,0.7488074292611713,0.6812485274748203,0.1881167311324141,0.4102985795384201,0.48863419236914674
180A,2021-08-03,WLD129,Wild cicer,Fungicide,12,12,3,0.06999505218351576,0,0,0.03961189694731617,0.7444948948416464,0.649759975119892,0.26287288515941853,0.3861537176898528,0.5029275537557748
154A,2021-08-03,CVR493,Cultivar,Fungicide,13,9,3,0.5519215195100817,0,0,0.481040903305652,0.7362278923072763,0.6868559073956185,0.18584975875755172,0.3714814356574548,0.5020563572735238
155A,2021-08-03,WLD132,Wild cicer,Fungicide,14,9,3,0.07021035023348399,0,0,0.05458425085299817,0.679574271941079,0.6544658387903006,0.24887267795235168,0.21005695556238957,0.5477012941791403
156A,2021-08-03,CVR489,Cultivar,Fungicide,15,9,3,0.1419410359275128,4,0.00161307586401737,0.09297792477911712,0.663767889408014,0.6555479889758838,0.26736827680025826,0.27957662513741766,0.4717325550176525
163A,2021-08-03,WLD131,Wild cicer,Fungicide,13,10,3,0.00243121182579502,0,0,0,NA,NA,NA,NA,NA
164A,2021-08-03,CVR485,Cultivar,Fungicide,14,10,3,0.4306259104356758,0,0,0.3691608729395715,0.7671525745318879,0.6906112703578113,0.23083067853612027,0.3820939199455238,0.5447332159313798
165A,2021-08-03,CVR488,Cultivar,Fungicide,15,10,3,0.00491542009465916,0,0,0,NA,NA,NA,NA,NA
172A,2021-08-03,CVR481,Cultivar,Fungicide,13,11,3,0.3272099763417079,0,0,0.2689129075500839,0.7618342945838708,0.7002374990035765,0.15888364105379954,0.3802863279096619,0.5371760012394912
173A,2021-08-03,CVR490,Cultivar,Fungicide,14,11,3,0.18251974992998543,0,0,0.16123771148297444,0.7333549991445126,0.6721108411784523,0.14302727067815968,0.38587716492297247,0.48461721023712306
174A,2021-08-03,CVR486,Cultivar,Fungicide,15,11,3,0.427148018859266,0,0,0.3446392224483758,0.7684673323887472,0.6820037473950128,0.2602919232766153,0.3948802489744712,0.5363411996818901
157A,2021-08-03,CVR492,Cultivar,Fungicide,16,9,3,0.2959023275986362,0,0,0.26474737076792565,0.6780286787250248,0.6896751565681714,0.14237815865823444,0.38376835654264246,0.39775978580492105
158A,2021-08-03,CVR487,Cultivar,Fungicide,17,9,3,0.04109542932239637,0,0,0.03560355023240918,0.6257892952976563,0.6460881215927767,0.13745748438490357,0.308570302151479,0.39313296563990097
159A,2021-08-03,CVR477,Cultivar,Fungicide,18,9,3,0.354725067127647,0,0,0.29327736797402837,0.7091826721451818,0.6984767926005634,0.28091279321587925,0.3698330898056514,0.4599973201548296
166A,2021-08-03,CVR017,Cultivar,Fungicide,16,10,3,0.19350988731144037,0,0,0.18171171774245037,0.7525880036741807,0.7241064247237031,0.18291814743906423,0.42899210127668386,0.4778822441644569
167A,2021-08-03,CVR015,Cultivar,Fungicide,17,10,3,0.5268442651053213,0,0,0.49145474526104765,0.7970784414087503,0.7464137675603812,0.31234998826360905,0.4138323998475286,0.5718868590428668
168A,2021-08-03,Genesis090,Cultivar,Fungicide,18,10,3,0.432560280607698,0,0,0.3840546318116279,0.777434756814538,0.7044933362067959,0.34920974507790087,0.42804457132709117,0.5236480796440566
175A,2021-08-03,CVR011,Cultivar,Fungicide,16,11,3,0.01279532872349618,0,0,0.00589462752192204,0.511419528696018,0.636971772333539,-0.04750988740678618,0.31051533891203914,0.23883149257573097
176A,2021-08-03,CVR496,Cultivar,Fungicide,17,11,3,0.609475656683126,0,0,0.540733831344316,0.8115377708030604,0.7646069695037991,0.2813801436598113,0.443842319362848,0.5746990726918915
177A,2021-08-03,WLD133,Wild cicer,Fungicide,18,11,3,0.17548115983487042,0,0,0.13046775581854136,0.7477843798097271,0.6911916855619694,0.3147359859497688,0.36524455310386106,0.526279471363504
1A,2021-08-03,CVR482,Cultivar,Infected,1,1,1,0.23112411277973513,0,0,0.18489481660428828,0.7123228257014067,0.6743497290057033,0.18183136066603775,0.4451072509228649,0.3912724341640771
2A,2021-08-03,CVR016,Cultivar,Infected,2,1,1,0.47455664946226905,0,0,0.3969442173262308,0.7424095660068497,0.6649689741104746,0.30165836853144445,0.35401156839033737,0.5268710862468893
3A,2021-08-03,CVR496,Cultivar,Infected,3,1,1,0.4249619155826655,0,0,0.3650346336742261,0.7460112718670436,0.6691137261504412,0.3500789772995092,0.3398099355452288,0.5441425955456191
10A,2021-08-03,CVR485,Cultivar,Infected,1,2,1,0.4495323915005777,0,0,0.3639736007202801,0.7726418111971015,0.6717641696681478,0.22687285543496824,0.4424346701830776,0.5017152508712863
11A,2021-08-03,CVR481,Cultivar,Infected,2,2,1,0.282156375177588,0,0,0.21236378085644503,0.7811106489666623,0.6781641637564281,0.3134769672544856,0.4094445634301252,0.5464243434139872
12A,2021-08-03,CVR009,Cultivar,Infected,3,2,1,0.47901828751314907,0,0,0.38417252436206634,0.7859959635514903,0.6549383520251558,0.3820080709765488,0.3937345183028065,0.5680615918065883
19A,2021-08-03,CVR495,Cultivar,Infected,1,3,1,0.40311413192742845,0,0,0.29013356662900325,0.7802811858350004,0.6683277385370309,0.21572581376501643,0.4257055641843168,0.5309369812418501
20A,2021-08-03,CVR488,Cultivar,Infected,2,3,1,0.12151421940206604,0,0,0.09757573424621632,0.76937576032935,0.6472125865234672,0.301703672865462,0.3677017718050191,0.5601372940764247
21A,2021-08-03,WLD130,Wild cicer,Infected,3,3,1,0.07401615730138383,0,0,0.02605425364689545,0.7676707710750342,0.6468990006401767,0.4134770998827001,0.377951920363022,0.5490100882856289
28A,2021-08-03,CVR491,Cultivar,Infected,1,4,1,0.2967767689092764,0,0,0.2438803893403216,0.7708475995149537,0.6677294987902238,0.25292697760536487,0.4119041525641335,0.5259362756034361
29A,2021-08-03,CVR015,Cultivar,Infected,2,4,1,0.4583231764946649,0,0,0.3777670291215777,0.7950163702343916,0.6876917170517645,0.2890768072433016,0.4147888877600512,0.5673038414686691
30A,2021-08-03,WLD129,Wild cicer,Infected,3,4,1,0.14348786960959223,0,0,0.08786924759345134,0.8100866846885048,0.69945935717238406,0.3401145655670306,0.4190990435044796,0.5919629391803684
31A,2021-08-03,CVR011,Cultivar,Fungicide,10,1,1,0.10124970448351836,0,0,0.06429073750576315,0.5565146970611983,0.5992949680295617,0.03021733667809936,0.3828142112973435,0.2207238851815376
32A,2021-08-03,WLD131,Wild cicer,Fungicide,11,1,1,0.03318902247202479,0,0,0.00915632141738558,0.5382749775923261,0.6316574426135588,0.05623069893108506,0.32577057838755774,0.25769171021261106
33A,2021-08-03,CVR019,Cultivar,Fungicide,12,1,1,0.29741935078148923,0,0,0.20961295467954807,0.6341376936779479,0.6341309747936237,0.18715346846849396,0.3777404754408526,0.33716045664285077
40A,2021-08-03,CVR487,Cultivar,Fungicide,10,2,1,0.07655998656870071,0,0,0.03737193848898579,0.5830116814513672,0.6041033545239622,0.0942292654103627,0.33845932263966755,0.3046719829343763
41A,2021-08-03,CVR490,Cultivar,Fungicide,11,2,1,0.2011645610572337,0,0,0.06228656414830965,0.7025020638606055,0.6427774635840522,0.20028919666585152,0.4105718683642766,0.4102606977123947
42A,2021-08-03,Howzat,Cultivar,Fungicide,12,2,1,0.3715481255243949,0,0,0.23684613383082795,0.7278844403946855,0.6559478817038024,0.23080763381942268,0.4409087567993139,0.4226014213192343
49A,2021-08-03,CVR489,Cultivar,Fungicide,10,3,1,0.17242392752532162,0,0,0.1004051554567389,0.6845644054341558,0.6384351071054833,0.11947739600059758,0.41455720756687137,0.3769950373453168
50A,2021-08-03,CVR016,Cultivar,Fungicide,11,3,1,0.5048043693439588,0,0,0.37533058307918327,0.7515756458548777,0.6621301265889277,0.23389355092915823,0.4092472782402114,0.49439431231353353
51A,2021-08-03,WLD129,Wild cicer,Fungicide,12,3,1,0.13664139162060268,0,0,0.03992627708181868,0.7559699740460444,0.6303603143701253,0.33057900571903043,0.42857142857142855,0.48430815572256103
58A,2021-08-03,CVR477,Cultivar,Fungicide,10,4,1,0.5046785027916696,0,0,0.32609079451272777,0.7230582721419198,0.6890884029095519,0.12103835152964217,0.4309016067597068,0.42437921072925633
59A,2021-08-03,CVR492,Cultivar,Fungicide,11,4,1,0.3173095783208614,0,0,0.14795515080024343,0.7166941091247377,0.6688977001844266,0.12080864479565026,0.43997343232151526,0.4041643543913062
60A,2021-08-03,CVR495,Cultivar,Fungicide,12,4,1,0.40260072888519655,0,0,0.28019129487536143,0.7515987180093062,0.677788866259606,0.1825930482418264,0.4655963935261986,0.43996408257197095
34A,2021-08-03,Genesis090,Cultivar,Fungicide,13,1,1,0.5028567500611693,0,0,0.33045281887895006,0.6426762691893038,0.5936073424878098,0.05107212591194792,0.39335053994581787,0.33367873045031987
35A,2021-08-03,CVR491,Cultivar,Fungicide,14,1,1,0.11671141674892872,0,0,0.06370127475357094,0.6150093905388546,0.5690374076878159,0.07782107863435897,0.34369849513720635,0.3440315224422803
36A,2021-08-03,CVR494,Cultivar,Fungicide,15,1,1,0.2898342348672241,0,0,0.13545854045376868,0.6018396924297301,0.599938237550631,0.12735169737130717,0.3441348298803737,0.3250213304364909
43A,2021-08-03,CVR481,Cultivar,Fungicide,13,2,1,0.4081421694636095,0,0,0.19711634433307332,0.6841601606073291,0.6303970677894996,0.05330672594222978,0.4015764037954227,0.3896323537242653
44A,2021-08-03,CVR017,Cultivar,Fungicide,14,2,1,0.3915079108952952,4,0.00218941570931051,0.2540977437116531,0.714541518092503,0.6197215471495845,0.15652150784240848,0.397474486086965,0.44283848619566174
45A,2021-08-03,CVR010,Cultivar,Fungicide,15,2,1,0.00318641113952972,0,0,0,NA,NA,NA,NA,NA
52A,2021-08-03,CVR496,Cultivar,Fungicide,13,3,1,0.5834643399692726,0,0,0.3961582669899746,0.7310022673733556,0.6451963115892839,0.11450875491186382,0.3973608353813133,0.4702298959057757
53A,2021-08-03,CVR015,Cultivar,Fungicide,14,3,1,0.34504659171215235,0,0,0.2643543955997975,0.7408376275221601,0.6412565772741285,0.15399537058801277,0.4027907805155691,0.4818245203487717
54A,2021-08-03,CVR009,Cultivar,Fungicide,15,3,1,0.4137332942073997,0,0,0.12520188856562434,0.7243676605454207,0.5894308889822453,0.26726916349747,0.4281776757976566,0.42935920264939326
37A,2021-08-03,WLD133,Wild cicer,Fungicide,16,1,1,0.15464362087563807,0,0,0.10374544438582808,0.6295018503274095,0.6052426198841571,0.11401942946302152,0.30353053049002543,0.4029675510371732
38A,2021-08-03,CVR488,Cultivar,Fungicide,17,1,1,0.00488892187312461,0,0,0,NA,NA,NA,NA,NA
39A,2021-08-03,CVR493,Cultivar,Fungicide,18,1,1,0.5991380380069593,0,0,0.4523930135491109,0.7254255718155761,0.6643670441510703,0.2170924804537896,0.3712172980009658,0.4847456941977528
46A,2021-08-03,CVR482,Cultivar,Fungicide,16,2,1,0.18545442796493697,0,0,0.13459399508388678,0.6679439493919183,0.6192813694548185,0.07420434333987262,0.3810521216701576,0.3848425031320588
47A,2021-08-03,CVR485,Cultivar,Fungicide,17,2,1,0.4173403646137904,0,0,0.32671955478173276,0.7451123819633256,0.6589638726433208,0.22258836475633223,0.3860365868279197,0.5040655260100341
48A,2021-08-03,WLD132,Wild cicer,Fungicide,18,2,1,0.1042506280723062,0,0,0.03069136063080747,0.7514628451133157,0.6234958203070246,0.37080988467586135,0.2882802702808866,0.5912706708175015
55A,2021-08-03,CVR486,Cultivar,Fungicide,16,3,1,0.40743665431525206,0,0,0.32781988525249156,0.7121770874803558,0.6510614853551313,0.0743922400475805,0.3865658943922818,0.44930689734341983
56A,2021-08-03,WLD130,Wild cicer,Fungicide,17,3,1,0.13266334611272823,0,0,0.09372457759856058,0.7216578381599561,0.6321677241525269,0.18224090054288697,0.3573968600120092,0.4908636762338353
57A,2021-08-03,CVR484,Cultivar,Fungicide,18,3,1,0.3841314684756147,0,0,0.238103654368838,0.7713321020972235,0.6725594782794034,0.23804372769072227,0.43406529032581775,0.5070221254154866
4A,2021-08-03,CVR493,Cultivar,Infected,4,1,1,0.5613283881548473,0,0,0.47825077961194223,0.7529035320601658,0.6903463122092217,0.20759801100367137,0.4164098330164929,0.49017007214766617
5A,2021-08-03,CVR489,Cultivar,Infected,5,1,1,0.12938750347551942,0,0,0.09388176766581184,0.6784660122024101,0.6599176274147995,0.2124503841782617,0.3343994906176381,0.44503561942583464
6A,2021-08-03,CVR010,Cultivar,Infected,6,1,1,0.17170847554388874,0,0,0.1417854406606317,0.6745232195923759,0.6505190353397556,0.25511754731773256,0.31281819449917175,0.4584365812586724
13A,2021-08-03,CVR017,Cultivar,Infected,4,2,1,0.35456607779843974,0,0,0.30011513589945793,0.7858823860425702,0.7026910474450367,0.22558460324221383,0.4394000839236863,0.5292365756618537
14A,2021-08-03,CVR019,Cultivar,Infected,5,2,1,0.3615185486735675,0,0,0.3211000098775004,0.7892017777565359,0.7014029394621201,0.29529408098885407,0.3998173689919961,0.5688900187633
15A,2021-08-03,WLD131,Wild cicer,Infected,6,2,1,0.04065820866707628,0,0,0.02664371639908766,0.758384950339299,0.6564180868659509,0.4493069051410779,0.3237608453636594,0.5760695434734939
22A,2021-08-03,Howzat,Cultivar,Infected,4,3,1,0.4357831268018378,0,0,0.3659384765609208,0.7755847018062371,0.7074318507911672,0.1932000113458402,0.41980234596811106,0.5275478673669165
23A,2021-08-03,Genesis090,Cultivar,Infected,5,3,1,0.4219212446615759,0,0,0.34707566849077026,0.7773786254985553,0.6965371652258412,0.24546341610580769,0.431723822092837,0.5202611377211865
24A,2021-08-03,CVR477,Cultivar,Infected,6,3,1,0.46766379958559406,0,0,0.381932565903736,0.7943037344347328,0.6961921831306973,0.3253669346535129,0.40434583187292766,0.5744587866899677
61A,2021-08-03,CVR487,Cultivar,Fungicide,1,5,2,0.0967913787103302,0,0,0.07049974516218771,0.6368664868221192,0.59683708055108875,0.142027125297568,0.36122003063711206,0.3580051611054227
62A,2021-08-03,WLD132,Wild cicer,Fungicide,2,5,2,0.09378051828846688,0,0,0.08134585980252428,0.6939223513017295,0.6537694091842291,0.2844833858359656,0.2706623523646373,0.5211397701313688
63A,2021-08-03,CVR482,Cultivar,Fungicide,3,5,2,0.2454629629076189,0,0,0.1740879994807645,0.664400547241444,0.6546657244073407,0.2704273516994118,0.39507280179530296,0.36518352104350615
70A,2021-08-03,WLD133,Wild cicer,Fungicide,1,6,2,0.11933805295854104,0,0,0.08602226430324911,0.737491243330959,0.6449092916465108,0.2525691618994426,0.34752458527529206,0.5243575878866669
71A,2021-08-03,WLD130,Wild cicer,Fungicide,2,6,2,0.06473515520890744,0,0,0.04346305359497191,0.7384312265850347,0.6419122387183867,0.3339179377708464,0.3687574499575423,0.5080043985258967
72A,2021-08-03,WLD129,Wild cicer,Fungicide,3,6,2,0.12397524172708742,0,0,0.07938098396188359,0.7762497826856017,0.6513800465676041,0.4252672031450599,0.3784803070206952,0.5632495095607644
79A,2021-08-03,CVR490,Cultivar,Fungicide,1,7,2,0.507871538486583,0,0,0.45758028576840226,0.7917562320635794,0.7074442200875336,0.2190958869997226,0.45699408147267606,0.5245640743261853
80A,2021-08-03,CVR494,Cultivar,Fungicide,2,7,2,0.38647324880373063,0,0,0.31799550604928817,0.7891024747122738,0.7017197040995208,0.23746349516991505,0.4715575635130617,0.5057311241650081
81A,2021-08-03,WLD131,Wild cicer,Fungicide,3,7,2,0.16072165044012565,0,0,0.11639924479955406,0.7808660781764759,0.6611177745166161,0.3502466512232099,0.3680393627989569,0.5793160339880695
88A,2021-08-03,CVR493,Cultivar,Fungicide,1,8,2,0.6671126007984656,0,0,0.6330044008208024,0.7928498044406093,0.71345204250571,0.24106125657386687,0.46684160234664424,0.517584472004902
89A,2021-08-03,CVR477,Cultivar,Fungicide,2,8,2,0.4459021351503442,0,0,0.39879120061643303,0.772095098318633,0.691695894259086,0.2242192404922826,0.439111506153783,0.503784642315423
90A,2021-08-03,CVR488,Cultivar,Fungicide,3,8,2,0.10140869381272566,0,0,0.06130412622798931,0.7147687885054975,0.6472979864416493,0.23741440124129096,0.4088883901782704,0.43219357852394674
64A,2021-08-03,CVR015,Cultivar,Fungicide,4,5,2,0.4869876276396652,0,0,0.4129383066690459,0.7026905193314336,0.6366903134957328,0.2124579540448207,0.40446168191773246,0.4166437310715222
65A,2021-08-03,CVR016,Cultivar,Fungicide,5,5,2,0.5012237971591026,0,0,0.4370669819921135,0.7208270192779889,0.6471060632367641,0.2599379027764171,0.37526112514860627,0.4737013248115437
66A,2021-08-03,CVR485,Cultivar,Fungicide,6,5,2,0.3222150615824451,1,5.100887241790839e-4,0.26305757754497466,0.6758825464310245,0.6305560084842522,0.2383381424421348,0.37553005843939025,0.40251703112817544
73A,2021-08-03,CVR010,Cultivar,Fungicide,4,6,2,0.0277237642805237,0,0,0.01815545276751991,0.7313632211277445,0.6214589742879997,0.2702029271615983,0.383863460698924,0.48313754133525305
74A,2021-08-03,Genesis090,Cultivar,Fungicide,5,6,2,0.3363353013826688,0,0,0.2905658393139442,0.7482136534966235,0.6544353804279165,0.23929772167205637,0.4579331016303066,0.4415798504354729
75A,2021-08-03,CVR019,Cultivar,Fungicide,6,6,2,0.4497211913290114,0,0,0.3930930606785751,0.7718421256373039,0.6390544162145133,0.3440893198626297,0.4271610216514764,0.5142198296895383
82A,2021-08-03,CVR017,Cultivar,Fungicide,4,7,2,0.1152838250637548,0,0,0.10936498929006042,0.7214293680827192,0.6339005952859966,0.18238444270833024,0.41541349234346975,0.4369729523493397
83A,2021-08-03,CVR496,Cultivar,Fungicide,5,7,2,0.5689830619006406,0,0,0.4696839209467489,0.7907737934386958,0.6814163252566916,0.30025454955611114,0.4323844167082804,0.5445970582384043
84A,2021-08-03,CVR009,Cultivar,Fungicide,6,7,2,0.4544908712052305,0,0,0.3501015772853569,0.7502553667219364,0.6322065286525254,0.292379681521856,0.42324812865410816,0.4791625017677661
67A,2021-08-03,CVR481,Cultivar,Fungicide,7,5,2,0.30362655917595777,0,0,0.2249389862365454,0.6809678534663176,0.6393700559535359,0.0991000383005542,0.4000779236477765,0.386071264114324
68A,2021-08-03,CVR489,Cultivar,Fungicide,8,5,2,0.08131972961184437,0,0,0.05847470501746672,0.6300568112341616,0.5891909546796057,0.17147456022114732,0.31709699006040837,0.3910966826040646
69A,2021-08-03,Howzat,Cultivar,Fungicide,9,5,2,0.35801747115331495,0,0,0.25354757847627374,0.6956724501851724,0.6260610649421539,0.23951763605533413,0.3606151597301147,0.4472618966703455
76A,2021-08-03,CVR484,Cultivar,Fungicide,7,6,2,0.32670982241024327,0,0,0.2897012939440623,0.74222104843047,0.6639324692011768,0.13334544465642145,0.4381434540479543,0.4506183701359337
77A,2021-08-03,CVR492,Cultivar,Fungicide,8,6,2,0.16427572440344726,0,0,0.13266841676005892,0.7407863475132104,0.6322338725565765,0.28790950625464046,0.390548646949774,0.4928157580680886
78A,2021-08-03,CVR011,Cultivar,Fungicide,9,6,2,0.00490879553927552,0,0,0,NA,NA,NA,NA,NA
85A,2021-08-03,CVR495,Cultivar,Fungicide,7,7,2,0.399228830194925,0,0,0.3558390147400277,0.748931918151396,0.6673946076576464,0.1237861913476195,0.4521984849659015,0.44868913253101017
86A,2021-08-03,CVR491,Cultivar,Fungicide,8,7,2,0.5577577528030666,0,0,0.46783693765654666,0.7632839324661053,0.6501338168504237,0.22477382668493567,0.4140036821399011,0.5106454016280844
87A,2021-08-03,CVR486,Cultivar,Fungicide,9,7,2,0.3655827134014292,0,0,0.2769296009798979,0.7485362685644273,0.6268654761987189,0.2508601788748313,0.4280531819972678,0.4715853054054112
7A,2021-08-03,CVR487,Cultivar,Infected,7,1,1,0.20403630581604065,0,0,0.13789498649616314,0.7137550252514704,0.6258364369117577,0.24254832634862877,0.37539106899014496,0.4622062272308031
8A,2021-08-03,WLD132,Wild cicer,Infected,8,1,1,0.07644736912717887,0,0,0.05764945716439764,0.772342018619487,0.6560906316076821,0.4128414663497067,0.28166400814284565,0.6270973664528365
9A,2021-08-03,CVR492,Cultivar,Infected,9,1,1,0.37510219948771656,0,0,0.3137906717503171,0.7546905938448737,0.6593179539769628,0.3490171486545396,0.3897706045139451,0.5169982281853173
16A,2021-08-03,CVR490,Cultivar,Infected,7,2,1,0.3381471172800937,0,0,0.2816846005142483,0.7790988980901049,0.683185622259167,0.27092735445242166,0.39738458890620504,0.5528901464308263
17A,2021-08-03,CVR011,Cultivar,Infected,8,2,1,0.06816998717532358,0,0,0.06193288649699433,0.7400790909496225,0.624390734633874,0.2987554294859314,0.3861670112097413,0.49553230365156664
18A,2021-08-03,CVR486,Cultivar,Infected,9,2,1,0.3893052462302357,0,0,0.3271911249834865,0.7892385475540215,0.6580748378012875,0.39003636540980974,0.3917109900694458,0.5754208892197197
25A,2021-08-03,CVR484,Cultivar,Infected,7,3,1,0.3190319627206072,1,2.3848303987593532e-4,0.25845976807787546,0.7585498028737319,0.6776382634241201,0.2355927548647288,0.380513029406326,0.5314267810389165
26A,2021-08-03,CVR494,Cultivar,Infected,8,3,1,0.34585478746895615,0,0,0.2819203856151252,0.7707136865314901,0.6738179366721903,0.26204548886609863,0.41738009360763545,0.5208955651376379
27A,2021-08-03,WLD133,Wild cicer,Infected,9,3,1,0.12130554590748144,0,0,0.06433003502257596,0.7503921782492815,0.6603299661635214,0.34279547078848266,0.3745303652632517,0.5227888163595529
91A,2021-08-03,CVR484,Cultivar,Infected,10,5,2,0.29515706511797696,5,0.00218278226775335,0.15137403476295822,0.6039840823510664,0.6514752664388149,0.02589996474009293,0.35444246135592633,0.3175143277620635
92A,2021-08-03,WLD132,Wild cicer,Infected,11,5,2,0.08520171906665606,0,0,0.01355764330042071,0.5886289847000006,0.5959557291430416,0.20725133871054696,0.2117159134573369,0.43057184928327286
93A,2021-08-03,CVR488,Cultivar,Infected,12,5,2,0.0154186526554167,0,0,0,NA,NA,NA,NA,NA
100A,2021-08-03,CVR494,Cultivar,Infected,10,6,2,0.28001333151098123,0,0,0.15479291872567302,0.6930093103257242,0.6550246146795362,0.10375463239108022,0.34930380080052154,0.4534796960136975
101A,2021-08-03,WLD130,Wild cicer,Infected,11,6,2,0.11329645844866348,0,0,0.0313594184166253,0.6953397140824561,0.6272938240146894,0.23913175838796932,0.2740613134287212,0.5204602876694171
102A,2021-08-03,CVR482,Cultivar,Infected,12,6,2,0.23654299908355075,0,0,0.13640168085727622,0.6913622661077633,0.6073987105683218,0.29094613563089944,0.32731028687593833,0.47052767910452525
109A,2021-08-03,CVR016,Cultivar,Infected,10,7,2,0.5374336168860662,0,0,0.3511233127224901,0.757908284934583,0.6851419700263203,0.1932260480986655,0.3421362091519344,0.561329137350276
110A,2021-08-03,CVR011,Cultivar,Infected,11,7,2,0.08384037293531851,0,0,0.04424900393122818,0.7087444626042964,0.6281314612729295,0.15800176833266832,0.32939324272632364,0.494884886107714
111A,2021-08-03,WLD133,Wild cicer,Infected,12,7,2,0.12155396673436784,0,0,0.04267710325871563,0.7402803382909131,0.6100738792679367,0.3612190430978024,0.3301741804948329,0.5427710460869193
118A,2021-08-03,CVR477,Cultivar,Infected,10,8,2,0.4623575307233002,0,0,0.2117743181042528,0.736381662004065,0.6913507706396772,0.146129609882293,0.3587660122426257,0.513196326432497
119A,2021-08-03,CVR487,Cultivar,Infected,11,8,2,0.03959827980569425,0,0,0,NA,NA,NA,NA,NA
120A,2021-08-03,CVR010,Cultivar,Infected,12,8,2,0.16314954998822886,0,0,0.10425631210439464,0.7177237412276414,0.6453089305070858,0.1654812860666615,0.393468740036925,0.4518615383444308
94A,2021-08-03,CVR481,Cultivar,Infected,13,5,2,0.2583344740180269,0,0,0.23401671262030535,0.6937352266578254,0.6533460936042967,0.12064108217157676,0.39451454996862656,0.4119730097502596
95A,2021-08-03,CVR489,Cultivar,Infected,14,5,2,0.01981404515246031,0,0,0.00671987537499113,0.5855269490924812,0.5990943176000254,0.3403050672148985,0.30559456404718693,0.34093767716698536
96A,2021-08-03,CVR015,Cultivar,Infected,15,5,2,0.27729063924830616,0,0,0.2399506376590402,0.7101604090424047,0.6759265909302835,0.294633661702666,0.3542275094523052,0.475565331004751
103A,2021-08-03,WLD129,Wild cicer,Infected,13,6,2,0.05614310687632937,0,0,0.04102660755257746,0.775562495597625,0.6770496007126271,0.2570440270389188,0.3940936295209744,0.5493853257919383
104A,2021-08-03,CVR491,Cultivar,Infected,14,6,2,0.3002480359303025,0,0,0.2767724109126466,0.7549881287668462,0.6633659326848352,0.2646091691727108,0.3817362160604169,0.524382161163414
105A,2021-08-03,CVR495,Cultivar,Infected,15,6,2,0.3174553185393014,0,0,0.30844620946377443,0.7656601381173089,0.6516505219000492,0.32831551078950777,0.3758388072271012,0.5473210634451422
112A,2021-08-03,CVR496,Cultivar,Infected,13,7,2,0.4550340847466888,0,0,0.4363203291726701,0.7799052681138148,0.687076608776341,0.24392031105254264,0.4081587247894383,0.545342897279893
113A,2021-08-03,CVR486,Cultivar,Infected,14,7,2,0.40915241415961423,0,0,0.35395273393301263,0.7423290345449974,0.6598644450741217,0.202680107866788,0.3994531023168019,0.4874035923294474
114A,2021-08-03,CVR485,Cultivar,Infected,15,7,2,0.39576418772928246,1,5.829608008878209e-4,0.3548958743365202,0.7447690277578403,0.6590239406747163,0.2526245637456508,0.4035122816119576,0.4878744626709698
97A,2021-08-03,CVR017,Cultivar,Infected,16,5,2,0.2663369369214612,0,0,0.24038291034398115,0.6535375640576631,0.624534604735077,0.10031741955241769,0.355967235024543,0.3877834886153064
98A,2021-08-03,Genesis090,Cultivar,Infected,17,5,2,0.4225108300907196,0,0,0.3716759140155916,0.7025112969373073,0.6582015002483083,0.17299432713155224,0.3676154925552632,0.4514966320529608
99A,2021-08-03,CVR009,Cultivar,Infected,18,5,2,0.43270270854844617,0,0,0.3053417056355621,0.6977398880840998,0.6534928139977959,0.2255985966537443,0.3651316564966852,0.4463143693194547
106A,2021-08-03,CVR019,Cultivar,Infected,16,6,2,0.5939675725300302,0,0,0.3611048819929447,0.7454987870817381,0.669184916628164,0.19093120649882356,0.39584849322025856,0.49603143921246806
107A,2021-08-03,CVR490,Cultivar,Infected,17,6,2,0.4055519683086071,0,0,0.3347755457283596,0.7400700190812152,0.6662500875150812,0.17915969161524634,0.4050293024943292,0.4784587468187853
108A,2021-08-03,WLD131,Wild cicer,Infected,18,6,2,0.00925119159325002,0,0,0,NA,NA,NA,NA,NA
115A,2021-08-03,CVR493,Cultivar,Infected,16,7,2,0.35673893196427287,0,0,0.5443492028910948,0.7596374635896402,0.6928206021544697,0.19442998616103205,0.41204692910128704,0.5059588267619095
116A,2021-08-03,Howzat,Cultivar,Infected,17,7,2,0.08320110334079749,0,0,0.21884787113055928,0.694330510211615,0.644216286592246,0.10523268315982628,0.3913670036345907,0.4160089746875998
117A,2021-08-03,CVR492,Cultivar,Infected,18,7,2,0.10954696010152457,0,0,0.07780908328937104,0.6893831867330982,0.6239022053132517,0.19794821465775536,0.3794099585600186,0.419767000558268
121A,2021-08-06,CVR019,Cultivar,Infected,1,9,3,0.4174231715560859,0,0,0.34129893351928664,0.8091155973146263,0.7071403352562275,0.2371522914618702,0.4757498788404822,0.5420022458820267
122A,2021-08-06,CVR016,Cultivar,Infected,2,9,3,0.5219089713445112,1,2.086726598914434e-4,0.4602918144284864,0.7818966186656561,0.7038584937545727,0.24189373126444255,0.42483491812261664,0.5346651628385296
123A,2021-08-06,WLD131,Wild cicer,Infected,3,9,3,0.13104364232142884,0,0,0.0834286281936034,0.687473850303246,0.674315823175565,0.28242593472430094,0.3181265066262893,0.4727365560508662
130A,2021-08-06,CVR485,Cultivar,Infected,1,10,3,0.4619799310664329,0,0,0.38814157356016055,0.8159612272820108,0.711384441343059,0.19503229111714623,0.5137771349006156,0.5203093224127859
131A,2021-08-06,CVR010,Cultivar,Infected,2,10,3,0.03852841411123677,0,0,0.02444305545757009,0.7964328133009592,0.6910640841840054,0.29344153813473994,0.4615617650084272,0.5295265693587099
132A,2021-08-06,CVR491,Cultivar,Infected,3,10,3,0.2754192023524285,0,0,0.23739629906620732,0.7968290915126962,0.6902068347228496,0.29015493989311086,0.4271415127028309,0.5604373552935965
139A,2021-08-06,CVR011,Cultivar,Infected,1,11,3,0.17077441323479584,0,0,0.12398366554442712,0.7848471429141807,0.6800457905214516,0.17363308976249703,0.4733090191286813,0.495665627416487
140A,2021-08-06,WLD132,Wild cicer,Infected,2,11,3,0.07739799282473087,0,0,0.05882838266878205,0.83491433583617,0.7201443660566329,0.35878525010007983,0.3919439034561143,0.6584371222490468
141A,2021-08-06,CVR487,Cultivar,Infected,3,11,3,0.02770389061437279,1,4.736538153091493e-4,0.00915632141738558,0.6532306594798284,0.6035798610636394,0.24295143931376545,0.33075323140941604,0.4113537613518955
148A,2021-08-06,CVR495,Cultivar,Infected,1,12,3,0.4778291798217861,2,9.638689528319052e-4,0.4130561992194844,0.7899870661893653,0.6957410830056271,0.1694198060779783,0.4705772343135471,0.5084119310018428
149A,2021-08-06,CVR493,Cultivar,Infected,2,12,3,0.6592128185034777,2,0.00136465952195971,0.631628987732354,0.8349444639589869,0.7364037411407888,0.26114292224352903,0.4967235803390475,0.5778951590946428
150A,2021-08-06,CVR492,Cultivar,Infected,3,12,3,0.4528314200816293,7,0.00280880262961303,0.3716366164987788,0.8060273366214249,0.7050134743962916,0.2521447529705514,0.4816619363579296,0.5302104145638306
124A,2021-08-06,Howzat,Cultivar,Infected,4,9,3,0.46094981270427726,8,0.00309365498950171,0.4038998778020988,0.7786004983429973,0.7316175977616176,0.2532231697707996,0.4077795780846437,0.5433252721157321
125A,2021-08-06,CVR496,Cultivar,Infected,5,9,3,0.4471309901740091,6,0.00345801167655089,0.4256314045995848,0.7982335938097391,0.7417260069904993,0.33943361151646,0.3960073636834141,0.5881415164631901
126A,2021-08-06,CVR484,Cultivar,Infected,6,9,3,0.31681273666708853,3,0.00139777785379726,0.2568878674053629,0.7458174708324852,0.6983990632416279,0.33032115659026073,0.375129090703652,0.5146861557400361
133A,2021-08-06,CVR482,Cultivar,Infected,4,10,3,0.4527022412516484,7,0.00262993796752073,0.4469699562289426,0.7861421094247533,0.7379583872645951,0.20505706858993017,0.4466539577058546,0.5232018352095906
134A,2021-08-06,CVR015,Cultivar,Infected,5,10,3,0.4703334954052,5,0.00129509568460916,0.4576981783188407,0.8023457460605111,0.7301059259401653,0.327560578246117,0.4052194365170678,0.5884451959284004
135A,2021-08-06,CVR481,Cultivar,Infected,6,10,3,0.41098410372319005,0,0,0.3647595510565364,0.7934382186835797,0.7046734308972394,0.35993604028199117,0.4109201725471556,0.5675676827124618
142A,2021-08-06,WLD129,Wild cicer,Infected,4,11,3,0.11971234033771658,0,0,0.0958073459896397,0.762938419291658,0.7079290551169871,0.21529588921597423,0.37896249429768514,0.5401455249385374
143A,2021-08-06,CVR477,Cultivar,Infected,5,11,3,0.43779036708307995,2,5.134009886218052e-4,0.3986733080659946,0.7603926713975881,0.7079992093005303,0.21350258613689427,0.42817434315580094,0.4925990330474921
144A,2021-08-06,WLD133,Wild cicer,Infected,6,11,3,0.13123906670524615,0,0,0.10272370894869493,0.7388042371159125,0.6689911044031686,0.30270152204641626,0.3458349934962808,0.5278328330410952
127A,2021-08-06,CVR489,Cultivar,Infected,7,9,3,0.20336722572229324,0,0,0.16835056202609372,0.7243606711805679,0.6720470963992611,0.15552266145760604,0.39423305743426496,0.4620833272580068
128A,2021-08-06,CVR009,Cultivar,Infected,8,9,3,0.444736213402824,0,0,0.4077903319665674,0.7206814480669168,0.6649252889578103,0.23846864364842768,0.3340111007816619,0.5092562802701285
129A,2021-08-06,CVR486,Cultivar,Infected,9,9,3,0.37321751348107163,0,0,0.34137752855291226,0.728339100562686,0.6838421718444003,0.2395294542672061,0.35961405017302506,0.49957394442487046
136A,2021-08-06,CVR488,Cultivar,Infected,7,10,3,0.07810019569539646,0,0,0.068692059388798285,0.7232156314699004,0.657305939697843,0.1788154358411528,0.3867986120435195,0.4670764169661397
137A,2021-08-06,CVR490,Cultivar,Infected,8,10,3,0.5663729870794874,4,0.00104667556389993,0.49750656285022093,0.7736859497702641,0.6921542734342765,0.23182918975467795,0.4261601003840853,0.5184740422914146
138A,2021-08-06,CVR494,Cultivar,Infected,9,10,3,0.2952829316702661,1,2.649811554177059e-4,0.2390860922891583,0.7795671757791184,0.6771105460042904,0.28936094705605364,0.4343191423015988,0.5219807805510389
145A,2021-08-06,CVR017,Cultivar,Infected,7,11,3,0.43654495067095606,0,0,0.4066900014958086,0.7837219911180374,0.7072953357519777,0.19061604699600423,0.4536122400885238,0.5121997934223655
146A,2021-08-06,Genesis090,Cultivar,Infected,8,11,3,0.5374104309422234,1,6.5583061862769e-4,0.4613921448992452,0.8011779861936006,0.7294777476141794,0.22945003336329453,0.4545315476658827,0.54517929637798
147A,2021-08-06,WLD130,Wild cicer,Infected,9,11,3,0.08259495652319464,0,0,0.05140115199116027,0.7475307100275843,0.6712189782173782,0.24833172247332752,0.4101012810884858,0.4866045160750256
151A,2021-08-06,WLD130,Wild cicer,Fungicide,10,9,3,0.10912630083466356,0,0,0.06063606844217148,0.6754845225400062,0.6186453223313013,0.19827788160696344,0.35825245701054426,0.41850864147650185
152A,2021-08-06,CVR482,Cultivar,Fungicide,11,9,3,0.350501913070578,0,0,0.25928501593094455,0.668144191199666,0.6407049403765659,0.1953600081975698,0.3611739673909119,0.4046089550689615
153A,2021-08-06,CVR491,Cultivar,Fungicide,12,9,3,0.3642544900470098,0,0,0.31862426631829316,0.6915695017130665,0.6339065770370548,0.2733787063110801,0.3307539398759989,0.4678257032011616
160A,2021-08-06,Howzat,Cultivar,Fungicide,10,10,3,0.5019789964728373,1,3.5772455981390294e-4,0.43337301541170903,0.7640946447208207,0.669756536598282,0.2130070379447036,0.4299484184345515,0.49762742785462594
161A,2021-08-06,CVR009,Cultivar,Fungicide,11,10,3,0.5316636291469177,0,0,0.4668152022194134,0.753920354298464,0.6527122535363531,0.27670792088727075,0.3854112944368669,0.5194434382587175
162A,2021-08-06,CVR484,Cultivar,Fungicide,12,10,3,0.399099651364944,0,0,0.3500622797685441,0.7598785743842931,0.6485703759302878,0.3113787302779478,0.41507541594598263,0.5036614686299713
169A,2021-08-06,CVR019,Cultivar,Fungicide,10,11,3,0.5248270879910036,0,0,0.4378922298451826,0.777719427471244,0.674895204992387,0.2537611922908541,0.418351186100051,0.5326813689839047
170A,2021-08-06,CVR495,Cultivar,Fungicide,11,11,3,0.5393282397257865,0,0,0.4536112365703081,0.77481756207348,0.6700702615028747,0.23595202384932787,0.438201968717034,0.5096580478826958
171A,2021-08-06,CVR010,Cultivar,Fungicide,12,11,3,0.08679823691411274,0,0,0.05937854790416144,0.7330097983505042,0.6057249970918506,0.314800923313796,0.36004448591707144,0.5066886134637553
178A,2021-08-06,CVR016,Cultivar,Fungicide,10,12,3,0.6352650507916274,0,0,0.6077360975101632,0.7760389397469721,0.6778957546834344,0.26881157568932357,0.41336397032675826,0.5339631637426768
179A,2021-08-06,CVR494,Cultivar,Fungicide,11,12,3,0.5393878607242393,0,0,0.4730242098758381,0.7575214172870668,0.6684188527187538,0.20593256245939,0.4418063530875457,0.4745295620995622
180A,2021-08-06,WLD129,Wild cicer,Fungicide,12,12,3,0.07672228817559983,0,0,0.05619544904232353,0.7467829681891189,0.6352843369145299,0.26747606977942145,0.39733139855246186,0.4968884785863577
154A,2021-08-06,CVR493,Cultivar,Fungicide,13,9,3,0.6723294381630803,0,0,0.6214509308778352,0.7892631211415453,0.698424529013396,0.27566243228982773,0.4600939919003497,0.5168587424086717
155A,2021-08-06,WLD132,Wild cicer,Fungicide,14,9,3,0.1071654324411068,0,0,0.08036342188220394,0.7499523150144608,0.6596798813239391,0.3470882103602577,0.3132008183710062,0.5708316842892983
156A,2021-08-06,CVR489,Cultivar,Fungicide,15,9,3,0.1783462800382937,6,0.00211985696492069,0.12677378923813687,0.7293243331475147,0.6587559273898638,0.3395604463553721,0.37833291840241184,0.4847461655139367
163A,2021-08-06,WLD131,Wild cicer,Fungicide,13,10,3,0.00264982215345507,0,0,0,NA,NA,NA,NA,NA
164A,2021-08-06,CVR485,Cultivar,Fungicide,14,10,3,0.5624512502923739,0,0,0.49404838137069335,0.7979210851022777,0.7039339786379823,0.305027849030381,0.4554890580257278,0.5379451314028537
165A,2021-08-06,CVR488,Cultivar,Fungicide,15,10,3,0.00530295658460196,0,0,0,NA,NA,NA,NA,NA
172A,2021-08-06,CVR481,Cultivar,Fungicide,13,11,3,0.40392232768423225,0,0,0.38527285483282514,0.7679719875101778,0.6965620268046083,0.24242960216433151,0.4180705441666267,0.515369216858005
173A,2021-08-06,CVR490,Cultivar,Fungicide,14,11,3,0.2198524317944756,0,0,0.1947191958074917,0.737042076814062,0.6637144358556273,0.17575279353690554,0.44871860346206666,0.4307993788020924
174A,2021-08-06,CVR486,Cultivar,Fungicide,15,11,3,0.5035158933218412,0,0,0.4326263625922656,0.7894827968808268,0.6876824475953323,0.29991971182368854,0.4740832902576668,0.5040590200729065
157A,2021-08-06,CVR492,Cultivar,Fungicide,16,9,3,0.3889806430164375,0,0,0.3660563691113593,0.7229006423188249,0.7014972277103265,0.1995849185105771,0.4134534319127631,0.44136488606174706
158A,2021-08-06,CVR487,Cultivar,Fungicide,17,9,3,0.04381480930737964,0,0,0.04900400346557863,0.687214959254776,0.6758046255878398,0.19617536774745448,0.3342079958949331,0.4582558336820808
159A,2021-08-06,CVR477,Cultivar,Fungicide,18,9,3,0.4094836419287961,0,0,0.40892995995413894,0.7651115800404864,0.7308045726044499,0.31823571891066826,0.4196008528641351,0.5088834040430598
166A,2021-08-06,CVR017,Cultivar,Fungicide,16,10,3,0.23485373746072313,0,0,0.20874840930966615,0.7877672230016357,0.7347353186068079,0.25056834279427953,0.451400987362608,0.5219827167061849
167A,2021-08-06,CVR015,Cultivar,Fungicide,17,10,3,0.6558409198132061,0,0,0.5993264289122211,0.8272159212220633,0.7644698745353417,0.3622057760076404,0.44794983036672315,0.6025368701764473
168A,2021-08-06,Genesis090,Cultivar,Fungicide,18,10,3,0.4506916886927143,0,0,0.4591914839577276,0.7961998312837549,0.714216632547117,0.3672689424863023,0.4534418290902809,0.5364229421013121
175A,2021-08-06,CVR011,Cultivar,Fungicide,16,11,3,0.01290794616501802,0,0,0.0051872722192914,0.5135727754516817,0.6359910681118589,-0.06914002608461788,0.33090265244756817,0.22006926460805276
176A,2021-08-06,CVR496,Cultivar,Fungicide,17,11,3,0.689814952098192,0,0,0.6497844404998739,0.8327217772988864,0.7753059125529466,0.3309322275585415,0.47096871542115376,0.5951705715687285
177A,2021-08-06,WLD133,Wild cicer,Fungicide,18,11,3,0.22524481987675668,0,0,0.1887066757351312,0.7715074900149319,0.6995222611556497,0.3347225233378839,0.3905982465417381,0.5452071223596032
1A,2021-08-06,CVR482,Cultivar,Infected,1,1,1,0.2610074821153247,1,7.419501102208628e-4,0.228397167716073,0.7805757790383923,0.7108377235374794,0.2528145896963729,0.5193028989296037,0.43937642878476185
2A,2021-08-06,CVR016,Cultivar,Infected,2,1,1,0.5209848458684938,2,0.00104336596914769,0.44225425421140496,0.8071540902313067,0.7187656497263768,0.3550547188924171,0.4457912933208219,0.5644726106545092
3A,2021-08-06,CVR496,Cultivar,Infected,3,1,1,0.44209301580475263,1,2.1198492433416473e-4,0.4037426877348475,0.8065311710696372,0.7250979734673916,0.38617042838705223,0.43280736691140687,0.5741405613096359
10A,2021-08-06,CVR485,Cultivar,Infected,1,2,1,0.4851724994645484,3,0.00166607558624735,0.436123841588606,0.8246230454129626,0.728380418209144,0.2914853487770555,0.517246779381317,0.5359970065784175
11A,2021-08-06,CVR481,Cultivar,Infected,2,2,1,0.33561984940123596,1,2.1198492433416473e-4,0.29905410294551193,0.8251950025562251,0.7306826563481627,0.34902215154054594,0.4894987942041558,0.5631843768026844
12A,2021-08-06,CVR009,Cultivar,Infected,3,2,1,0.5407591436886523,3,0.00127190954600498,0.47333859001034057,0.8249638131772641,0.7045089114664985,0.4042910162461269,0.464606059494574,0.5843164087219567
19A,2021-08-06,CVR495,Cultivar,Infected,1,3,1,0.391988191160609,9,0.00282536382861015,0.32593360444547653,0.8021173914798411,0.7034994650427471,0.26715108089708167,0.4615087280645489,0.5408067740297839
20A,2021-08-06,CVR488,Cultivar,Infected,2,3,1,0.13538935065309515,2,3.809108627067258e-4,0.11946445111095352,0.8072240915639979,0.6928709800834084,0.35524393794990544,0.42849174433828696,0.5790030524247102
21A,2021-08-06,WLD130,Wild cicer,Infected,3,3,1,0.07158163319789698,0,0,0.03151660848387656,0.7932663464548676,0.6661781994108424,0.43407232680227953,0.43657361441951253,0.5456680203299563
28A,2021-08-06,CVR491,Cultivar,Infected,1,4,1,0.3287568100237873,4,0.00153689070142269,0.2948492686465409,0.8027289216586908,0.7072322960826908,0.308422842143469,0.45910031891241154,0.5441751656134511
29A,2021-08-06,CVR015,Cultivar,Infected,2,4,1,0.5147975111401761,7,0.00301416598225736,0.4440226424679816,0.8376253966481345,0.7327432599903537,0.3543314679841758,0.4750069394354526,0.6022340697880548
30A,2021-08-06,WLD129,Wild cicer,Infected,3,4,1,0.15467674365255626,0,0,0.11176213781564204,0.8345158865809601,0.7072158300865066,0.3686427550352779,0.4759903298722947,0.5947882215972349
31A,2021-08-06,CVR011,Cultivar,Fungicide,10,1,1,0.13249441995044547,0,0,0.08908747061464857,0.6767085976846337,0.6744083799469366,0.16546492880529615,0.3895262669390453,0.3899791996734623
32A,2021-08-06,WLD131,Wild cicer,Fungicide,11,1,1,0.04627251935470922,0,0,0.02538619586107762,0.6689912531514163,0.6682397703409122,0.2944369488906223,0.27766253585412776,0.4806024529839226
33A,2021-08-06,CVR019,Cultivar,Fungicide,12,1,1,0.4066483322245992,0,0,0.3345004631106699,0.7437860626841204,0.7038317192122023,0.31306918342251827,0.3680641193286115,0.517352997792361
40A,2021-08-06,CVR487,Cultivar,Fungicide,10,2,1,0.10644666818198212,4,9.870548039309546e-4,0.07030325757812364,0.706093481276242,0.6649950066319018,0.2861739165649776,0.3249830463478375,0.4946071519289453
41A,2021-08-06,CVR490,Cultivar,Fungicide,11,2,1,0.2662044458137885,0,0,0.19688055923219644,0.781297687891334,0.7091837980845274,0.3040124728153062,0.4237326669431592,0.5345258829549808
42A,2021-08-06,Howzat,Cultivar,Fungicide,12,2,1,0.4923005210573426,0,0,0.41203446378235126,0.8024887963998675,0.7198023396091247,0.34564220954773855,0.4469393333617565,0.5543885832472151
49A,2021-08-06,CVR489,Cultivar,Fungicide,10,3,1,0.17446097830579022,0,0,0.1332971770290639,0.737500168534112,0.6924483923210236,0.22694797385083892,0.38655386122533775,0.49089135005983986
50A,2021-08-06,CVR016,Cultivar,Fungicide,11,3,1,0.5827886353201416,0,0,0.5419520543655132,0.8104615075075359,0.7314125375729678,0.3449552786397098,0.3996646963694272,0.6076092594660388
51A,2021-08-06,WLD129,Wild cicer,Fungicide,12,3,1,0.17223181541919613,0,0,0.11726379016943596,0.8061610603607781,0.7015305314202147,0.3981203269524795,0.4039546826668211,0.5964378881184965
58A,2021-08-06,CVR477,Cultivar,Fungicide,10,4,1,0.5582479699014558,0,0,0.5377865175833549,0.7725540368321737,0.722928471324242,0.23496799059164725,0.4295468974298132,0.513367073279836
59A,2021-08-06,CVR492,Cultivar,Fungicide,11,4,1,0.35769949249490035,0,0,0.3080925318124591,0.7557535624859085,0.7101260758917135,0.22230212426566948,0.418919107609124,0.49288010192056136
60A,2021-08-06,CVR495,Cultivar,Fungicide,12,4,1,0.4698598396952699,0,0,0.3910888873211216,0.7976494778777836,0.7126450671021176,0.2915274331543622,0.4400561281066055,0.5510002430912109
34A,2021-08-06,Genesis090,Cultivar,Fungicide,13,1,1,0.6172992565912021,1,0.00190456191189618,0.5761801915094739,0.7542310538897483,0.6755615736358044,0.20810751751126363,0.43016292412531926,0.4797045446672803
35A,2021-08-06,CVR491,Cultivar,Fungicide,14,1,1,0.1302652570638514,0,0,0.12866007004515193,0.7167971600888912,0.6644310300602082,0.1984875199161603,0.3766088769245387,0.4659808176802417
36A,2021-08-06,CVR494,Cultivar,Fungicide,15,1,1,0.38151476909907783,0,0,0.3363867439176849,0.7389852062679058,0.6804144648366868,0.2637798338767526,0.3954252939164284,0.485400448280337
43A,2021-08-06,CVR481,Cultivar,Fungicide,13,2,1,0.5062915820275854,0,0,0.446459088510376,0.7894392101637252,0.6918049129922339,0.2435473719398007,0.4436361510326556,0.532187920374835
44A,2021-08-06,CVR017,Cultivar,Fungicide,14,2,1,0.4744904039084327,6,0.00194429959752686,0.42932537117998926,0.7999540556670064,0.7044460264519149,0.3011332678920079,0.42737831047977815,0.5661238843822535
45A,2021-08-06,CVR010,Cultivar,Fungicide,15,2,1,0.00499160248157099,0,0,3.5367765131532296e-4,0.7230215701225653,0.684782609453232,0.6560069089157774,0.29357796941821473,0.5451612811591808
52A,2021-08-06,CVR496,Cultivar,Fungicide,13,3,1,0.6789274953251834,0,0,0.5892662646081408,0.8196830899717867,0.7235397561835442,0.2981268061906141,0.42817293007777785,0.6032199029179375
53A,2021-08-06,CVR015,Cultivar,Fungicide,14,3,1,0.46391761351614696,0,0,0.4286573133941714,0.7970438184464352,0.6961761340157462,0.28913991812958084,0.4119265691511684,0.5733671849038207
54A,2021-08-06,CVR009,Cultivar,Fungicide,15,3,1,0.4912008448636587,0,0,0.4213872727838009,0.790711420443863,0.6675818787465815,0.3415447805765185,0.4255800726949382,0.5503201422221189
37A,2021-08-06,WLD133,Wild cicer,Fungicide,16,1,1,0.2196735687991174,0,0,0.1896498161386387,0.7408646640449309,0.6436143277811547,0.2994275459820206,0.35028405556808195,0.5274645607890562
38A,2021-08-06,CVR488,Cultivar,Fungicide,17,1,1,0.00429602416628903,0,0,0,NA,NA,NA,NA,NA
39A,2021-08-06,CVR493,Cultivar,Fungicide,18,1,1,0.6906529583542221,0,0,0.6388597308259117,0.7897347436766192,0.7036260685823792,0.3389440992432293,0.43134230047399136,0.5435508752528442
46A,2021-08-06,CVR482,Cultivar,Fungicide,16,2,1,0.22898438139082017,0,0,0.2028144842709313,0.7395561470444609,0.6462639250016413,0.23071692720432072,0.4249109930736068,0.45883063237636273
47A,2021-08-06,CVR485,Cultivar,Fungicide,17,2,1,0.4762624724735558,0,0,0.4719238794050792,0.7972642645404436,0.7004170406105883,0.32216736490678494,0.4401773307232967,0.5501581427941987
48A,2021-08-06,WLD132,Wild cicer,Fungicide,18,2,1,0.14769115000051034,0,0,0.13471188763432523,0.7962055879692246,0.669665711643138,0.43436140668376894,0.32557803449517825,0.6353195722369541
55A,2021-08-06,CVR486,Cultivar,Fungicide,16,3,1,0.48390389710858184,0,0,0.45754098825158945,0.7426613575648389,0.6737979531162367,0.2017815173904404,0.4128356527944175,0.4756624154300921
56A,2021-08-06,WLD130,Wild cicer,Fungicide,17,3,1,0.16972773348418108,0,0,0.13695184609265562,0.7477931668337212,0.653556340406247,0.2613010533889985,0.38401001650940425,0.5103293644861404
57A,2021-08-06,CVR484,Cultivar,Fungicide,18,3,1,0.44224538057857626,0,0,0.38177537583648474,0.7865102495901088,0.6876052232985752,0.2987813719665438,0.4568877235312791,0.5145101373372373
4A,2021-08-06,CVR493,Cultivar,Infected,4,1,1,0.6783875940614169,1,8.943144799468498e-4,0.5504010204802682,0.7939565349410957,0.6535298163770817,0.23754388004356225,0.4326860390282613,0.5503262094735383
5A,2021-08-06,CVR489,Cultivar,Infected,5,1,1,0.15926093597803354,0,0,0.09800800693115728,0.7201688129295606,0.5986106198363864,0.23976875253230664,0.3501910684406064,0.4947527479362788
6A,2021-08-06,CVR010,Cultivar,Infected,6,1,1,0.19572580108726717,0,0,0.14107808535800104,0.7209483471229268,0.5861206384743343,0.2646207943692247,0.3371601010055674,0.5070360405702323
13A,2021-08-06,CVR017,Cultivar,Infected,4,2,1,0.3685935738232925,13,0.00556792843915403,0.2805842700434895,0.8267986512288623,0.690422220622994,0.24023728275446724,0.48217478899984273,0.5730945919582111
14A,2021-08-06,CVR019,Cultivar,Infected,5,2,1,0.3972447758575255,7,0.00192773790566381,0.30946794490090757,0.8349396499787398,0.6888597427176999,0.3316693591251449,0.4423834080489113,0.622476195846359
15A,2021-08-06,WLD131,Wild cicer,Infected,6,2,1,0.05005182820107452,0,0,0.02039541122585029,0.7850345832455877,0.6082176718391115,0.47493778700007633,0.3487157250678197,0.6007865109646916
22A,2021-08-06,Howzat,Cultivar,Infected,4,3,1,0.4727348967317687,12,0.00834692857465026,0.364405873405221,0.807569647433448,0.6851503637036582,0.1976614824236013,0.4594462637860649,0.5534859724197316
23A,2021-08-06,Genesis090,Cultivar,Infected,5,3,1,0.4219477428831104,0,0,0.3446392224483758,0.8077436860737693,0.6723491699734313,0.2387313111416013,0.4667794033821762,0.5473276798763435
24A,2021-08-06,CVR477,Cultivar,Infected,6,3,1,0.4686740442815988,12,0.00396146888957712,0.35332397366400764,0.8209395176158533,0.6562921915891183,0.31303260277346723,0.44219761099794574,0.5945876106979503
61A,2021-08-06,CVR487,Cultivar,Fungicide,1,5,2,0.11608539626517494,0,0,0.08735837987488476,0.6887716441358636,0.6332542459746154,0.21046205423397427,0.4125170483874937,0.38590053133316526
62A,2021-08-06,WLD132,Wild cicer,Fungicide,2,5,2,0.12840706927874104,0,0,0.10193775861243864,0.7587865879434992,0.686113212992807,0.3670105269679968,0.3370357052269152,0.5666700444577977
63A,2021-08-06,CVR482,Cultivar,Fungicide,3,5,2,0.2868863077215053,0,0,0.22713964717806295,0.7001083562088105,0.6853397641368085,0.3092089957329731,0.42565342920375465,0.390963396333615
70A,2021-08-06,WLD133,Wild cicer,Fungicide,1,6,2,0.14357730110727132,0,0,0.124848210914309,0.7671625479473925,0.6636764065613259,0.31669668617619634,0.3909365083041158,0.5373980954526677
71A,2021-08-06,WLD130,Wild cicer,Fungicide,2,6,2,0.08253202324705007,0,0,0.05623474655913635,0.775903180160729,0.6678179213453868,0.39429945626323465,0.4058370318690133,0.5401560040036962
72A,2021-08-06,WLD129,Wild cicer,Fungicide,3,6,2,0.14927110645950792,0,0,0.10256651888144364,0.7964868514182122,0.6755247079558246,0.44013713641593016,0.4107570013811157,0.5732883186785576
79A,2021-08-06,CVR490,Cultivar,Fungicide,1,7,2,0.5940669408607847,0,0,0.5669845725752755,0.8246499840567882,0.7345116613275285,0.2974941907418079,0.49491437417401907,0.5571092298077818
80A,2021-08-06,CVR494,Cultivar,Fungicide,2,7,2,0.5111043215137981,0,0,0.4435510722662278,0.8236550341209321,0.72872793499021,0.31680158991308116,0.5077517734503058,0.5429871807155163
81A,2021-08-06,WLD131,Wild cicer,Fungicide,3,7,2,0.19888240172757052,0,0,0.15235647268327857,0.8200404536762992,0.6824873516150284,0.43357185627844624,0.4068129680598916,0.620092140234887
88A,2021-08-06,CVR493,Cultivar,Fungicide,1,8,2,0.722616438080274,0,0,0.7245676149946583,0.8218741442514219,0.7268771622598788,0.3167344370367498,0.4956222125133077,0.5504866639742929
89A,2021-08-06,CVR477,Cultivar,Fungicide,2,8,2,0.468120893907065,3,0.00181512358430176,0.4596237566426686,0.8050292401642571,0.7068587005371033,0.2911723449057226,0.4784402346076048,0.5311758250456656
90A,2021-08-06,CVR488,Cultivar,Fungicide,3,8,2,0.109099802613129,0,0,0.0773768106044301,0.7526686647281727,0.643328872944328,0.3061024166462946,0.431788005867149,0.47537403662363226
64A,2021-08-06,CVR015,Cultivar,Fungicide,4,5,2,0.5490365256405075,0,0,0.4754213584014197,0.7059408255179734,0.6297658215421881,0.1508721827407887,0.4027099314552152,0.4236780707257644
65A,2021-08-06,CVR016,Cultivar,Fungicide,5,5,2,0.6003437070867814,0,0,0.5234822214634908,0.7350329069198113,0.6431844674171865,0.224107093093367,0.37925537076135546,0.4932894601402587
66A,2021-08-06,CVR485,Cultivar,Fungicide,6,5,2,0.3722933880050542,4,0.00251070486738854,0.3126903412795583,0.6912504837159987,0.6327886436978086,0.19720894365068475,0.3944576171967941,0.408057506344318
73A,2021-08-06,CVR010,Cultivar,Fungicide,4,6,2,0.03412639705880952,0,0,0.0224388821001166,0.7337067647510013,0.6260497395856062,0.20871674538782037,0.39014886143284966,0.4813453479842823
74A,2021-08-06,Genesis090,Cultivar,Fungicide,5,6,2,0.43454764722278927,0,0,0.3937611184643929,0.736248228662947,0.642437477405561,0.16866455952094683,0.4524278219933298,0.4255811347641976
75A,2021-08-06,CVR019,Cultivar,Fungicide,6,6,2,0.5448531189157404,0,0,0.490747389958417,0.7631985934311414,0.6268796364130917,0.28090182490442095,0.4273053570098116,0.4984458092395899
82A,2021-08-06,CVR017,Cultivar,Fungicide,4,7,2,0.14026171113776068,0,0,0.13306139192818706,0.715547605164209,0.6264547048147414,0.13035398332013,0.3957669524748998,0.4461163977778416
83A,2021-08-06,CVR496,Cultivar,Fungicide,5,7,2,0.636974186080606,0,0,0.5663951098230833,0.7811715914144537,0.6734034563007323,0.2413309749923632,0.4187694717539329,0.538592236901591
84A,2021-08-06,CVR009,Cultivar,Fungicide,6,7,2,0.5190272897526288,0,0,0.43191900728963495,0.7347957865430208,0.6141698737899576,0.226038789754568,0.4194319227968104,0.45585777592276233
67A,2021-08-06,CVR481,Cultivar,Fungicide,7,5,2,0.3348845237536522,0,0,0.2908016244148211,0.6832773005694613,0.6446481297827761,0.10159567010231944,0.3990069106922381,0.3908207846190114
68A,2021-08-06,CVR489,Cultivar,Fungicide,8,5,2,0.08375756599302304,0,0,0.08232829772284463,0.6312030472204332,0.6061614562065525,0.17054422869083774,0.29567573447445955,0.4125157067650449
69A,2021-08-06,Howzat,Cultivar,Fungicide,9,5,2,0.41070256011938544,0,0,0.3281342653869941,0.6766002845146893,0.6427344753582311,0.20794262378756928,0.34530224104454565,0.4322960616686999
76A,2021-08-06,CVR484,Cultivar,Fungicide,7,6,2,0.3852013341700722,2,0.00119242238702062,0.3737586824066707,0.7405728730616421,0.6700362145451718,0.1107618859187147,0.4481680328165295,0.4376669903990008
77A,2021-08-06,CVR492,Cultivar,Fungicide,8,6,2,0.19189018352014095,3,0.00103011424168633,0.17628866042228208,0.7128102455076912,0.6343839846378982,0.23808576147779037,0.3729906149269993,0.46288850698440864
78A,2021-08-06,CVR011,Cultivar,Fungicide,9,6,2,0.00441195388550269,0,0,0,NA,NA,NA,NA,NA
85A,2021-08-06,CVR495,Cultivar,Fungicide,7,7,2,0.436472080561736,2,9.141849861910852e-4,0.43195830480644776,0.7284623617377707,0.672532956632079,0.09722179187473204,0.4296191843996516,0.4349729110187712
86A,2021-08-06,CVR491,Cultivar,Fungicide,8,7,2,0.5806522162089184,0,0,0.5492220949758837,0.7489023897714747,0.6686807620073197,0.20239848930777937,0.3944628568349515,0.5030466423589289
87A,2021-08-06,CVR486,Cultivar,Fungicide,9,7,2,0.4568757111433401,1,6.492038307733794e-4,0.4018957044446453,0.7300138322267177,0.6458536651383916,0.2093264503943995,0.4046285253394813,0.4617912466215698
7A,2021-08-06,CVR487,Cultivar,Infected,7,1,1,0.22070037488358124,0,0,0.15970510832727472,0.7066011935711003,0.6624939695429389,0.23204706471774705,0.34671275699035875,0.4766656275056088
8A,2021-08-06,WLD132,Wild cicer,Infected,8,1,1,0.08064071268502152,0,0,0.06016449824041772,0.7534487482054038,0.688320025190136,0.3741167670424437,0.23689181475107665,0.6287864037083434
9A,2021-08-06,CVR492,Cultivar,Infected,9,1,1,0.4250977189680301,1,3.643490886993456e-4,0.354935171853333,0.7557619450705229,0.7049102315764848,0.3221810567757718,0.3598741375179234,0.5437863803774253
16A,2021-08-06,CVR490,Cultivar,Infected,7,2,1,0.3826210698481453,3,8.413151684512161e-4,0.31143282074154827,0.7980757916578265,0.7305910166383714,0.2867960580380698,0.3955937144082268,0.5881779549591981
17A,2021-08-06,CVR011,Cultivar,Infected,8,2,1,0.06652378516248962,0,0,0.07313267878864622,0.7416227228350655,0.6716062880875858,0.28189380218853277,0.3370951438445289,0.5393682487666296
18A,2021-08-06,CVR486,Cultivar,Infected,9,2,1,0.4267439209808641,13,0.00449805852220494,0.3627946752158957,0.7997605032865824,0.7106034777210565,0.3853373231773667,0.3588085202530059,0.6184120511209537
25A,2021-08-06,CVR484,Cultivar,Infected,7,3,1,0.2692517412902618,8,0.00383560735869144,0.21759035059254925,0.7688822371236783,0.729941835834732,0.2432297165605336,0.3668980019000552,0.5599456676254488
26A,2021-08-06,CVR494,Cultivar,Infected,8,3,1,0.373886593574819,3,0.00149383578160505,0.3126117462459327,0.7886184454818321,0.7227092872519572,0.29090411879029965,0.39067410919197154,0.575141205760896
27A,2021-08-06,WLD133,Wild cicer,Infected,9,3,1,0.1307753478283915,0,0,0.08680821463950537,0.7579415223858416,0.6897516494012866,0.3615750726864921,0.33176018469205504,0.569346178118563
91A,2021-08-06,CVR484,Cultivar,Infected,10,5,2,0.3159614813002911,4,0.00248420818937242,0.23751419161664575,0.7285100822158035,0.6578232025813535,0.1898202872412305,0.464803629357382,0.39871800247721856
92A,2021-08-06,WLD132,Wild cicer,Infected,11,5,2,0.09652639649498468,0,0,0.05658842421045167,0.7497031884928812,0.6382031955480711,0.3534977405101713,0.3293616025345103,0.5581658098090979
93A,2021-08-06,CVR488,Cultivar,Infected,12,5,2,0.00658812032902767,0,0,0,NA,NA,NA,NA,NA
100A,2021-08-06,CVR494,Cultivar,Infected,10,6,2,0.3044943759312143,1,2.5504436208954195e-4,0.24560948008008535,0.7843057700675502,0.6665084773171922,0.24786554068954111,0.4908956565402065,0.47709915431388705
101A,2021-08-06,WLD130,Wild cicer,Infected,11,6,2,0.14317320322886942,0,0,0.09553226337195,0.7740008966311088,0.6280347734055921,0.36229132684477894,0.4079923554211013,0.534933195388158
102A,2021-08-06,CVR482,Cultivar,Infected,12,6,2,0.2711264904638313,0,0,0.19204696466422036,0.7791055968071146,0.6256087493957129,0.4005896086699592,0.4551994336570443,0.5019065210549835
109A,2021-08-06,CVR016,Cultivar,Infected,10,7,2,0.5838055045715299,3,0.00134146894754939,0.5013184219810639,0.8187785107105298,0.6834308072973819,0.32071494284778584,0.4830503106182908,0.555391940804851
110A,2021-08-06,CVR011,Cultivar,Infected,11,7,2,0.1004481332820982,1,0.0012917862130734,0.07321127382227186,0.779029675561914,0.6331245284371144,0.2789801110226525,0.4528697930697933,0.5039545465892397
111A,2021-08-06,WLD133,Wild cicer,Infected,12,7,2,0.1426896106858639,0,0,0.0914846191402302,0.7826722617914977,0.6029073634192742,0.3962262824594138,0.415297384617402,0.5442927374340035
118A,2021-08-06,CVR477,Cultivar,Infected,10,8,2,0.47565632565595295,3,0.00124541143046321,0.392896573094511,0.7812907361811908,0.6623366123832665,0.2588903233867056,0.4611180015553541,0.5004788656882914
119A,2021-08-06,CVR487,Cultivar,Infected,11,8,2,0.04900514845045976,0,0,0.03151660848387656,0.74705442070368,0.637001424492298,0.21781558044749796,0.4566863497249826,0.4407326252387491
120A,2021-08-06,CVR010,Cultivar,Infected,12,8,2,0.20300287517619317,0,0,0.15282804288503232,0.7872155604985007,0.637650033202007,0.29772847366334243,0.47605854582583224,0.49766067516165113
94A,2021-08-06,CVR481,Cultivar,Infected,13,5,2,0.2831169357082155,1,4.7696607975187047e-4,0.27488613010563157,0.7007676808466533,0.7076649723415327,0.10911697375837044,0.39119028374186904,0.4264935776445072
95A,2021-08-06,CVR489,Cultivar,Infected,14,5,2,0.02059905496542137,0,0,0.00746652819443459,0.595945608538995,0.6416456200894518,0.3260391818257526,0.2931727698567374,0.36687065408724745
96A,2021-08-06,CVR015,Cultivar,Infected,15,5,2,0.2911127740562662,0,0,0.2496571243118052,0.7402859932661798,0.7182210989525841,0.2966748727708224,0.3753653337983087,0.5053446749209164
103A,2021-08-06,WLD129,Wild cicer,Infected,13,6,2,0.06969363491356025,0,0,0.04629247480549449,0.7741019424852736,0.7111967918917959,0.26867442420498105,0.3649445665195773,0.5702575983873123
104A,2021-08-06,CVR491,Cultivar,Infected,14,6,2,0.35971004505383436,6,0.0024278923008444,0.32463678639065363,0.7674959626090941,0.7112159602750161,0.2469834115124153,0.3981331613031148,0.5318901224526169
105A,2021-08-06,CVR495,Cultivar,Infected,15,6,2,0.3617371590012275,1,3.643490886993456e-4,0.33218190961871386,0.7789054482995647,0.7058059213636523,0.31175464841231554,0.3959638285881461,0.5537186219659779
112A,2021-08-06,CVR496,Cultivar,Infected,13,7,2,0.4672332034856576,0,0,0.4363989242062957,0.7901184115794543,0.7349048801097384,0.2555436686822623,0.39485627283604074,0.5744949034931445
113A,2021-08-06,CVR486,Cultivar,Infected,14,7,2,0.4571837529686793,5,0.00247095214932139,0.3719902941500941,0.7563494839930704,0.7093283167008696,0.20428994047354893,0.40271001010480784,0.508533417499812
114A,2021-08-06,CVR485,Cultivar,Infected,15,7,2,0.43588249513259225,7,0.00574680057639241,0.3552495519878355,0.7681202849013115,0.7085357148168286,0.2471791035314151,0.43010981860802927,0.5047765684358324
97A,2021-08-06,CVR017,Cultivar,Infected,16,5,2,0.28841989229281745,2,0.00105661461619697,0.26360774278035404,0.7418124358688832,0.6888421228561136,0.14269521551688097,0.4195628336360933,0.46786713044748224
98A,2021-08-06,Genesis090,Cultivar,Infected,17,5,2,0.4684223111770206,1,2.9810379984491917e-4,0.448148881733327,0.7746385763998542,0.7057185756653156,0.20836710890326732,0.4340689009964396,0.5130966290504471
99A,2021-08-06,CVR009,Cultivar,Infected,18,5,2,0.5257147784124111,0,0,0.4789581349145729,0.7537168551639123,0.6749576276231879,0.2548310790750221,0.4087470095786522,0.4985686229540828
106A,2021-08-06,CVR019,Cultivar,Infected,16,6,2,0.45778327523089846,5,0.00227884204380839,0.3985161179987433,0.8116324074383323,0.7156129631212704,0.24841216199889676,0.4446384588014412,0.5742202738081278
107A,2021-08-06,CVR490,Cultivar,Infected,17,6,2,0.4523941994263092,6,0.00251401343532402,0.4194223969431602,0.7989375087484085,0.7052765959117095,0.2329613217400716,0.4448662280590322,0.5493056785107695
108A,2021-08-06,WLD131,Wild cicer,Infected,18,6,2,0.00647219060981401,0,0,0,NA,NA,NA,NA,NA
115A,2021-08-06,CVR493,Cultivar,Infected,16,7,2,0.645201883867084,2,8.611908087156058e-4,0.5904451901125253,0.8166995696671373,0.728202830466019,0.24310147713188276,0.4494056116979714,0.5802701426815375
116A,2021-08-06,Howzat,Cultivar,Infected,17,7,2,0.3666360177074276,4,0.00244777184297684,0.3043592677152418,0.7545266029933437,0.6646683412165267,0.1680653052905283,0.4190443862427049,0.4906002809044024
117A,2021-08-06,CVR492,Cultivar,Infected,18,7,2,0.12584999090065688,1,3.312264442721324e-4,0.11180143533245486,0.7263137119294142,0.6099844740577401,0.2115396129703547,0.3824657314392073,0.47610533019880985
121A,2021-08-10,CVR019,Cultivar,Infected,1,9,3,0.37252855972117327,3,0.00132160008420433,0.3235757534367077,0.7734624667918253,0.6560693872920126,0.21911449558977653,0.4182944776252679,0.5250353386897868
122A,2021-08-10,CVR016,Cultivar,Infected,2,9,3,0.4564053677111018,1,4.736538153091493e-4,0.4372634695761776,0.7365468418024925,0.6401023269243102,0.2175760223253658,0.3607667698776076,0.5117678590425278
123A,2021-08-10,WLD131,Wild cicer,Infected,3,9,3,0.12207730660967522,0,0,0.07627648013367132,0.7295628718507244,0.662735856813967,0.26018421288692845,0.3488220559707045,0.510710253194309
130A,2021-08-10,CVR485,Cultivar,Infected,1,10,3,0.4106694373424673,0,0,0.3544243041347664,0.774766038225763,0.653491742548419,0.16699995918432914,0.4585720360824262,0.4904407560294818
131A,2021-08-10,CVR010,Cultivar,Infected,2,10,3,0.03015497610631873,0,0,0.01630846947731767,0.7471762010416815,0.6445662442970608,0.22935239898683835,0.4196371679058088,0.4771442170079234
132A,2021-08-10,CVR491,Cultivar,Infected,3,10,3,0.25352173453181415,1,4.637170219809854e-4,0.2243102259675404,0.7738842890464078,0.6452206449253345,0.2758842896477458,0.40709295046896177,0.5354952969623645
139A,2021-08-10,CVR011,Cultivar,Infected,1,11,3,0.1628050731082797,0,0,0.13962407723592693,0.7549870093205727,0.6409584596556613,0.14034739641980282,0.44309075489126654,0.4686840975573542
140A,2021-08-10,WLD132,Wild cicer,Infected,2,11,3,0.067504219359268,1,2.5504436208954195e-4,0.05643123414320042,0.8043999966233889,0.6857344208947044,0.2925155532381734,0.3497037237361348,0.6326663866600734
141A,2021-08-10,CVR487,Cultivar,Infected,3,11,3,0.02237443580823627,0,0,0.00471570201753763,0.6864621905251288,0.6061637907799964,0.294340257416441,0.4252293370987224,0.3689228615842189
148A,2021-08-10,CVR495,Cultivar,Infected,1,12,3,0.4383998261783746,9,0.00363686841171607,0.375802153280937,0.7503981227995088,0.6530692900577592,0.1434106674218965,0.4297254198524076,0.473293295804192
149A,2021-08-10,CVR493,Cultivar,Infected,2,12,3,0.6223239818496913,2,7.353227062841338e-4,0.613080559796706,0.8109732433971314,0.6877031597676357,0.2548095040728159,0.45919396029007503,0.5605097651978554
150A,2021-08-10,CVR492,Cultivar,Infected,3,12,3,0.3391871724753248,6,0.00227221340770682,0.32117860491112604,0.7509563045898624,0.6428116635197269,0.2116908561833657,0.4323850521781381,0.471749338731459
124A,2021-08-10,Howzat,Cultivar,Infected,4,9,3,0.3657715132298629,10,0.00503133256354497,0.3201568694739929,0.7567782372963855,0.6434765080247697,0.17073473415827622,0.3984545660338766,0.5130208831364343
125A,2021-08-10,CVR496,Cultivar,Infected,5,9,3,0.4031505669820385,18,0.00959233240675092,0.3649953361574133,0.7931600324419573,0.6800313146934979,0.27575176372062865,0.3979718764704185,0.5774695206890419
126A,2021-08-10,CVR484,Cultivar,Infected,6,9,3,0.2422103062142528,5,0.00214965962332613,0.1909466341934616,0.7253856093812683,0.6292810623635953,0.25870298882051257,0.35855508691267146,0.49577768866553235
133A,2021-08-10,CVR482,Cultivar,Infected,4,10,3,0.39140523028684887,1,4.173453197828868e-4,0.3854693424168892,0.8030066441068084,0.6690653718821621,0.18341463099299335,0.4586324227979339,0.5451416499037727
134A,2021-08-10,CVR015,Cultivar,Infected,5,10,3,0.46535845431208817,7,0.00386873636931638,0.473456482560779,0.8337920817201968,0.6930984556499646,0.29629220162890024,0.43681575616417606,0.6243862321821264
135A,2021-08-10,CVR481,Cultivar,Infected,6,10,3,0.33402664383147107,11,0.00389522635255749,0.3196067042386135,0.7993822754248818,0.6367432474066353,0.3133562880546376,0.41505051944387866,0.5751609845603491
142A,2021-08-10,WLD129,Wild cicer,Infected,4,11,3,0.09329361346776947,0,0,0.07442949684346907,0.8286137006843899,0.6916582304797719,0.22976627856781448,0.44194830660542583,0.610079034009827
143A,2021-08-10,CVR477,Cultivar,Infected,5,11,3,0.4154026821640764,14,0.00391509685880173,0.3757628557641242,0.8066345016738756,0.661351780337435,0.22617020773781757,0.4490601893067136,0.5606611759862763
144A,2021-08-10,WLD133,Wild cicer,Infected,6,11,3,0.10661228206657306,0,0,0.09364598256493496,0.7976526298867813,0.6483380572017521,0.308532390414839,0.3845020889870533,0.5959180817104172
127A,2021-08-10,CVR489,Cultivar,Infected,7,9,3,0.17195358409308334,0,0,0.14390750656852364,0.7678570230269636,0.6757647147699887,0.27866631885364396,0.3802719631211039,0.5474322707390037
128A,2021-08-10,CVR009,Cultivar,Infected,8,9,3,0.42881409453825087,2,6.359547730024941e-4,0.3765881036171933,0.7820692191468298,0.6923218371881785,0.3448320238355741,0.361983785564563,0.5859719770186891
129A,2021-08-10,CVR486,Cultivar,Infected,9,9,3,0.3440164733499967,1,5.829608008878209e-4,0.3156376550405193,0.770503685151871,0.6868345625132385,0.3333126385076094,0.3741451005645016,0.5569025517659618
136A,2021-08-10,CVR488,Cultivar,Infected,7,10,3,0.06755721580233709,1,2.9810379984491917e-4,0.05662772172726448,0.7816569532446902,0.6784869804225573,0.3133091958477785,0.39147860925921224,0.5622182355566652
137A,2021-08-10,CVR490,Cultivar,Infected,8,10,3,0.5405835929709859,11,0.00437551015936226,0.4996679262749257,0.8127645267418894,0.7018383787994744,0.3364022410277854,0.4314598649437814,0.5872326216869544
138A,2021-08-10,CVR494,Cultivar,Infected,9,10,3,0.24088870741521703,1,5.630870088706867e-4,0.1946798982906789,0.7941204366580429,0.6567594927452536,0.3993440078620049,0.4154886347218924,0.5650782491439079
145A,2021-08-10,CVR017,Cultivar,Infected,7,11,3,0.40697955999378105,0,0,0.3875914083247811,0.8040579349337325,0.7047228524726985,0.31426172801591723,0.42174363594231273,0.5784807886929473
146A,2021-08-10,Genesis090,Cultivar,Infected,8,11,3,0.4906874418214268,7,0.00296116892973059,0.4618244175841862,0.8128511682200925,0.7081610160165226,0.34193891969945045,0.4116918512656325,0.6029245079246491
147A,2021-08-10,WLD130,Wild cicer,Infected,9,11,3,0.08050490929965695,0,0,0.04841454071338643,0.8026465485458952,0.6771138926338656,0.3460405291675467,0.4359404805173726,0.5640817126132649
151A,2021-08-10,WLD130,Wild cicer,Fungicide,10,9,3,0.10910973944620446,0,0,0.04275569829234126,0.6969076118940987,0.648821913246191,0.16109153154034506,0.38593064504280006,0.4253886488535232
152A,2021-08-10,CVR482,Cultivar,Fungicide,11,9,3,0.3455798684205352,0,0,0.26014956130082645,0.6963787256520719,0.6626093744127578,0.13845987340808685,0.39870073032151065,0.4120947436777664
153A,2021-08-10,CVR491,Cultivar,Fungicide,12,9,3,0.3720118444012496,0,0,0.32919529834094,0.711237499906085,0.6635203395812856,0.23471620723503384,0.3551690284479216,0.4764155908136164
160A,2021-08-10,Howzat,Cultivar,Fungicide,10,10,3,0.5128233936358522,0,0,0.4385995851478133,0.7732093776650452,0.6921355520098155,0.14457395662410755,0.4630674223969019,0.4831233344115068
161A,2021-08-10,CVR009,Cultivar,Fungicide,11,10,3,0.5327467439521425,1,1.3911539409942425e-4,0.4815910685410314,0.7538825954677509,0.6874030037755574,0.2049319338187132,0.3935379775851567,0.5123490751641542
162A,2021-08-10,CVR484,Cultivar,Fungicide,12,10,3,0.4327292067699807,0,0,0.3818539708701104,0.7634749092274258,0.6831814877027275,0.2406546045991317,0.42308510676804106,0.5028024754158634
169A,2021-08-10,CVR019,Cultivar,Fungicide,10,11,3,0.5559360000725662,0,0,0.4715702017537639,0.7933672554240275,0.705105730115032,0.21108039210879528,0.43923338961468095,0.5435447451057894
170A,2021-08-10,CVR495,Cultivar,Fungicide,11,11,3,0.5808642019811948,1,4.007839975692802e-4,0.5296126340862897,0.771336292074132,0.697420904716919,0.18085531025817103,0.42395756105716176,0.5161751584919162
171A,2021-08-10,CVR010,Cultivar,Fungicide,12,11,3,0.07913031405755212,0,0,0.05792453978208733,0.7592874878517689,0.6392960144411832,0.28895263031231894,0.4069043889941958,0.5099296405569795
178A,2021-08-10,CVR016,Cultivar,Fungicide,10,12,3,0.6694775670704243,0,0,0.6497844404998739,0.7677950463991329,0.6973938684588777,0.19895212853363492,0.4010402711993134,0.5299286849185953
179A,2021-08-10,CVR494,Cultivar,Fungicide,11,12,3,0.5915992939803797,1,5.06778307983618e-4,0.5762587865430995,0.7737020255036642,0.6976513471340972,0.18057276131858413,0.4345356014788686,0.5109475343513334
180A,2021-08-10,WLD129,Wild cicer,Fungicide,12,12,3,0.0882490145431294,0,0,0.07348635643996154,0.7545593609443318,0.6872949076349563,0.1963456230894265,0.3875746076255202,0.518668279283506
154A,2021-08-10,CVR493,Cultivar,Fungicide,13,9,3,0.6374379049574606,0,0,0.6251448974582398,0.793351584179951,0.7074005899426796,0.29975991491498455,0.4401730125794895,0.5426937008358139
155A,2021-08-10,WLD132,Wild cicer,Fungicide,14,9,3,0.11154095127199948,0,0,0.0865724295386285,0.7570303757757095,0.6699647963772469,0.3379222590740629,0.32949320016883493,0.5696214864017064
156A,2021-08-10,CVR489,Cultivar,Fungicide,15,9,3,0.1749379462934121,5,0.00162632368962342,0.14072440770668573,0.7237005788004477,0.6625749775904911,0.3213612269514916,0.3830548915615438,0.47129734548984814
163A,2021-08-10,WLD131,Wild cicer,Fungicide,13,10,3,0.00187474917356946,0,0,0,NA,NA,NA,NA,NA
164A,2021-08-10,CVR485,Cultivar,Fungicide,14,10,3,0.571735564662542,1,2.5504436208954195e-4,0.5618365978727969,0.8044186195479807,0.7096311284858243,0.3155597281691179,0.4466662976982934,0.5583831052447141
165A,2021-08-10,CVR488,Cultivar,Fungicide,15,10,3,0.0029015552580333,0,0,0,NA,NA,NA,NA,NA
172A,2021-08-10,CVR481,Cultivar,Fungicide,13,11,3,0.4616983874626283,0,0,0.4481095842165142,0.7929140597849593,0.7099412927503054,0.28219485574538195,0.4164133221222913,0.5620923907617226
173A,2021-08-10,CVR490,Cultivar,Fungicide,14,11,3,0.2668768381852277,0,0,0.2632540651290387,0.7636251367422088,0.6732942068129943,0.23936211701242188,0.432044331188599,0.4948375742476561
174A,2021-08-10,CVR486,Cultivar,Fungicide,15,11,3,0.5529814483714638,0,0,0.537354244898414,0.8182463710990286,0.7080612433883272,0.34442011135547035,0.4697436145796482,0.5660875796900638
157A,2021-08-10,CVR492,Cultivar,Fungicide,16,9,3,0.30445131632122063,0,0,0.3293524884081913,0.7095959764224263,0.6291635048773514,0.18144850290351253,0.39605738980857214,0.4361006246136168
158A,2021-08-10,CVR487,Cultivar,Fungicide,17,9,3,0.05292026068218963,0,0,0.05183342467610122,0.7078757674749434,0.6379700226347461,0.17998646809869137,0.36087345299448664,0.46605866560331594
159A,2021-08-10,CVR477,Cultivar,Fungicide,18,9,3,0.41288203884060226,0,0,0.4178111987538348,0.7657079138262187,0.6814197334294588,0.29180987178627293,0.4188557670227824,0.510618223805139
166A,2021-08-10,CVR017,Cultivar,Fungicide,16,10,3,0.222806983495578,0,0,0.2318160516787878,0.7781573264253143,0.6746039965011574,0.2290575068086808,0.4431112355712316,0.5113726109031334
167A,2021-08-10,CVR015,Cultivar,Fungicide,17,10,3,0.6447050422133112,0,0,0.6556004729881703,0.8333256916329397,0.7292046655685513,0.3496643860580389,0.4489300975148486,0.6141534671080116
168A,2021-08-10,Genesis090,Cultivar,Fungicide,18,10,3,0.5246879723279473,0,0,0.5436418475884642,0.8012886254489261,0.6801241890189492,0.3295722629777028,0.45799927212017005,0.5423123494351402
175A,2021-08-10,CVR011,Cultivar,Fungicide,16,11,3,0.00795609101574885,0,0,0.00271152866008414,0.5530785603259277,0.560820573785312,0.03921011227919616,0.2474079318556542,0.3541281106853677
176A,2021-08-10,CVR496,Cultivar,Fungicide,17,11,3,0.6882383079168862,0,0,0.6935618742293483,0.8359562265157133,0.7382926511424096,0.3232208176986629,0.4756646512144889,0.5981281644433444
177A,2021-08-10,WLD133,Wild cicer,Fungicide,18,11,3,0.24731452613734561,0,0,0.22014468918538213,0.7866938845060795,0.6702187859008966,0.31576604605774683,0.4022067389264294,0.5624557998147943
1A,2021-08-10,CVR482,Cultivar,Infected,1,1,1,0.2776914248490162,0,0,0.22057696187032308,0.7476423929805938,0.7030966130643587,0.215876775309494,0.43114041670079234,0.4670504980434802
2A,2021-08-10,CVR016,Cultivar,Infected,2,1,1,0.4872426730219353,1,2.3848303987593532e-4,0.41313479425311,0.77242993601287,0.7059156790669214,0.33352909911951784,0.33700354230574175,0.5886619395404789
3A,2021-08-10,CVR496,Cultivar,Infected,3,1,1,0.4480816138715611,2,9.837447984571012e-4,0.39077450718661905,0.7694878248665917,0.7002528416191126,0.34411622299041505,0.337158557631305,0.5837864858594423
10A,2021-08-10,CVR485,Cultivar,Infected,1,2,1,0.4651564053728872,14,0.00632974367515327,0.3707720711288969,0.7887331879974759,0.7075557141942784,0.2714393325250554,0.3910373733696913,0.5750574098261848
11A,2021-08-10,CVR481,Cultivar,Infected,2,2,1,0.33330787957234637,10,0.00322945816023058,0.2764187332613313,0.8089644718526764,0.7274701866529583,0.3300738409265648,0.3951910793381114,0.6082179649446635
12A,2021-08-10,CVR009,Cultivar,Infected,3,2,1,0.5099847716539634,1,2.9810379984491917e-4,0.4459482207918094,0.8246665084626337,0.7284915589713741,0.38131496952590493,0.40569112774999655,0.6296214667474792
19A,2021-08-10,CVR495,Cultivar,Infected,1,3,1,0.32161222704253406,15,0.00622043755208999,0.2298511758381471,0.7422922337822364,0.6637155619119902,0.20884857932945708,0.33629905605275423,0.541058885489588
20A,2021-08-10,CVR488,Cultivar,Infected,2,3,1,0.13691962294671545,2,4.60404757538264e-4,0.11380560868990836,0.8035275524883622,0.7050489889140226,0.3403687666978811,0.3547549424945579,0.6277026102259231
21A,2021-08-10,WLD130,Wild cicer,Infected,3,3,1,0.07597040113955696,0,0,0.03300991412276347,0.804192774272075,0.6927525534048674,0.4011988743312035,0.38208207497242735,0.609341682347336
28A,2021-08-10,CVR491,Cultivar,Infected,1,4,1,0.29599838365169895,4,0.001341469358271,0.23020485348946243,0.7671308135611041,0.6815239245631207,0.27706740583357947,0.33810830785176405,0.5792695651498695
29A,2021-08-10,CVR015,Cultivar,Infected,2,4,1,0.46681254421879664,7,0.00266637287639066,0.4274390903729742,0.818501049397459,0.722613289896162,0.35707513094431265,0.3603735035853195,0.6497950522276555
30A,2021-08-10,WLD129,Wild cicer,Infected,3,4,1,0.1536466252904006,0,0,0.11930726104370228,0.8402876664292925,0.7358465998039913,0.37431557763381934,0.4029341294004056,0.6612347980020181
31A,2021-08-10,CVR011,Cultivar,Fungicide,10,1,1,0.14398471126336504,0,0,0.12056478158171231,0.6809027720124102,0.6223789623787939,0.0778114946451991,0.4241761190033682,0.3609882532733512
32A,2021-08-10,WLD131,Wild cicer,Fungicide,11,1,1,0.04271182083600396,0,0,0.01823404780114554,0.6752202592290724,0.6249984580579154,0.19115225599167476,0.30895943602707815,0.46281030536285134
33A,2021-08-10,CVR019,Cultivar,Fungicide,12,1,1,0.37057431588300016,0,0,0.34216347888916854,0.7536055104737598,0.6822949273090149,0.24958867736560708,0.4151658764807188,0.49254183414098823
40A,2021-08-10,CVR487,Cultivar,Fungicide,10,2,1,0.08290631062622561,1,5.06778307983618e-4,0.05867119260153079,0.7469096021204555,0.6469454527175643,0.2129928542886159,0.39989192263367407,0.49480867752108304
41A,2021-08-10,CVR490,Cultivar,Fungicide,11,2,1,0.2552540557646354,0,0,0.20902349192735584,0.7677827923247589,0.6703722068046072,0.22141669165227248,0.4454339802350124,0.48988923950088337
42A,2021-08-10,Howzat,Cultivar,Fungicide,12,2,1,0.458193997664684,0,0,0.42185884298555465,0.8079462170589473,0.6904794941523873,0.27268550602219843,0.4731270950979912,0.5420076369783043
49A,2021-08-10,CVR489,Cultivar,Fungicide,10,3,1,0.1708174728447895,0,0,0.13683395354221717,0.7527360848273251,0.6547948904961947,0.15896777122371358,0.4218329934620116,0.4848602367171785
50A,2021-08-10,CVR016,Cultivar,Fungicide,11,3,1,0.5520242001185282,0,0,0.5445456904751589,0.8240015518558415,0.7082047564492986,0.3074582145110104,0.42155234889477,0.616647881322492
51A,2021-08-10,WLD129,Wild cicer,Fungicide,12,3,1,0.16982710181493563,0,0,0.1196216411782048,0.823840971486562,0.6809542236141387,0.36026441381929436,0.4331319740879984,0.6074756769427332
58A,2021-08-10,CVR477,Cultivar,Fungicide,10,4,1,0.5617026755340228,1,2.5504436208954195e-4,0.5630548208939942,0.7857623442420526,0.694891869633699,0.18404532469584609,0.4420996255147832,0.5265935415621535
59A,2021-08-10,CVR492,Cultivar,Fungicide,11,4,1,0.3582294569255914,0,0,0.31917443155367253,0.7745474201658404,0.6869699883411047,0.1887211710780662,0.4325957736097216,0.5142639960031458
60A,2021-08-10,CVR495,Cultivar,Fungicide,12,4,1,0.4999320088592932,1,9.572514062266048e-4,0.4819054486755339,0.820102798140338,0.7036571019626918,0.2477814788069144,0.4707847415501832,0.5690070670356199
34A,2021-08-10,Genesis090,Cultivar,Fungicide,13,1,1,0.6433105733050554,0,0,0.625930847794496,0.7468804455283257,0.6910034706672075,0.18300464843491213,0.3575698858699524,0.5311643496581788
35A,2021-08-10,CVR491,Cultivar,Fungicide,14,1,1,0.14604163570998455,0,0,0.14830882845155877,0.7030503080460703,0.6772196815291873,0.16094277152223435,0.3122288176466454,0.5007402727939478
36A,2021-08-10,CVR494,Cultivar,Fungicide,15,1,1,0.3693322117485681,0,0,0.3776098390543265,0.7234978438946459,0.6871991175535385,0.20225374042848068,0.3431781972412781,0.505938436014938
43A,2021-08-10,CVR481,Cultivar,Fungicide,13,2,1,0.4966296680005498,0,0,0.48131598592334174,0.7916037120781003,0.7233143014251724,0.2094084887176878,0.37793354478554586,0.5902605345698998
44A,2021-08-10,CVR017,Cultivar,Fungicide,14,2,1,0.47012482191061544,3,0.00127190954600498,0.4500744600571549,0.8092874974350605,0.7399375570859854,0.28037498059777705,0.3758038344195904,0.6229407023657102
45A,2021-08-10,CVR010,Cultivar,Fungicide,15,2,1,0.0029545517011024,0,0,0,NA,NA,NA,NA,NA
52A,2021-08-10,CVR496,Cultivar,Fungicide,13,3,1,0.68556861209728015,0,0,0.6674683230656401,0.8080858007336564,0.7407282257724543,0.25741768183114633,0.3692551237106397,0.6254622452503283
53A,2021-08-10,CVR015,Cultivar,Fungicide,14,3,1,0.4883688474371536,0,0,0.4781328870615038,0.7967892979826889,0.7258550444374587,0.2535558412677324,0.3641130055115326,0.609507399697572
54A,2021-08-10,CVR009,Cultivar,Fungicide,15,3,1,0.4921514685612108,0,0,0.4605275995293633,0.792159508708074,0.7071539955692051,0.28361096995608626,0.3811540716222037,0.5887780254747768
37A,2021-08-10,WLD133,Wild cicer,Fungicide,16,1,1,0.21482770653598643,0,0,0.19770580708526553,0.7693571424945486,0.6615614945426673,0.26115844553473955,0.3500777794344917,0.5738324283602554
38A,2021-08-10,CVR488,Cultivar,Fungicide,17,1,1,0.00389192628788713,0,0,0,NA,NA,NA,NA,NA
39A,2021-08-10,CVR493,Cultivar,Fungicide,18,1,1,0.6698684158380589,0,0,0.6634599763507331,0.8234626343108102,0.7260425858776086,0.30601785364741313,0.4394595114842053,0.6017711595729255
46A,2021-08-10,CVR482,Cultivar,Fungicide,16,2,1,0.23098830939437057,0,0,0.2217558873747075,0.7861636191168231,0.6913747344875232,0.19398281491419075,0.4446056653111111,0.5250963511135407
47A,2021-08-10,CVR485,Cultivar,Fungicide,17,2,1,0.5373209994445443,0,0,0.5745689933201485,0.8281600053062291,0.7290385679714697,0.29630565713695917,0.44194811036714704,0.6091706293055605
48A,2021-08-10,WLD132,Wild cicer,Fungicide,18,2,1,0.1583036877250979,0,0,0.1549894063097371,0.8315696912422509,0.7012401776635389,0.4032740194031179,0.3568407115333617,0.6750385004688629
55A,2021-08-10,CVR486,Cultivar,Fungicide,16,3,1,0.5601856523511698,0,0,0.5650982917682604,0.7974020472635515,0.7075679574083722,0.21539549037804032,0.4197862585436169,0.5676200177401356
56A,2021-08-10,WLD130,Wild cicer,Fungicide,17,3,1,0.16608754030087217,0,0,0.14477205193840553,0.8077215383491854,0.6956974885980493,0.28424548286196794,0.3943820071970809,0.6065596032029069
57A,2021-08-10,CVR484,Cultivar,Fungicide,18,3,1,0.5316073204261568,1,2.649811554177059e-4,0.51648726347081,0.8411882884903107,0.7280829975893681,0.2944665583933419,0.4794833022717323,0.6062119176489792
4A,2021-08-10,CVR493,Cultivar,Infected,4,1,1,0.5391957486181138,3,0.00195092663181414,0.5037155705066455,0.7774424160115226,0.6680780803534943,0.2443336864311833,0.4606368606164719,0.49355780069025446
5A,2021-08-10,CVR489,Cultivar,Infected,5,1,1,0.12671118310052978,0,0,0.10103391572574393,0.714840645105889,0.6355387313517686,0.24303240504098733,0.4007247080036382,0.4402183924127236
6A,2021-08-10,CVR010,Cultivar,Infected,6,1,1,0.18164530861934527,0,0,0.16096262886528476,0.7260143138474713,0.6313463926326466,0.25863854665184766,0.42017452862439386,0.44009062981763714
13A,2021-08-10,CVR017,Cultivar,Infected,4,2,1,0.28703204793994536,16,0.00707832287326948,0.2641186104989206,0.7730113622491124,0.6623726366241613,0.229804974880501,0.4585880407612225,0.4870957164707906
14A,2021-08-10,CVR019,Cultivar,Infected,5,2,1,0.3354376741281859,13,0.00532281881678459,0.3121008785273661,0.8078392604816538,0.6859797977055588,0.32454170879620814,0.4654102302587139,0.5487439430642279
15A,2021-08-10,WLD131,Wild cicer,Infected,6,2,1,0.0379553900705521,0,0,0.01992384102409652,0.7988262135851218,0.6616804954122041,0.4328696422903978,0.4246249796156739,0.5662865012338261
22A,2021-08-10,Howzat,Cultivar,Infected,4,3,1,0.31824032835226246,29,0.01470649310320443,0.31658079544402684,0.7300446385289336,0.6556795790921941,0.15909916569182828,0.4272016519116208,0.44009961560158656
23A,2021-08-10,Genesis090,Cultivar,Infected,5,3,1,0.3935913335634494,6,0.00400454044363279,0.386766160471712,0.7687702731684386,0.6583751412559166,0.24305844738536408,0.4559967814617109,0.481602513319424
24A,2021-08-10,CVR477,Cultivar,Infected,6,3,1,0.3583917585324905,22,0.01114911045402942,0.34310661929267605,0.7619664804818945,0.6378315748152624,0.30692504776311497,0.4124698443106314,0.5096844387329283
61A,2021-08-10,CVR487,Cultivar,Fungicide,1,5,2,0.12515110030768312,0,0,0.08896957806421013,0.7182996936041531,0.6208423027788897,0.14258745271775042,0.437727261041511,0.4092478917355882
62A,2021-08-10,WLD132,Wild cicer,Fungicide,2,5,2,0.14213646031133012,0,0,0.11298036083683928,0.7703848983710541,0.6668201695130518,0.27920154345825615,0.35220925440894013,0.5738941958566663
63A,2021-08-10,CVR482,Cultivar,Fungicide,3,5,2,0.31893921894523625,0,0,0.28199898064875084,0.7297347730699691,0.6826819330004541,0.20332557706856463,0.45288048066746256,0.4135132362320631
70A,2021-08-10,WLD133,Wild cicer,Fungicide,1,6,2,0.14801244093661675,0,0,0.10543523760877906,0.7919561656198857,0.6536647321942266,0.2449914979563007,0.4240133866381847,0.5539638478831
71A,2021-08-10,WLD130,Wild cicer,Fungicide,2,6,2,0.08163439599256717,0,0,0.05698139937857981,0.8062390926615088,0.6681873624535215,0.3221590294315407,0.4487316441685607,0.5601677255030728
72A,2021-08-10,WLD129,Wild cicer,Fungicide,3,6,2,0.15100342769232916,0,0,0.0995013125700442,0.8354035441249655,0.6856271964123876,0.36918834257239275,0.4741684300910682,0.5981921948862683
79A,2021-08-10,CVR490,Cultivar,Fungicide,1,7,2,0.6290710915079262,1,2.914792709594765e-4,0.596811387836201,0.8212220848392252,0.7047320725433163,0.22068288931991104,0.487927886277891,0.5561365208082314
80A,2021-08-10,CVR494,Cultivar,Fungicide,2,7,2,0.5332237119397644,0,0,0.4926729682822449,0.8311469643815117,0.7183573823143615,0.22101363331870447,0.5395434385792426,0.5286885710392544
81A,2021-08-10,WLD131,Wild cicer,Fungicide,3,7,2,0.20428472664292704,0,0,0.15978370336090034,0.8457142077079481,0.6926723357537174,0.34599641401590653,0.45463179563747275,0.6353779836996611
88A,2021-08-10,CVR493,Cultivar,Fungicide,1,8,2,0.7849005077972354,0,0,0.7848107082687016,0.8406946115674095,0.7329664495432118,0.2686118752900842,0.5085485225451096,0.5802023011757738
89A,2021-08-10,CVR477,Cultivar,Fungicide,2,8,2,0.5277717028590306,0,0,0.5237180065643676,0.8210098041251485,0.7049009921348642,0.24074177191683752,0.4903354257432746,0.5534949442899932
90A,2021-08-10,CVR488,Cultivar,Fungicide,3,8,2,0.12699603898202622,0,0,0.10370614686901523,0.7674293115063551,0.6412762904415716,0.22461247410948856,0.4532486986052145,0.4817511777902848
64A,2021-08-10,CVR015,Cultivar,Fungicide,4,5,2,0.5423059773707316,0,0,0.4993535461404232,0.747393896358084,0.6497666815583244,0.19864711638864263,0.40220402105942904,0.49355484612672984
65A,2021-08-10,CVR016,Cultivar,Fungicide,5,5,2,0.5713612772833665,0,0,0.5318918900614329,0.7771070010019421,0.6557024216672418,0.26267010379160655,0.3944609122068138,0.5517912653779511
66A,2021-08-10,CVR485,Cultivar,Fungicide,6,5,2,0.32280464701158884,0,0,0.2568878674053629,0.7096048557680561,0.6263028623722212,0.21561015637496164,0.3815528931615146,0.4498495247332565
73A,2021-08-10,CVR010,Cultivar,Fungicide,4,6,2,0.02863464064577388,0,0,0.02004173357453496,0.7750222732789089,0.6387489898402148,0.24339565412406708,0.40906835001742736,0.5358327866929936
74A,2021-08-10,Genesis090,Cultivar,Fungicide,5,6,2,0.5002069279077141,0,0,0.463121235639009,0.7702826241905941,0.6619950658148536,0.20370532326094248,0.4498022479706297,0.4903872163599947
75A,2021-08-10,CVR019,Cultivar,Fungicide,6,6,2,0.5549390044873287,0,0,0.4863853655921947,0.8040057436486502,0.6553385783085361,0.3083381485709251,0.4641514005935931,0.5421884362222382
82A,2021-08-10,CVR017,Cultivar,Fungicide,4,7,2,0.13805573419500933,0,0,0.13427961494938428,0.7159220228936657,0.6134177272333042,0.17422598117487362,0.35893516910908363,0.480447166242682
83A,2021-08-10,CVR496,Cultivar,Fungicide,5,7,2,0.6285113165780088,0,0,0.5803064307748194,0.8012432920524283,0.6862309042885055,0.27691871785870137,0.41030261266157464,0.582408893960655
84A,2021-08-10,CVR009,Cultivar,Fungicide,6,7,2,0.5434321517859501,0,0,0.4776613168597501,0.771105458667218,0.6469031082837309,0.2522412668396496,0.4287564598936037,0.5114392145830805
67A,2021-08-10,CVR481,Cultivar,Fungicide,7,5,2,0.3451823950975169,0,0,0.3466433958058293,0.78020475231738,0.6795098224763377,0.18585850067581877,0.4676524611136694,0.4921034584552717
68A,2021-08-10,CVR489,Cultivar,Fungicide,8,5,2,0.09210450577640653,0,0,0.0920347843756096,0.7407516181303843,0.6380469141037594,0.24976643785222463,0.3841708100944546,0.4984182582491141
69A,2021-08-10,Howzat,Cultivar,Fungicide,9,5,2,0.4013255019738463,0,0,0.3987126055828074,0.7794967004750297,0.6671170124134544,0.29319097052190746,0.44367727868577894,0.5133636658869687
76A,2021-08-10,CVR484,Cultivar,Fungicide,7,6,2,0.40296839170898846,0,0,0.44115392374064616,0.8031055276175114,0.6968408688209575,0.19611813872391717,0.4851977845032836,0.5208742001519124
77A,2021-08-10,CVR492,Cultivar,Fungicide,8,6,2,0.18318883002373285,2,5.100887241790839e-4,0.18222258546101697,0.7790114584661111,0.6580842861122291,0.2929152931888622,0.4410445384501395,0.514862856095175
78A,2021-08-10,CVR011,Cultivar,Fungicide,9,6,2,0.00372300012560437,0,0,0,NA,NA,NA,NA,NA
85A,2021-08-10,CVR495,Cultivar,Fungicide,7,7,2,0.5309382403324094,1,6.75704410644824e-4,0.5482003595387506,0.8004080785973914,0.6996966087901929,0.21085233244357332,0.47263465630295914,0.5272217100117849
86A,2021-08-10,CVR491,Cultivar,Fungicide,8,7,2,0.6450296454271094,0,0,0.6519851014413914,0.8148179135716863,0.6960762292652543,0.2879157959077859,0.451099572277337,0.5751069647615284
87A,2021-08-10,CVR486,Cultivar,Fungicide,9,7,2,0.5345883703487938,0,0,0.5306736670402357,0.7968069227854724,0.6647261665567762,0.25502940460666784,0.4779266044663455,0.5150002587846717
7A,2021-08-10,CVR487,Cultivar,Infected,7,1,1,0.19455656706205512,0,0,0.15491081127611145,0.740412347450654,0.660752723366523,0.2515942574522308,0.4067937477679179,0.47741308944677746
8A,2021-08-10,WLD132,Wild cicer,Infected,8,1,1,0.06997849079505666,0,0,0.05988941562272801,0.7997557772551867,0.699141481145859,0.4202549297740264,0.29889988707419507,0.6581954889937911
9A,2021-08-10,CVR492,Cultivar,Infected,9,1,1,0.3684180231056261,0,0,0.32758410015161465,0.7746864201586895,0.693002618111987,0.3561978780938262,0.3972647495927276,0.5452144852718087
16A,2021-08-10,CVR490,Cultivar,Infected,7,2,1,0.3050872736380499,15,0.00581965174734561,0.28384596393895306,0.7951738837116813,0.6944794576775013,0.31872270215328297,0.3940611535748824,0.5841564963623241
17A,2021-08-10,CVR011,Cultivar,Infected,8,2,1,0.0676632086884753,3,0.00171575544565931,0.06197218401380714,0.7845627859896998,0.6715442951870765,0.3619662517061212,0.38790128412427505,0.5701886847887268
18A,2021-08-10,CVR486,Cultivar,Infected,9,2,1,0.34227090300640817,16,0.00550499011642079,0.32396872860483583,0.8065614108951238,0.6864265403341501,0.43554665128787384,0.3814957196555782,0.6139903552538544
25A,2021-08-10,CVR484,Cultivar,Infected,7,3,1,0.1806151902571896,14,0.0054221768927348,0.1575830424193828,0.750484686697768,0.6786993392359206,0.26821754259516434,0.35130454406368516,0.5421055577201703
26A,2021-08-10,CVR494,Cultivar,Infected,8,3,1,0.28691280594303986,24,0.00977781769586062,0.27107427097478864,0.7841672926857891,0.6863708350822978,0.3135113194920598,0.3976640721375614,0.5616433700686918
27A,2021-08-10,WLD133,Wild cicer,Infected,9,3,1,0.10228313512336584,3,4.935278948319213e-4,0.0791059013441939,0.7811568138457045,0.6754494008153334,0.3776641827580879,0.354411977703012,0.5901204753715159
91A,2021-08-10,CVR484,Cultivar,Infected,10,5,2,0.2328928690671664,14,0.00479284664861775,0.15349610067085015,0.6095545684368532,0.6357565112581626,0.093516407044494,0.3757277835227793,0.303287741122597
92A,2021-08-10,WLD132,Wild cicer,Infected,11,5,2,0.07278399000002722,0,0,0.03870805406062146,0.7047527426427748,0.6330912575362846,0.26849135798774854,0.2734436392165225,0.5342679657563014
93A,2021-08-10,CVR488,Cultivar,Infected,12,5,2,0.01061585000227938,0,0,0,NA,NA,NA,NA,NA
100A,2021-08-10,CVR494,Cultivar,Infected,10,6,2,0.24441297087931232,7,0.00243782728699747,0.1896105186218259,0.7194206738190353,0.6466749036390869,0.18334140031271,0.399318933581231,0.44912584892621793
101A,2021-08-10,WLD130,Wild cicer,Infected,11,6,2,0.13269978116733824,0,0,0.08944114826596389,0.7715536704433622,0.6580259866298062,0.3111724202949976,0.3886101662420115,0.5469321353831471
102A,2021-08-10,CVR482,Cultivar,Infected,12,6,2,0.24482038103540604,3,0.00117585387716607,0.18827440305019025,0.7285158088630745,0.6349658492600093,0.31654766552982866,0.40169848813809433,0.46202645012882887
109A,2021-08-10,CVR016,Cultivar,Infected,10,7,2,0.5073448863335838,19,0.00692264089971981,0.4522751209986724,0.7751253963581222,0.6710598532601179,0.2788839070200448,0.37823734920312607,0.5615132839456476
110A,2021-08-10,CVR011,Cultivar,Infected,11,7,2,0.08467175463596505,0,0,0.07128569549844398,0.744258467194712,0.6292379751177194,0.2522702123288405,0.37826353124410567,0.5094058412515485
111A,2021-08-10,WLD133,Wild cicer,Infected,12,7,2,0.13383589241563212,0,0,0.09014850356859454,0.7758773882560611,0.6249825173881752,0.3869426494495673,0.38644118544527006,0.556203131522736
118A,2021-08-10,CVR477,Cultivar,Infected,10,8,2,0.3925512783682182,11,0.00524994365965103,0.37462322777655266,0.7153475928806348,0.6547577800821479,0.18567408926565265,0.3504940070192304,0.4869421873195692
119A,2021-08-10,CVR487,Cultivar,Infected,11,8,2,0.03816406356513669,0,0,0.027626154319408,0.7369862294296509,0.6422878585716033,0.19616375443968756,0.3955999165890113,0.4818789295570888
120A,2021-08-10,CVR010,Cultivar,Infected,12,8,2,0.20333079066768325,1,6.359572373321681e-4,0.17884299901511497,0.7695368491810608,0.6516177165022926,0.27151130453478295,0.42071145971497576,0.5158253930454635
94A,2021-08-10,CVR481,Cultivar,Infected,13,5,2,0.2543133689001588,2,0.0011062989935594,0.2338988200698669,0.7076783806450353,0.6467336282840153,0.15359811298293155,0.37348765305403114,0.454254286178399
95A,2021-08-10,CVR489,Cultivar,Infected,14,5,2,0.01505430210931663,0,0,0.00129681805482285,0.5631778046123251,0.5449142117565013,0.4205821840554301,0.25215895285578693,0.36249719663759694
96A,2021-08-10,CVR015,Cultivar,Infected,15,5,2,0.2593480309917235,0,0,0.22796489503113204,0.7351939508703388,0.662391404052337,0.315418354521758,0.3570236449945235,0.5127605199306153
103A,2021-08-10,WLD129,Wild cicer,Infected,13,6,2,0.05039630508102367,0,0,0.03304921163957629,0.7916041050797862,0.6784603296844195,0.28332165185933983,0.3748181474774082,0.5926211462541936
104A,2021-08-10,CVR491,Cultivar,Infected,14,6,2,0.3163092704579321,9,0.0048988504056419,0.30494873046743404,0.7653856510907627,0.6589248628215126,0.2802796412400306,0.3671381067945291,0.5538926069700493
105A,2021-08-10,CVR495,Cultivar,Infected,15,6,2,0.27228247537827605,11,0.00449143580049459,0.2613677843220237,0.7540605469977398,0.6237382111439831,0.3396380645444155,0.35201786411936925,0.5473265712558768
112A,2021-08-10,CVR496,Cultivar,Infected,13,7,2,0.4165818530223639,14,0.005710351908323,0.3911674823547472,0.7617496768388891,0.6622428647898498,0.2667192117972626,0.3462314229589627,0.5643647610045306
113A,2021-08-10,CVR486,Cultivar,Infected,14,7,2,0.34050214671897694,5,0.00186811755641643,0.29763939234025066,0.7367859219763842,0.6389837965524207,0.23312226074034875,0.35077768971010986,0.5205410616274844
114A,2021-08-10,CVR485,Cultivar,Infected,15,7,2,0.35427128508386785,6,0.00235833257072271,0.3138299692671299,0.7476347906611231,0.639704026716491,0.275861315228933,0.37512619473931086,0.517701930163204
97A,2021-08-10,CVR017,Cultivar,Infected,16,5,2,0.2404018025945197,6,0.00319302559247383,0.2327591920822953,0.73516213674294,0.663957572126499,0.257338000461086,0.35961544971395687,0.5105142228751484
98A,2021-08-10,Genesis090,Cultivar,Infected,17,5,2,0.45236438892708286,2,9.10872721748364e-4,0.4560869801295154,0.7754639545805448,0.6950098424067327,0.33585496307777785,0.3705584744775048,0.568172557711738
99A,2021-08-10,CVR009,Cultivar,Infected,18,5,2,0.5042942785794187,1,4.968396664081986e-4,0.4947950341901368,0.7935121497185006,0.7078209667666002,0.36468838054160346,0.394920535206491,0.5805078099197417
106A,2021-08-10,CVR019,Cultivar,Infected,16,6,2,0.3830251677265472,4,0.00182174544349672,0.35521025447102267,0.8100058860687488,0.7071864059928008,0.36167246313970736,0.3876812924374058,0.6156551729556768
107A,2021-08-10,CVR490,Cultivar,Infected,17,6,2,0.4433251831061092,9,0.00364680828545633,0.4174968186193323,0.8184079493228019,0.7174808678731611,0.3610548524304622,0.4136175604079357,0.6119353331027347
108A,2021-08-10,WLD131,Wild cicer,Infected,18,6,2,0.00392504906480532,0,0,0,NA,NA,NA,NA,NA
115A,2021-08-10,CVR493,Cultivar,Infected,16,7,2,0.5880220340732153,2,7.750698795967898e-4,0.5636442836461864,0.806521942463276,0.7182685905178988,0.347747197502227,0.384801425972188,0.6115000387724775
116A,2021-08-10,Howzat,Cultivar,Infected,17,7,2,0.2143176157714463,4,0.00172237751021508,0.22155939979064343,0.7578557242469476,0.6674577100825752,0.29714484558492904,0.35546457787781227,0.5507611760571115
117A,2021-08-10,CVR492,Cultivar,Infected,18,7,2,0.13222612545740817,0,0,0.12539837614968838,0.7761406941515909,0.6508042614022819,0.34919857673516347,0.39010279353955263,0.553677375981092
121A,2021-08-13,CVR019,Cultivar,Infected,1,9,3,0.4001662047817097,20,0.01181488328749782,0.349237031915475,0.813072388035741,0.7287482461568445,0.29121193821122165,0.48027586703626945,0.5460147664820203
122A,2021-08-13,CVR016,Cultivar,Infected,2,9,3,0.48286715419104254,9,0.00410721098938653,0.4617065250337477,0.7884065041376351,0.7220670760240663,0.28483315429409234,0.430200085494166,0.5420574102901272
123A,2021-08-13,WLD131,Wild cicer,Infected,3,9,3,0.13060973394380057,0,0,0.10881482405468104,0.7351900313948457,0.7070079292062734,0.33504621111737803,0.36284804830668743,0.5078052681301981
130A,2021-08-13,CVR485,Cultivar,Infected,1,10,3,0.44445466979901943,9,0.00471336257003275,0.37529128556237046,0.8319138769345248,0.7401456090303334,0.25344185500157396,0.5239895291248379,0.5458820738401415
131A,2021-08-13,CVR010,Cultivar,Infected,2,10,3,0.02415312892874299,1,1.1592954300037496e-4,0.01402921350217447,0.8109886677056749,0.7350824318144704,0.3370433406992532,0.4605186968916063,0.5593874457226781
132A,2021-08-13,CVR491,Cultivar,Infected,3,10,3,0.2653432536139156,4,0.00160313599027712,0.24946063672774113,0.8062512166318853,0.7205966240941909,0.32143799669901557,0.4492833494340103,0.5597171458145401
139A,2021-08-13,CVR011,Cultivar,Infected,1,11,3,0.19903476650139415,1,4.3721890643921466e-4,0.16170928168472823,0.8101574241439496,0.7307364853361261,0.2226664427277469,0.5176154421960707,0.5038180979864394
140A,2021-08-13,WLD132,Wild cicer,Infected,2,11,3,0.06264179570767793,0,0,0.04798226802844548,0.8423153230890954,0.7518198697856185,0.3881599085483556,0.4113847496732756,0.659435213866863
141A,2021-08-13,CVR487,Cultivar,Infected,3,11,3,0.01861500062802189,0,0,0.00554094987060672,0.7234311298306798,0.6631500185895518,0.38766539350062945,0.40141146742187017,0.4538003608140018
148A,2021-08-13,CVR495,Cultivar,Infected,1,12,3,0.42427627410045904,19,0.00840985358997779,0.345228685200568,0.8050681620713211,0.7310487641554628,0.2203383055267399,0.483968402897289,0.5260718444171686
149A,2021-08-13,CVR493,Cultivar,Infected,2,12,3,0.6594976743849741,16,0.01055290572937813,0.6507275809033815,0.8518085407483994,0.7691610609533927,0.32303790631678136,0.5210131137083546,0.594745525221932
150A,2021-08-13,CVR492,Cultivar,Infected,3,12,3,0.363191248907936,11,0.00432582064796694,0.32581571189503805,0.8145701001576878,0.7341069705575544,0.3023827710135169,0.4950664295052016,0.5354208696070979
124A,2021-08-13,Howzat,Cultivar,Infected,4,9,3,0.3595079961146334,30,0.01956229766599925,0.28101654272843046,0.7339413010041143,0.6979303265748011,0.21946646523136557,0.3693295269908489,0.5001987433995105
125A,2021-08-13,CVR496,Cultivar,Infected,5,9,3,0.4355048954757249,12,0.00892327162355924,0.3682963275696896,0.7900989022958194,0.735361326138327,0.34258763217458327,0.38828732063159016,0.5796351857521778
126A,2021-08-13,CVR484,Cultivar,Infected,6,9,3,0.20115793650185007,10,0.00477298333001446,0.14111738287481385,0.7020211932634144,0.6719485636921831,0.32398134867071005,0.3352099336636407,0.47969530718096104
133A,2021-08-13,CVR482,Cultivar,Infected,4,10,3,0.45403708916145136,19,0.01018191568291612,0.392896573094511,0.7944054982859287,0.7393402987977843,0.2243393869909588,0.4640415094118666,0.5232553302473074
134A,2021-08-13,CVR015,Cultivar,Infected,5,10,3,0.5148770058047798,17,0.00801238781231462,0.4821805312932237,0.8236657924781494,0.7484505058689933,0.33995068642928467,0.4352246112862673,0.6055009255240354
135A,2021-08-13,CVR481,Cultivar,Infected,6,10,3,0.35067083923286074,20,0.00842972113901369,0.2943384009279743,0.7905573934638439,0.6902798046330066,0.3723515870536829,0.4080958620956403,0.5646215399539561
142A,2021-08-13,WLD129,Wild cicer,Infected,4,11,3,0.10868908017934346,0,0,0.07372214154083843,0.7929121909195491,0.7226123858732227,0.2843847355458606,0.3906465976954691,0.5827811513388521
143A,2021-08-13,CVR477,Cultivar,Infected,5,11,3,0.46911788949230254,18,0.01000969136250407,0.39478285390152607,0.7681159083044388,0.7091263787733973,0.2337950645390883,0.4369390424061243,0.4984749403566747
144A,2021-08-13,WLD133,Wild cicer,Infected,6,11,3,0.10271041894561046,0,0,0.0776911907389326,0.75344379790965,0.6707364907300015,0.310076999596287,0.3562390732013726,0.5429306282038369
127A,2021-08-13,CVR489,Cultivar,Infected,7,9,3,0.18650773227093537,3,0.00123878690157777,0.14881969617012533,0.7432354006392313,0.690238693133131,0.2154199550928491,0.3790592368650504,0.507018652280992
128A,2021-08-13,CVR009,Cultivar,Infected,8,9,3,0.4572334371340565,3,0.00109967179498347,0.4067292990126214,0.7588975087313095,0.7056066344619292,0.2857124784987991,0.3579273557360789,0.5505035233484901
129A,2021-08-13,CVR486,Cultivar,Infected,9,9,3,0.3760495109075767,2,7.68445350711347e-4,0.3638950056866545,0.753918347320588,0.6961728420806332,0.2903466620729519,0.3630241726225264,0.5381923547009739
136A,2021-08-13,CVR488,Cultivar,Infected,7,10,3,0.05893535697053265,0,0,0.05485933347068787,0.7753374753821068,0.7005012991877172,0.2727188477499723,0.4037684180259821,0.5409021440402588
137A,2021-08-13,CVR490,Cultivar,Infected,8,10,3,0.5589501727721213,18,0.0077672699755002,0.5551953175314314,0.8025770055053967,0.7261885863209054,0.2882203041818697,0.43607374191327214,0.5638362183198646
138A,2021-08-13,CVR494,Cultivar,Infected,9,10,3,0.2378645978825865,19,0.00771427013006697,0.1999064680267831,0.788357132141362,0.6893433368027893,0.34010987354115646,0.4158671086885112,0.5541784149602199
145A,2021-08-13,CVR017,Cultivar,Infected,7,11,3,0.4559217751680963,7,0.00248420096065931,0.41313479425311,0.7920192218297166,0.7229529551028481,0.25242224938650887,0.4278442801206341,0.5508295278511526
146A,2021-08-13,Genesis090,Cultivar,Infected,8,11,3,0.4702506884629046,15,0.00956253537523156,0.434237560781591,0.804238548376863,0.7309062817229784,0.2917188729172286,0.4143691310076236,0.5847324627755888
147A,2021-08-13,WLD130,Wild cicer,Infected,9,11,3,0.08046847424504694,0,0,0.0555273912565057,0.7650290316693954,0.6664362433402579,0.3094778752514331,0.39663876343250193,0.5288709625516201
151A,2021-08-13,WLD130,Wild cicer,Fungicide,10,9,3,0.1329018301065392,0,0,0.0911702390057277,0.7018944061401483,0.6229617017213341,0.206511013535753,0.363369146211452,0.45442485083781864
152A,2021-08-13,CVR482,Cultivar,Fungicide,11,9,3,0.4166083512438984,0,0,0.37643091354994207,0.7189164908022017,0.6623406952889282,0.1962064962132258,0.3859019568969414,0.4608759346834303
153A,2021-08-13,CVR491,Cultivar,Fungicide,12,9,3,0.4177808975468023,0,0,0.398162440347428,0.7367130528745303,0.6596315312880907,0.28466597423350026,0.3545755474329412,0.5172551096980298
160A,2021-08-13,Howzat,Cultivar,Fungicide,10,10,3,0.5912316311565877,0,0,0.5668666800248371,0.789762751824997,0.7011037922070588,0.22318600524706855,0.4485182347673694,0.5284246955090836
161A,2021-08-13,CVR009,Cultivar,Fungicide,11,10,3,0.606567476869709,0,0,0.5959075449495064,0.7895509973113656,0.6948514127125882,0.2744781488991371,0.4146311584149975,0.5573958960056842
162A,2021-08-13,CVR484,Cultivar,Fungicide,12,10,3,0.4533083880692512,0,0,0.4307007842684377,0.7950198092622067,0.688970676524415,0.31055836146787485,0.43135353119019226,0.5534704448439165
169A,2021-08-13,CVR019,Cultivar,Fungicide,10,11,3,0.6449037788748203,0,0,0.5856901905781748,0.8141450881014125,0.7141185621386039,0.28700814562198035,0.44427492228092186,0.5794651826413143
170A,2021-08-13,CVR495,Cultivar,Fungicide,11,11,3,0.6664534575377936,1,8.346935146170599e-4,0.6235336992689143,0.8132554791041069,0.7125929417301899,0.26994056680716694,0.4579065722376221,0.5661983622937211
171A,2021-08-13,CVR010,Cultivar,Fungicide,12,11,3,0.09371096045693866,0,0,0.07607999254960725,0.7658470437629538,0.6404656166824749,0.33092687258102055,0.38271845296724183,0.5419870534295552
178A,2021-08-13,CVR016,Cultivar,Fungicide,10,12,3,0.7133983692639421,0,0,0.7079447653828381,0.8080033538374222,0.7086385123270369,0.29131827873207744,0.43724634249692734,0.5733029398420375
179A,2021-08-13,CVR494,Cultivar,Fungicide,11,12,3,0.6088264502555295,0,0,0.5829786619180907,0.7960314904089941,0.7021995984550953,0.2447579702672807,0.45422185934076015,0.5353950416920099
180A,2021-08-13,WLD129,Wild cicer,Fungicide,12,12,3,0.10279985044328956,0,0,0.08496123134930314,0.7771975411286941,0.6580264527146569,0.2895367967933157,0.3780051239471433,0.5652559361693891
154A,2021-08-13,CVR493,Cultivar,Fungicide,13,9,3,0.6882879920822634,0,0,0.6233765092016631,0.7884600129311531,0.6728861588526271,0.2584091770648659,0.47178292498648583,0.5042484027365621
155A,2021-08-13,WLD132,Wild cicer,Fungicide,14,9,3,0.13463746361705228,0,0,0.0954536683383244,0.755405437260665,0.6244077328730594,0.3287706306159304,0.34206467166894644,0.5573616226575785
156A,2021-08-13,CVR489,Cultivar,Fungicide,15,9,3,0.20956449728368629,3,0.00115598029050974,0.13270771427687172,0.7178168913570417,0.6108296784283008,0.2937447621051926,0.3787832534461792,0.4656396774267245
163A,2021-08-13,WLD131,Wild cicer,Fungicide,13,10,3,0.00209667177892132,0,0,0,NA,NA,NA,NA,NA
164A,2021-08-13,CVR485,Cultivar,Fungicide,14,10,3,0.6216813999774784,0,0,0.5675347378106549,0.7969147882597339,0.6704432287387242,0.26250566053061763,0.47813810063696777,0.5150159606607089
165A,2021-08-13,CVR488,Cultivar,Fungicide,15,10,3,0.00349114068717705,0,0,0,NA,NA,NA,NA,NA
172A,2021-08-13,CVR481,Cultivar,Fungicide,13,11,3,0.45553092640046167,0,0,0.3765881036171933,0.7795809510514466,0.6631704143104429,0.22600751525798368,0.4481090612429326,0.5094373532797274
173A,2021-08-13,CVR490,Cultivar,Fungicide,14,11,3,0.3256598303819367,0,0,0.271624436210168,0.7519385777584551,0.6227984647321456,0.2002759201988212,0.4538110528939399,0.45255728460164
174A,2021-08-13,CVR486,Cultivar,Fungicide,15,11,3,0.6164480012244046,0,0,0.5462354836981099,0.7946993753791456,0.6485240947639294,0.2903240863701988,0.47321451913307017,0.5152523443020047
157A,2021-08-13,CVR492,Cultivar,Fungicide,16,9,3,0.4131569578890232,0,0,0.39336814329626474,0.7332765835403409,0.6921327434731505,0.19162934940390056,0.415288122182804,0.4572222693947324
158A,2021-08-13,CVR487,Cultivar,Fungicide,17,9,3,0.07275749177849268,0,0,0.06114693616073805,0.67951459650609225,0.6692372591182595,0.18689958731417972,0.3641121083049923,0.419094681563388
159A,2021-08-13,CVR477,Cultivar,Fungicide,18,9,3,0.5378873989298453,0,0,0.4679155326901723,0.7706297046076839,0.7346704006766168,0.28591156904099946,0.43961301206146247,0.5006141899073325
166A,2021-08-13,CVR017,Cultivar,Fungicide,16,10,3,0.26930805001102276,0,0,0.22745402731256548,0.7937046163564917,0.731974066869586,0.22668559225415877,0.47071171987343974,0.5156386076789706
167A,2021-08-13,CVR015,Cultivar,Fungicide,17,10,3,0.7093110185922377,0,0,0.6829515446898886,0.8355589522294752,0.7734731980987182,0.3318062380480969,0.4702548659356075,0.6017452296474803
168A,2021-08-13,Genesis090,Cultivar,Fungicide,18,10,3,0.5430280539075482,0,0,0.5292196589181616,0.7936552407114239,0.7237619933627859,0.3133034840920822,0.4582091041395712,0.5271492701010494
175A,2021-08-13,CVR011,Cultivar,Fungicide,16,11,3,0.00640594505597764,0,0,0.0040476442317198,0.5651881242175358,0.6524585638714505,0.09304226576439333,0.12137162681872712,0.476503596831787
176A,2021-08-13,CVR496,Cultivar,Fungicide,17,11,3,0.7284261731517242,0,0,0.6883353044932441,0.842298636476803,0.7802898210367216,0.30651768985854155,0.49449377058997496,0.5960782832822175
177A,2021-08-13,WLD133,Wild cicer,Fungicide,18,11,3,0.2950179494549206,0,0,0.2504037771312487,0.7878213585648145,0.694926816033446,0.3384615979846434,0.4097196780756101,0.5583192789068195
1A,2021-08-13,CVR482,Cultivar,Infected,1,1,1,0.2697452706663428,1,6.45891566330658e-4,0.20289307930455697,0.7630176860725976,0.7193392235283339,0.19850799181245068,0.4806496882869128,0.4458988035611953
2A,2021-08-13,CVR016,Cultivar,Infected,2,1,1,0.4990906903255712,6,0.00377599008985616,0.4123488439168537,0.7904143489710613,0.7189268688674421,0.32539668775415015,0.3981119251918569,0.5724313214779092
3A,2021-08-13,CVR496,Cultivar,Infected,3,1,1,0.43334529042065906,2,0.00211654827375599,0.3554853370887124,0.7904405041388008,0.7215891346982897,0.35487948471984765,0.39767001422813647,0.572831041073417
10A,2021-08-13,CVR485,Cultivar,Infected,1,2,1,0.45915787047300327,17,0.00878745912944978,0.3609083944088807,0.8173805820479413,0.7350829236752946,0.2728276424385079,0.4749646497477029,0.5597106544056148
11A,2021-08-13,CVR481,Cultivar,Infected,2,2,1,0.35207855725188375,17,0.00569709775760412,0.2998007557649554,0.8169611179450484,0.7337174500596005,0.3114322627051109,0.4490444543912328,0.5810909643417658
12A,2021-08-13,CVR009,Cultivar,Infected,3,2,1,0.5590064814928822,4,0.00189462224351673,0.47243474712364586,0.8271055162196173,0.7244877384562455,0.3812287631521619,0.45058125330371024,0.600209154204246
19A,2021-08-13,CVR495,Cultivar,Infected,1,3,1,0.3086645335452142,36,0.01800551386861817,0.20462217004432073,0.7703859130191167,0.6923878507168493,0.20100387644196507,0.42638831578891073,0.5122698010363159
20A,2021-08-13,CVR488,Cultivar,Infected,2,3,1,0.14540567839315532,6,0.00171575684211331,0.12524118608243714,0.8056961053499209,0.7053047297918089,0.32873615094085334,0.410473974487782,0.5905159666948201
21A,2021-08-13,WLD130,Wild cicer,Infected,3,3,1,0.08402917276375219,0,0,0.04161607030476966,0.8051746788282699,0.6788399332309654,0.3901318890530358,0.4521302388498252,0.5551395693609706
28A,2021-08-13,CVR491,Cultivar,Infected,1,4,1,0.29383215404124946,5,0.00323609899478949,0.23327005980086188,0.7959425431782906,0.710353402204434,0.287946338505464,0.4152815990243344,0.5686091928172284
29A,2021-08-13,CVR015,Cultivar,Infected,2,4,1,0.4933339516971901,27,0.01130477969519688,0.4262601648685898,0.835189010148798,0.7313524652815265,0.34977866963804755,0.4402954279206334,0.6245646976874628
30A,2021-08-13,WLD129,Wild cicer,Infected,3,4,1,0.1615729058069231,0,0,0.11801044298887944,0.8300108672601446,0.7125709393873753,0.3564928662959022,0.4535542041012061,0.603736079723196
31A,2021-08-13,CVR011,Cultivar,Fungicide,10,1,1,0.16829351724362351,0,0,0.1092863942564348,0.6826494081517515,0.6298629215565279,0.13509530105405265,0.37500146190138794,0.4135022617587408
32A,2021-08-13,WLD131,Wild cicer,Fungicide,11,1,1,0.03852510183354495,0,0,0.01387202343492322,0.6928557123020154,0.6392161695815606,0.24308689800415623,0.27900697425739224,0.5130217884300654
33A,2021-08-13,CVR019,Cultivar,Fungicide,12,1,1,0.4229116156914297,0,0,0.3331250500222214,0.7384658166569557,0.6845135065869999,0.2703220439212156,0.3422964591736142,0.5301869604192382
40A,2021-08-13,CVR487,Cultivar,Fungicide,10,2,1,0.1035616743124079,0,0,0.06146131629524056,0.7490906018472097,0.6410455931939649,0.2588923067124332,0.35286096898021474,0.5385931890223327
41A,2021-08-13,CVR490,Cultivar,Fungicide,11,2,1,0.30264612497917937,0,0,0.23232691939735436,0.7629115457142988,0.6701213060850064,0.2392660686102479,0.39266025077624295,0.5286019623229414
42A,2021-08-13,Howzat,Cultivar,Fungicide,12,2,1,0.5240851377880362,0,0,0.4395820230681336,0.7810000037689556,0.6903218660281563,0.2650380399062311,0.4035872211968922,0.5511297840325443
49A,2021-08-13,CVR489,Cultivar,Fungicide,10,3,1,0.19169807141401543,0,0,0.1282670948770238,0.7590842611082309,0.6665305664922465,0.22963562843261937,0.367596369352353,0.5430066238533513
50A,2021-08-13,CVR016,Cultivar,Fungicide,11,3,1,0.6255898876538246,0,0,0.5707178366724928,0.813482359518885,0.7130878931443683,0.3187176132555409,0.37359949817921045,0.6319398827171266
51A,2021-08-13,WLD129,Wild cicer,Fungicide,12,3,1,0.20241328974704945,0,0,0.1329434993777486,0.8062308116896421,0.6772557658364805,0.3676739235958205,0.3717906597022611,0.6204064041883615
58A,2021-08-13,CVR477,Cultivar,Fungicide,10,4,1,0.5936694675377664,1,2.3185851099049264e-4,0.4847348698860565,0.7904455966807505,0.7060007980392664,0.21590313074270356,0.4222887249313743,0.5526190433726618
59A,2021-08-13,CVR492,Cultivar,Fungicide,11,4,1,0.388440741752671,1,7.551987572701357e-4,0.3074637715434541,0.7581799917687873,0.6869062692626402,0.2087937305913331,0.3815045222517029,0.5299683294860656
60A,2021-08-13,CVR495,Cultivar,Fungicide,12,4,1,0.5411367433455196,2,6.723896818724288e-4,0.4380101223956211,0.8033419397250043,0.7086267504295486,0.25797425356352294,0.4236082006321786,0.5756177425809987
34A,2021-08-13,Genesis090,Cultivar,Fungicide,13,1,1,0.6857706610364811,0,0,0.6545394400342244,0.7555075271202147,0.6974425418072765,0.1922777679791693,0.39098553392472907,0.5173405057052529
35A,2021-08-13,CVR491,Cultivar,Fungicide,14,1,1,0.21014083360206276,0,0,0.19342237775266885,0.6948062429647271,0.6719680140455617,0.17556054133982135,0.3287347710925467,0.4744359503324674
36A,2021-08-13,CVR494,Cultivar,Fungicide,15,1,1,0.45792239089395487,0,0,0.39517582906965415,0.7346508568274089,0.7032434234396737,0.22839487994670965,0.3675725365049534,0.5028728321065846
43A,2021-08-13,CVR481,Cultivar,Fungicide,13,2,1,0.5602022137396289,1,4.3721890643921466e-4,0.5272154855607081,0.7843861177939627,0.7245535851655378,0.2182487147675252,0.39500189104182987,0.564189233690686
44A,2021-08-13,CVR017,Cultivar,Fungicide,14,2,1,0.5481587720521756,2,7.419472351695764e-4,0.5138150323275387,0.8003653856357071,0.7337560842487664,0.2708912608251725,0.40330583982153145,0.5863184808205084
45A,2021-08-13,CVR010,Cultivar,Fungicide,15,2,1,0.00130834968826844,0,0,0,NA,NA,NA,NA,NA
52A,2021-08-13,CVR496,Cultivar,Fungicide,13,3,1,0.7285917870363151,0,0,0.6797291483112379,0.8069471770338373,0.7432290814205511,0.26033059524978025,0.3899890326881194,0.6084320419904061
53A,2021-08-13,CVR015,Cultivar,Fungicide,14,3,1,0.5699668083751108,0,0,0.5544093671951751,0.7888510402373511,0.7214727230438349,0.25568039596654474,0.37874065576301447,0.5848442896676375
54A,2021-08-13,CVR009,Cultivar,Fungicide,15,3,1,0.5407028349678913,0,0,0.4893719768699686,0.7803865569769335,0.6948902380671479,0.3040301998113355,0.3809827586332519,0.5683956957948553
37A,2021-08-13,WLD133,Wild cicer,Fungicide,16,1,1,0.27100062391154217,0,0,0.24109026564661185,0.7697183381976314,0.6536019316458762,0.28782319754325786,0.3709058959437252,0.5581645543621799
38A,2021-08-13,CVR488,Cultivar,Fungicide,17,1,1,0.00349114068717705,0,0,0,NA,NA,NA,NA,NA
39A,2021-08-13,CVR493,Cultivar,Fungicide,18,1,1,0.7562294320968516,0,0,0.7324664158740338,0.8154265440717013,0.7133980394366225,0.30492404424429465,0.468671626225676,0.5612440214546895
46A,2021-08-13,CVR482,Cultivar,Fungicide,16,2,1,0.2707356416961967,0,0,0.24427336450844972,0.763737462398946,0.6641697030072876,0.19508285281176052,0.4476488538790531,0.4802947581092378
47A,2021-08-13,CVR485,Cultivar,Fungicide,17,2,1,0.5611263392156464,0,0,0.542855897252208,0.816675092618742,0.7138867352072892,0.29080850647717243,0.467025645679937,0.5652345439607873
48A,2021-08-13,WLD132,Wild cicer,Fungicide,18,2,1,0.19179081518938637,0,0,0.184108866268032,0.8112181701195885,0.6756507722320007,0.39210397742282593,0.3666342381650722,0.632787948835055
55A,2021-08-13,CVR486,Cultivar,Fungicide,16,3,1,0.5792743086891218,0,0,0.5465891613494253,0.7539536560462847,0.6754632238267765,0.1813807803401456,0.4361148408565225,0.47354548567592303
56A,2021-08-13,WLD130,Wild cicer,Fungicide,17,3,1,0.1983292513530368,0,0,0.1495663489895688,0.7505365811095545,0.6453448545610153,0.21100656913742277,0.40380307527460274,0.49751481231975014
57A,2021-08-13,CVR484,Cultivar,Fungicide,18,3,1,0.5556908915233716,0,0,0.5151118503823615,0.7960918405941109,0.6830528816373954,0.2467741684979258,0.48290435310508006,0.5087815353510137
4A,2021-08-13,CVR493,Cultivar,Infected,4,1,1,0.5544785978881659,10,0.00456099080731774,0.473456482560779,0.7710912445948704,0.6961272121046845,0.2413517473575053,0.42005372998090057,0.5192092687497787
5A,2021-08-13,CVR489,Cultivar,Infected,5,1,1,0.13287201960731282,3,0.00173894191284078,0.08676891712269257,0.7241232596355086,0.6467032973255143,0.2724847397722874,0.33832675230851045,0.5109821666622646
6A,2021-08-13,CVR010,Cultivar,Infected,6,1,1,0.19746143459778023,0,0,0.14398610160214925,0.7182893173173879,0.6437488567430084,0.272186472122301,0.37063360724837263,0.4737887838268066
13A,2021-08-13,CVR017,Cultivar,Infected,4,2,1,0.2934777403282248,17,0.01034422629256735,0.21558617723509577,0.7838144065308464,0.7014840703558597,0.23071304192458747,0.44282837494610106,0.5222600030967667
14A,2021-08-13,CVR019,Cultivar,Infected,5,2,1,0.3435030703077648,20,0.0088702577725058,0.27551489037463656,0.7991123580660502,0.7046725556519332,0.3265716820409518,0.40930949451553333,0.5792744161954683
15A,2021-08-13,WLD131,Wild cicer,Infected,6,2,1,0.03768047102213114,2,5.564604263771823e-4,0.01053173450583406,0.7751845548181441,0.6549110983258262,0.488086643750847,0.3671323070783584,0.5703795967932511
22A,2021-08-13,Howzat,Cultivar,Infected,4,3,1,0.2833786056458692,32,0.01625662756408666,0.197823699635704,0.743185801533995,0.6801921639521626,0.1774676088720383,0.3949618830325176,0.4929069172911608
23A,2021-08-13,Genesis090,Cultivar,Infected,5,3,1,0.4321661195623715,26,0.0114538305683148,0.33689761163625154,0.7713961459436555,0.6806554222430578,0.25034707070720025,0.4200788697046754,0.5197364182770616
24A,2021-08-13,CVR477,Cultivar,Infected,6,3,1,0.3377132089024655,32,0.01752852979922149,0.23169815912834937,0.7674112573584037,0.6623587806690369,0.3130931470808656,0.3791955893835645,0.5475530334672711
61A,2021-08-13,CVR487,Cultivar,Fungicide,1,5,2,0.1560877739492711,0,0,0.11757817030393848,0.7137506601534032,0.6499809052846446,0.21264201507181257,0.4129453872293084,0.42651687484668577
62A,2021-08-13,WLD132,Wild cicer,Fungicide,2,5,2,0.17811442059986635,0,0,0.14398610160214925,0.7619467773426789,0.6841091094641991,0.34397385535471126,0.32321037066323927,0.5820862682847027
63A,2021-08-13,CVR482,Cultivar,Fungicide,3,5,2,0.34045908710898326,0,0,0.27630084071089284,0.7380327969185232,0.6925975705676478,0.28760116155349336,0.4242673391964549,0.4568002045513024
70A,2021-08-13,WLD133,Wild cicer,Fungicide,1,6,2,0.17629598014705786,0,0,0.14257139099688795,0.7804824824535757,0.6831339787531794,0.31992112168943804,0.3723437714343963,0.5753357675386642
71A,2021-08-13,WLD130,Wild cicer,Fungicide,2,6,2,0.10531055693368824,0,0,0.08091358711758333,0.7826685231494626,0.6793468520384027,0.3634042654385603,0.4055892694988673,0.5524500900281647
72A,2021-08-13,WLD129,Wild cicer,Fungicide,3,6,2,0.18452036565584404,0,0,0.13813077159704,0.8168927591463915,0.6962243282151837,0.4028532226587132,0.4230607504775738,0.6018171734546458
79A,2021-08-13,CVR490,Cultivar,Fungicide,1,7,2,0.6803186519557474,0,0,0.6448722508982722,0.8357205078583521,0.7561503259937379,0.28174290377314565,0.5030636674622352,0.57396252174272
80A,2021-08-13,CVR494,Cultivar,Fungicide,2,7,2,0.6415749397945424,0,0,0.5718181671432516,0.8312111749342705,0.7480104858213585,0.27794035622208185,0.5321753297145957,0.536242963686753
81A,2021-08-13,WLD131,Wild cicer,Fungicide,3,7,2,0.2309088147297669,0,0,0.18434465136890887,0.8272333401324607,0.7002430889268363,0.40003704141245744,0.40726515138646097,0.6333438185261228
88A,2021-08-13,CVR493,Cultivar,Fungicide,1,8,2,0.8055724328718769,0,0,0.7741610812124291,0.8386978957944389,0.7528282895596111,0.31371404604911834,0.5005739717412971,0.5828018000488022
89A,2021-08-13,CVR477,Cultivar,Fungicide,2,8,2,0.6248711233947,0,0,0.5885196117886974,0.8214937316956311,0.732344146969715,0.288863092647738,0.49008738099818944,0.5547512715799902
90A,2021-08-13,CVR488,Cultivar,Fungicide,3,8,2,0.1478965112174031,1,1.8548680879239412e-4,0.10677135318041472,0.7600782597636492,0.6636884409122663,0.27849024134387473,0.4479965803580314,0.47321846287399494
64A,2021-08-13,CVR015,Cultivar,Fungicide,4,5,2,0.6303496306969683,0,0,0.5655698619700142,0.7563366098875144,0.6700868013808462,0.18932681445981003,0.4134570873614414,0.4988882209596917
65A,2021-08-13,CVR016,Cultivar,Fungicide,5,5,2,0.6501438021832777,0,0,0.5972829580379548,0.7750231535733568,0.6892094296532013,0.2294649756607304,0.4017993333003465,0.5420067855452759
66A,2021-08-13,CVR485,Cultivar,Fungicide,6,5,2,0.36466521248079536,15,0.00766790787447818,0.29732501220574814,0.7195083133629697,0.6733277651497321,0.17552517198287165,0.3965653659866476,0.4518783301487772
73A,2021-08-13,CVR010,Cultivar,Fungicide,4,6,2,0.0335070011304394,0,0,0.02483603062569823,0.7902797360376818,0.6814567221105853,0.23673894616980148,0.4402588037733636,0.5367823240098503
74A,2021-08-13,Genesis090,Cultivar,Fungicide,5,6,2,0.595451472935965,0,0,0.5443492028910948,0.7899579063433357,0.7046291091783393,0.1852700252263114,0.4758879090843638,0.5032619898988431
75A,2021-08-13,CVR019,Cultivar,Fungicide,6,6,2,0.5882373321231835,0,0,0.5287873862332206,0.7988805325835632,0.6755755164514218,0.2893155180201338,0.4448162751502174,0.5492391811340884
82A,2021-08-13,CVR017,Cultivar,Fungicide,4,7,2,0.12224623277195798,0,0,0.10390263445307932,0.7520581021797804,0.6591475075542702,0.17227179144731403,0.39202660246081406,0.5105575351716907
83A,2021-08-13,CVR496,Cultivar,Fungicide,5,7,2,0.6825776253415677,0,0,0.6238873769202297,0.8211786192944028,0.7197019043409608,0.2682085050824255,0.4467787754924834,0.591361678459317
84A,2021-08-13,CVR009,Cultivar,Fungicide,6,7,2,0.6197172193062298,0,0,0.5277656507960875,0.7798440343569902,0.6590816459810541,0.24552443856062373,0.4446562778127303,0.5131177863153024
67A,2021-08-13,CVR481,Cultivar,Fungicide,7,5,2,0.42074538608098017,0,0,0.41152359606378464,0.7611189900211653,0.7123492135132492,0.2075903566892944,0.41775768073179,0.5034352422960657
68A,2021-08-13,CVR489,Cultivar,Fungicide,8,5,2,0.12259733420729078,0,0,0.11612416218186436,0.7293794594539622,0.6777964602730309,0.2693328518102702,0.3437779646068647,0.5146462576587064
69A,2021-08-13,Howzat,Cultivar,Fungicide,9,5,2,0.4777132501025724,0,0,0.43191900728963495,0.7583917052177781,0.6964564297378857,0.30278509917878665,0.40255310270881106,0.5122138811109167
76A,2021-08-13,CVR484,Cultivar,Fungicide,7,6,2,0.4785545686362944,1,3.014160642876404e-4,0.48854672901689944,0.7993788808087384,0.7312410113822222,0.2230336873623973,0.4539219849437881,0.5421956499223328
77A,2021-08-13,CVR492,Cultivar,Fungicide,8,6,2,0.22359199330853907,2,4.40531170881936e-4,0.203089566888621,0.7769042343755894,0.6986068566143224,0.31089569132141426,0.41680314096678406,0.5325490695437255
78A,2021-08-13,CVR011,Cultivar,Fungicide,9,6,2,0.00327584263720883,0,0,0,NA,NA,NA,NA,NA
85A,2021-08-13,CVR495,Cultivar,Fungicide,7,7,2,0.5996514410491912,2,0.00193106043815957,0.5927637436044813,0.7927164690010358,0.7385003860896978,0.211617013599449,0.45519143687748104,0.5280741022544263
86A,2021-08-13,CVR491,Cultivar,Fungicide,8,7,2,0.6505081527293778,0,0,0.6378379953887785,0.7978373414086634,0.7190212111990614,0.30149708871937286,0.4042224201023181,0.5809846417200939
87A,2021-08-13,CVR486,Cultivar,Fungicide,9,7,2,0.609018562361655,1,3.312264442721324e-4,0.587537173868377,0.7810999310584361,0.6883664762067507,0.281137121803297,0.42719653294103627,0.5311338222068837
7A,2021-08-13,CVR487,Cultivar,Infected,7,1,1,0.2421937448257937,0,0,0.1763672554559077,0.7529416104609269,0.6620200143990443,0.22522543644437829,0.4241878802200612,0.4830271448329818
8A,2021-08-13,WLD132,Wild cicer,Infected,8,1,1,0.06994868029583029,0,0,0.04861102829745049,0.786526156004209,0.6915129993366467,0.36630780209933833,0.27487189661346767,0.6527817058907517
9A,2021-08-13,CVR492,Cultivar,Infected,9,1,1,0.3863109471968315,14,0.00798257209294916,0.32483327397471773,0.7606952693759496,0.6801570029400168,0.2824767937366525,0.40124628300731136,0.517361132728763
16A,2021-08-13,CVR490,Cultivar,Infected,7,2,1,0.3340001456099365,21,0.0104303440180576,0.2631361725786003,0.8043306842236889,0.7064430972090839,0.24823312998884525,0.4424245287356358,0.5618401229982211
17A,2021-08-13,CVR011,Cultivar,Infected,8,2,1,0.06607331539640225,0,0,0.0555273912565057,0.7890249192011364,0.677135404754454,0.2941655384627817,0.3981771168047769,0.5698915950628332
18A,2021-08-13,CVR486,Cultivar,Infected,9,2,1,0.359789539718438,22,0.01033096881500342,0.30935005235046914,0.8031056279548938,0.6723330782112058,0.3808334566441732,0.37326334849590026,0.6138586115246857
25A,2021-08-13,CVR484,Cultivar,Infected,7,3,1,0.1597975249641082,17,0.01119216886496803,0.11184073284926768,0.750924407176752,0.6800292225192529,0.18106235460290027,0.3934219017669656,0.5074053115936547
26A,2021-08-13,CVR494,Cultivar,Infected,8,3,1,0.27472362403714656,25,0.0125038166305418,0.21208869823875537,0.7890554182396378,0.6872673085809183,0.26051020195778934,0.41267498058310176,0.5581161239368729
27A,2021-08-13,WLD133,Wild cicer,Infected,9,3,1,0.10047131922594092,3,9.870548039309546e-4,0.06342619213588124,0.763091964194828,0.6514002798804773,0.33052542243074085,0.3387843408403811,0.5722469764164005
91A,2021-08-13,CVR484,Cultivar,Infected,10,5,2,0.20693454879638212,10,0.00493196463026333,0.10370614686901523,0.6720120148742237,0.6524060766578552,0.18711945930471233,0.3635186567461042,0.4082159970319803
92A,2021-08-13,WLD132,Wild cicer,Infected,11,5,2,0.07343982098300736,0,0,0.03528917009790667,0.7441423435062409,0.657680267058578,0.34782087167895015,0.24578259888837029,0.6099107339781284
93A,2021-08-13,CVR488,Cultivar,Infected,12,5,2,0.01122530909757405,0,0,0,NA,NA,NA,NA,NA
100A,2021-08-13,CVR494,Cultivar,Infected,10,6,2,0.27122585879458583,11,0.00428607552826235,0.16489238054656613,0.7791732395015828,0.6794709901927642,0.2714982306536953,0.41189911116185407,0.5408572762096735
101A,2021-08-13,WLD130,Wild cicer,Infected,11,6,2,0.1470684417944484,0,0,0.09368528008174776,0.7742581737675073,0.6576816455429958,0.3513467417875988,0.35997637498916796,0.5743660247356592
102A,2021-08-13,CVR482,Cultivar,Infected,12,6,2,0.2653465658916074,8,0.00567724014804398,0.17495254485064643,0.7593312667623278,0.6533848597725777,0.3869929090099248,0.39305235472608785,0.5221046777923065
109A,2021-08-13,CVR016,Cultivar,Infected,10,7,2,0.5215512453537948,9,0.00591240496800108,0.4133312818371741,0.814803667463923,0.7042457531520193,0.3377393953058737,0.3954926791191195,0.6186798948949513
110A,2021-08-13,CVR011,Cultivar,Infected,11,7,2,0.07343319642762372,0,0,0.05607755649188509,0.7731367620976205,0.6520076503782204,0.3062359775097092,0.3816772686141205,0.5553315840208461
111A,2021-08-13,WLD133,Wild cicer,Infected,12,7,2,0.1437495395472459,1,2.649811554177059e-4,0.09081656135441236,0.7810860790528972,0.6373597345700536,0.42021358414691057,0.35718588433757475,0.5879279241289415
118A,2021-08-13,CVR477,Cultivar,Infected,10,8,2,0.3767086541682486,14,0.0093107946524308809,0.2666336515749407,0.7722218984180849,0.6891648302950225,0.2639900293487908,0.3768218999329918,0.5576791117777892
119A,2021-08-13,CVR487,Cultivar,Infected,11,8,2,0.04320203793439315,0,0,0.02401078277262914,0.7472460831920839,0.6512143239050018,0.2737699405435078,0.3715352458782741,0.5201073285116271
120A,2021-08-13,CVR010,Cultivar,Infected,12,8,2,0.22516201293446125,8,0.00376605042147671,0.17911808163280463,0.7758147570245565,0.6689479140637912,0.29488469607102047,0.4105774758653612,0.5359566638843344
94A,2021-08-13,CVR481,Cultivar,Infected,13,5,2,0.3003043446510635,9,0.00380579410365566,0.24557018256327257,0.7424405607091831,0.676424471993714,0.1809199513032848,0.42051859771233047,0.468052738053937
95A,2021-08-13,CVR489,Cultivar,Infected,14,5,2,0.01246741323200612,0,0,0,NA,NA,NA,NA,NA
96A,2021-08-13,CVR015,Cultivar,Infected,15,5,2,0.3027421810322421,1,4.3721890643921466e-4,0.25185778525332275,0.7639280403163192,0.6839753446642729,0.32700302244479773,0.40147057060514874,0.5227962791477447
103A,2021-08-13,WLD129,Wild cicer,Infected,13,6,2,0.05513286218032462,0,0,0.02982681526092557,0.8119172237443252,0.6883588278195134,0.32986138449419933,0.41320467902465,0.6000080393111892
104A,2021-08-13,CVR491,Cultivar,Infected,14,6,2,0.3503429237413707,15,0.00758841591003822,0.2999972433490195,0.785196676190541,0.6801315287550277,0.28370885062614315,0.4238735821574286,0.5415709846649677
105A,2021-08-13,CVR495,Cultivar,Infected,15,6,2,0.28228224172987715,14,0.00563085456342992,0.22191307744195873,0.7762782540771448,0.6410941905604378,0.34912684314616904,0.4074737547736593,0.539434722850569
112A,2021-08-13,CVR496,Cultivar,Infected,13,7,2,0.43032118088802845,23,0.01310335128066513,0.3335573227071624,0.7939457232086494,0.6983081884653999,0.2933903957772974,0.4045822944318839,0.5736193665440094
113A,2021-08-13,CVR486,Cultivar,Infected,14,7,2,0.35870642491321325,18,0.00875102537060036,0.25586613196822977,0.7592616985020488,0.6617330899040679,0.2484336846961276,0.4038304752736414,0.5126015193078318
114A,2021-08-13,CVR485,Cultivar,Infected,15,7,2,0.3443708870630213,21,0.01380555167109934,0.2413260507474887,0.7733620671865599,0.667114878231497,0.2734148158520662,0.4272848077174799,0.5168771872468276
97A,2021-08-13,CVR017,Cultivar,Infected,16,5,2,0.23877547424783663,6,0.00355738063664929,0.21468233434840103,0.7389901761496296,0.6723205081282015,0.1897778766662264,0.39405567745900255,0.48664798563568734
98A,2021-08-13,Genesis090,Cultivar,Infected,17,5,2,0.48262535791953975,14,0.00729693405151986,0.4470092537457554,0.7702702694411906,0.6999213160234276,0.269275513508465,0.39248239429592935,0.5414896973355383
99A,2021-08-13,CVR009,Cultivar,Infected,18,5,2,0.5446046980888539,5,0.0036666890597536,0.5210457754210963,0.7866744831751564,0.6960982501768693,0.30255954091777004,0.4264452470452895,0.5420841565539525
106A,2021-08-13,CVR019,Cultivar,Infected,16,6,2,0.4016865402422546,21,0.01042703278043215,0.3484117840624059,0.7987147131956838,0.7007197466867976,0.29050323829573776,0.4063904511345903,0.5808683333249585
107A,2021-08-13,CVR490,Cultivar,Infected,17,6,2,0.4681043325186059,7,0.00362030811630649,0.4104625631098387,0.8140340612834962,0.7224461194125829,0.29508193092701585,0.4438431467790226,0.5796037387848939
108A,2021-08-13,WLD131,Wild cicer,Infected,18,6,2,0.00607140500910393,0,0,0,NA,NA,NA,NA,NA
115A,2021-08-13,CVR493,Cultivar,Infected,16,7,2,0.5890885874899809,28,0.01761798767719012,0.5295733365694769,0.7980049521429161,0.7165644259730723,0.2740327031696718,0.4105348470273877,0.5762569895563554
116A,2021-08-13,Howzat,Cultivar,Infected,17,7,2,0.20447352647136072,13,0.00519363536948557,0.16528535571469427,0.7364007151293116,0.6436975561851274,0.2048527571634459,0.37844180178648335,0.4962586675389994
117A,2021-08-13,CVR492,Cultivar,Infected,18,7,2,0.15573336023624648,0,0,0.1317645738733642,0.738697455175159,0.6245355063186575,0.252477677674759,0.40581228271535746,0.4753957431082318
121A,2021-08-17,CVR019,Cultivar,Infected,1,9,3,0.3957807491177416,17,0.01353064440112813,0.3165022004104012,0.8067905774631746,0.7682665057940851,0.2646003272444633,0.38310051391938155,0.613227608676467
122A,2021-08-17,CVR016,Cultivar,Infected,2,9,3,0.4624138394440612,12,0.00907563188608184,0.4111306208956565,0.7738770769222347,0.7490945836738635,0.25713472753920585,0.32756542023976354,0.5978685713338727
123A,2021-08-17,WLD131,Wild cicer,Infected,3,9,3,0.1256148191845377,1,3.643490886993456e-4,0.0866117270554413,0.7367968077885808,0.7285070783179654,0.3050796406025381,0.2976275297366342,0.562526224016929
130A,2021-08-17,CVR485,Cultivar,Infected,1,10,3,0.41409764475349975,32,0.01631625427951902,0.35139839534017975,0.8051937508709498,0.7609379750697575,0.2196823828670929,0.390787955807406,0.6046718520963547
131A,2021-08-17,CVR010,Cultivar,Infected,2,10,3,0.02020158164240311,0,0,0.01147487490934159,0.8290518515722286,0.7951122413923339,0.2862610781365682,0.4262970735280477,0.6229024395837633
132A,2021-08-17,CVR491,Cultivar,Infected,3,10,3,0.2749621080309575,8,0.00478954608975371,0.24120815819705024,0.8057309023452862,0.744853235629661,0.31330976584445464,0.37305958903078695,0.6186194302336561
139A,2021-08-17,CVR011,Cultivar,Infected,1,11,3,0.2322304135288026,6,0.00315659335329438,0.1918504770801563,0.787931012680511,0.7511415875862102,0.18965430174341977,0.38772550964696134,0.5762506154995289
140A,2021-08-17,WLD132,Wild cicer,Infected,2,11,3,0.04413941252117788,6,0.00121228952533541,0.02825491458841302,0.7999643076798749,0.7484841343286972,0.32348363322485374,0.2486671286232054,0.6881965612062582
141A,2021-08-17,CVR487,Cultivar,Infected,3,11,3,0.01358033853645725,1,3.974717331265588e-4,0.00298661127777383,0.748633888605226,0.6636690473727053,0.388776729543067,0.4111343138851732,0.4875675390814777
148A,2021-08-17,CVR495,Cultivar,Infected,1,12,3,0.3175977464800496,37,0.01725361373980776,0.23896819973871988,0.7745244290650277,0.7493243328799685,0.1886634222528691,0.3325483835788816,0.595307528573206
149A,2021-08-17,CVR493,Cultivar,Infected,2,12,3,0.6243080361870907,12,0.00742280474152295,0.5969685779034524,0.8391264614364659,0.7832106160001369,0.29323381183940783,0.4214022840423389,0.6462415151226416
150A,2021-08-17,CVR492,Cultivar,Infected,3,12,3,0.3199163408643228,30,0.01389497607520615,0.29123389709976205,0.7830614399272049,0.7233347007943748,0.26276350890564826,0.3833306235048115,0.5711839064072955
124A,2021-08-17,Howzat,Cultivar,Infected,4,9,3,0.292450934243761,52,0.02561048539183959,0.24557018256327257,0.6910871970210404,0.7185822258876333,0.15916975475978723,0.27495655931163937,0.5137535523286083
125A,2021-08-17,CVR496,Cultivar,Infected,5,9,3,0.4171118174530549,27,0.01806845592891808,0.35949368380361935,0.7992139503354678,0.7771163095048879,0.3351951345903403,0.3447674364133891,0.6272925505549636
126A,2021-08-17,CVR484,Cultivar,Infected,6,9,3,0.17427880303274018,26,0.01024153615537998,0.14221771334557265,0.6832439605056778,0.6989974306568005,0.3092372817160726,0.2722551555272045,0.5049106047976695
133A,2021-08-17,CVR482,Cultivar,Infected,4,10,3,0.42814832672219527,56,0.02591520378108148,0.4231163635235647,0.7583196463732351,0.7609377479707441,0.16662529605536627,0.359680106634859,0.5481483744577986
134A,2021-08-17,CVR015,Cultivar,Infected,5,10,3,0.5329256069475007,29,0.01366642691253442,0.5146795776974206,0.8188858597716782,0.7837936652148562,0.30044943371968474,0.39077741180051245,0.6295731883623912
135A,2021-08-17,CVR481,Cultivar,Infected,6,10,3,0.2826399677205936,45,0.01679981975195546,0.2632933626458515,0.7596445588130722,0.7070713271257346,0.32221671090274234,0.3345416018437076,0.5699444945034322
142A,2021-08-17,WLD129,Wild cicer,Infected,4,11,3,0.10858639957089708,0,0,0.08641523947137725,0.7867165218537732,0.7645191923827607,0.23067280456229727,0.324951794556787,0.6203554668667969
143A,2021-08-17,CVR477,Cultivar,Infected,5,11,3,0.43570694441492586,59,0.02967794777038783,0.42126938023336247,0.7354020508044932,0.7200676167456634,0.16352919658274806,0.3696626293463587,0.5022862745599854
144A,2021-08-17,WLD133,Wild cicer,Infected,6,11,3,0.08198880970559179,5,0.00129840807226837,0.07706243046992758,0.7207771599013033,0.7032887859094632,0.243025422142285,0.2675859467941211,0.5614846710855296
127A,2021-08-17,CVR489,Cultivar,Infected,7,9,3,0.16847900479436537,11,0.0038455393055045802,0.1452829196569721,0.7188971953984501,0.7166897483661465,0.18909902645589252,0.32459579317001735,0.514318032083831
128A,2021-08-17,CVR009,Cultivar,Infected,8,9,3,0.455726350784279,12,0.00373954655583237,0.41840066150602706,0.7713290389258078,0.7592198394657451,0.27255013127586913,0.36928337973454306,0.5621750291653489
129A,2021-08-17,CVR486,Cultivar,Infected,9,9,3,0.3808821240599404,7,0.00419996232072258,0.3675496747502462,0.7511881678285758,0.7405478151446504,0.27274539454020547,0.3616292757308638,0.5348524274715006
136A,2021-08-17,CVR488,Cultivar,Infected,7,10,3,0.06292996386686617,1,1.5898902182791342e-4,0.05682420931132855,0.758300541449143,0.7395475603523746,0.23207994716598573,0.3729618616161415,0.5372949127455403
137A,2021-08-17,CVR490,Cultivar,Infected,8,10,3,0.5686750200753015,27,0.01110273546604569,0.5520122186695935,0.7908892383388134,0.7613470242119663,0.23957884930441067,0.43354300420977543,0.5438103836601454
138A,2021-08-17,CVR494,Cultivar,Infected,9,10,3,0.214890639812131,21,0.00943002754718952,0.18387308116715512,0.7670795856109879,0.7212113978310376,0.3216152544193337,0.3940127868591745,0.5346628532050433
145A,2021-08-17,CVR017,Cultivar,Infected,7,11,3,0.4229348016352724,10,0.00409396254769806,0.4232735535908159,0.7729655460493648,0.7506883144715039,0.21940308159532315,0.4007619990025528,0.5392497580889257
146A,2021-08-17,Genesis090,Cultivar,Infected,8,11,3,0.44417975075059846,38,0.02027443053718469,0.4223697107041212,0.7735639574086417,0.7590108956184449,0.2311815972461349,0.3908787962943124,0.5485501242343889
147A,2021-08-17,WLD130,Wild cicer,Infected,9,11,3,0.07848441990764746,0,0,0.05859259756790517,0.747091461736853,0.7093189914094269,0.2615554208577531,0.3978373022494968,0.4969614712072636
151A,2021-08-17,WLD130,Wild cicer,Fungicide,10,9,3,0.15238795976750943,0,0,0.1153382118456081,0.6808821249336582,0.6770667220259277,0.15457696243573502,0.3820187467655464,0.40392932943532234
152A,2021-08-17,CVR482,Cultivar,Fungicide,11,9,3,0.42752561851613335,0,0,0.39890909316687145,0.7093541280793575,0.7199956792315576,0.14320577842190324,0.4104552034678629,0.42167219749256607
153A,2021-08-17,CVR491,Cultivar,Fungicide,12,9,3,0.4133126349405387,0,0,0.4064935139117445,0.7110171009907306,0.7141330692493114,0.24621111530968645,0.3742357285891022,0.4588852256123632
160A,2021-08-17,Howzat,Cultivar,Fungicide,10,10,3,0.5940901268046275,0,0,0.5815639513128293,0.7734245838868024,0.7460519859088324,0.163914052730729,0.4574935939329006,0.4889337342267564
161A,2021-08-17,CVR009,Cultivar,Fungicide,11,10,3,0.6411741541938323,0,0,0.6444399782133312,0.7810342616636073,0.7467851470448952,0.2330994644709803,0.4296207427228956,0.5288776220692386
162A,2021-08-17,CVR484,Cultivar,Fungicide,12,10,3,0.43251722099770434,0,0,0.4352199987019113,0.7724738599583775,0.7354204828097263,0.24687891775341916,0.4412855977528963,0.5024715691422105
169A,2021-08-17,CVR019,Cultivar,Fungicide,10,11,3,0.664068617599684,0,0,0.6232193191344119,0.7952286196585054,0.7528362464947248,0.2273399625851389,0.44873727972969335,0.5387400363964597
170A,2021-08-17,CVR495,Cultivar,Fungicide,11,11,3,0.6635750882236031,0,0,0.64428278814608,0.793646550531811,0.7528674010550501,0.2042687912664367,0.4652786148502901,0.5206130244484459
171A,2021-08-17,CVR010,Cultivar,Fungicide,12,11,3,0.107764954703326,0,0,0.09187759430835836,0.7431609479868567,0.6768209257613947,0.29405888150938597,0.3906918222773239,0.496678064536095
178A,2021-08-17,CVR016,Cultivar,Fungicide,10,12,3,0.7444542849024356,0,0,0.7695632717453299,0.7903578239768588,0.7496955560124133,0.23934131607986844,0.43666478017676674,0.5400895029323093
179A,2021-08-17,CVR494,Cultivar,Fungicide,11,12,3,0.6262390940814211,0,0,0.630567954778408,0.782474499877822,0.7412174991422004,0.1927875198779448,0.4765883265165669,0.48779310678247584
180A,2021-08-17,WLD129,Wild cicer,Fungicide,12,12,3,0.12334922124333368,0,0,0.11054391479444482,0.746686328046892,0.679577676695795,0.24834668134137172,0.39019807924442634,0.5030565883464484
154A,2021-08-17,CVR493,Cultivar,Fungicide,13,9,3,0.7258823438844073,0,0,0.70880931075272,0.802695761855075,0.7021856264742206,0.21901359539893092,0.4799760831426955,0.5249819948351586
155A,2021-08-17,WLD132,Wild cicer,Fungicide,14,9,3,0.17415293648045105,0,0,0.16332047987405357,0.7753968825026573,0.6555286190767059,0.31302135032842926,0.3607203790715582,0.5757008780372429
156A,2021-08-17,CVR489,Cultivar,Fungicide,15,9,3,0.23919944579238947,2,0.00457425896366906,0.2023429140691775,0.7310396763958085,0.6227497685026889,0.28207589792351495,0.4103606650559962,0.45810628170896006
163A,2021-08-17,WLD131,Wild cicer,Fungicide,13,10,3,0.00198074205970766,0,0,0,NA,NA,NA,NA,NA
164A,2021-08-17,CVR485,Cultivar,Fungicide,14,10,3,0.6465996650530316,1,2.3185851099049264e-4,0.643850515461139,0.7951546055096892,0.6961485046307274,0.19523182679782433,0.4923150671117832,0.49765474648105223
165A,2021-08-17,CVR488,Cultivar,Fungicide,15,10,3,0.00275912731728509,0,0,0,NA,NA,NA,NA,NA
172A,2021-08-17,CVR481,Cultivar,Fungicide,13,11,3,0.5350355278371893,0,0,0.5686743657982265,0.761012720954268,0.685211616239434,0.16305202131566224,0.4387779007205275,0.48377473316720343
173A,2021-08-17,CVR490,Cultivar,Fungicide,14,11,3,0.3193333799905627,2,6.591406241015435e-4,0.31508748980513995,0.7276704867325197,0.645759385031721,0.12485776030712108,0.4488842740474004,0.4140224333032917
174A,2021-08-17,CVR486,Cultivar,Fungicide,15,11,3,0.6517138218091998,0,0,0.6426715899567547,0.7836027432858544,0.6674338770092344,0.21765119094346908,0.48461837671884783,0.48203714956112587
157A,2021-08-17,CVR492,Cultivar,Fungicide,16,9,3,0.4402116420757995,0,0,0.4301899165498711,0.7510704563605988,0.6542054941930796,0.22104091684488672,0.4093027477020824,0.493466950764442
158A,2021-08-17,CVR487,Cultivar,Fungicide,17,9,3,0.07641755862795249,0,0,0.07721962053717885,0.690790737752729,0.6327000084564117,0.14996214393642515,0.3654399462077864,0.43521843419558376
159A,2021-08-17,CVR477,Cultivar,Fungicide,18,9,3,0.4995974688124195,0,0,0.4672474749043544,0.7812337484987822,0.6952981236255572,0.30297710111689186,0.4056008567439359,0.5498695484238302
166A,2021-08-17,CVR017,Cultivar,Fungicide,16,10,3,0.33887250609460207,0,0,0.31575554759095775,0.78782603741135,0.674131081218097,0.2283175293939729,0.4614268634402934,0.5128225163389692
167A,2021-08-17,CVR015,Cultivar,Fungicide,17,10,3,0.7355508824668265,0,0,0.7323878208404082,0.8458105404141694,0.7383613239672642,0.3486414595619125,0.4616495574646241,0.6302557073696222
168A,2021-08-17,Genesis090,Cultivar,Fungicide,18,10,3,0.5601856523511698,0,0,0.5484361446396274,0.8108802902160913,0.68365332438282,0.3274495217142416,0.4544481748650615,0.5644241440391201
175A,2021-08-17,CVR011,Cultivar,Fungicide,16,11,3,0.00375943518021438,2,5.365868397208545e-4,5.894627521922049e-4,0.5019156213171927,0.6562235213519366,0.0493307098902398,0.12415775918108732,0.4028629599421638
176A,2021-08-17,CVR496,Cultivar,Fungicide,17,11,3,0.7703430473416917,0,0,0.7501895959566128,0.8447209404787557,0.7408153828446499,0.3158542831179765,0.4835843800093822,0.6105372900397404
177A,2021-08-17,WLD133,Wild cicer,Fungicide,18,11,3,0.3410983567035043,0,0,0.2977965824075019,0.7938720176090729,0.6624739803919117,0.341941333282017,0.40335371588880153,0.5744700676811553
1A,2021-08-17,CVR482,Cultivar,Infected,1,1,1,0.2507361089929945,19,0.00775070688718366,0.18159382519201192,0.7140415668025799,0.7165888571260343,0.09865318243690396,0.4032099277252857,0.4365052860724186
2A,2021-08-17,CVR016,Cultivar,Infected,2,1,1,0.516135671327671,7,0.00436226952139716,0.4145102073415585,0.7813089077161811,0.7443947854854076,0.2296059483275993,0.3675314375782231,0.5804597216980177
3A,2021-08-17,CVR496,Cultivar,Infected,3,1,1,0.4277906007314789,12,0.00907232455029847,0.3624017000477675,0.7792387951000533,0.7358013257277465,0.24570559963032512,0.39116316197507184,0.5582292037642177
10A,2021-08-17,CVR485,Cultivar,Infected,1,2,1,0.4451369990035341,29,0.01569685384644999,0.35969017138768344,0.7901379525973412,0.7413579441134444,0.1528362216169439,0.42237241184916874,0.5519787858433315
11A,2021-08-17,CVR481,Cultivar,Infected,2,2,1,0.34286380071324374,38,0.01497476836914158,0.27461104748794185,0.8014034042729883,0.7523810466655941,0.2359747773472885,0.4123439837016937,0.5810793378648279
12A,2021-08-17,CVR009,Cultivar,Infected,3,2,1,0.5399641970426158,13,0.0046471073417153,0.4663043345008469,0.8184417817210397,0.7524196598770404,0.29586188427601395,0.421016407659468,0.6063650924953119
19A,2021-08-17,CVR495,Cultivar,Infected,1,3,1,0.25548922748075453,51,0.02179473305514991,0.17573849518690268,0.7190922240192095,0.693679740351997,0.05287058623068903,0.3513622084669232,0.492053037379847
20A,2021-08-17,CVR488,Cultivar,Infected,2,3,1,0.14291484556890754,18,0.00668415280796804,0.12594854138506778,0.7883421839273314,0.7297202555578789,0.23590910096098325,0.3568422446815324,0.6004010316845536
21A,2021-08-17,WLD130,Wild cicer,Infected,3,3,1,0.08342633822384116,0,0,0.04110520258620308,0.8045942256959803,0.7224910312184278,0.31410902393483586,0.4238087961518616,0.5778179458302444
28A,2021-08-17,CVR491,Cultivar,Infected,1,4,1,0.3115097800824866,7,0.00498497236156475,0.25637699968679634,0.7749338434936833,0.7214789272397,0.1899412540890353,0.36105081909889947,0.5746703199362454
29A,2021-08-17,CVR015,Cultivar,Infected,2,4,1,0.49707020093356175,28,0.01369292716384131,0.4251205368810182,0.8203253487986686,0.7387087564184709,0.25154346136382877,0.3987312593689109,0.6265231429028694
30A,2021-08-17,WLD129,Wild cicer,Infected,3,4,1,0.16532240415406202,2,5.564604263771823e-4,0.11490593916066714,0.829056426538899,0.7452159887355808,0.272341116857213,0.4383984250200516,0.6137181949081773
31A,2021-08-17,CVR011,Cultivar,Fungicide,10,1,1,0.178962363688972,0,0,0.1550680013433627,0.6638728425935517,0.6481880203517537,0.12326043935308184,0.4115655805877877,0.34716112949804095
32A,2021-08-17,WLD131,Wild cicer,Fungicide,11,1,1,0.03776327796442661,0,0,0.02974822022729994,0.6572532096588773,0.6446945403186426,0.24092334066721924,0.2686025030765051,0.4719726996058646
33A,2021-08-17,CVR019,Cultivar,Fungicide,12,1,1,0.447021685010179,0,0,0.40716157169756234,0.7616730634499774,0.7025791790818093,0.3151848211158366,0.420617270736938,0.501827789362515
40A,2021-08-17,CVR487,Cultivar,Fungicide,10,2,1,0.1279599117903455,0,0,0.09973709767092108,0.7467670756341707,0.6638545955655658,0.2648795378430812,0.4124893321476312,0.4830836759331099
41A,2021-08-17,CVR490,Cultivar,Fungicide,11,2,1,0.3252590447812266,0,0,0.29205914495283114,0.7687186736111604,0.6905962092592116,0.2612918066862983,0.4467578872595981,0.4903686442007522
42A,2021-08-17,Howzat,Cultivar,Fungicide,12,2,1,0.5427233243599008,0,0,0.5455281283954793,0.8016458232473042,0.71263306852597,0.29702770064969175,0.470983787916873,0.5312370619297356
49A,2021-08-17,CVR489,Cultivar,Fungicide,10,3,1,0.23618858537052617,0,0,0.19900262514008835,0.7384646323853512,0.683180294479561,0.19378997851229385,0.40572538679450215,0.4750797041458149
50A,2021-08-17,CVR016,Cultivar,Fungicide,11,3,1,0.6518363760837971,0,0,0.6284851863873289,0.8282807770009585,0.7427177717038276,0.3394644072515211,0.44561532327105147,0.6065338123463847
51A,2021-08-17,WLD129,Wild cicer,Fungicide,12,3,1,0.2377983523287501,0,0,0.18768494029799804,0.8120846369693235,0.6973045969492,0.3712258715976088,0.43946001724452194,0.5794002410995682
58A,2021-08-17,CVR477,Cultivar,Fungicide,10,4,1,0.6522305371291236,0,0,0.6278957236351367,0.7927866497312105,0.7286592167388959,0.23845450735167129,0.4647233731955569,0.5194379898918633
59A,2021-08-17,CVR492,Cultivar,Fungicide,11,4,1,0.4270519628062032,0,0,0.3961582669899746,0.7574523562473362,0.6992945733781719,0.2110933573854179,0.44582942653633056,0.4705124041022898
60A,2021-08-17,CVR495,Cultivar,Fungicide,12,4,1,0.5588209939421404,1,9.274369190132568e-4,0.5222247009254808,0.8033863298188016,0.7160637516573317,0.27765625493219726,0.48252985512738233,0.5239823770162643
34A,2021-08-17,Genesis090,Cultivar,Fungicide,13,1,1,0.719324034054606,0,0,0.7130927400853166,0.7453438186443465,0.6611677585703036,0.15690525030352434,0.4521637395654511,0.4422138687168004
35A,2021-08-17,CVR491,Cultivar,Fungicide,14,1,1,0.25224650762046386,0,0,0.24706348820215948,0.6747268793861663,0.6264058892042924,0.12998520775791975,0.38425406822058294,0.3921421538549089
36A,2021-08-17,CVR494,Cultivar,Fungicide,15,1,1,0.525532603139361,0,0,0.494755736673324,0.724659516317119,0.6555926741967167,0.17649255595226485,0.4306253502846155,0.4274105014819828
43A,2021-08-17,CVR481,Cultivar,Fungicide,13,2,1,0.5736235629468788,1,7.452594996122978e-4,0.5536234168589188,0.7747918644444723,0.6870400279445911,0.17834093567632178,0.45387035771369905,0.4949857510447396
44A,2021-08-17,CVR017,Cultivar,Fungicide,14,2,1,0.5782243166608152,1,5.829608008878209e-4,0.5486326322236915,0.7875653432930249,0.6962600143190992,0.21995360404289344,0.4665813394643043,0.5074551408157439
45A,2021-08-17,CVR010,Cultivar,Fungicide,15,2,1,0.00265313443114689,0,0,0,NA,NA,NA,NA,NA
52A,2021-08-17,CVR496,Cultivar,Fungicide,13,3,1,0.7331892284725596,0,0,0.7224062515699535,0.7845569592636364,0.7027922969808247,0.20874395155873307,0.4500790919680576,0.5170573899517481
53A,2021-08-17,CVR015,Cultivar,Fungicide,14,3,1,0.6257985611484091,0,0,0.6165780387930463,0.7679554091999238,0.6743913458720535,0.20386361207610895,0.44271135782938126,0.4927810122588224
54A,2021-08-17,CVR009,Cultivar,Fungicide,15,3,1,0.5904333722328594,0,0,0.5540949870606726,0.75758906393907,0.6529848947541216,0.2303790529135914,0.4421356985669294,0.4743354129199953
37A,2021-08-17,WLD133,Wild cicer,Fungicide,16,1,1,0.304024032498976,0,0,0.28019129487536143,0.764175227245112,0.6429021016565754,0.30777069371476484,0.3524379992341619,0.5635020812738653
38A,2021-08-17,CVR488,Cultivar,Fungicide,17,1,1,0.00257695204423505,0,0,0,NA,NA,NA,NA,NA
39A,2021-08-17,CVR493,Cultivar,Fungicide,18,1,1,0.7848640727426254,0,0,0.7665373629507433,0.8188507148499772,0.7167169203814155,0.31805219017065645,0.44079249380613206,0.5915878679747363
46A,2021-08-17,CVR482,Cultivar,Fungicide,16,2,1,0.29490533201339875,0,0,0.2942991034111615,0.7746158797582792,0.6598873848256817,0.25036890183683547,0.4290388433364959,0.5175945724769674
47A,2021-08-17,CVR485,Cultivar,Fungicide,17,2,1,0.5644518660182324,0,0,0.5469821365175533,0.8250130818900475,0.7134584162216423,0.3252289576267107,0.4442244719636414,0.6010784540180892
48A,2021-08-17,WLD132,Wild cicer,Fungicide,18,2,1,0.222806983495578,0,0,0.21236378085644503,0.8290220973832714,0.687919224929134,0.4421174810677648,0.3479989971376802,0.6760679248211362
55A,2021-08-17,CVR486,Cultivar,Fungicide,16,3,1,0.6238078822556261,0,0,0.625302087525491,0.770976894053562,0.6784865309245224,0.21264793477706065,0.4255457120654865,0.5141002217863406
56A,2021-08-17,WLD130,Wild cicer,Fungicide,17,3,1,0.2238934105784946,0,0,0.1918897745969691,0.7730678820546243,0.6551579281258394,0.2710425887502646,0.38528120708484453,0.5522835025588776
57A,2021-08-17,CVR484,Cultivar,Fungicide,18,3,1,0.5777970328385705,0,0,0.5478466818874352,0.8180596719537997,0.6990214794831173,0.2932978378119216,0.4666820379041906,0.5683641495284956
4A,2021-08-17,CVR493,Cultivar,Infected,4,1,1,0.5471849624107809,5,0.00335201983047895,0.4991570585563591,0.7923101317496145,0.7448779160871324,0.19074116962043203,0.4918909881212784,0.4922726805842538
5A,2021-08-17,CVR489,Cultivar,Infected,5,1,1,0.12811227656416915,2,0.001212288786036,0.09568945343920128,0.751008056312589,0.7083592268962052,0.23038088794558095,0.4252398959938227,0.4786193647036104
6A,2021-08-17,CVR010,Cultivar,Infected,6,1,1,0.1969248456117056,4,0.00126197316339843,0.16614990108457617,0.7601729784442434,0.707819398687591,0.2361653827559956,0.4664363557940182,0.4551038465628811
13A,2021-08-17,CVR017,Cultivar,Infected,4,2,1,0.2616864990421476,24,0.01243425961117001,0.22077344945438715,0.7901822483503329,0.7488440385043468,0.1673589891908689,0.49457736801386026,0.485239521184596
14A,2021-08-17,CVR019,Cultivar,Infected,5,2,1,0.3335198653446228,24,0.01315303820451429,0.2789730718541642,0.8250001951271762,0.7604618033223244,0.2853649172017301,0.4874787407464396,0.5645776995641236
15A,2021-08-17,WLD131,Wild cicer,Infected,6,2,1,0.03406346378266497,1,1.3911539409942425e-4,0.01850913041883523,0.8003742521367786,0.708006991518933,0.47124448337424174,0.43151072020523706,0.5634687859696235
22A,2021-08-17,Howzat,Cultivar,Infected,4,3,1,0.198233195299974,88,0.04625589135378417,0.18041489968762753,0.7051194148231976,0.7016343032861636,0.07269861819320061,0.4076727631050901,0.41744436599669704
23A,2021-08-17,Genesis090,Cultivar,Infected,5,3,1,0.37964001992550833,33,0.0161373855102106,0.35517095695420986,0.779778768925557,0.7221823812298294,0.1967667931104951,0.4646617764208429,0.49417201177989506
24A,2021-08-17,CVR477,Cultivar,Infected,6,3,1,0.3000128642141834,39,0.01718404743812754,0.26215373465827996,0.7745358957848943,0.7045875986296413,0.26294499415486416,0.4347560558631874,0.5122830472423122
61A,2021-08-17,CVR487,Cultivar,Fungicide,1,5,2,0.19935605743750065,0,0,0.15027370429219944,0.7024099155972047,0.6798095631294351,0.18861963471960208,0.3760127242569875,0.4435437881919964
62A,2021-08-17,WLD132,Wild cicer,Fungicide,2,5,2,0.21783194240246612,0,0,0.17986473445224813,0.7689794565395087,0.7198537228898343,0.35237730203432116,0.29303637848997954,0.61438881065352
63A,2021-08-17,CVR482,Cultivar,Fungicide,3,5,2,0.360796472136751,0,0,0.30824972187971034,0.741368379729624,0.72302423323654,0.26795375632966023,0.4127540279365895,0.47350961164060784
70A,2021-08-17,WLD133,Wild cicer,Fungicide,1,6,2,0.2034665940530478,0,0,0.144457671803903,0.7883832484504648,0.7305911762613154,0.31285253825184745,0.34994355186850157,0.6054873915461536
71A,2021-08-17,WLD130,Wild cicer,Fungicide,2,6,2,0.12469731826390391,0,0,0.09561085840557564,0.7882833682326084,0.7179637623802975,0.3768619940506958,0.3803339057578027,0.5826275472999352
72A,2021-08-17,WLD129,Wild cicer,Fungicide,3,6,2,0.1946956827251115,0,0,0.14771936569936656,0.8216849500136183,0.7372388822790658,0.40827439371703905,0.393096404177104,0.6330715386127691
79A,2021-08-17,CVR490,Cultivar,Fungicide,1,7,2,0.7884810799820916,0,0,0.7713316600019066,0.8233653415164672,0.7752208443088086,0.270294027494128,0.4522680547299766,0.5912787602873819
80A,2021-08-17,CVR494,Cultivar,Fungicide,2,7,2,0.710894287328927,0,0,0.6437719204275134,0.8287909498259973,0.7802142517556204,0.2665790613809302,0.5008783598046387,0.5606526555073147
81A,2021-08-17,WLD131,Wild cicer,Fungicide,3,7,2,0.25607550063220647,0,0,0.2033646495063107,0.8186620389211471,0.7297793116933161,0.38893121895956095,0.3710799013090736,0.6428829133752401
88A,2021-08-17,CVR493,Cultivar,Fungicide,1,8,2,0.8249591942020925,0,0,0.7401294316525325,0.8250313383661255,0.7749763321306358,0.3061990079197072,0.4537694345609459,0.5934246756413166
89A,2021-08-17,CVR477,Cultivar,Fungicide,2,8,2,0.633993136157969,1,6.293322977251133e-4,0.5873013887675002,0.814751293326055,0.7505564484685703,0.2848316139773988,0.4518696801163732,0.574326444794591
90A,2021-08-17,CVR488,Cultivar,Fungicide,3,8,2,0.14191453770597826,6,0.00179193506351223,0.1188356908419485,0.73833878770332,0.6638587961766974,0.2463986244120486,0.43590577955133536,0.4459651830405727
64A,2021-08-17,CVR015,Cultivar,Fungicide,4,5,2,0.6561588984716207,0,0,0.6201148153061996,0.7488636091736153,0.6863944861840531,0.15330778268705836,0.39905329047807936,0.4988997750017699
65A,2021-08-17,CVR016,Cultivar,Fungicide,5,5,2,0.6658969948855681,0,0,0.6119016342923215,0.7847435142362692,0.7198868713699487,0.2248835263357288,0.3935704455251891,0.5659757191997692
66A,2021-08-17,CVR485,Cultivar,Fungicide,6,5,2,0.3427710569378728,21,0.01416659321865451,0.3097430275185973,0.7037462942398474,0.680070090843241,0.14357895042711782,0.3781541973288602,0.4436612857924028
73A,2021-08-17,CVR010,Cultivar,Fungicide,4,6,2,0.05244660497225954,0,0,0.03937611184643928,0.7515077078691526,0.6901221435030424,0.1538786250768033,0.41289426950007335,0.49095275146688855
74A,2021-08-17,Genesis090,Cultivar,Fungicide,5,6,2,0.6669536114692584,0,0,0.6137486175825237,0.782273958299588,0.7146567217116817,0.16376044822344882,0.4597267031269516,0.5036906433627263
75A,2021-08-17,CVR019,Cultivar,Fungicide,6,6,2,0.6019137267127035,0,0,0.5606969698852253,0.7928827614855295,0.6985680903891682,0.2440355689742454,0.45232158308937775,0.5309968019592131
82A,2021-08-17,CVR017,Cultivar,Fungicide,4,7,2,0.1359425010276289,0,0,0.12755973957439315,0.7237824402967247,0.6716040153583712,0.12110816013330028,0.36593143369899134,0.4867759190197471
83A,2021-08-17,CVR496,Cultivar,Fungicide,5,7,2,0.7497506169316539,0,0,0.7054690218236308,0.8019496384190534,0.7290263937730614,0.20855206460227615,0.4377206121608089,0.5612416022959913
84A,2021-08-17,CVR009,Cultivar,Fungicide,6,7,2,0.6185347361702505,0,0,0.5679670104955958,0.76302907743502,0.68312359787036,0.18996591238334729,0.43918422430145393,0.4870655530484717
67A,2021-08-17,CVR481,Cultivar,Fungicide,7,5,2,0.4289598347566909,2,6.757019463151501e-4,0.46850499544236446,0.7563618133974324,0.7330483370439055,0.16928722707207114,0.4054769676948922,0.5060989694228354
68A,2021-08-17,CVR489,Cultivar,Fungicide,8,5,2,0.1433951258342213,0,0,0.14044932508899602,0.7262048389309976,0.6903970512518107,0.26171291751953685,0.3601800471299598,0.4956760453511596
69A,2021-08-17,Howzat,Cultivar,Fungicide,9,5,2,0.4629173056532177,0,0,0.46151003744968366,0.756221353592067,0.7052152812131913,0.27612854761112454,0.4149652768360307,0.4973169096372582
76A,2021-08-17,CVR484,Cultivar,Fungicide,7,6,2,0.448522146804573,6,0.00296448714964943,0.48799656378152007,0.7758291699680214,0.7445489006132563,0.17178589717492945,0.420314420519141,0.527542110533175
77A,2021-08-17,CVR492,Cultivar,Fungicide,8,6,2,0.24103775991134893,4,0.00218279068755913,0.23464547288931037,0.7628146627208103,0.7089364893404249,0.2640508174988039,0.42405376425427926,0.5007362811777656
78A,2021-08-17,CVR011,Cultivar,Fungicide,9,6,2,0.00291480436880058,0,0,0,NA,NA,NA,NA,NA
85A,2021-08-17,CVR495,Cultivar,Fungicide,7,7,2,0.633188252678857,0,0,0.6316682852491667,0.7783092617240993,0.7483972841935655,0.18164355641169191,0.43800860648769374,0.5163159357236574
86A,2021-08-17,CVR491,Cultivar,Fungicide,8,7,2,0.660706655742488,0,0,0.6492735727813073,0.791930450934726,0.7265953308029337,0.26553490013194125,0.4088054565136277,0.5665396510996433
87A,2021-08-17,CVR486,Cultivar,Fungicide,9,7,2,0.6465102335553524,4,0.00155013975919357,0.629074649139521,0.7688127768900724,0.6882708696187936,0.23438636352715583,0.4468778854924283,0.49042951905192106
7A,2021-08-17,CVR487,Cultivar,Infected,7,1,1,0.21592075817428663,2,4.80278344194592e-4,0.16347766994130483,0.7414359896598116,0.7170688082103115,0.24439633728625712,0.3233008416874517,0.5499657128362397
8A,2021-08-17,WLD132,Wild cicer,Infected,8,1,1,0.0613533196855604,1,2.3848303987593532e-4,0.04330586352772065,0.796830965819217,0.7591484814743067,0.40611276820099634,0.16879209903303383,0.7256360198656069
9A,2021-08-17,CVR492,Cultivar,Infected,9,1,1,0.37084592265372934,11,0.0073201282402931,0.31225806859461736,0.761675949482696,0.7462741742770679,0.3100983874016375,0.3233938083990846,0.5815238416350598
16A,2021-08-17,CVR490,Cultivar,Infected,7,2,1,0.3036795556190269,57,0.02389140170464137,0.23507774557425132,0.7754648377427772,0.7438113078450099,0.2488819747155065,0.3149002410012496,0.6093688538061334
17A,2021-08-17,CVR011,Cultivar,Infected,8,2,1,0.06543073352418939,2,0.00122885298330089,0.04825735064613518,0.7845289113213172,0.7377621919907578,0.34332657089042773,0.301278824212363,0.6328260958450126
18A,2021-08-17,CVR486,Cultivar,Infected,9,2,1,0.33820011372316283,25,0.01398772752977091,0.2812916253461202,0.8096625384707298,0.7374566801372894,0.4162730887836826,0.30578895755101254,0.6696758560854341
25A,2021-08-17,CVR484,Cultivar,Infected,7,3,1,0.12793672584650276,56,0.02440481702747291,0.08405738846260842,0.7059424445714337,0.7106651638556503,0.14279349121830598,0.2782766174485664,0.5322187507188034
26A,2021-08-17,CVR494,Cultivar,Infected,8,3,1,0.22657304323117605,37,0.01623012743599626,0.1677610992739015,0.7706964755875005,0.7379447067974303,0.2686192417507725,0.3165142247407467,0.6007196343449721
27A,2021-08-17,WLD133,Wild cicer,Infected,9,3,1,0.08955073967601421,8,0.00288498742255826,0.05694210186176699,0.7710356336731997,0.7213865770508887,0.34328484335240184,0.26937630872163965,0.6331673894483516
91A,2021-08-17,CVR484,Cultivar,Infected,10,5,2,0.1682372085228626,44,0.01932709748283493,0.08118866973527303,0.6132176309253728,0.6787515532270081,0.12670172873743227,0.3633262527328427,0.32152696307447737
92A,2021-08-17,WLD132,Wild cicer,Infected,11,5,2,0.0617739789524214,0,0,0.0261721461973339,0.7065112703258064,0.6815959554345332,0.304212235574977,0.2515576079241686,0.5532887173142329
93A,2021-08-17,CVR488,Cultivar,Infected,12,5,2,0.01015544340311656,0,0,0,NA,NA,NA,NA,NA
100A,2021-08-17,CVR494,Cultivar,Infected,10,6,2,0.24221361849194464,11,0.00419001965406262,0.17817494122929714,0.7607954224313648,0.705136912412918,0.21755022276728864,0.42945368556281777,0.4921353457859454
101A,2021-08-17,WLD130,Wild cicer,Infected,11,6,2,0.1556339919054919,0,0,0.1101902371431295,0.7865287413891315,0.6970707317724414,0.3442561839349963,0.3919767292037823,0.5704099490541823
102A,2021-08-17,CVR482,Cultivar,Infected,12,6,2,0.23916632301547128,34,0.01671372547872073,0.17011895028267035,0.7565490187152073,0.6816742569469347,0.364174482190149,0.4046684666423887,0.5071432279068907
109A,2021-08-17,CVR016,Cultivar,Infected,10,7,2,0.4991701849901749,22,0.01107623829516363,0.4059826461931779,0.8183150236395349,0.7341698073932292,0.3285923142105707,0.4028201500719854,0.6198028205496109
110A,2021-08-17,CVR011,Cultivar,Infected,11,7,2,0.07185986452400976,0,0,0.05776734971483608,0.7815215947015488,0.6941504934802145,0.2930447949707921,0.4005949331836941,0.5545378027881288
111A,2021-08-17,WLD133,Wild cicer,Infected,12,7,2,0.1342201166278831,2,5.299623108354118e-4,0.09427474283393995,0.7901892060317391,0.6766119351337261,0.4182789908835822,0.3801694080108117,0.5860822976299641
118A,2021-08-17,CVR477,Cultivar,Infected,10,8,2,0.342585569387131,34,0.02109587199575036,0.26765538701207386,0.756744154212699,0.702969855599737,0.2275992268723101,0.3648611161724034,0.5413545599111126
119A,2021-08-17,CVR487,Cultivar,Infected,11,8,2,0.04432158779422792,0,0,0.02919805499192055,0.753181864937203,0.6697757075477521,0.2467237310044567,0.3965436286159949,0.508516627935602
120A,2021-08-17,CVR010,Cultivar,Infected,12,8,2,0.24498599491999695,7,0.00389523551166218,0.197823699635704,0.7839615139876337,0.6974438091938384,0.27268764361296977,0.4593512523805464,0.5072936602410618
94A,2021-08-17,CVR481,Cultivar,Infected,13,5,2,0.2776019933513371,19,0.01001299730182224,0.2412867532306759,0.7222178184994004,0.6547106069824583,0.1802899073606363,0.3842623676541115,0.4677720890717112
95A,2021-08-17,CVR489,Cultivar,Infected,14,5,2,0.00669742549285769,0,0,0,NA,NA,NA,NA,NA
96A,2021-08-17,CVR015,Cultivar,Infected,15,5,2,0.29460722702113507,5,0.00273593248329587,0.2542942312957172,0.7792642873922182,0.7071897206079271,0.3463514541670826,0.37583644147776024,0.5705191711997112
103A,2021-08-17,WLD129,Wild cicer,Infected,13,6,2,0.05559326877948743,0,0,0.0388259466110599,0.8083439608703384,0.6807576821249424,0.3435343907502806,0.3936278634221092,0.6082546369162485
104A,2021-08-17,CVR491,Cultivar,Infected,14,6,2,0.3338146580591947,36,0.01573660019831943,0.3141443494016324,0.7819429609613437,0.683329127170595,0.2953998243388439,0.3854823409890291,0.567527803376314
105A,2021-08-17,CVR495,Cultivar,Infected,15,6,2,0.2272884952126089,36,0.0143686189653199,0.19896332762327557,0.7448802924234103,0.6271579038180332,0.3427313117434471,0.3366261935643219,0.544880931393703
112A,2021-08-17,CVR496,Cultivar,Infected,13,7,2,0.3972215899136828,29,0.01649179903773388,0.3752519880455577,0.7872359400229249,0.6909152568545872,0.3021107672885682,0.3766122334537552,0.5836724955876754
113A,2021-08-17,CVR486,Cultivar,Infected,14,7,2,0.3541354816985033,29,0.01224876692905856,0.29496716119697935,0.7610464585787735,0.6657207683071819,0.2642458507140455,0.3749399922343473,0.5402710588818339
114A,2021-08-17,CVR485,Cultivar,Infected,15,7,2,0.2819245157391607,34,0.02248040017569432,0.2120494007219425,0.7466806727545184,0.6654165610057893,0.27772295806171093,0.3660309347873212,0.5238118152314439
97A,2021-08-17,CVR017,Cultivar,Infected,16,5,2,0.21438717360297452,14,0.01262308743496892,0.20147836869929564,0.7302104206997988,0.6576293921693738,0.1954617332816546,0.3685795968340532,0.4948022215679809
98A,2021-08-17,Genesis090,Cultivar,Infected,17,5,2,0.4648947354352335,49,0.03159246056336349,0.4233914461412544,0.7637151985315067,0.6871004775916797,0.27594843849274064,0.3600839385569612,0.5567339830816117
99A,2021-08-17,CVR009,Cultivar,Infected,18,5,2,0.5541672437851349,2,0.00119241827979176,0.5246218494510624,0.7967132327241101,0.7017360236773755,0.31948973590691104,0.4045250252425018,0.5786965847383536
106A,2021-08-17,CVR019,Cultivar,Infected,16,6,2,0.389172755122563,42,0.0181677973706048,0.35061244500392347,0.8044862472475144,0.6957237233543875,0.31099616319097595,0.3905030432904298,0.603609850960409
107A,2021-08-17,CVR490,Cultivar,Infected,17,6,2,0.4312453063640459,48,0.01872756989713606,0.4022493820959606,0.8075579941138645,0.7040611765282407,0.3112345745039374,0.393842679483747,0.606665888313349
108A,2021-08-17,WLD131,Wild cicer,Infected,18,6,2,0.00677029560207771,0,0,0,NA,NA,NA,NA,NA
115A,2021-08-17,CVR493,Cultivar,Infected,16,7,2,0.5664822922433174,29,0.02123498878629054,0.5425808146345182,0.7977883321066103,0.7098059631914813,0.2776160769796449,0.3959487450758057,0.5873845508093136
116A,2021-08-17,Howzat,Cultivar,Infected,17,7,2,0.11748648972881431,49,0.02563036969834274,0.1133340384881546,0.6772687108186753,0.6025913534674483,0.16900100359129774,0.3050709824129991,0.4691262664823855
117A,2021-08-17,CVR492,Cultivar,Infected,18,7,2,0.1633946585374235,1,5.167132530645264e-4,0.14917337382144066,0.7550199360643217,0.6232365536151716,0.27577077646881226,0.3979592495387293,0.5104273448713897
121A,2021-08-20,CVR019,Cultivar,Infected,1,9,3,0.40599250124161906,20,0.01042040611578108,0.35399203144982544,0.7817003416553717,0.7281587509937372,0.2419179984529261,0.3657298958460289,0.5825028858372358
122A,2021-08-20,CVR016,Cultivar,Infected,2,9,3,0.4287246630405718,41,0.01793925724382229,0.3726976494527248,0.7497659406197474,0.7192998184161662,0.2575868347896006,0.30234291259027424,0.5785790377763446
123A,2021-08-20,WLD131,Wild cicer,Infected,3,9,3,0.1275756875780945,2,5.034641952936412e-4,0.08358581826085466,0.738139115198915,0.7302462564173329,0.29839056642736195,0.31287278273492786,0.5529716078556952
130A,2021-08-20,CVR485,Cultivar,Infected,1,10,3,0.35597379581746275,56,0.02142374847127261,0.32609079451272777,0.7660373940142362,0.7106450660471032,0.1852077207280468,0.3811839731819488,0.5435791820240337
131A,2021-08-20,CVR010,Cultivar,Infected,2,10,3,0.01904228445026652,2,7.485736123022747e-4,0.01387202343492322,0.8049794281379391,0.7557926827967609,0.2720694147084158,0.39004655672187744,0.6048402980677033
132A,2021-08-20,CVR491,Cultivar,Infected,3,10,3,0.26600239687458754,9,0.00378592643139055,0.23161956409472373,0.8083042162016638,0.7345808143247538,0.32608048601075523,0.381749953084137,0.6169161342716649
139A,2021-08-20,CVR011,Cultivar,Infected,1,11,3,0.26855616297497986,3,8.015679951385604e-4,0.2220309699923972,0.7930974281725082,0.7325979680982799,0.21582145948322945,0.4017461520829619,0.5743542246720056
140A,2021-08-20,WLD132,Wild cicer,Infected,2,11,3,0.02628292348458251,4,7.253865290383885e-4,0.01791966766664303,0.7630550899424531,0.7041403880924013,0.3218012587566679,0.2491157525689306,0.6345627663393376
141A,2021-08-20,CVR487,Cultivar,Infected,3,11,3,0.01057279039228574,0,0,0.00106103295394596,0.7939444874498096,0.7263286366271946,0.38731705233853714,0.4776119525420655,0.5095541209349429
148A,2021-08-20,CVR495,Cultivar,Infected,1,12,3,0.22757335109410537,46,0.0145309107228364,0.19715564184988613,0.7276780392808813,0.6906407117802253,0.17059276895236752,0.30685537745550956,0.5418028630595707
149A,2021-08-20,CVR493,Cultivar,Infected,2,12,3,0.6039673388816312,9,0.00647549957523433,0.5686743657982265,0.832170635994837,0.7496364708384307,0.3119689199280198,0.4132036234400562,0.6385289857439553
150A,2021-08-20,CVR492,Cultivar,Infected,3,12,3,0.26564135860617927,17,0.00651192134099993,0.24124745571386305,0.7504933029530331,0.6830276886009079,0.25943237071737124,0.3615579443409996,0.5337729486074815
124A,2021-08-20,Howzat,Cultivar,Infected,4,9,3,0.20852775436614696,55,0.02899232209169179,0.1728304789427545,0.6890466600043272,0.6952084241195124,0.14144622931746298,0.32568299717823507,0.4685001468871739
125A,2021-08-20,CVR496,Cultivar,Infected,5,9,3,0.4033625527543149,15,0.01048998428735461,0.34306732177586324,0.811844206704925,0.7614985702792421,0.3387837892385732,0.3939776265761913,0.61437275619876075
126A,2021-08-20,CVR484,Cultivar,Infected,6,9,3,0.10943103038231088,22,0.01002624631852046,0.06515528287564505,0.6289693833076645,0.6777663400707298,0.2525863460207415,0.25170363328375733,0.4482261743569309
133A,2021-08-20,CVR482,Cultivar,Infected,4,10,3,0.30411677627434697,71,0.04118478356457675,0.3290381082736888,0.7516265056848522,0.7275923415145208,0.1691663922926093,0.3767726601948352,0.5229489790824915
134A,2021-08-20,CVR015,Cultivar,Infected,5,10,3,0.5678535752077304,31,0.01685615699803279,0.5312238322756151,0.8518225541475815,0.7815550317897593,0.33702811200375304,0.46465109241543173,0.6408004656851384
135A,2021-08-20,CVR481,Cultivar,Infected,6,10,3,0.20786529882778323,71,0.02974417741071114,0.17821423874610995,0.7411387507240792,0.6700575874946798,0.3428761539806564,0.3287386093482513,0.5452438577204148
142A,2021-08-20,WLD129,Wild cicer,Infected,4,11,3,0.10651291373581848,0,0,0.08562928913512097,0.8385991233650649,0.7629706729701088,0.3051832060755663,0.40952427226131505,0.6535063919040127
143A,2021-08-20,CVR477,Cultivar,Infected,5,11,3,0.36371458878324336,90,0.03456021561947109,0.343538891977617,0.7492525370348831,0.7006870005375267,0.19903357902277916,0.3873875179451668,0.5098493413896459
144A,2021-08-20,WLD133,Wild cicer,Infected,6,11,3,0.0642548749435937,9,0.00179524897084242,0.05584177139100821,0.7658907315947346,0.7040908984660686,0.3144360700537901,0.3237612853461905,0.5879113307035314
127A,2021-08-20,CVR489,Cultivar,Infected,7,9,3,0.13002014851465682,22,0.00877089131780923,0.08908747061464857,0.7249128144909469,0.7346822022676451,0.21797070021890616,0.23865498829129672,0.5879809104762214
128A,2021-08-20,CVR009,Cultivar,Infected,8,9,3,0.4751329857806456,9,0.00280880053493281,0.3934467383298904,0.7964667944659722,0.7864751024478467,0.3106232340755854,0.309679877632457,0.6461628041081192
129A,2021-08-20,CVR486,Cultivar,Infected,9,9,3,0.3522375465810911,12,0.00837012543310125,0.30019373093308355,0.7719162670897433,0.7647211845267801,0.3094053326069789,0.29542500618495593,0.6172513339997872
136A,2021-08-20,CVR488,Cultivar,Infected,7,10,3,0.05680887469238495,1,2.5504436208954195e-4,0.0477464829275686,0.7961175463899214,0.7729999198458887,0.2966746377466186,0.3230614334630568,0.6368509013710602
137A,2021-08-20,CVR490,Cultivar,Infected,8,10,3,0.5381523811451908,46,0.01864807271653213,0.47640379632174,0.8140796063392343,0.779098530360711,0.2897306598498631,0.37387864887528555,0.6328063028823288
138A,2021-08-20,CVR494,Cultivar,Infected,9,10,3,0.1648454361664401,37,0.01558090643703402,0.12814920232658536,0.7666639646974571,0.7169144932043596,0.3555921364056355,0.2937074102462217,0.6104042665660433
145A,2021-08-20,CVR017,Cultivar,Infected,7,11,3,0.4232428434606116,19,0.00634962120474981,0.37434814515886294,0.8102982517534709,0.7794894261528841,0.2800797990294444,0.3484220197048334,0.6435736467652861
146A,2021-08-20,Genesis090,Cultivar,Infected,8,11,3,0.41047401295864994,37,0.0217483948678858,0.3510054201720516,0.7841365706809224,0.7628227604629126,0.2678475792643544,0.31253093945805965,0.6246986066017438
147A,2021-08-20,WLD130,Wild cicer,Infected,9,11,3,0.07683821789481349,0,0,0.04821805312932236,0.8173571516322699,0.7568517919769953,0.33093377689735226,0.37630279894200974,0.6369694596067326
151A,2021-08-20,WLD130,Wild cicer,Fungicide,10,9,3,0.18489134075732777,0,0,0.1231191201745452,0.7561129700371598,0.6714810923260409,0.2013108693414598,0.4277792071029709,0.4853055576857227
152A,2021-08-20,CVR482,Cultivar,Fungicide,11,9,3,0.4057175821931981,1,3.279141798294111e-4,0.3950186390024029,0.7639789964518042,0.7192458613431391,0.16748651184264654,0.46179680287569624,0.46690918015504623
153A,2021-08-20,CVR491,Cultivar,Fungicide,12,9,3,0.41753578899760774,0,0,0.4012669441756403,0.7636769215029406,0.7038729339273602,0.2639962581251161,0.42995523519617707,0.4968661374989521
160A,2021-08-20,Howzat,Cultivar,Fungicide,10,10,3,0.5751240247412728,1,1.8548680879239412e-4,0.5485933347068787,0.81663979150406,0.7436768927696314,0.18254276090226276,0.49412248735683045,0.5407010295990321
161A,2021-08-20,CVR009,Cultivar,Fungicide,11,10,3,0.6649794939649343,1,4.736538153091493e-4,0.6454224161336516,0.8359047323016974,0.7547378374070838,0.26057729909907673,0.4937410595746773,0.5826249100634348
162A,2021-08-20,CVR484,Cultivar,Fungicide,12,10,3,0.4774317064987678,0,0,0.4500351625403421,0.8264921222448959,0.7411463695596561,0.27888941930053135,0.5009216254750302,0.5555884262069973
169A,2021-08-20,CVR019,Cultivar,Fungicide,10,11,3,0.6944057689790528,0,0,0.6411782843178677,0.8381748513766144,0.7440475588139801,0.2608119158835168,0.4908860501038652,0.5900736096899508
170A,2021-08-20,CVR495,Cultivar,Fungicide,11,11,3,0.6957538659996231,6,0.00227221628275811,0.6605519601065848,0.845160982532915,0.757871687141305,0.24700532263272584,0.5151131149270515,0.5845212381628621
171A,2021-08-20,CVR010,Cultivar,Fungicide,12,11,3,0.1277346769073018,0,0,0.10846114640336572,0.8016341093634023,0.6670805113976301,0.31044429138392726,0.456570419059744,0.5442665742999689
178A,2021-08-20,CVR016,Cultivar,Fungicide,10,12,3,0.7769808518360966,0,0,0.7593852148908112,0.8415550605608989,0.7547944012376993,0.27418012688735477,0.4896304874705619,0.5985631097100282
179A,2021-08-20,CVR494,Cultivar,Fungicide,11,12,3,0.6927695037992944,1,6.028321285752808e-4,0.6598446048039542,0.8330906955929842,0.7459808834863236,0.23268087687447372,0.5207022531095715,0.5517204879890462
180A,2021-08-20,WLD129,Wild cicer,Fungicide,12,12,3,0.1375787662073874,0,0,0.10665346062997628,0.8144242467284032,0.688595333286397,0.2842776483454388,0.467911290980436,0.5598655793384683
154A,2021-08-20,CVR493,Cultivar,Fungicide,13,9,3,0.7238552299370142,0,0,0.6913612132878307,0.7999695791592601,0.7685803992690082,0.23738723997344768,0.4334523813060803,0.5610661755231754
155A,2021-08-20,WLD132,Wild cicer,Fungicide,14,9,3,0.2077029972208841,0,0,0.15522519141061397,0.7673378770046629,0.7361810228246017,0.3056065583838052,0.3253196905671428,0.5890670703018451
156A,2021-08-20,CVR489,Cultivar,Fungicide,15,9,3,0.2788175992642346,1,0.00322947097475761,0.2326412995318569,0.738996579133633,0.7271259968598188,0.2677133734435985,0.4082803265720228,0.4736140142568744
163A,2021-08-20,WLD131,Wild cicer,Fungicide,13,10,3,0.0023749031050341,0,0,0,NA,NA,NA,NA,NA
164A,2021-08-20,CVR485,Cultivar,Fungicide,14,10,3,0.7009972015857724,0,0,0.6937190642965996,0.8063560709831794,0.7652534927882867,0.24412658058631567,0.4653038472432045,0.5458587411515031
165A,2021-08-20,CVR488,Cultivar,Fungicide,15,10,3,0.00386542806635258,0,0,0.00102173543713315,0.6663682679564598,0.601728200932112,-0.09570843802772172,0.3940380052746192,0.36929864003457574
172A,2021-08-20,CVR481,Cultivar,Fungicide,13,11,3,0.5634217476560768,0,0,0.5478073843706225,0.7778700731274909,0.758981565868487,0.2083649437470047,0.3698412787543322,0.5728235089859299
173A,2021-08-20,CVR490,Cultivar,Fungicide,14,11,3,0.3599253431038026,4,0.00176874921241318,0.34397116466255795,0.7483142389851372,0.7167614126486945,0.17142401880011182,0.4113800699756414,0.4867876363039319
174A,2021-08-20,CVR486,Cultivar,Fungicide,15,11,3,0.6764333502232438,0,0,0.6526924567440221,0.8102905016094839,0.7506579086260695,0.26736743290236664,0.4739648012387317,0.5460268702654371
157A,2021-08-20,CVR492,Cultivar,Fungicide,16,9,3,0.4985242908402702,0,0,0.45396491422162344,0.7471843747118132,0.7400163884367099,0.21434922473095672,0.3957705349897439,0.4989643696394318
158A,2021-08-20,CVR487,Cultivar,Fungicide,17,9,3,0.09315118552702129,0,0,0.0854328015510569,0.6998647545911011,0.7305975893256139,0.1615893259684344,0.3801927081194781,0.4355700357971022
159A,2021-08-20,CVR477,Cultivar,Fungicide,18,9,3,0.5660020119780037,0,0,0.5033225953385174,0.8022659653732168,0.7911327106383724,0.30097488875662076,0.44310133972522514,0.5572635156501392
166A,2021-08-20,CVR017,Cultivar,Fungicide,16,10,3,0.3748305927169874,0,0,0.37238326931822224,0.7939595315994531,0.770801925648265,0.2308257698242806,0.4528899925180568,0.5325685996655746
167A,2021-08-20,CVR015,Cultivar,Fungicide,17,10,3,0.7884711431490161,0,0,0.7512899264273716,0.8575101778594844,0.820932056103917,0.35257179818736273,0.4844268174326385,0.6381867116456724
168A,2021-08-20,Genesis090,Cultivar,Fungicide,18,10,3,0.640356021603953,0,0,0.6293497317572108,0.8202351983561238,0.7817132571454787,0.3242946213003688,0.47062802604949977,0.5694165969699753
175A,2021-08-20,CVR011,Cultivar,Fungicide,16,11,3,0.00259682571038597,0,0,6.287602690050186e-4,0.11191336136250528,0.763701057575393,-0.5591603048729931,0.35602094824123703,-0.2542372906306371
176A,2021-08-20,CVR496,Cultivar,Fungicide,17,11,3,0.7975832190792098,0,0,0.7686594288586353,0.8522220421933681,0.8203628787122167,0.3247577570662364,0.4889780243415639,0.6227586737537402
177A,2021-08-20,WLD133,Wild cicer,Fungicide,18,11,3,0.3644002302654499,0,0,0.33229980216915234,0.8064132906638355,0.7548416497632074,0.34167352391764155,0.4197841566518519,0.5844906199558184
1A,2021-08-20,CVR482,Cultivar,Infected,1,1,1,0.22395634385463917,17,0.00762154192239539,0.13274701179368456,0.7033253725215318,0.6923310926872365,0.1264280844377852,0.38985088080673785,0.43189727670779554
2A,2021-08-20,CVR016,Cultivar,Infected,2,1,1,0.5055198213253916,16,0.00892657978078584,0.3788673595923366,0.7898384981524736,0.7378150390426277,0.277319656340393,0.3709602393458616,0.5924716771544303
3A,2021-08-20,CVR496,Cultivar,Infected,3,1,1,0.41669447046388575,16,0.01121866985554836,0.3263265796136046,0.7961356414063493,0.7476889213688782,0.30218919740222827,0.39465126451979265,0.5854214037280129
10A,2021-08-20,CVR485,Cultivar,Infected,1,2,1,0.4351935413726939,25,0.01211628801586896,0.3354829010309902,0.7836196759070735,0.7174552799973631,0.19130768478650023,0.39987817980984414,0.5588623647684468
11A,2021-08-20,CVR481,Cultivar,Infected,2,2,1,0.31334809420144605,77,0.03044306167590623,0.22427092845072755,0.7852362793072336,0.7370135083274412,0.2536371459222561,0.37056136518038346,0.5848549794909742
12A,2021-08-20,CVR009,Cultivar,Infected,3,2,1,0.5406995226901995,30,0.01187117642203578,0.4301899165498711,0.8407914310258903,0.7606972862129907,0.3434090092379239,0.43544499279293025,0.6394671341493886
19A,2021-08-20,CVR495,Cultivar,Infected,1,3,1,0.18069137264410143,66,0.02224849907282323,0.10429560962120746,0.7232660305939075,0.6767953014978589,0.12499974021435434,0.30975219966039874,0.5329014776617602
20A,2021-08-20,CVR488,Cultivar,Infected,2,3,1,0.11977858589155296,22,0.00802231195540439,0.1041384195539562,0.8020476530550034,0.7203621545875807,0.28633460307029895,0.34791518271963795,0.6299036562733216
21A,2021-08-20,WLD130,Wild cicer,Infected,3,3,1,0.08430077953448134,1,1.5898902182791342e-4,0.0411445001030159,0.837938411773233,0.7270006855818604,0.37531138838340256,0.4454992547884745,0.6262003260937083
28A,2021-08-20,CVR491,Cultivar,Infected,1,4,1,0.33860421160156473,11,0.0042165179749652,0.25272233062320465,0.7967626751210014,0.7154260325325962,0.25732202417753064,0.35593189984288387,0.6153358785732314
29A,2021-08-20,CVR015,Cultivar,Infected,2,4,1,0.5070401567859365,31,0.01332857778763684,0.4127811166017947,0.8341232162529064,0.741390164209039,0.31139806473360565,0.3903521246374082,0.6580252907852254
30A,2021-08-20,WLD129,Wild cicer,Infected,3,4,1,0.1744411046396393,1,3.1797738650124707e-4,0.12217597977103768,0.8581870434895582,0.7588603684565266,0.3463075632773305,0.45158202474090325,0.6638902819822988
31A,2021-08-20,CVR011,Cultivar,Fungicide,10,1,1,0.19402329035367227,0,0,0.17047262793398563,0.6919341937160836,0.7014753202796952,0.09644010405167767,0.4316120823532705,0.371171393125265
32A,2021-08-20,WLD131,Wild cicer,Fungicide,11,1,1,0.04032366862020258,0,0,0.02279255975143192,0.7079153983337435,0.727120147241569,0.1913916638281407,0.33983716597661956,0.4846807768633657
33A,2021-08-20,CVR019,Cultivar,Fungicide,12,1,1,0.46629251662118104,0,0,0.4249240492969541,0.7758170586341473,0.7498554934820093,0.27391797773224963,0.4463899378984196,0.503955410750353
40A,2021-08-20,CVR487,Cultivar,Fungicide,10,2,1,0.13823459719036754,0,0,0.10519945250790218,0.7600301864397568,0.7159673494384872,0.22073022191194783,0.427711956468035,0.4923772813542451
41A,2021-08-20,CVR490,Cultivar,Fungicide,11,2,1,0.32193020570094866,0,0,0.2867539801831013,0.7806930890970885,0.7442387698024218,0.21552181001799572,0.4588138790019632,0.5015201175551267
42A,2021-08-20,Howzat,Cultivar,Fungicide,12,2,1,0.5909500875527832,1,6.45891566330658e-4,0.5420306493991388,0.8215876710381859,0.7656790746605074,0.2590142391569246,0.49777182077870463,0.5478776368862527
49A,2021-08-20,CVR489,Cultivar,Fungicide,10,3,1,0.2217868019664978,1,7.551987572701357e-4,0.19165398949609225,0.7738982699014278,0.7363815089316357,0.17091536030932616,0.4406421361421183,0.5057090997542161
50A,2021-08-20,CVR016,Cultivar,Fungicide,11,3,1,0.6926370126916216,0,0,0.6677827032001425,0.8457128900476927,0.7884318188061372,0.31723152912583574,0.4681965169640765,0.6249855415304486
51A,2021-08-20,WLD129,Wild cicer,Fungicide,12,3,1,0.2626569964058505,0,0,0.19236134479872288,0.840978084823826,0.753559688831251,0.3629408310084627,0.4573288475994544,0.623418009619308
58A,2021-08-20,CVR477,Cultivar,Fungicide,10,4,1,0.6817594927516886,4,0.00143752482174911,0.6457760937849669,0.8116791159195667,0.775273905014237,0.21476072589062753,0.4690324775682479,0.5532839944311753
59A,2021-08-20,CVR492,Cultivar,Fungicide,11,4,1,0.4113882016015919,2,5.36587127225983e-4,0.3641700883043442,0.7753392249572884,0.7407755639670319,0.1897169733915606,0.4539416772055548,0.49595232816950346
60A,2021-08-20,CVR495,Cultivar,Fungicide,12,4,1,0.6166069905536119,0,0,0.583332339569406,0.8298196045785052,0.7606188583014938,0.26493975299375466,0.5058020739037559,0.5583856595885063
34A,2021-08-20,Genesis090,Cultivar,Fungicide,13,1,1,0.7779314755336486,0,0,0.7530583146839482,0.7386411721146726,0.7240282698464122,0.17603618183206943,0.3818565851440847,0.4969525309030222
35A,2021-08-20,CVR491,Cultivar,Fungicide,14,1,1,0.29037082385329877,0,0,0.2618000570069646,0.6786320563822832,0.7112018329406029,0.14319543697736148,0.3333454469814239,0.4462329361035281
36A,2021-08-20,CVR494,Cultivar,Fungicide,15,1,1,0.5539088861251731,0,0,0.5111035036674545,0.739713644108328,0.7444442869218537,0.20430503467688704,0.3867798448113468,0.4943786636210013
43A,2021-08-20,CVR481,Cultivar,Fungicide,13,2,1,0.6293062632240454,1,4.7696607975187047e-4,0.5969292803866395,0.7857724170313016,0.7705374423414869,0.20177547602024765,0.4014613571802955,0.561412805866691
44A,2021-08-20,CVR017,Cultivar,Fungicide,14,2,1,0.6459372095146677,0,0,0.6158313859736029,0.7899402802909594,0.7667400527422203,0.2405681768015495,0.4086328930170477,0.5630609859662908
45A,2021-08-20,CVR010,Cultivar,Fungicide,15,2,1,0.00215298049968224,0,0,0,NA,NA,NA,NA,NA
52A,2021-08-20,CVR496,Cultivar,Fungicide,13,3,1,0.7659377180115726,0,0,0.7178084421028543,0.7912968873847773,0.773504685102491,0.2354420353460067,0.3871117178701448,0.5826682949087683
53A,2021-08-20,CVR015,Cultivar,Fungicide,14,3,1,0.6305947392461628,0,0,0.6100153534853064,0.7727107227554869,0.7457145090532726,0.2319505478300216,0.3795041728432072,0.5563563487977408
54A,2021-08-20,CVR009,Cultivar,Fungicide,15,3,1,0.6263748974667857,0,0,0.594492834344245,0.7803632177420794,0.7411610392713162,0.25713904904878904,0.39851431380331254,0.5541960762774168
37A,2021-08-20,WLD133,Wild cicer,Fungicide,16,1,1,0.36063085825216,0,0,0.31041108530441514,0.7590251281541278,0.7025080101607911,0.206714695900963,0.3461160222329247,0.5600367976003532
38A,2021-08-20,CVR488,Cultivar,Fungicide,17,1,1,0.00382236845635894,0,0,0,NA,NA,NA,NA,NA
39A,2021-08-20,CVR493,Cultivar,Fungicide,18,1,1,0.7492305893340383,0,0,0.7260609206335452,0.8210560293500555,0.7717834940736393,0.23921879882777505,0.4593032080846532,0.5807685975012102
46A,2021-08-20,CVR482,Cultivar,Fungicide,16,2,1,0.32155923059946495,0,0,0.311904390943302,0.7676481371257222,0.7212597985615135,0.14022639936438677,0.4196062755253129,0.5134193588065908
47A,2021-08-20,CVR485,Cultivar,Fungicide,17,2,1,0.6237979454225506,0,0,0.5996015115299108,0.8260775449849856,0.7628942665708267,0.24335250485796145,0.4558699430865422,0.5938371110475817
48A,2021-08-20,WLD132,Wild cicer,Fungicide,18,2,1,0.24020306593301055,0,0,0.2364531586626998,0.8216574581322709,0.7294126562696606,0.35559670884362765,0.3493566128122386,0.6624613462324328
55A,2021-08-20,CVR486,Cultivar,Fungicide,16,3,1,0.6736245387405815,6,0.0021595964166543,0.6456189037177157,0.7843156569913292,0.741677393307117,0.15881148794482483,0.4034852946330625,0.5571440878990613
56A,2021-08-20,WLD130,Wild cicer,Fungicide,17,3,1,0.2446183320962051,0,0,0.20831613662472523,0.7801307826777302,0.7163328730902867,0.1982927753280072,0.3718823412920042,0.5750924617285592
57A,2021-08-20,CVR484,Cultivar,Fungicide,18,3,1,0.6673477725145848,0,0,0.640274441431173,0.825470870480603,0.75151319874555,0.22124308588217276,0.48032245313462735,0.5719038157068403
4A,2021-08-20,CVR493,Cultivar,Infected,4,1,1,0.5251748771486446,18,0.0124872741194035,0.3885738462451015,0.7825606134506624,0.7121834064146196,0.1989259224128909,0.3764185333922494,0.5757371580119498
5A,2021-08-20,CVR489,Cultivar,Infected,5,1,1,0.1179767068272035,8,0.00316652768229287,0.05874978763515642,0.7155808735622111,0.6670996721549337,0.24510849465586623,0.28039467119168415,0.5444217363741226
6A,2021-08-20,CVR010,Cultivar,Infected,6,1,1,0.20960424461598812,4,0.00126197275267682,0.151845604964712,0.7614528219970897,0.684435122887791,0.26135108744758695,0.350432624165521,0.560612999183731
13A,2021-08-20,CVR017,Cultivar,Infected,4,2,1,0.21078672775196744,31,0.01661436387055141,0.1290530452132801,0.7638411778663986,0.6925562241023595,0.1593470935698893,0.3747616185864066,0.5451266051771793
14A,2021-08-20,CVR019,Cultivar,Infected,5,2,1,0.2900064733071987,34,0.01441169047830342,0.20839473165835085,0.8056605549753846,0.7148559099092502,0.30653041237675016,0.34967533675791324,0.6348290091763239
15A,2021-08-20,WLD131,Wild cicer,Infected,6,2,1,0.03121159269000894,0,0,0.00396904919809418,0.8258689261471123,0.6975304320422873,0.4133314970552471,0.3704281741141004,0.6561838846027602
22A,2021-08-20,Howzat,Cultivar,Infected,4,3,1,0.12310080041644723,88,0.04153257921694291,0.06617701831277821,0.637605813598902,0.6403849340125551,0.03262586151453072,0.25771582996386777,0.4545884655412211
23A,2021-08-20,Genesis090,Cultivar,Infected,5,3,1,0.3264017805849041,66,0.02815760142835069,0.22619650677455544,0.7467836169513971,0.6574061630747345,0.2065806851713527,0.3097132067592283,0.5685755340355153
24A,2021-08-20,CVR477,Cultivar,Infected,6,3,1,0.2254104337613476,51,0.02192390812370258,0.14005634992086788,0.7309480384631022,0.6358468120962308,0.2557839929059079,0.29182230483925226,0.5581919514462657
61A,2021-08-20,CVR487,Cultivar,Fungicide,1,5,2,0.2467381898189691,0,0,0.1852877917724164,0.772688385493372,0.7027873964813227,0.23162597159162365,0.425835065417484,0.5169491289129212
62A,2021-08-20,WLD132,Wild cicer,Fungicide,2,5,2,0.24712241403122012,0,0,0.1743237845816414,0.8217492127583642,0.7556819482425132,0.3749781699666813,0.3502999124706406,0.6620164920379165
63A,2021-08-20,CVR482,Cultivar,Fungicide,3,5,2,0.3913257356222452,0,0,0.3353650084805518,0.7911903456610392,0.7602677260449634,0.2768605311359195,0.4399957181950021,0.538741522621114
70A,2021-08-20,WLD133,Wild cicer,Fungicide,1,6,2,0.23195880675807348,0,0,0.15373188577172706,0.8475360370972342,0.7593220755357581,0.3351327918831012,0.41627834201018465,0.6663549998488493
71A,2021-08-20,WLD130,Wild cicer,Fungicide,2,6,2,0.14748247650592575,0,0,0.10449209720527151,0.8451441472892318,0.7523668351405334,0.3886213670114903,0.4329736393893385,0.650034455110033
72A,2021-08-20,WLD129,Wild cicer,Fungicide,3,6,2,0.20279420168160855,0,0,0.13223614407511797,0.8666965014449677,0.7786447768082766,0.42438118619537496,0.43542770381771745,0.6926718351847039
79A,2021-08-20,CVR490,Cultivar,Fungicide,1,7,2,0.7902266503256802,1,3.643490886993456e-4,0.734745671849177,0.8707634027509614,0.790225396758203,0.3255140916448106,0.4883775201812596,0.6653212381123029
80A,2021-08-20,CVR494,Cultivar,Fungicide,2,7,2,0.7364054501113158,1,7.750725492872699e-4,0.6659750174267531,0.8784150891301513,0.8047959524861111,0.3219200325341043,0.538335093604877,0.6451682206327781
81A,2021-08-20,WLD131,Wild cicer,Fungicide,3,7,2,0.28865175173124474,0,0,0.18917824593688495,0.8827432750934242,0.7764250464031313,0.4514650436716226,0.4478372194409844,0.7192397022593529
88A,2021-08-20,CVR493,Cultivar,Fungicide,1,8,2,0.8373669864356459,0,0,0.78115603920511,0.8804108693279044,0.8087637159321844,0.3585981829290447,0.496438458878326,0.6820959699489615
89A,2021-08-20,CVR477,Cultivar,Fungicide,2,8,2,0.6774601563077076,0,0,0.6528889443280862,0.8683964436988263,0.7819303042592891,0.3428710733321702,0.48475057996389725,0.6625500851998164
90A,2021-08-20,CVR488,Cultivar,Fungicide,3,8,2,0.15133134318381924,1,1.6230095769334486e-4,0.11918936849326384,0.8030840250628133,0.706734400078931,0.31026170550068266,0.44196522831600565,0.5598178738953186
64A,2021-08-20,CVR015,Cultivar,Fungicide,4,5,2,0.6884072340791689,0,0,0.639842168746232,0.7980773390922982,0.7387824124180722,0.25001975281984,0.47336427685612303,0.5218632348048351
65A,2021-08-20,CVR016,Cultivar,Fungicide,5,5,2,0.6990065226929892,0,0,0.627620641017447,0.8201160773772648,0.7561265204969203,0.30926993897606897,0.45589015007642103,0.5817216832534072
66A,2021-08-20,CVR485,Cultivar,Fungicide,6,5,2,0.28840001862666653,18,0.00872782543172454,0.23260200201504405,0.7083997308372935,0.6903708129084715,0.2344435198683449,0.3939381539515958,0.43618616721781656
73A,2021-08-20,CVR010,Cultivar,Fungicide,4,6,2,0.07076018833032591,0,0,0.05356251541586502,0.7943605982220425,0.7205154945828162,0.24707120463646848,0.4868642116367507,0.5014174541546799
74A,2021-08-20,Genesis090,Cultivar,Fungicide,5,6,2,0.7330997969748806,0,0,0.6676255131328913,0.8277337890501363,0.761023655788628,0.262152270357752,0.5300374210523963,0.5303976800295246
75A,2021-08-20,CVR019,Cultivar,Fungicide,6,6,2,0.6414358241314859,12,0.00546524824142967,0.5937854790416144,0.828603026597981,0.74479979532804,0.3264675045266928,0.5124561988097848,0.5494600834795146
82A,2021-08-20,CVR017,Cultivar,Fungicide,4,7,2,0.16718390421686422,0,0,0.15011651422494818,0.7712502271705879,0.7014326420813577,0.2357019144353411,0.4225381558807678,0.5172868946677962
83A,2021-08-20,CVR496,Cultivar,Fungicide,5,7,2,0.7606082632054361,0,0,0.7243318298937814,0.8428484337991189,0.7667975709557083,0.3112496520802087,0.5068724265963934,0.586567322522599
84A,2021-08-20,CVR009,Cultivar,Fungicide,6,7,2,0.6659466790509454,2,0.00197742495271672,0.6220796911468403,0.8170127615757841,0.7321780147833414,0.29830959764326054,0.500833771421345,0.5351596900896717
67A,2021-08-20,CVR481,Cultivar,Fungicide,7,5,2,0.485546786843724,0,0,0.4397392131353849,0.7953392168115879,0.7466102096470003,0.16783392767969302,0.4629612749360202,0.5260903205232649
68A,2021-08-20,CVR489,Cultivar,Fungicide,8,5,2,0.16965155109726926,0,0,0.14771936569936656,0.7418850577252282,0.7184709201206795,0.21546016337621815,0.414036453690829,0.4732003540885794
69A,2021-08-20,Howzat,Cultivar,Fungicide,9,5,2,0.5121278153205702,0,0,0.4580911534869688,0.7867093797769905,0.7381679340267976,0.26697583801658936,0.44650853599696166,0.5244125142722141
76A,2021-08-20,CVR484,Cultivar,Fungicide,7,6,2,0.4378996722469099,9,0.00424633196931261,0.40543248095779855,0.7981860195870276,0.752513737584217,0.17738617376324445,0.44837160377844015,0.5447837870967495
77A,2021-08-20,CVR492,Cultivar,Fungicide,8,6,2,0.27923825853109563,0,0,0.25193638028694837,0.7833176340898065,0.7204920794682568,0.24868158345598257,0.4664285811610102,0.4993223214547759
78A,2021-08-20,CVR011,Cultivar,Fungicide,9,6,2,0.00279225009420328,0,0,0,NA,NA,NA,NA,NA
85A,2021-08-20,CVR495,Cultivar,Fungicide,7,7,2,0.6959691640495913,2,0.0015104010056867,0.6674683230656401,0.8032424077351701,0.7601723345804997,0.19221738623553317,0.4592954078762771,0.5450181028067212
86A,2021-08-20,CVR491,Cultivar,Fungicide,8,7,2,0.7154718550990207,0,0,0.6968235681248118,0.8249779489747089,0.750406633173738,0.2806757084730966,0.45093616648154133,0.5956196886149558
87A,2021-08-20,CVR486,Cultivar,Fungicide,9,7,2,0.672607669489193,0,0,0.6594123321190132,0.8032164149364762,0.7142846338611736,0.2532585925020608,0.4740273496268213,0.5315901985399516
7A,2021-08-20,CVR487,Cultivar,Infected,7,1,1,0.1837022330659648,11,0.00575010873361901,0.12932812783096975,0.7664578742524581,0.7325046878090853,0.21992638252007657,0.4439359777799048,0.48886080751814814
8A,2021-08-20,WLD132,Wild cicer,Infected,8,1,1,0.0509627045663247,1,2.649811554177059e-4,0.0302197904290537,0.793819110653738,0.7642471608219511,0.35467956592051797,0.3095751660811772,0.6420176533141941
9A,2021-08-20,CVR492,Cultivar,Infected,9,1,1,0.35550345238522446,23,0.0124673907164879,0.30652063113994654,0.7871282155396752,0.7548894471722153,0.29241575278340914,0.45158600092073914,0.52058859885888
16A,2021-08-20,CVR490,Cultivar,Infected,7,2,1,0.199806527203588,70,0.02774355777636746,0.15809391013794935,0.7608697450433143,0.7455233726452393,0.19982440552868708,0.38638358178166177,0.5304243257659317
17A,2021-08-20,CVR011,Cultivar,Infected,8,2,1,0.0613533196855604,1,3.643490886993456e-4,0.05002573890271179,0.8159039053351139,0.7496144754485488,0.31749411756266926,0.4490842662485333,0.5789539155588878
18A,2021-08-20,CVR486,Cultivar,Infected,9,2,1,0.33092966418962044,30,0.01435537717732156,0.29209844246964395,0.8332304540716905,0.7506487780484247,0.3957380593115991,0.4259439897048358,0.6313632999730853
25A,2021-08-20,CVR484,Cultivar,Infected,7,3,1,0.08332365761539477,45,0.01839303706176623,0.06633420838002946,0.6855397086106093,0.7023301731064076,0.11680001062336898,0.33349309551405265,0.4563870887330887
26A,2021-08-20,CVR494,Cultivar,Infected,8,3,1,0.16676986950538686,49,0.01954571305583457,0.14021353998811914,0.7685083211093405,0.7287363561385825,0.2523256868105414,0.38166440126950296,0.5474043236609518
27A,2021-08-20,WLD133,Wild cicer,Infected,9,3,1,0.07019378884502489,0,0,0.04743210279306609,0.8046752487940273,0.7306304526000597,0.3615489088705498,0.396746357965219,0.5992362451754629
91A,2021-08-20,CVR484,Cultivar,Infected,10,5,2,0.11521426723222658,30,0.00993017389222703,0.04098731003576465,0.5970681752215466,0.6696513984075262,0.05137339491947142,0.36145357838473424,0.3004569383548841
92A,2021-08-20,WLD132,Wild cicer,Infected,11,5,2,0.04247996139757664,0,0,0.01658355209500736,0.6106506635448123,0.6539291414383984,0.16546191479975628,0.20592418563915305,0.4629401566358465
93A,2021-08-20,CVR488,Cultivar,Infected,12,5,2,0.00870466577409991,0,0,0,NA,NA,NA,NA,NA
100A,2021-08-20,CVR494,Cultivar,Infected,10,6,2,0.229517658099203,25,0.01036740429887139,0.15628622436455994,0.7444505438376964,0.6921391347526664,0.149572591285162,0.4104512556793468,0.4809625105676334
101A,2021-08-20,WLD130,Wild cicer,Infected,11,6,2,0.1700457121425957,0,0,0.11588837708098748,0.8069820496665512,0.7156122052902643,0.2922128461712701,0.4078699702852005,0.5949293551033502
102A,2021-08-20,CVR482,Cultivar,Infected,12,6,2,0.18692507926010452,41,0.01956557789409254,0.11718519513581034,0.7459442014232427,0.6596323599450662,0.3127588529428144,0.3863030776140314,0.5052278559861517
109A,2021-08-20,CVR016,Cultivar,Infected,10,7,2,0.48511619074378753,36,0.01851891990910461,0.36259818763183166,0.8175463998606874,0.7207566114624303,0.2834091201767108,0.3895681930000191,0.6279852872815818
110A,2021-08-20,CVR011,Cultivar,Infected,11,7,2,0.07085293210569683,4,0.00217947513733078,0.05151904454159871,0.794845081952598,0.7030060043638043,0.2505658603561111,0.4174287562095439,0.5648179466052363
111A,2021-08-20,WLD133,Wild cicer,Infected,12,7,2,0.11102754822976756,12,0.00276905356698147,0.06637350589684228,0.7901633144677264,0.6604510074419658,0.3751878493449456,0.3807192745878037,0.5856147666574631
118A,2021-08-20,CVR477,Cultivar,Infected,10,8,2,0.2677380303851006,76,0.0364681003102955,0.18485551908747547,0.7339266753796418,0.6859583087376661,0.16883622574338372,0.3225353275444653,0.53897636799456
119A,2021-08-20,CVR487,Cultivar,Infected,11,8,2,0.04343389737282047,0,0,0.02483603062569823,0.7602650166014878,0.6695085857549428,0.21879890566513857,0.384827917960454,0.5307065537408572
120A,2021-08-20,CVR010,Cultivar,Infected,12,8,2,0.2152814885797656,12,0.00510089759198871,0.15231717516646576,0.7872752347675092,0.6860935769100202,0.2513801864543567,0.44515341414874665,0.5267126018690701
94A,2021-08-20,CVR481,Cultivar,Infected,13,5,2,0.21963050918912377,34,0.0147362818792041,0.1659927110173249,0.6863043883925849,0.7140751219396765,0.1485408152236635,0.29855999455452803,0.48766931662897184
95A,2021-08-20,CVR489,Cultivar,Infected,14,5,2,0.00768779652271153,0,0,0,NA,NA,NA,NA,NA
96A,2021-08-20,CVR015,Cultivar,Infected,15,5,2,0.3043883830450761,7,0.00245107761800535,0.25621980961954505,0.7895671860245412,0.7692847842204186,0.3462810699760352,0.3714045413311894,0.5916688468549246
103A,2021-08-20,WLD129,Wild cicer,Infected,13,6,2,0.05870018525441351,0,0,0.0362323105014142,0.818634094947305,0.7659947967419181,0.3124747185518744,0.37379563629707535,0.6409793170174768
104A,2021-08-20,CVR491,Cultivar,Infected,14,6,2,0.3132851609253015,34,0.01496483547766924,0.28207757568237646,0.791698252120313,0.7366153492327153,0.3083853543031772,0.3636413891781734,0.601114180402532
105A,2021-08-20,CVR495,Cultivar,Infected,15,6,2,0.13151729803135892,45,0.01769083387839909,0.11140846016432672,0.6925719090388227,0.6429283719652267,0.33638936957432286,0.2372170174098304,0.5448717926892864
112A,2021-08-20,CVR496,Cultivar,Infected,13,7,2,0.3796433322032002,39,0.02394775554388456,0.33497203331242364,0.7891081799997812,0.7502479373609691,0.3035076158524626,0.3236618106189549,0.6250993603840733
113A,2021-08-20,CVR486,Cultivar,Infected,14,7,2,0.3382796083877665,49,0.0196748815528394,0.2696202628527145,0.7757907561334962,0.7268512392125093,0.27886395954488735,0.34069962219970734,0.5914068297062383
114A,2021-08-20,CVR485,Cultivar,Infected,15,7,2,0.19662011606405824,55,0.02358997816519492,0.15345680315403734,0.7480141919575922,0.7131843634443651,0.2905250483900179,0.337574850388395,0.5490906490749481
97A,2021-08-20,CVR017,Cultivar,Infected,16,5,2,0.21021039143359097,18,0.00958902671386673,0.17789985861160745,0.6995440095359031,0.6991574016847287,0.16908377239046654,0.3416641232959909,0.4702814210762232
98A,2021-08-20,Genesis090,Cultivar,Infected,17,5,2,0.45948578596449335,54,0.027240117197592,0.4003238037721328,0.7380569583860915,0.7225821300410648,0.25218192762769026,0.3336880478075291,0.5364980789408474
99A,2021-08-20,CVR009,Cultivar,Infected,18,5,2,0.5962762300812279,2,0.00108311047276987,0.5138936273611643,0.8070646376309368,0.7633303851427903,0.3154252869892261,0.428189470934582,0.5789449998756514
106A,2021-08-20,CVR019,Cultivar,Infected,16,6,2,0.4151774472810327,32,0.01444149876359495,0.33898038002733066,0.7868864899193792,0.7326511278397525,0.28668103464464384,0.37453381251669154,0.5846615573799618
107A,2021-08-20,CVR490,Cultivar,Infected,17,6,2,0.4031704406481894,43,0.01373929381415136,0.3561140973577174,0.8043260085547137,0.7501346593441426,0.30498399431785017,0.40173020505211776,0.5947834537934391
108A,2021-08-20,WLD131,Wild cicer,Infected,18,6,2,0.00517377775462103,0,0,0,NA,NA,NA,NA,NA
115A,2021-08-20,CVR493,Cultivar,Infected,16,7,2,0.5642995012444088,27,0.01349418328818113,0.5037155705066455,0.7817944747560083,0.7404454885056705,0.2661802411816096,0.36255127542917454,0.5850780688023208
116A,2021-08-20,Howzat,Cultivar,Infected,17,7,2,0.05549721272642469,32,0.01156313270737845,0.05411268065124441,0.5973411493370864,0.6289549254396035,0.08966820613423349,0.28022951609364966,0.3808657493627858
117A,2021-08-20,CVR492,Cultivar,Infected,18,7,2,0.2036620184368651,3,8.943113995347573e-4,0.16913651236235,0.7602151730956719,0.6722115296208188,0.27462647432816695,0.423065943300806,0.4969925425233585
121A,2021-08-24,CVR019,Cultivar,Infected,1,9,3,0.4017693471845501,21,0.01322921950632582,0.2793267495054795,0.6460540538142717,0.662493610782936,-0.02643248570968802,0.439595891489338,0.2883504791929236
122A,2021-08-24,CVR016,Cultivar,Infected,2,9,3,0.3490378863307941,23,0.01213284543621452,0.21161712803700156,0.6456371762569072,0.6287060860471989,0.07978600604793298,0.3645586136823162,0.36760199848819114
123A,2021-08-24,WLD131,Wild cicer,Infected,3,9,3,0.1290132160963439,0,0,0.06692367113222167,0.6305988791472755,0.6634243133786323,0.12661609071612498,0.34642331894206324,0.3636070265332098
130A,2021-08-24,CVR485,Cultivar,Infected,1,10,3,0.28735002659835995,49,0.02328525731159841,0.1682719669924681,0.6137206039660967,0.6265664751318267,-0.0483295023955381,0.3929022186885027,0.29098399152153115
131A,2021-08-24,CVR010,Cultivar,Infected,2,10,3,0.01734971054974709,3,9.704934817173476e-4,0.0112390898084647,0.7078242193513548,0.6873769496056118,0.01633703983656419,0.46293301040624185,0.3642453881577957
132A,2021-08-24,CVR491,Cultivar,Infected,3,10,3,0.24617510261135991,6,0.00261669301696596,0.1929901050677279,0.6914064229576811,0.6344488519760454,0.12129847882560364,0.3828129069410335,0.41967201131266085
139A,2021-08-24,CVR011,Cultivar,Infected,1,11,3,0.25133894353290553,12,0.0058892148043123704,0.10193775861243864,0.7060263388252027,0.6525949926734438,0.01173849852402522,0.4657794494765539,0.35796439771693633
140A,2021-08-24,WLD132,Wild cicer,Infected,2,11,3,0.0183533306903682,0,0,0.0051872722192914,0.611352197772488,0.5955038282018013,0.11698236424927834,0.3188078531082722,0.3633657373347827
141A,2021-08-24,CVR487,Cultivar,Infected,3,11,3,0.01013556973696565,1,5.100887241790839e-4,0,NA,NA,NA,NA,NA
148A,2021-08-24,CVR495,Cultivar,Infected,1,12,3,0.1673561426568388,32,0.01606451232454078,0.11820693057294349,0.6254029683618835,0.6203848271493473,-0.09923846395110553,0.4263677714768101,0.2714060818229378
149A,2021-08-24,CVR493,Cultivar,Infected,2,12,3,0.6154775038607017,13,0.00753542358081,0.5767303567448533,0.7368040093347744,0.6805675122053776,0.07540480236918587,0.4523807013678029,0.4266238150253851
150A,2021-08-24,CVR492,Cultivar,Infected,3,12,3,0.22564560547746676,9,0.0047531140559478,0.17825353626292276,0.6268032238190456,0.6150819982951503,0.03141515400171994,0.41197752747614663,0.2896118218282653
124A,2021-08-24,Howzat,Cultivar,Infected,4,9,3,0.1567966013753203,36,0.02077788660016494,0.05159763957522433,0.5939480123354144,0.6065933477205325,0.02236265450958563,0.3254935392136382,0.3327918752880727
125A,2021-08-24,CVR496,Cultivar,Infected,5,9,3,0.34723931954413645,15,0.0088007112265606,0.18945332855457467,0.673409091814151,0.6610733682683897,0.17431652619801435,0.3149549941664166,0.4549450009491153
126A,2021-08-24,CVR484,Cultivar,Infected,6,9,3,0.08791778677394751,19,0.00829061174146254,0.01355764330042071,0.5352473551792796,0.6226600874667719,0.15102892266176127,0.20221196642243,0.3734557857466166
133A,2021-08-24,CVR482,Cultivar,Infected,4,10,3,0.2488216124871232,47,0.02242738065665717,0.1132947409713418,0.6840958058867195,0.6506393093041879,0.04417087397135006,0.37252541683611223,0.4181272141469274
134A,2021-08-24,CVR015,Cultivar,Infected,5,10,3,0.5639152770321578,24,0.01216928469873355,0.4272426027889102,0.7532933027139803,0.6731263558321494,0.20277135933933568,0.362962114363845,0.5372148132912135
135A,2021-08-24,CVR481,Cultivar,Infected,6,10,3,0.15676016632071033,44,0.01993655689215592,0.0537983005167419,0.6784330282923143,0.6040129326794601,0.23380722228617923,0.33638279411851557,0.4431926448408569
142A,2021-08-24,WLD129,Wild cicer,Infected,4,11,3,0.10842741024168978,1,2.3848303987593532e-4,0.07089272033031585,0.7516924220792375,0.6860452825749107,0.13321827909382336,0.3706714697418337,0.5281914220665148
143A,2021-08-24,CVR477,Cultivar,Infected,5,11,3,0.27727407785984703,39,0.01511719561696211,0.1823797755282682,0.6383030036503223,0.6199367103804948,0.02351003076110545,0.3542082296119558,0.3670912291500883
144A,2021-08-24,WLD133,Wild cicer,Infected,6,11,3,0.05948519506737457,4,0.001414336917042,0.01733020491445082,0.6738202483687644,0.6611003027361022,0.17817165128185333,0.33147023438814327,0.4408042381539895
127A,2021-08-24,CVR489,Cultivar,Infected,7,9,3,0.08381056243609215,20,0.00800244144917339,0.04978995380183491,0.6405162244797667,0.6316023889214769,0.1494137099681675,0.2880968788906633,0.4321675340307043
128A,2021-08-24,CVR009,Cultivar,Infected,8,9,3,0.5081332084242367,32,0.01455079921869999,0.4024458696800247,0.7366245172844119,0.6680857369826543,0.2746182282698311,0.3325474551760766,0.5351749022419006
129A,2021-08-24,CVR486,Cultivar,Infected,9,9,3,0.3637642729486206,43,0.01538879370291594,0.27091708090753736,0.7044773347267851,0.6370150876417873,0.3037359992743102,0.2965211195053647,0.5156772850189686
136A,2021-08-24,CVR488,Cultivar,Infected,7,10,3,0.05384107388051527,7,0.00160976051916256,0.04751069782669172,0.6990597195450372,0.6405384010674696,0.204998818301917,0.33074637634364,0.47908277555096845
137A,2021-08-24,CVR490,Cultivar,Infected,8,10,3,0.5011178042729644,39,0.0143619969418363,0.388888226379604,0.7406311538077773,0.6501545637725127,0.203818326992427,0.40683303943648647,0.4777507254366796
138A,2021-08-24,CVR494,Cultivar,Infected,9,10,3,0.1331138158788156,39,0.01596513716254603,0.06189358898018152,0.7183420592488077,0.6110785125047914,0.3161850928745535,0.34238514758282307,0.4985833010337022
145A,2021-08-24,CVR017,Cultivar,Infected,7,11,3,0.3608262826359773,26,0.01045352021719876,0.3092714573168435,0.7196841967559876,0.6499327350775735,0.18642003009001665,0.3856651115425493,0.46234668338298707
146A,2021-08-24,Genesis090,Cultivar,Infected,8,11,3,0.35402948881236507,24,0.01289467032418439,0.27806922896746944,0.6995506205597328,0.6637467656008985,0.15090500017292113,0.381472603253406,0.43385677415101326
147A,2021-08-24,WLD130,Wild cicer,Infected,9,11,3,0.07790477131157915,1,0.00118248620977487,0.03642879808547826,0.749938616979123,0.6880870239412772,0.2441083470964725,0.4252735457843605,0.47669787334995334
151A,2021-08-24,WLD130,Wild cicer,Fungicide,10,9,3,0.20157528349101925,0,0,0.11757817030393848,0.6327583061105806,0.6094953788669469,0.09617799107748776,0.4534008088576319,0.2515155921862005
152A,2021-08-24,CVR482,Cultivar,Fungicide,11,9,3,0.4359818634633468,0,0,0.303258937244483,0.6584585350653077,0.6425077421477475,0.0891604367865313,0.4636438874422472,0.2804259687020259
153A,2021-08-24,CVR491,Cultivar,Fungicide,12,9,3,0.42147739945087215,0,0,0.3310029841143295,0.6543177171293234,0.6153555537501896,0.1995407657151813,0.40229521965635906,0.34206349022453253
160A,2021-08-24,Howzat,Cultivar,Fungicide,10,10,3,0.5985517648555074,3,0.00109967425931315,0.462492475370004,0.7392244683498798,0.661487295404833,0.13154991903522711,0.49360791941001314,0.38672892693441807
161A,2021-08-24,CVR009,Cultivar,Fungicide,11,10,3,0.6970423420217406,4,0.00126528530462467,0.5402229636257494,0.7529040540860975,0.6697066390773521,0.21529456603725336,0.46782907410642177,0.4400870044633671
162A,2021-08-24,CVR484,Cultivar,Fungicide,12,10,3,0.4855169763444976,0,0,0.3741123600579861,0.7407571836285625,0.6517474746917055,0.22599215136947237,0.47530679311414736,0.4097006207977148
169A,2021-08-24,CVR019,Cultivar,Fungicide,10,11,3,0.7055217729127969,0,0,0.5050123885614684,0.7696367758332159,0.6733374306858191,0.17693323263497718,0.5208089673899099,0.415290083513398
170A,2021-08-24,CVR495,Cultivar,Fungicide,11,11,3,0.6940082956560346,3,9.5061989506102e-4,0.6148096505364697,0.7624777474443369,0.6716881452203955,0.15735162520998638,0.5086951815847968,0.4145884864170497
171A,2021-08-24,CVR010,Cultivar,Fungicide,12,11,3,0.17058561340636216,0,0,0.12323701272498364,0.719061642116215,0.5990724294454313,0.25047692910567604,0.4657334537874802,0.38088224933006487
178A,2021-08-24,CVR016,Cultivar,Fungicide,10,12,3,0.8152475960096797,0,0,0.7861468238403373,0.7801404890894122,0.6846307918129946,0.19925790354902068,0.5200880967335767,0.4376084075017407
179A,2021-08-24,CVR494,Cultivar,Fungicide,11,12,3,0.6793216563705099,0,0,0.6380737804896555,0.7567381058654142,0.6770868786604743,0.1419537286094882,0.528008482332026,0.3809393114471366
180A,2021-08-24,WLD129,Wild cicer,Fungicide,12,12,3,0.17328843200288632,0,0,0.12873866507877754,0.729288828362319,0.6405164955720372,0.21106892071996783,0.4643594838696561,0.4005900345556064
154A,2021-08-24,CVR493,Cultivar,Fungicide,13,9,3,0.7357595559614111,0,0,0.6157527909399773,0.7141038375601383,0.6682036696036279,0.10795098738550238,0.38250147783759875,0.4562157685740107
155A,2021-08-24,WLD132,Wild cicer,Fungicide,14,9,3,0.24822871478028763,0,0,0.12638081407000873,0.6561672025917095,0.629800471954133,0.19626607745668323,0.2643240731718905,0.4740654070210499
156A,2021-08-24,CVR489,Cultivar,Fungicide,15,9,3,0.325745949601924,0,0,0.2226597302614022,0.6248564975094952,0.5970280582391579,0.1740035686998469,0.3013512950800513,0.39855331579754166
163A,2021-08-24,WLD131,Wild cicer,Fungicide,13,10,3,0.00178862995358217,0,0,0,NA,NA,NA,NA,NA
164A,2021-08-24,CVR485,Cultivar,Fungicide,14,10,3,0.6572486378322291,0,0,0.6006625444838568,0.722941219077853,0.6708437021265613,0.10696090211528345,0.4154165012707466,0.4395230251061003
165A,2021-08-24,CVR488,Cultivar,Fungicide,15,10,3,0.00670073777054951,0,0,0.00121822302119722,0.610537539636901,0.3884103014766318,-0.06121609117733488,0.4025122541451023,0.2758037334085229
172A,2021-08-24,CVR481,Cultivar,Fungicide,13,11,3,0.5441343546566156,0,0,0.4659899543663444,0.6998924346832274,0.6670725925461242,0.03541614561546581,0.3653739372392618,0.4494539697837033
173A,2021-08-24,CVR490,Cultivar,Fungicide,14,11,3,0.38022629307696026,1,0.00119241827979176,0.32522624914284587,0.67303706092939,0.6310322975994657,0.0404490084939072,0.3835718613844245,0.3901979533035271
174A,2021-08-24,CVR486,Cultivar,Fungicide,15,11,3,0.6834321929860571,0,0,0.6226691538990324,0.7186631570237755,0.655386078450426,0.11532643167256788,0.423655725558395,0.42414508879283824
157A,2021-08-24,CVR492,Cultivar,Fungicide,16,9,3,0.5473737622392145,1,5.829608008878209e-4,0.5074488346038628,0.6755502349748165,0.603968433585246,0.0958633276176373,0.4234435520399483,0.35311897592992714
158A,2021-08-24,CVR487,Cultivar,Fungicide,17,9,3,0.1163437539251368,0,0,0.09325300739680682,0.6067758169722508,0.5958673280713583,0.0732649619174571,0.3861969564605178,0.28808794048932895
159A,2021-08-24,CVR477,Cultivar,Fungicide,18,9,3,0.6085581557624922,0,0,0.5384545753691727,0.7264412249140584,0.6581058312896266,0.18408777551935887,0.4377545115916858,0.4232961156541218
166A,2021-08-24,CVR017,Cultivar,Fungicide,16,10,3,0.37226688978351957,0,0,0.3783957893905827,0.7307953128005441,0.6307615466000416,0.1134725222750189,0.4732513372798331,0.3937077429210639
167A,2021-08-24,CVR015,Cultivar,Fungicide,17,10,3,0.7968412688762424,1,0.00125204396843283,0.7947136825055306,0.7997601934363764,0.693063055836078,0.2357063947548349,0.481502061153412,0.5175654258259175
168A,2021-08-24,Genesis090,Cultivar,Fungicide,18,10,3,0.5961172407520205,0,0,0.5660414321717679,0.7560990460456339,0.6471274882440988,0.20308677377357112,0.4793822569293659,0.4340386358186191
175A,2021-08-24,CVR011,Cultivar,Fungicide,16,11,3,0.00625358028215397,0,0,0,NA,NA,NA,NA,NA
176A,2021-08-24,CVR496,Cultivar,Fungicide,17,11,3,0.7651328345324606,1,3.279141798294111e-4,0.7426051752117397,0.7933706943564194,0.7045992313501497,0.1858063615862908,0.505976843897405,0.48013182430802814
177A,2021-08-24,WLD133,Wild cicer,Fungicide,18,11,3,0.39225979793133814,0,0,0.3026694744922908,0.7518713778110008,0.6438836917995088,0.25368442775825323,0.4280450607969055,0.4775036099771649
1A,2021-08-24,CVR482,Cultivar,Infected,1,1,1,0.18843216560988207,18,0.01354719976787835,0.05878908515196923,0.5940587985151203,0.6485413016910786,-0.01265784014991157,0.4195812064161201,0.232406213795389
2A,2021-08-24,CVR016,Cultivar,Infected,2,1,1,0.46702784226876487,31,0.02130125908815482,0.26855922989876857,0.6742004692557726,0.6568721769164452,0.14551406983385737,0.3266445212036192,0.4457124851110036
3A,2021-08-24,CVR496,Cultivar,Infected,3,1,1,0.3939954314418512,21,0.02057915438902401,0.2384966295369661,0.661100498713559,0.6801881986141277,0.1704882247295659,0.32214878965494337,0.43067339600691673
10A,2021-08-24,CVR485,Cultivar,Infected,1,2,1,0.37268092449499696,31,0.01660773129150963,0.2412867532306759,0.6528205134072813,0.6420940474263181,0.026064135213250222,0.3776588191227097,0.3651991410250341
11A,2021-08-24,CVR481,Cultivar,Infected,2,2,1,0.24426391838318048,56,0.02735275213723042,0.1449685395224696,0.673779693326982,0.6644200906011144,0.10726164994124902,0.3554962383065853,0.41853306793413825
12A,2021-08-24,CVR009,Cultivar,Infected,3,2,1,0.5260261325154421,28,0.01068205972789935,0.373915872473922,0.7289571280585373,0.6580470968249461,0.2334424631737783,0.34924596524670537,0.5093958853433598
19A,2021-08-24,CVR495,Cultivar,Infected,1,3,1,0.12418722749936384,52,0.01911510040114104,0.02636863378139796,0.5783512275879967,0.6429408140160278,-0.08967095128106471,0.3391993875416902,0.2975178070724529
20A,2021-08-24,CVR488,Cultivar,Infected,2,3,1,0.0992225905361252,16,0.00477297437627058,0.0796953640963861,0.682689444738523,0.6382616788274711,0.1283873462263412,0.32769505229603074,0.45729843264546216
21A,2021-08-24,WLD130,Wild cicer,Infected,3,3,1,0.09107769969194268,1,1.8548680879239412e-4,0.0362323105014142,0.7313279536949865,0.6782818120530943,0.30179665497469316,0.3964733737206231,0.471594327126714
28A,2021-08-24,CVR491,Cultivar,Infected,1,4,1,0.34685840760957726,22,0.01058933271130822,0.1863881222431752,0.6905767582128449,0.655182686709966,0.09271065872833888,0.3780599547718149,0.422936931307531
29A,2021-08-24,CVR015,Cultivar,Infected,2,4,1,0.4843874896515874,32,0.01463361560495513,0.3875521108079683,0.7240685164971934,0.6823707736538852,0.13067790863215512,0.38044107657379894,0.4742733373058291
30A,2021-08-24,WLD129,Wild cicer,Infected,3,4,1,0.1973123821016484,2,3.246022028918183e-4,0.1297996980327235,0.7612668352988587,0.7117593373754283,0.18978546894267675,0.4197065465867564,0.5019318776007076
31A,2021-08-24,CVR011,Cultivar,Fungicide,10,1,1,0.22705332349648977,0,0,0.15608973678049587,0.5607174471207234,0.5173546421040373,-0.04143213945715127,0.3740643988925461,0.23619327271969665
32A,2021-08-24,WLD131,Wild cicer,Fungicide,11,1,1,0.0538112633812889,0,0,0.01528673404018451,0.5665793108626591,0.5721188623802181,0.03206651368565359,0.2805456402248694,0.3400917087372992
33A,2021-08-24,CVR019,Cultivar,Fungicide,12,1,1,0.5278213870244078,0,0,0.3635020305185264,0.6348422420932356,0.5874505353912342,0.1171702371081608,0.34931133658627334,0.3668919897079486
40A,2021-08-24,CVR487,Cultivar,Fungicide,10,2,1,0.1579327126236142,0,0,0.08276057040778557,0.612607053061223,0.5438247150032842,0.04429727015585648,0.34279192448481605,0.34153673267275925
41A,2021-08-24,CVR490,Cultivar,Fungicide,11,2,1,0.31981366025587643,0,0,0.21295324360863724,0.6533958292778235,0.5829459136322013,0.06433555839492856,0.3862539276585236,0.3573215328356377
42A,2021-08-24,Howzat,Cultivar,Fungicide,12,2,1,0.6015990603319807,2,0.00144083811299586,0.4588378063064123,0.6978882408965503,0.6144404270678506,0.09673880847046896,0.41061815607769625,0.4026580128779481
49A,2021-08-24,CVR489,Cultivar,Fungicide,10,3,1,0.23332346516710284,0,0,0.13883812689967068,0.6462992352978975,0.5781008231963808,0.00268752408923655,0.3834103531795201,0.34949231527378305
50A,2021-08-24,CVR016,Cultivar,Fungicide,11,3,1,0.7169292572834209,0,0,0.6192502699363177,0.7405764269875987,0.6389997455943431,0.1328886509398055,0.4067087385652355,0.4777721307815675
51A,2021-08-24,WLD129,Wild cicer,Fungicide,12,3,1,0.31825026518533794,0,0,0.15978370336090034,0.7471059480563578,0.6196568668210614,0.24311854174526573,0.3879515036378868,0.5057379849712087
58A,2021-08-24,CVR477,Cultivar,Fungicide,10,4,1,0.7002155040505031,5,0.00263987763590018,0.5569244082711952,0.700261036918043,0.6193580200031018,0.04127558806456345,0.42893918274244375,0.3878072985464283
59A,2021-08-24,CVR492,Cultivar,Fungicide,11,4,1,0.4458988228726525,2,0.00190787314953488,0.3029052595931677,0.6576476011251264,0.6195641398095049,-0.00730457867346056,0.4217571953401881,0.32643209510424515
60A,2021-08-24,CVR495,Cultivar,Fungicide,12,4,1,0.6081573701617821,1,7.883218124189612e-4,0.4735743751112174,0.7025908303634792,0.6233029345685619,0.0554524540639821,0.4498331252467149,0.3695550821753387
34A,2021-08-24,Genesis090,Cultivar,Fungicide,13,1,1,0.7521818287574489,0,0,0.7075124926978972,0.6965440122521285,0.6559369346036272,0.07834440032510435,0.454137791807919,0.35456454493203915
35A,2021-08-24,CVR491,Cultivar,Fungicide,14,1,1,0.3467954743334327,0,0,0.28463191427520934,0.6405615930298332,0.6274987124976984,0.06647497061459746,0.4028154847810106,0.3204246918543298
36A,2021-08-24,CVR494,Cultivar,Fungicide,15,1,1,0.6050438291314724,1,5.100887241790839e-4,0.5575924660570131,0.6886792136406793,0.6537362719581357,0.10823314515874836,0.427213949261203,0.37045935983845085
43A,2021-08-24,CVR481,Cultivar,Fungicide,13,2,1,0.639259657687961,3,0.00106323935044321,0.5841968849392879,0.7528866495004132,0.7029647769014189,0.11623604446214582,0.4703455210936005,0.4374493038024635
44A,2021-08-24,CVR017,Cultivar,Fungicide,14,2,1,0.6801132907388545,5,0.00356069680294733,0.6334759710225563,0.7524257645112186,0.6975374477904974,0.13089548047165084,0.4837816591179864,0.4224028907021237
45A,2021-08-24,CVR010,Cultivar,Fungicide,15,2,1,0.00344476879949159,0,0,0,NA,NA,NA,NA,NA
52A,2021-08-24,CVR496,Cultivar,Fungicide,13,3,1,0.7450703685531138,0,0,0.6903001803338847,0.746527607950072,0.6989489099365931,0.11996536419602152,0.47312234496680183,0.4227037644096561
53A,2021-08-24,CVR015,Cultivar,Fungicide,14,3,1,0.6472190609814017,1,7.452594996122978e-4,0.6324149380686103,0.7300127917716897,0.681527111673317,0.11836452854393469,0.45498377814148183,0.41180883994192785
54A,2021-08-24,CVR009,Cultivar,Fungicide,15,3,1,0.644652045770242,0,0,0.5983832885087136,0.7218804728752798,0.6724304982360347,0.13342328866777417,0.4584862012872541,0.3936970716003799
37A,2021-08-24,WLD133,Wild cicer,Fungicide,16,1,1,0.42954942018583464,0,0,0.3865303753708352,0.7486414373317803,0.6505847384728757,0.2086635261171998,0.3747278917805621,0.519711862745674
38A,2021-08-24,CVR488,Cultivar,Fungicide,17,1,1,0.00327584263720883,0,0,0,NA,NA,NA,NA,NA
39A,2021-08-24,CVR493,Cultivar,Fungicide,18,1,1,0.7756625653147526,2,0.00292142586363406,0.7487748853513515,0.7878071057087055,0.7034628247265723,0.18888490429436677,0.4656394688431802,0.5088202441659216
46A,2021-08-24,CVR482,Cultivar,Fungicide,16,2,1,0.3447882340521905,0,0,0.3334394301567239,0.7311094352531273,0.6515857346759584,0.11501939195745985,0.4208868293633047,0.448113575484524
47A,2021-08-24,CVR485,Cultivar,Fungicide,17,2,1,0.6173953126442648,0,0,0.5806208109093218,0.8007109615187405,0.7028078154614765,0.2089754412598806,0.47192198661361784,0.5284918220946144
48A,2021-08-24,WLD132,Wild cicer,Fungicide,18,2,1,0.2875487632598691,0,0,0.24238708370143464,0.8107449515442963,0.6806366349327665,0.35980800333142426,0.369197258768916,0.6301745821607911
55A,2021-08-24,CVR486,Cultivar,Fungicide,16,3,1,0.6986355475915055,0,0,0.703543443499803,0.7535027888281579,0.6721103514966082,0.12046769388038256,0.4351176103473076,0.4736904269001095
56A,2021-08-24,WLD130,Wild cicer,Fungicide,17,3,1,0.3173592624862387,0,0,0.2705634032562221,0.7541077635915054,0.6592303953070704,0.16598603623655422,0.40804927132217705,0.4998772965116173
57A,2021-08-24,CVR484,Cultivar,Fungicide,18,3,1,0.6434894363004137,0,0,0.6224333687981556,0.7881968283791068,0.6921053696643152,0.17733074790540698,0.46630056152852856,0.508956374229166
4A,2021-08-24,CVR493,Cultivar,Infected,4,1,1,0.4755933923798083,12,0.01058935152239626,0.3146159196033862,0.6720678246849143,0.634112420741628,0.09413194919397128,0.3493695445631228,0.4217175806322694
5A,2021-08-24,CVR489,Cultivar,Infected,5,1,1,0.08572505894196344,4,0.00112948250354526,0.02487532814251104,0.5869262388306092,0.5980993366500512,0.18698777274936207,0.24634594902129692,0.3981471529147443
6A,2021-08-24,CVR010,Cultivar,Infected,6,1,1,0.2251222656021594,1,5.564604263771823e-4,0.15058808442670196,0.6679956917192008,0.6244477635244551,0.2041980918279606,0.3080652425190455,0.4531909090750425
13A,2021-08-24,CVR017,Cultivar,Infected,4,2,1,0.1690420920019746,34,0.01538218079743889,0.08028482684857831,0.6470711585833789,0.6395127367717309,0.05143201647738452,0.3202744328316792,0.41222673865645687
14A,2021-08-24,CVR019,Cultivar,Infected,5,2,1,0.2333830861655556,43,0.0237324212258235,0.14508643207290803,0.708126793065295,0.632293268128223,0.228945931747218,0.3141047282807699,0.5067325445179773
15A,2021-08-24,WLD131,Wild cicer,Infected,6,2,1,0.03483522448485875,2,9.969944723104045e-4,0.01347904826679508,0.7290765568218928,0.6441812948011917,0.3780386652613954,0.2898087775946405,0.5569465718912652
22A,2021-08-24,Howzat,Cultivar,Infected,4,3,1,0.07219771684857529,38,0.01910849911911159,0.01206433766153379,0.542640006341486,0.6321992629414048,-0.17772119885930873,0.3793527969631173,0.2056130724142183
23A,2021-08-24,Genesis090,Cultivar,Infected,5,3,1,0.26164343943215396,43,0.02349727587409578,0.15946932322639784,0.6708120046443892,0.6202996403667062,0.0807168947179167,0.3622764666693975,0.4075871153545389
24A,2021-08-24,CVR477,Cultivar,Infected,6,3,1,0.15402422494726797,35,0.014312307759031,0.07442949684346907,0.6619625470367887,0.5953368038508997,0.16683682720094023,0.3541932149138326,0.4020304550563238
61A,2021-08-24,CVR487,Cultivar,Fungicide,1,5,2,0.2522166971212375,0,0,0.13313998696181267,0.6397628637819058,0.6216123868339227,0.054350643574857,0.4266476141070347,0.29312456752346455
62A,2021-08-24,WLD132,Wild cicer,Fungicide,2,5,2,0.26710538534596323,0,0,0.15781882752025966,0.7231710953459307,0.6779312910997425,0.27347256669177716,0.3099134911893689,0.5326311533047761
63A,2021-08-24,CVR482,Cultivar,Fungicide,3,5,2,0.40220656783987013,0,0,0.3100967051699126,0.6942825199808559,0.677968992885168,0.1733598045870902,0.3879577520617772,0.41925097683018625
70A,2021-08-24,WLD133,Wild cicer,Fungicide,1,6,2,0.24790079928879755,0,0,0.12866007004515193,0.7409266577567417,0.6828360033925912,0.19134140223615093,0.3837566303165232,0.4990746867704603
71A,2021-08-24,WLD130,Wild cicer,Fungicide,2,6,2,0.16853862579281811,0,0,0.0431486734604694,0.7296187824746551,0.6406976357307215,0.31543716840365976,0.3784845299332981,0.4850921767176241
72A,2021-08-24,WLD129,Wild cicer,Fungicide,3,6,2,0.24070984441985885,0,0,0.13714833367671966,0.8115944130843027,0.7029344741272743,0.372020032157624,0.4021599816762192,0.6078219061440352
79A,2021-08-24,CVR490,Cultivar,Fungicide,1,7,2,0.7828402710729241,0,0,0.5835681246702829,0.8013384378227696,0.7169602530228351,0.20109344061890463,0.4727528762076707,0.5289827803402499
80A,2021-08-24,CVR494,Cultivar,Fungicide,2,7,2,0.7088340506046157,0,0,0.6076967999933505,0.8078035870245844,0.7242213473794221,0.1897489205759144,0.506191821360483,0.510258140389675
81A,2021-08-24,WLD131,Wild cicer,Fungicide,3,7,2,0.32295701178541253,0,0,0.2115385330033759,0.8069949657273605,0.6941170938588804,0.3609990785136498,0.39923432912527257,0.6015766619451779
88A,2021-08-24,CVR493,Cultivar,Fungicide,1,8,2,0.8102063093627314,0,0,0.5352714765073349,0.815046631017812,0.7218445030809586,0.19463185561596155,0.5230678487122483,0.5089617352190923
89A,2021-08-24,CVR477,Cultivar,Fungicide,2,8,2,0.6655922653379207,0,0,0.5960254374999447,0.7980722104718392,0.7149105792103551,0.18820086234054495,0.4867151089423645,0.5091143084549352
90A,2021-08-24,CVR488,Cultivar,Fungicide,3,8,2,0.14913530307414335,3,8.81062341763872e-4,0.07725891805399165,0.6951683346125411,0.6485786950686651,0.1414580218310849,0.4704082628933726,0.33397383293886
64A,2021-08-24,CVR015,Cultivar,Fungicide,4,5,2,0.6845881779005019,0,0,0.5364896995285321,0.7234983888581688,0.6241923790799009,0.10770673299881868,0.4384206060841704,0.41751078519701434
65A,2021-08-24,CVR016,Cultivar,Fungicide,5,5,2,0.6953464558435294,1,4.736538153091493e-4,0.4955023894927674,0.7241185640434548,0.6304887333756928,0.1479489568343245,0.3897253391704118,0.4658632632380975
66A,2021-08-24,CVR485,Cultivar,Fungicide,6,5,2,0.2505042495545672,27,0.01156645277553231,0.12382647547717585,0.6665127547740675,0.6053281609981053,0.13810379838795184,0.3941322218086494,0.36942679084647106
73A,2021-08-24,CVR010,Cultivar,Fungicide,4,6,2,0.09028606532359798,0,0,0.06205077904743277,0.6855470895829359,0.5799877964376565,0.07673603386793632,0.4238781990612896,0.3688534480643376
74A,2021-08-24,Genesis090,Cultivar,Fungicide,5,6,2,0.7001095111643649,1,3.974717331265588e-4,0.5899343223939587,0.7542917924119222,0.651489028193356,0.107041565605457,0.4856521860884113,0.42393806380681054
75A,2021-08-24,CVR019,Cultivar,Fungicide,6,6,2,0.6399850465024693,6,0.00190124225445171,0.4923978856645552,0.7571999520279277,0.6301780844780868,0.1853530607085243,0.4702488986681939,0.44562629828284417
82A,2021-08-24,CVR017,Cultivar,Fungicide,4,7,2,0.18422226066358033,0,0,0.1256734587673781,0.7035121436655231,0.5999185787907086,0.07796443407200612,0.4159275285347353,0.4065432681464879
83A,2021-08-24,CVR496,Cultivar,Fungicide,5,7,2,0.7426524058380861,0,0,0.5553918051154955,0.7898604082078775,0.6841307811406434,0.14266843623388664,0.5020667368127121,0.4769238521986693
84A,2021-08-24,CVR009,Cultivar,Fungicide,6,7,2,0.6528963049451791,1,4.471556997673786e-4,0.4718452843714536,0.7525416836238745,0.6469389582107384,0.16239711705416252,0.47865061075046544,0.42809161441576377
67A,2021-08-24,CVR481,Cultivar,Fungicide,7,5,2,0.4991933709340176,3,0.00206023135842395,0.4659113593327188,0.7162560710676297,0.676954095733963,0.05780981573752877,0.47685550234424745,0.3635823593806676
68A,2021-08-24,CVR489,Cultivar,Fungicide,8,5,2,0.2027643911823822,0,0,0.15117754717889414,0.6419092750996828,0.6273310758054104,0.13104308941535642,0.42436479228668855,0.29899063763134576
69A,2021-08-24,Howzat,Cultivar,Fungicide,9,5,2,0.519938166117879,0,0,0.4117986786814743,0.694077796479545,0.6419754242090128,0.1788398972618868,0.4265325430243996,0.3800611193145475
76A,2021-08-24,CVR484,Cultivar,Fungicide,7,6,2,0.3823097157451143,22,0.00881062760699916,0.27362860956762153,0.7045736789777501,0.671365557623111,0.05794361244072079,0.4726514197642757,0.34771878728143846
77A,2021-08-24,CVR492,Cultivar,Fungicide,8,6,2,0.2480631008956967,1,1.6230095769334486e-4,0.21385708649533192,0.7056684626727794,0.6412965761177066,0.1644244591494134,0.482879892720705,0.33794405989006887
78A,2021-08-24,CVR011,Cultivar,Fungicide,9,6,2,0.00857217466642716,0,0,0.00542305732016828,0.6520948245597177,0.5645780999279241,0.13410473840576062,0.47113234096870016,0.2612131659442554
85A,2021-08-24,CVR495,Cultivar,Fungicide,7,7,2,0.6385475179842199,4,0.00390185983518682,0.5292589564349743,0.729863627128489,0.6764179708160916,0.07260813701280855,0.4957004459254611,0.36690830305870414
86A,2021-08-24,CVR491,Cultivar,Fungicide,8,7,2,0.7149253292798706,0,0,0.6272669633661316,0.7594521194221064,0.685696894286443,0.15357164416111826,0.48952150251465226,0.42966719010270366
87A,2021-08-24,CVR486,Cultivar,Fungicide,9,7,2,0.6605841014678907,0,0,0.6106441137543115,0.7399823916550222,0.6599348347814684,0.1457063226111678,0.5054037262143817,0.3747202317193828
7A,2021-08-24,CVR487,Cultivar,Infected,7,1,1,0.14734998539825298,20,0.01203348657988051,0.09686837894358569,0.6370675493552227,0.6055131543012002,0.17221862006006472,0.33434188113955077,0.38465697392635545
8A,2021-08-24,WLD132,Wild cicer,Infected,8,1,1,0.03295385075590566,0,0,0.01308607309866695,0.6434153451188451,0.6378769360597563,0.26894848932395266,0.22771109390576189,0.4870656022648168
9A,2021-08-24,CVR492,Cultivar,Infected,9,1,1,0.334155822661452,38,0.02167883616456865,0.22513547382060947,0.6672826078910364,0.6319307867950475,0.25587916069413746,0.3331156621273779,0.4296763986491692
16A,2021-08-24,CVR490,Cultivar,Infected,7,2,1,0.12630046066674425,55,0.02668698201450173,0.0833893306767906,0.637504227777449,0.6402979731043004,0.12354225511351732,0.3093838761677467,0.40873699075493514
17A,2021-08-24,CVR011,Cultivar,Infected,8,2,1,0.05319849200830241,8,0.00223577915599147,0.04255921070827719,0.6895541113930591,0.5935852579276296,0.2937042884701321,0.3232343244453971,0.4713858212145082
18A,2021-08-24,CVR486,Cultivar,Infected,9,2,1,0.2873897739306618,44,0.01861494957923847,0.20065312084622655,0.7251028561678873,0.6117897029660765,0.35494077553292863,0.32296270525225224,0.5251113454263859
25A,2021-08-24,CVR484,Cultivar,Infected,7,3,1,0.032725303595170147,28,0.01243757220420275,0.01029594940495718,0.58952029534436,0.614181784695985,0.07969868191150797,0.23874544529595731,0.4082315105144136
26A,2021-08-24,CVR494,Cultivar,Infected,8,3,1,0.12859586910717472,29,0.01062243798219901,0.09710416404446257,0.6608000005426254,0.6250312256837414,0.16402650656845363,0.33038611753884184,0.42269665629815906
27A,2021-08-24,WLD133,Wild cicer,Infected,9,3,1,0.05500368335034368,6,0.00187474167458026,0.02735107170171831,0.6840945216621753,0.6538717587121943,0.3088715766771093,0.31392786410414025,0.4714035561921027
91A,2021-08-24,CVR484,Cultivar,Infected,10,5,2,0.0774543015454918,27,0.01482242375516334,0.01013875933770592,0.5512652724150426,0.6318505809289592,0.10071719990411504,0.3708197268026284,0.22681006833510076
92A,2021-08-24,WLD132,Wild cicer,Infected,11,5,2,0.0348782840948524,0,0,0.00121822302119722,0.35889754724503614,0.7015969545377406,-0.01924323233979997,0.2047566054955233,0.1663666699106116
93A,2021-08-24,CVR488,Cultivar,Infected,12,5,2,0.01761469276509259,0,0,0,NA,NA,NA,NA,NA
100A,2021-08-24,CVR494,Cultivar,Infected,10,6,2,0.21817641928241527,26,0.0121394764955736,0.05965363052185114,0.6427773170869082,0.6689706357634634,0.0969855711762348,0.3929850477133476,0.33421580934264167
101A,2021-08-24,WLD130,Wild cicer,Infected,11,6,2,0.1913800927556009,0,0,0.11573118701373623,0.7499499660612696,0.6745350897872212,0.33213601865274456,0.35847308035685765,0.5354166150113171
102A,2021-08-24,CVR482,Cultivar,Infected,12,6,2,0.15286824003282318,27,0.01250050941797491,0.05631334159276197,0.7012687748837209,0.6171187632156391,0.3299233248311795,0.355155530289948,0.46090633950885235
109A,2021-08-24,CVR016,Cultivar,Infected,10,7,2,0.4523080802063219,39,0.01552128851104416,0.24584526518096225,0.7455064493323034,0.6754005684211613,0.24836810683134783,0.367873705523288,0.5203360647039904
110A,2021-08-24,CVR011,Cultivar,Infected,11,7,2,0.07443350429055301,4,0.00120897652159328,0.05537020118925444,0.7147390304639561,0.6334759428125487,0.2347508505063392,0.36689463086126545,0.47148331376485586
111A,2021-08-24,WLD133,Wild cicer,Infected,12,7,2,0.0998188005206526,10,0.00295122761846469,0.05100817682303213,0.7224338783391101,0.6242323379815244,0.4239614802391953,0.3325315849286682,0.5131860459829208
118A,2021-08-24,CVR477,Cultivar,Infected,10,8,2,0.2167024557095559,40,0.02034729941025212,0.12854217749471347,0.6754730313090284,0.6656063694332162,0.12919101405934624,0.3560347200785346,0.4205857592350814
119A,2021-08-24,CVR487,Cultivar,Infected,11,8,2,0.04458657000957342,0,0,0.02452165049119572,0.7064002506539778,0.6526585032702584,0.18280429015366156,0.37537628921169536,0.45047441810263034
120A,2021-08-24,CVR010,Cultivar,Infected,12,8,2,0.24979210985082612,9,0.00429933082901447,0.16952948753047814,0.7157095433416756,0.653878117023348,0.2448788763561668,0.410774249736845,0.4319166514417568
94A,2021-08-24,CVR481,Cultivar,Infected,13,5,2,0.16886654128430817,38,0.01956559165330475,0.07890941376012983,0.5682885500687643,0.6127198848331957,-0.06475794622483236,0.3643881332976388,0.25715053299383434
95A,2021-08-24,CVR489,Cultivar,Infected,14,5,2,0.01590886975380589,0,0,0,NA,NA,NA,NA,NA
96A,2021-08-24,CVR015,Cultivar,Infected,15,5,2,0.3138482481329107,6,0.00286842388244795,0.24812452115610545,0.6634543973658856,0.6432792270086132,0.19863634069219205,0.32538495189677863,0.4311439785411083
103A,2021-08-24,WLD129,Wild cicer,Infected,13,6,2,0.05810397526988612,0,0,0.02397148525581633,0.6979354271122319,0.6448326676453404,0.16570998130257605,0.3572733420570334,0.453825050898886
104A,2021-08-24,CVR491,Cultivar,Infected,14,6,2,0.25944077476709443,39,0.01415995213766313,0.2255677465055504,0.6835329201311059,0.6307804262269758,0.14829961381815723,0.3578523136239477,0.4311388148619487
105A,2021-08-24,CVR495,Cultivar,Infected,15,6,2,0.0687893831036937,23,0.01139089335451719,0.01685863471269706,0.6129299420492675,0.5569158265206728,0.15850570349911583,0.28652010869108396,0.395944282941106
112A,2021-08-24,CVR496,Cultivar,Infected,13,7,2,0.36266128447724494,35,0.01898925862600311,0.2306764236912162,0.6877906065014171,0.6392625065953902,0.12126224527909672,0.3439752638564534,0.45036372328087393
113A,2021-08-24,CVR486,Cultivar,Infected,14,7,2,0.30282167569684576,34,0.01094372763314247,0.23405601013711816,0.6494944081436097,0.6209574602650846,0.09013127503026463,0.3418455209993828,0.39544918653655575
114A,2021-08-24,CVR485,Cultivar,Infected,15,7,2,0.14741954322978118,49,0.026140446224039,0.09172040424110708,0.6231590653178816,0.6210573816726552,0.12436127389514497,0.3537299440459789,0.34561248975171316
97A,2021-08-24,CVR017,Cultivar,Infected,16,5,2,0.18693501609317997,23,0.01284830983471177,0.16068754624759507,0.6300682712417691,0.6095005220913686,0.12664392790118492,0.3165232093431586,0.391652877509947
98A,2021-08-24,Genesis090,Cultivar,Infected,17,5,2,0.4222988443184432,49,0.0218709158766314,0.3473900486252728,0.6824692938610336,0.635819389834434,0.20070565286481284,0.3331775828112597,0.4520893578361241
99A,2021-08-24,CVR009,Cultivar,Infected,18,5,2,0.6005457560259824,3,0.00230865817390819,0.5737044479502666,0.7507006584869927,0.6740877310830129,0.26856854268437125,0.3935142760452648,0.5069431945094018
106A,2021-08-24,CVR019,Cultivar,Infected,16,6,2,0.398844605982674,37,0.01522650482045022,0.3636985181025904,0.7197358584928069,0.6365172202964902,0.2141098762211727,0.3634903348873496,0.48246714405319074
107A,2021-08-24,CVR490,Cultivar,Infected,17,6,2,0.3529000021194548,41,0.01760470670632449,0.3127689363131839,0.7383698577713842,0.66184492792810945,0.24571236084257625,0.37766737198661016,0.500182471262627
108A,2021-08-24,WLD131,Wild cicer,Infected,18,6,2,0.00570042990762022,0,0,0,NA,NA,NA,NA,NA
115A,2021-08-24,CVR493,Cultivar,Infected,16,7,2,0.5431075485721518,47,0.02845573927704274,0.49962862875811287,0.7179289028615347,0.6535037551613767,0.19817835172056925,0.3621589578212237,0.48077304376863206
116A,2021-08-24,Howzat,Cultivar,Infected,17,7,2,0.03311946464049659,11,0.00380248204457375,0.0221637994824269,0.5316275304644958,0.5836050103956588,-0.00295568584205169,0.3334577454730587,0.24087011033520345
117A,2021-08-24,CVR492,Cultivar,Infected,18,7,2,0.17291745690140262,3,6.889510040860354e-4,0.1499200266408841,0.6921411678007484,0.6030615748105758,0.22199573302102263,0.4061937078031591,0.3977809411984407
121A,2021-08-26,CVR019,Cultivar,Infected,1,9,3,0.4047702707733379,18,0.01219911582019817,0.3106075728884792,0.6068819718146354,0.6239445973603929,0.03266721736106125,0.3301850717934315,0.34603694914797883
122A,2021-08-26,CVR016,Cultivar,Infected,2,9,3,0.3337053528953646,18,0.0103839745748411,0.24957852927817956,0.603780421617008,0.5885955568592838,0.10119732452784984,0.2419749594343765,0.423709278956822
123A,2021-08-26,WLD131,Wild cicer,Infected,3,9,3,0.12659856565900796,2,7.088251657526206e-4,0.07073553026306459,0.6365901226029702,0.6393546763735761,0.17221506226206587,0.2477118645987805,0.4616811929560036
130A,2021-08-26,CVR485,Cultivar,Infected,1,10,3,0.27013943171166926,31,0.01349419626701056,0.24065799296167087,0.5925007864308537,0.589526966533565,0.0301540134720879,0.29744486705196527,0.3581802957572588
131A,2021-08-26,CVR010,Cultivar,Infected,2,10,3,0.01592543114226499,5,9.075610323159e-4,0.01564041169149983,0.6365055780651945,0.6319328976705859,0.00454350026863126,0.33758493176490506,0.38072985714180624
132A,2021-08-26,CVR491,Cultivar,Infected,3,10,3,0.2437438907855649,3,6.260184725407743e-4,0.2207341519375743,0.6660013297082763,0.6084304483169238,0.17015815686373548,0.2825177537038862,0.472361860979768
139A,2021-08-26,CVR011,Cultivar,Infected,1,11,3,0.2583311617403351,0,0,0.18253696559551943,0.6655338955361247,0.630523350391152,0.07619386096312616,0.3382577657940157,0.422358272346467
140A,2021-08-26,WLD132,Wild cicer,Infected,2,11,3,0.01383207164103548,0,0,0.00499078463522733,0.5511517477701506,0.567113928901097,0.12131020958407616,0.02921097988388778,0.5304813492433632
141A,2021-08-26,CVR487,Cultivar,Infected,3,11,3,0.00880734638254629,0,0,0,NA,NA,NA,NA,NA
148A,2021-08-26,CVR495,Cultivar,Infected,1,12,3,0.12127904768594688,40,0.02044664656098198,0.06601982824552695,0.549921561092365,0.5824802037627526,-0.0317621841187292,0.27345921817429675,0.3253957150387462
149A,2021-08-26,CVR493,Cultivar,Infected,2,12,3,0.6431979558635336,13,0.00862847002546481,0.6548931176855397,0.718041768234456,0.6639055208308916,0.14745358831472707,0.3539164627278559,0.4881866070893135
150A,2021-08-26,CVR492,Cultivar,Infected,3,12,3,0.19619283224181364,20,0.00810512230405182,0.20532952534695137,0.5702182805466283,0.5821995815238653,0.07751832929076091,0.27406379110159435,0.3510088061179821
124A,2021-08-26,Howzat,Cultivar,Infected,4,9,3,0.1394733890471078,38,0.02284142956587704,0.07639437268410976,0.6116343636673041,0.607785393959576,0.05085423177406871,0.26414920025632627,0.4144438409650679
125A,2021-08-26,CVR496,Cultivar,Infected,5,9,3,0.33573246684275776,15,0.00845623716204373,0.24981431437905643,0.7020715029207729,0.6676947951157051,0.2109742830289781,0.2881216713227164,0.5189175113047584
126A,2021-08-26,CVR484,Cultivar,Infected,6,9,3,0.07365180675528377,26,0.00992355609918825,0.02173152679748595,0.5273982508750247,0.6085884265102531,0.0888214085118323,0.09081512308758988,0.4585455026150383
133A,2021-08-26,CVR482,Cultivar,Infected,4,10,3,0.22354562142085363,18,0.00891331059763049,0.1430036636818289,0.7044688046727725,0.6644472073580582,0.1134276207032848,0.3498102810974565,0.4706380644478084
134A,2021-08-26,CVR015,Cultivar,Infected,5,10,3,0.5545481557196941,25,0.01063901248860133,0.5485933347068787,0.7748557834607714,0.6997304853583641,0.2500161735510356,0.3477027640731696,0.5846761828761939
135A,2021-08-26,CVR481,Cultivar,Infected,6,10,3,0.12944381219628032,38,0.01985044130240533,0.08236759523965743,0.6472636579472917,0.589818092652846,0.24095434236258456,0.27302037784011307,0.4545738246855112
142A,2021-08-26,WLD129,Wild cicer,Infected,4,11,3,0.10631748935200118,0,0,0.04621387977186887,0.7844312884544862,0.7114742972763981,0.22482482368452855,0.3378456912611355,0.6076132831391173
143A,2021-08-26,CVR477,Cultivar,Infected,5,11,3,0.2582251688541969,40,0.01890313182354028,0.1783321312965484,0.6411990549600701,0.621066447505412,0.09601148282523028,0.3053282914692617,0.417633460335872
144A,2021-08-26,WLD133,Wild cicer,Infected,6,11,3,0.04670642773233748,3,0.00103342650612905,0.03914032674556241,0.6484744673047539,0.6374276359607639,0.16340620723080523,0.1576587214977789,0.5467101051638577
127A,2021-08-26,CVR489,Cultivar,Infected,7,9,3,0.08308517362158382,4,0.00159982372583439,0.06381916730400938,0.5869156648635978,0.6072011496750357,0.09327088804064353,0.21360921838415195,0.42681671226150486
128A,2021-08-26,CVR009,Cultivar,Infected,8,9,3,0.4841854407123865,29,0.01066881769346804,0.3821290534878,0.7143516674152429,0.6636818396589952,0.2069988437502884,0.2948205827308279,0.5314593963735265
129A,2021-08-26,CVR486,Cultivar,Infected,9,9,3,0.3384584713831247,24,0.01064893642631756,0.28384596393895306,0.6744437018223834,0.6437282040259581,0.2251386530148934,0.25443224513775664,0.5070154163470062
136A,2021-08-26,CVR488,Cultivar,Infected,7,10,3,0.04873685395742244,4,8.744378128784294e-4,0.04731421024262765,0.6950586303326327,0.6392024474360695,0.19846046581498988,0.29895733714899125,0.49999713689392705
137A,2021-08-26,CVR490,Cultivar,Infected,8,10,3,0.47752776255183055,45,0.01910517325977076,0.373915872473922,0.7316341195630458,0.6631056109471929,0.19909815057216323,0.34035050041691706,0.5210251552858528
138A,2021-08-26,CVR494,Cultivar,Infected,9,10,3,0.12494242681309851,35,0.0133782561273661,0.07089272033031585,0.6656785654203845,0.6144538815292019,0.24449016746020236,0.2470305403733772,0.5010406146385152
145A,2021-08-26,CVR017,Cultivar,Infected,7,11,3,0.3733168818118262,30,0.01128158961365249,0.3601224440726244,0.7285755826614118,0.6742236839715845,0.18327516569746236,0.3539859230904444,0.5047735290539896
146A,2021-08-26,Genesis090,Cultivar,Infected,8,11,3,0.2967999548531191,44,0.03107577565012841,0.22937960563639337,0.6817137348085954,0.6571440777015627,0.16090497625795774,0.2990582761945948,0.4806457293400035
147A,2021-08-26,WLD130,Wild cicer,Infected,9,11,3,0.07722575438475629,0,0,0.05878908515196923,0.7501676254483883,0.6714296877491228,0.24568227141456525,0.31974810791660746,0.5662406489476158
151A,2021-08-26,WLD130,Wild cicer,Fungicide,10,9,3,0.20022056191506535,0,0,NA,NA,NA,NA,NA,NA
152A,2021-08-26,CVR482,Cultivar,Fungicide,11,9,3,0.4260052830555885,0,0,NA,NA,NA,NA,NA,NA
153A,2021-08-26,CVR491,Cultivar,Fungicide,12,9,3,0.42239158809381416,0,0,NA,NA,NA,NA,NA,NA
160A,2021-08-26,Howzat,Cultivar,Fungicide,10,10,3,0.5982139125309419,1,5.465236330490184e-4,NA,NA,NA,NA,NA,NA
161A,2021-08-26,CVR009,Cultivar,Fungicide,11,10,3,0.708005981181661,3,0.00102680403085167,NA,NA,NA,NA,NA,NA
162A,2021-08-26,CVR484,Cultivar,Fungicide,12,10,3,0.48365878855938726,0,0,NA,NA,NA,NA,NA,NA
169A,2021-08-26,CVR019,Cultivar,Fungicide,10,11,3,0.7290025094701007,0,0,NA,NA,NA,NA,NA,NA
170A,2021-08-26,CVR495,Cultivar,Fungicide,11,11,3,0.718664890793934,3,0.0023782144950405,NA,NA,NA,NA,NA,NA
171A,2021-08-26,CVR010,Cultivar,Fungicide,12,11,3,0.16439496640035275,0,0,NA,NA,NA,NA,NA,NA
178A,2021-08-26,CVR016,Cultivar,Fungicide,10,12,3,0.8189043505814476,0,0,NA,NA,NA,NA,NA,NA
179A,2021-08-26,CVR494,Cultivar,Fungicide,11,12,3,0.6571393326683991,0,0,NA,NA,NA,NA,NA,NA
180A,2021-08-26,WLD129,Wild cicer,Fungicide,12,12,3,0.1901810482311624,0,0,NA,NA,NA,NA,NA,NA
154A,2021-08-26,CVR493,Cultivar,Fungicide,13,9,3,0.7444609094578192,0,0,0.6835803049588937,0.7548585815331963,0.6733792358862056,0.09582200920221758,0.49021236816140906,0.4201007030343744
155A,2021-08-26,WLD132,Wild cicer,Fungicide,14,9,3,0.2374306895049582,0,0,0.19515146849243264,0.6966122595636705,0.6167618722587354,0.1554947507730275,0.3520170821420817,0.4565501342615551
156A,2021-08-26,CVR489,Cultivar,Fungicide,15,9,3,0.2962335553678181,0,0,0.26533683352011783,0.6605644530484678,0.5879461523048417,0.10604818282690456,0.3956342109019515,0.35866423282855614
163A,2021-08-26,WLD131,Wild cicer,Fungicide,13,10,3,0.00185818778511037,0,0,0,NA,NA,NA,NA,NA
164A,2021-08-26,CVR485,Cultivar,Fungicide,14,10,3,0.6507830717777987,2,5.962075996898383e-4,0.6523387790927068,0.7531325834285483,0.6770092549337391,0.09469333991091736,0.508542747673583,0.396417958970312
165A,2021-08-26,CVR488,Cultivar,Fungicide,15,10,3,0.00958904391781554,0,0,0.00121822302119722,0.656565654312181,0.5315515750563985,0.10321633451919404,0.4682307278603819,0.2719340328020266
172A,2021-08-26,CVR481,Cultivar,Fungicide,13,11,3,0.5277120818605778,0,0,0.440760948572518,0.7321867081660312,0.6774386705326706,0.0500566951696353,0.44741271111645414,0.4235122092862476
173A,2021-08-26,CVR490,Cultivar,Fungicide,14,11,3,0.3812332254952732,1,2.649811554177059e-4,0.4024458696800247,0.7078009436024342,0.6369302259716548,0.050864375255398,0.459137804261783,0.36837792304566136
174A,2021-08-26,CVR486,Cultivar,Fungicide,15,11,3,0.7141270703561422,0,0,0.7367498452066306,0.7415740969547552,0.6544166376713575,0.09841587882116842,0.48448313022821365,0.40125331317464874
157A,2021-08-26,CVR492,Cultivar,Fungicide,16,9,3,0.4991602481570994,0,0,0.5024580499686355,0.635610107165084,0.6076240582608702,0.02028570401453869,0.4100820444270553,0.3050365347186377
158A,2021-08-26,CVR487,Cultivar,Fungicide,17,9,3,0.10810280702789152,0,0,0.07745540563805572,0.5620109230011165,0.5914605052305065,0.00996825019359321,0.3673312914177304,0.24532569874268792
159A,2021-08-26,CVR477,Cultivar,Fungicide,18,9,3,0.581079500031163,0,0,0.4923978856645552,0.702895261780065,0.6601540951273994,0.09839912898821314,0.4310360697956171,0.3900268918208693
166A,2021-08-26,CVR017,Cultivar,Fungicide,16,10,3,0.3774837271481343,0,0,0.37717756636938554,0.7016659906859907,0.6489382609186285,0.04133774607477498,0.47693300057092297,0.33776538947063356
167A,2021-08-26,CVR015,Cultivar,Fungicide,17,10,3,0.7989909370982328,2,0.00123216545310442,0.7948708725727819,0.7760670505188481,0.7077798556625203,0.1477352778646767,0.4862459437140423,0.4654709837032234
168A,2021-08-26,Genesis090,Cultivar,Fungicide,18,10,3,0.6269777320066967,0,0,0.5937854790416144,0.7282107762278701,0.658120732853374,0.107986281989967,0.48538416740938695,0.3755797830937505
175A,2021-08-26,CVR011,Cultivar,Fungicide,16,11,3,0.00257032748885142,0,0,0,NA,NA,NA,NA,NA
176A,2021-08-26,CVR496,Cultivar,Fungicide,17,11,3,0.7842181785927208,0,0,0.7515257115282484,0.78144140577095,0.7290031347241003,0.1151339709764872,0.524452820795272,0.435447777159089
177A,2021-08-26,WLD133,Wild cicer,Fungicide,18,11,3,0.3634264206240551,0,0,0.25991377619994954,0.7439361560261569,0.6771257145078661,0.152829255720796,0.4226256559825741,0.4686603692012478
1A,2021-08-26,CVR482,Cultivar,Infected,1,1,1,0.16017512462097555,18,0.00970494939780344,0.05929995287053581,0.6126386521773909,0.6321978043022329,0.02050715988469709,0.3768272176676513,0.3065906115976885
2A,2021-08-26,CVR016,Cultivar,Infected,2,1,1,0.4552261968528143,32,0.01408046580013422,0.3745839302597398,0.7129855028590419,0.635708717291509,0.20746173731621603,0.3369711252309861,0.4949221627481053
3A,2021-08-26,CVR496,Cultivar,Infected,3,1,1,0.3631316279094832,23,0.01941655642869249,0.2899370790449392,0.7118669887199314,0.6722466782298493,0.22707428521342848,0.34748058815960764,0.48414432020825016
10A,2021-08-26,CVR485,Cultivar,Infected,1,2,1,0.3582393937586668,27,0.0146965460828801,0.3081711268460847,0.6952053284497737,0.6192194715955381,0.12226405354257792,0.3736227658191064,0.43442105999466746
11A,2021-08-26,CVR481,Cultivar,Infected,2,2,1,0.22212465429106337,46,0.0232256455053728,0.19668407164813237,0.7042054501967085,0.6399529898036991,0.15996959269749225,0.33727706964109744,0.4812253429637769
12A,2021-08-26,CVR009,Cultivar,Infected,3,2,1,0.5084246888611167,44,0.01664083389268448,0.44924921220408576,0.7700663283486747,0.6542235797583318,0.2784024261350256,0.361587311781692,0.5661102806805461
19A,2021-08-26,CVR495,Cultivar,Infected,1,3,1,0.09200513744565196,37,0.01426593671397475,0.07596209999916881,0.6090317327491862,0.6017099805918252,0.0621205844985867,0.2625699352375501,0.4124120142407839
20A,2021-08-26,CVR488,Cultivar,Infected,2,3,1,0.0870731559625337,20,0.00506445331865379,0.10079813062486705,0.7182743686701205,0.6126646336895101,0.21239824749173997,0.31238058817076453,0.5233118642009014
21A,2021-08-26,WLD130,Wild cicer,Infected,3,3,1,0.08502285607129785,0,0,0.06020379575723052,0.7774440027358082,0.6540697780040942,0.28694910382509914,0.3771969236240209,0.5663201812412365
28A,2021-08-26,CVR491,Cultivar,Infected,1,4,1,0.32733584289399703,11,0.00627675405670042,0.2612105942547724,0.7305076943678043,0.642863201054549,0.18195544824293933,0.38773710620959434,0.47822555715000264
29A,2021-08-26,CVR015,Cultivar,Infected,2,4,1,0.478799677185489,22,0.00921472994769103,0.4582876410710329,0.7724570770702054,0.6714586594149861,0.23706156604103443,0.39179560649327966,0.5458649157635556
30A,2021-08-26,WLD129,Wild cicer,Infected,3,4,1,0.19122441570408535,2,6.160811863461662e-4,0.18685969244492895,0.8067539847061669,0.6952141389630241,0.27464048895785953,0.4045021593870994,0.5971084535179422
31A,2021-08-26,CVR011,Cultivar,Fungicide,10,1,1,0.2202830278944121,0,0,0.17679952814084865,0.5489611061722887,0.5404214685646395,-0.02078559133140191,0.3234978933252919,0.2741486595834298
32A,2021-08-26,WLD131,Wild cicer,Fungicide,11,1,1,0.05790523860837698,0,0,0.02809772452116176,0.570324529980303,0.5865548784646132,0.07968724609440225,0.24833682270477872,0.3751164133279136
33A,2021-08-26,CVR019,Cultivar,Fungicide,12,1,1,0.5231312018127924,0,0,0.3968263247757923,0.6335855952574784,0.6117394018750352,0.1006730349105026,0.35728187877672757,0.3571516551620072
40A,2021-08-26,CVR487,Cultivar,Fungicide,10,2,1,0.1526628788159304,0,0,0.11808903802250505,0.6055330911524163,0.5616800067571915,0.0846566043751855,0.30985013311549775,0.3639732627043375
41A,2021-08-26,CVR490,Cultivar,Fungicide,11,2,1,0.3484979850670276,0,0,0.27842290661878477,0.6488144475304759,0.601782812938402,0.08306319325105452,0.3614589462524839,0.3753924611202984
42A,2021-08-26,Howzat,Cultivar,Fungicide,12,2,1,0.5823613514978969,0,0,0.484420489751554,0.6861407944118328,0.6336461390112267,0.092033880859585665,0.3888618506929936,0.405461827238032
49A,2021-08-26,CVR489,Cultivar,Fungicide,10,3,1,0.23102474444898055,5,0.00290486700576286,0.19593741882868893,0.6471173830578295,0.607206869140092,0.02465948358242693,0.36851620499054977,0.3658455533036141
50A,2021-08-26,CVR016,Cultivar,Fungicide,11,3,1,0.7059888040673433,0,0,0.6589014644004466,0.7395268820109937,0.6633560349739043,0.14211168048788517,0.4035501291674484,0.4788969126998987
51A,2021-08-26,WLD129,Wild cicer,Fungicide,12,3,1,0.35114780722048267,0,0,0.25732014009030385,0.7230923617299582,0.6231977676946641,0.1901082822385878,0.3662549471287583,0.48538487969668626
58A,2021-08-26,CVR477,Cultivar,Fungicide,10,4,1,0.7051441732559296,1,2.3848303987593532e-4,0.6892784448967516,0.690161178687484,0.6420354302498388,0.04198403708229564,0.4130780189720572,0.3875779043197356
59A,2021-08-26,CVR492,Cultivar,Fungicide,11,4,1,0.4705421688997846,3,9.141849861910854e-4,0.40177781189420686,0.6547500305560048,0.6329847087446959,0.02228128678450148,0.4063795443618174,0.3384149190772479
60A,2021-08-26,CVR495,Cultivar,Fungicide,12,4,1,0.6177298526911384,1,0.00131166493376262,0.5766517617112277,0.7049603588748533,0.6470600063750865,0.0730140962310883,0.4138761648397356,0.411000196403856
34A,2021-08-26,Genesis090,Cultivar,Fungicide,13,1,1,0.7597801937824813,0,0,0.6183071295328102,0.6369985583073484,0.5739179544623348,0.05628800734393585,0.35218185653372386,0.3671924007224909
35A,2021-08-26,CVR491,Cultivar,Fungicide,14,1,1,0.31634901779023394,0,0,0.18662390734405207,0.575286101284413,0.5580766927331766,0.01504217685913938,0.29894226210436636,0.3337394599004743
36A,2021-08-26,CVR494,Cultivar,Fungicide,15,1,1,0.6010160994582207,3,0.00150045916047049,0.387827193425658,0.603874488542038,0.5808467346316069,0.06946384148578254,0.28232485596575524,0.3876374713781808
43A,2021-08-26,CVR481,Cultivar,Fungicide,13,2,1,0.624430590461688,1,3.312264442721324e-4,0.4185185540564655,0.705659963845561,0.6570076569868675,0.08405126269665815,0.37230179789485496,0.4521450136104925
44A,2021-08-26,CVR017,Cultivar,Fungicide,14,2,1,0.6751150637018999,3,0.00136465582545247,0.5243074693165599,0.6931329802491424,0.6356970696551313,0.10520335134843552,0.36149461331593274,0.4425171669664389
45A,2021-08-26,CVR010,Cultivar,Fungicide,15,2,1,0.00288499386957421,0,0,0,NA,NA,NA,NA,NA
52A,2021-08-26,CVR496,Cultivar,Fungicide,13,3,1,0.7626552508189801,0,0,0.49416627392113177,0.7050068244942993,0.6527566857407272,0.10365806805443506,0.3713826869048555,0.4519594812852613
53A,2021-08-26,CVR015,Cultivar,Fungicide,14,3,1,0.6653802795656444,1,5.597726908199036e-4,0.5928423386381069,0.6799979204085296,0.6286430871532283,0.08789356764714726,0.3534888228170664,0.4298274330893277
54A,2021-08-26,CVR009,Cultivar,Fungicide,15,3,1,0.637100052632895,0,0,0.6084827503296067,0.6715067631354078,0.6065452460180781,0.1185364911251514,0.3167967257699104,0.45055769018961384
37A,2021-08-26,WLD133,Wild cicer,Fungicide,16,1,1,0.3960192331115525,0,0,0.3711257487802122,0.6819525651195086,0.622835166455072,0.10759288204211818,0.34947628647754553,0.4365074661521616
38A,2021-08-26,CVR488,Cultivar,Fungicide,17,1,1,0.0141864853540601,0,0,0.00687706544224239,0.6395177149666625,0.5193462317436524,0.23460847857296663,0.32231643009080185,0.39956178329998726
39A,2021-08-26,CVR493,Cultivar,Fungicide,18,1,1,0.7485482601295237,2,0.00423309326173909,0.7097524511562275,0.7176230202720155,0.6507392174337685,0.10782082260395608,0.42598740980704974,0.4200416627956646
46A,2021-08-26,CVR482,Cultivar,Fungicide,16,2,1,0.3087904000975033,0,0,0.24631683538271604,0.6606851035369501,0.6189231974168654,0.01287710569007964,0.4024593990588634,0.35175770059215705
47A,2021-08-26,CVR485,Cultivar,Fungicide,17,2,1,0.6042323210969767,0,0,0.5602646972002844,0.7357510650568622,0.6592049236928713,0.1298775739849745,0.43827505674155454,0.4390539253082784
48A,2021-08-26,WLD132,Wild cicer,Fungicide,18,2,1,0.21827578761316985,0,0,0.12921023528053133,0.7468141617350776,0.6425899727488055,0.25372127118387744,0.3174365712672324,0.5627979115792816
55A,2021-08-26,CVR486,Cultivar,Fungicide,16,3,1,0.6546451875664595,1,3.974717331265588e-4,0.567731225394719,0.6904546175694877,0.6480043704096474,0.04776580145384839,0.4093969597377689,0.3918108348535225
56A,2021-08-26,WLD130,Wild cicer,Fungicide,17,3,1,0.29414019586658857,0,0,0.2667122466085663,0.7076639818569815,0.6425434733407264,0.09777764121639287,0.3798018994370687,0.4483719691120748
57A,2021-08-26,CVR484,Cultivar,Fungicide,18,3,1,0.6311545141760803,0,0,0.6521422915086427,0.7372084166021806,0.6725371180765789,0.11258135083203248,0.42586478261524374,0.4538213455777953
4A,2021-08-26,CVR493,Cultivar,Infected,4,1,1,0.4539244717199295,14,0.01104644278332697,0.3938397134980185,0.7276130190533098,0.6456875899602138,0.14242935309881508,0.4091828508929553,0.45342774624338333
5A,2021-08-26,CVR489,Cultivar,Infected,5,1,1,0.084416709253695,6,0.00252726167165168,0.05788524226527452,0.6345288416121228,0.5793316634267309,0.17611387430009973,0.2781486686898378,0.43275931532716955
6A,2021-08-26,CVR010,Cultivar,Infected,6,1,1,0.22496990082833573,5,0.00219272132005038,0.1832050233813373,0.7174362037464006,0.6399485730853433,0.19693116688221105,0.3682617939627055,0.4745535077208013
13A,2021-08-26,CVR017,Cultivar,Infected,4,2,1,0.15493841359020996,20,0.01047671481666815,0.11415928634122369,0.6809218683982121,0.6303964928654656,0.09648660517627212,0.3544084020342265,0.430372981324296
14A,2021-08-26,CVR019,Cultivar,Infected,5,2,1,0.2074413272832304,32,0.01582934508131343,0.18953192358820029,0.7492838246985569,0.6456091977905195,0.23628106951020744,0.3575564915647336,0.5350817882454123
15A,2021-08-26,WLD131,Wild cicer,Infected,6,2,1,0.03943266592110331,0,0,0.01603338685962797,0.7762386967292975,0.6476718467729106,0.3465461003465699,0.3800738165702749,0.5619583223543231
22A,2021-08-26,Howzat,Cultivar,Infected,4,3,1,0.05484469402113638,36,0.01432888206006029,0.02251747713374222,0.5735378831829072,0.671632815113028,-0.0621510089250549,0.3247012871429371,0.3057818965694648
23A,2021-08-26,Genesis090,Cultivar,Infected,5,3,1,0.23374743671165563,36,0.01824729816557216,0.2053688228637642,0.6964044518644097,0.6234495811507071,0.14755296018419448,0.3465244595531152,0.4611701043806931
24A,2021-08-26,CVR477,Cultivar,Infected,6,3,1,0.1340810009648267,28,0.01498802243771664,0.13844515173154254,0.6826009642017031,0.5956718470356003,0.2122118455783217,0.2823243980026958,0.4958304932419983
61A,2021-08-26,CVR487,Cultivar,Fungicide,1,5,2,0.2358507330459606,0,0,0.10347036176813836,0.677691696428822,0.6206448748396882,0.10327926228352116,0.4324498084685612,0.34690997800608553
62A,2021-08-26,WLD132,Wild cicer,Fungicide,2,5,2,0.26792351793584246,0,0,0.2586562556619395,0.774894309523012,0.6751310195489441,0.3008199675213564,0.3198092958458016,0.6050201384676009
63A,2021-08-26,CVR482,Cultivar,Fungicide,3,5,2,0.3541454185315787,1,2.649811554177059e-4,0.37002541830945346,0.7263255445200151,0.6676272597830722,0.1878461338604778,0.3905745753060574,0.46871926028600686
70A,2021-08-26,WLD133,Wild cicer,Fungicide,1,6,2,0.25097790526449726,0,0,0.17078700806848818,0.795993713832212,0.6789708674215039,0.2266735136017349,0.4218469300467809,0.5632938048134212
71A,2021-08-26,WLD130,Wild cicer,Fungicide,2,6,2,0.17798524176988545,0,0,0.15608973678049587,0.7958352957039116,0.6739011944734435,0.2847365545327419,0.4065421776200223,0.5754863133288027
72A,2021-08-26,WLD129,Wild cicer,Fungicide,3,6,2,0.23841774825712023,0,0,0.18803861794931337,0.8371776005420027,0.7075229787636287,0.3529605253744905,0.4116663019335714,0.649276542152327
79A,2021-08-26,CVR490,Cultivar,Fungicide,1,7,2,0.7463489077421559,0,0,0.7228778217717073,0.8261046719807159,0.717538772019431,0.24425922471505743,0.47629708340305166,0.5767370238990884
80A,2021-08-26,CVR494,Cultivar,Fungicide,2,7,2,0.7105597472820534,0,0,0.6191716749026921,0.8439923875974505,0.7412604557612681,0.2470248498130437,0.5326013385434029,0.5656631067010348
81A,2021-08-26,WLD131,Wild cicer,Fungicide,3,7,2,0.3304228857027722,0,0,0.3327320748540933,0.8326858918445041,0.7005887252401248,0.34468175570347726,0.396725788832944,0.6510248333729883
88A,2021-08-26,CVR493,Cultivar,Fungicide,1,8,2,0.83070930827509,1,0.00106986880800074,0.5216745356901014,0.8510959967415914,0.7523693863959031,0.25596905289140903,0.551768250417182,0.5643516582179579
89A,2021-08-26,CVR477,Cultivar,Fungicide,2,8,2,0.6414490732422532,0,0,0.6343798139092509,0.8339359737627146,0.7267994067325593,0.2457887430120604,0.5019760944190382,0.5709820625231847
90A,2021-08-26,CVR488,Cultivar,Fungicide,3,8,2,0.14930754151411793,3,0.00120566425715056,0.1449685395224696,0.7391687435060711,0.6488673867448613,0.19450501390504435,0.4035615925083764,0.4782773352212707
64A,2021-08-26,CVR015,Cultivar,Fungicide,4,5,2,0.6901594289781411,0,0,0.5954752722645654,0.7365629665212853,0.6188731152588344,0.13062968998464497,0.484561160818172,0.3918607499896189
65A,2021-08-26,CVR016,Cultivar,Fungicide,5,5,2,0.68487634605969006,0,0,0.5674168452602164,0.7449040508626706,0.6292574646598185,0.16967801747010453,0.4487052588447533,0.4449048368761331
66A,2021-08-26,CVR485,Cultivar,Fungicide,6,5,2,0.24878186515482137,27,0.01762130178989283,0.1412352754252523,0.6541942611772988,0.5914864376953094,0.10369177377937082,0.41634437696593446,0.32688305537302575
73A,2021-08-26,CVR010,Cultivar,Fungicide,4,6,2,0.10322382198784238,0,0,0.08327143812635215,0.7022935139840716,0.5813278293765067,0.08934925149369793,0.47788378306840207,0.33777045427556596
74A,2021-08-26,Genesis090,Cultivar,Fungicide,5,6,2,0.7137395338661995,0,0,0.6772927022688434,0.755520920856764,0.6444636916356686,0.11984021380393928,0.5236134622316992,0.3836992283381658
75A,2021-08-26,CVR019,Cultivar,Fungicide,6,6,2,0.6408760492015686,1,5.100887241790839e-4,0.5632120109612454,0.7623023523478276,0.6334789400334683,0.17892435691912828,0.5156702659211245,0.40637786752823
82A,2021-08-26,CVR017,Cultivar,Fungicide,4,7,2,0.1804197658733723,0,0,0.06366197723675814,0.6379869666790827,0.5824448581848584,-0.0255454525029113,0.4925921252235668,0.21202846718955903
83A,2021-08-26,CVR496,Cultivar,Fungicide,5,7,2,0.7340040487847471,0,0,0.5838432072879726,0.7977406857934807,0.685515524098115,0.16019462227424283,0.5551051574616472,0.43547842639125767
84A,2021-08-26,CVR009,Cultivar,Fungicide,6,7,2,0.6428336053174335,0,0,0.6336724586066202,0.755041442064201,0.6383560554126083,0.15397796910414138,0.4868929153769492,0.4240335910535709
67A,2021-08-26,CVR481,Cultivar,Fungicide,7,5,2,0.45965139984908426,4,0.00256370068775047,0.345660957885509,0.6688627631664344,0.6300202075981152,0.03147222484293473,0.33594814873586554,0.4294028009084178
68A,2021-08-26,CVR489,Cultivar,Fungicide,8,5,2,0.21024682648820095,0,0,0.1384058542147297,0.608329608962799,0.5713174016521958,0.06128439991433662,0.32064351265823693,0.3573993137595063
69A,2021-08-26,Howzat,Cultivar,Fungicide,9,5,2,0.5316238818146158,0,0,0.40366409270122194,0.6380596741548046,0.5907285717655658,0.1097803993354753,0.29903947270294207,0.41895984700517946
76A,2021-08-26,CVR484,Cultivar,Fungicide,7,6,2,0.3609620860213419,16,0.01002294362390353,0.32487257149153054,0.6719010683205475,0.6318743710066835,0.02333673033720347,0.35680071732936885,0.414461090693066
77A,2021-08-26,CVR492,Cultivar,Fungicide,8,6,2,0.2485765039379286,1,7.750725492872699e-4,0.1599801909449644,0.6536795473628355,0.5799553592553807,0.12451705232802976,0.3649620640673682,0.3791770940823987
78A,2021-08-26,CVR011,Cultivar,Fungicide,9,6,2,0.02035394641622678,0,0,0.01564041169149983,0.6109701237618653,0.4977769856227024,0.08914381257660223,0.3629022882378774,0.31873955174871627
85A,2021-08-26,CVR495,Cultivar,Fungicide,7,7,2,0.6187367851094514,6,0.00376273754095157,0.5619151929064226,0.7006688508645579,0.6638116750701151,0.04988965858883494,0.3909119400047482,0.42660354494228386
86A,2021-08-26,CVR491,Cultivar,Fungicide,8,7,2,0.7360510363982912,0,0,0.6444006806965185,0.7206385867633479,0.6432811505822409,0.10989274479299224,0.3867538093869528,0.4628993152916174
87A,2021-08-26,CVR486,Cultivar,Fungicide,9,7,2,0.6471826259267917,0,0,0.6433789452593852,0.6963947773658041,0.6168702798465497,0.0939639062250002,0.3807752733677261,0.4295135828450733
7A,2021-08-26,CVR487,Cultivar,Infected,7,1,1,0.1397052484855351,10,0.00656492311682524,0.09407825524987593,0.6171936155553757,0.5815050336742563,0.08430419354605745,0.3258020925243583,0.3647331482675462
8A,2021-08-26,WLD132,Wild cicer,Infected,8,1,1,0.03499421381406606,0,0,0.01304677558185413,0.6521934646321756,0.6288037231761794,0.15783769000758943,0.2043134227231212,0.5167360979234165
9A,2021-08-26,CVR492,Cultivar,Infected,9,1,1,0.337209742693309,29,0.01692240011004994,0.29842534267650694,0.6894257547449518,0.6304102278303733,0.17023121028458169,0.3618606298326938,0.4364485898189022
16A,2021-08-26,CVR490,Cultivar,Infected,7,2,1,0.1108387484013339,35,0.01245081916729342,0.07776978577255823,0.6400248056011161,0.6237435311540027,0.09025120813897722,0.2997464780873609,0.42105586660924904
17A,2021-08-26,CVR011,Cultivar,Infected,8,2,1,0.05594768249251205,7,0.00262994490872871,0.04719631769218921,0.7275158640129858,0.6171299135174199,0.2235090916406817,0.3620136667990688,0.4961819874146567
18A,2021-08-26,CVR486,Cultivar,Infected,9,2,1,0.26881783291263356,35,0.01648185563178776,0.21354270636082945,0.7386585678667802,0.6343562071506328,0.2569347681880715,0.3387730079903834,0.5333497009590444
25A,2021-08-26,CVR484,Cultivar,Infected,7,3,1,0.02615374465460157,20,0.00698225952393641,0.02141714666298344,0.5669166821173159,0.6407214470435579,-0.01016363071607254,0.23193207945927696,0.38569863730956966
26A,2021-08-26,CVR494,Cultivar,Infected,8,3,1,0.10299527482710688,39,0.01586577645797749,0.07439019932665626,0.6578543311334009,0.6029861191924895,0.15623046863566714,0.2873471814709136,0.45687057719024415
27A,2021-08-26,WLD133,Wild cicer,Infected,9,3,1,0.04275819272368943,9,0.00246101248094194,0.03658598815272951,0.7169140662081844,0.6256547063544964,0.22070255886111517,0.2579016922174219,0.563131676657501
91A,2021-08-26,CVR484,Cultivar,Infected,10,5,2,0.06718624070085338,27,0.01621688745517352,0.01674074216225862,0.5638677762891261,0.6340726755346677,0.11168230892115644,0.20355050725077023,0.4070349366725341
92A,2021-08-26,WLD132,Wild cicer,Infected,11,5,2,0.03633568627925269,0,0,0.00514797470247859,0.5767628879763123,0.6427372101806493,0.29292581215145813,0.16943612637772407,0.4514438748080518
93A,2021-08-26,CVR488,Cultivar,Infected,12,5,2,0.01660444806908785,0,0,3.5367765131532296e-4,0.4989816904879917,0.6879120849386936,0.492900620901293,0.5296367067801442,-0.04166663327002212
100A,2021-08-26,CVR494,Cultivar,Infected,10,6,2,0.19163182586017907,26,0.01164263641845652,0.08401809094579561,0.6904014190044736,0.6729055925778313,0.10594888472037388,0.35307613720503567,0.44605837399269616
101A,2021-08-26,WLD130,Wild cicer,Infected,11,6,2,0.18433156582741037,0,0,0.15428205100710643,0.7757214276937755,0.6898999418382903,0.27769533792620227,0.3153619684384559,0.6094514076439206
102A,2021-08-26,CVR482,Cultivar,Infected,12,6,2,0.13624391829758442,33,0.01386184755745937,0.04939697863370677,0.6885131162427046,0.6062698011815097,0.2533578855407306,0.28744236340289764,0.500030758963003
109A,2021-08-26,CVR016,Cultivar,Infected,10,7,2,0.4063767254538701,46,0.01686607719817114,0.32129649746156447,0.7766475933663551,0.7017960232859651,0.2483972258296191,0.34334582206916664,0.5908596380431795
110A,2021-08-26,CVR011,Cultivar,Infected,11,7,2,0.07792133270003825,2,7.022000618569205e-4,0.07065693522943896,0.7353993848684864,0.6527435957209833,0.2118515465027241,0.33809546475037755,0.5287763259980683
111A,2021-08-26,WLD133,Wild cicer,Infected,12,7,2,0.08189937820791268,5,0.00200723430589718,0.06397635737126064,0.7293981896555881,0.6528033870763842,0.29828267833253763,0.24502426835558483,0.5897794580675323
118A,2021-08-26,CVR477,Cultivar,Infected,10,8,2,0.1809961021917488,48,0.02702150684078484,0.10653556807953785,0.6840534195473339,0.6807353263070355,0.1356766512532969,0.2776797192425053,0.501663573019305
119A,2021-08-26,CVR487,Cultivar,Infected,11,8,2,0.04290393294212946,1,7.320131115318927e-4,0.03367797190858131,0.7361403260732109,0.6739269847976892,0.2004572513820035,0.3224585972607771,0.5424443308451979
120A,2021-08-26,CVR010,Cultivar,Infected,12,8,2,0.24800347989724392,7,0.00373955723460702,0.2243495234843532,0.7292115055163153,0.6650192882983832,0.20688033251773663,0.3447218378016282,0.5135945695779248
94A,2021-08-26,CVR481,Cultivar,Infected,13,5,2,0.14205034109134285,35,0.01950266540579965,0.09478561055250656,0.6010417461583519,0.621044310788145,-0.02348611772026989,0.282473137767911,0.3837150366619383
95A,2021-08-26,CVR489,Cultivar,Infected,14,5,2,0.02180472404524343,0,0,0,NA,NA,NA,NA,NA
96A,2021-08-26,CVR015,Cultivar,Infected,15,5,2,0.32294376267464525,5,0.0030141696787646,0.27751906373209007,0.6939227140853019,0.6648109640718598,0.1888648525848598,0.29335242766276226,0.5029534608663953
103A,2021-08-26,WLD129,Wild cicer,Infected,13,6,2,0.05023400347412455,0,0,0.03800069875799081,0.7234053719608227,0.671530851179667,0.1641474477553801,0.3094405482679417,0.533357383245846
104A,2021-08-26,CVR491,Cultivar,Infected,14,6,2,0.2502425796169135,18,0.00934060646994102,0.23456687785568475,0.7025284279620606,0.6407322167317355,0.15721768141338163,0.2829426582628579,0.5236804971564215
105A,2021-08-26,CVR495,Cultivar,Infected,15,6,2,0.05652733108858035,25,0.01059594717750143,0.01442218867030261,0.5712013038736196,0.586027031934158,0.1203589022144533,0.11735957247209376,0.4864514628778914
112A,2021-08-26,CVR496,Cultivar,Infected,13,7,2,0.3302539595404894,40,0.01799887254119383,0.20753018628846895,0.7161194173749845,0.6666962073090466,0.15474128109957427,0.30382716953056677,0.5269425913431274
113A,2021-08-26,CVR486,Cultivar,Infected,14,7,2,0.27963241957642204,54,0.02012865894751258,0.25370476854352497,0.6701637390109091,0.6308714306963037,0.11999492976219124,0.2730691810329988,0.4860404832541536
114A,2021-08-26,CVR485,Cultivar,Infected,15,7,2,0.11789389988490805,28,0.01703171416005308,0.0986760647169751,0.6225241346185489,0.6168729248109641,0.1370292988652653,0.2324789420592077,0.4560458607062661
97A,2021-08-26,CVR017,Cultivar,Infected,16,5,2,0.16794904036367436,17,0.01039391465394216,0.15738655483531871,0.5994106853751378,0.5789396227685334,0.05349280689091174,0.26775675881755834,0.39505949964296433
98A,2021-08-26,Genesis090,Cultivar,Infected,17,5,2,0.4149919597302909,21,0.01067544821890175,0.3016870365719705,0.6586798955371975,0.6215559086221816,0.10089563038572344,0.3177117552852244,0.4312069724883002
99A,2021-08-26,CVR009,Cultivar,Infected,18,5,2,0.5709074952395874,1,2.9810379984491917e-4,0.49974652130855135,0.7313628488399595,0.6632040639082447,0.16294864741174783,0.3706917280779139,0.494822537127342
106A,2021-08-26,CVR019,Cultivar,Infected,16,6,2,0.37338312736566254,26,0.0106423175654031,0.34994438721810567,0.694037733253225,0.6293600475854865,0.11296474600574222,0.34415609736902403,0.4596794320198194
107A,2021-08-26,CVR490,Cultivar,Infected,17,6,2,0.3316716143925879,14,0.00527644382880086,0.2961067891845509,0.7304180208753545,0.6578688671904965,0.16086593929636905,0.3687445824183457,0.4949939699445921
108A,2021-08-26,WLD131,Wild cicer,Infected,18,6,2,0.01173871213980597,0,0,0,NA,NA,NA,NA,NA
115A,2021-08-26,CVR493,Cultivar,Infected,16,7,2,0.5185900690973088,41,0.02185436843683325,0.4944020590220087,0.6931329450379307,0.6557180249747743,0.10493635273032928,0.3377546445944726,0.46400628917478454
116A,2021-08-26,Howzat,Cultivar,Infected,17,7,2,0.02536542256394869,6,0.0017555001546423,0.01721231236401238,0.4937671967351369,0.5948754403430231,-0.03143143920656439,0.21143455872076491,0.31524393080179125
117A,2021-08-26,CVR492,Cultivar,Infected,18,7,2,0.17576932799405864,2,5.001519308509199e-4,0.18359799854946543,0.6721336517974557,0.6095190973967786,0.11960002115634208,0.3597757773176749,0.4119823870645635
121A,2021-08-31,CVR019,Cultivar,Infected,1,9,3,0.4350544257096376,8,0.00493528551987265,0.36782475736793585,0.6685460011284321,0.5982647400978943,0.05522428745854518,0.405401523714049,0.36098100237468433
122A,2021-08-31,CVR016,Cultivar,Infected,2,9,3,0.3438707331315567,19,0.01125510414836134,0.2588527432460036,0.6467737543209323,0.5869575625087989,0.09391386954161864,0.32289926858676643,0.4093680426069295
123A,2021-08-31,WLD131,Wild cicer,Infected,3,9,3,0.13601868341454074,4,0.00178200110416319,0.07368284402402561,0.6581657440352582,0.6316569557165149,0.15476345529478866,0.3114762940528845,0.43608901880172385
130A,2021-08-31,CVR485,Cultivar,Infected,1,10,3,0.25107396131756,31,0.01087418055325968,0.22242394516052533,0.6373916390186871,0.5798835111777743,0.02492985361103158,0.3620154146110643,0.3579780939303692
131A,2021-08-31,CVR010,Cultivar,Infected,2,10,3,0.01914827733640472,2,5.928953352471169e-4,0.01528673404018451,0.6696323519196888,0.6143001603794828,-0.00830234060613753,0.4341525564601028,0.3319995739622647
132A,2021-08-31,CVR491,Cultivar,Infected,3,10,3,0.2654691201662047,10,0.00356731176200647,0.2358243983936948,0.6878223153489806,0.5915919107820937,0.13259379014104125,0.3563398010481044,0.4391069560913798
139A,2021-08-31,CVR011,Cultivar,Infected,1,11,3,0.30556092934797996,2,8.247538462376096e-4,0.25453001639659406,0.715170984276194,0.6267039735142695,0.0803739359035237,0.41132362795074334,0.4304803508075824
140A,2021-08-31,WLD132,Wild cicer,Infected,2,11,3,0.02283153012970727,2,4.935274019654772e-4,0.00113962798757159,0.6362851071234631,0.5871180966009296,-0.1621322732602619,0.4028369075063133,0.3139091072750644
141A,2021-08-31,CVR487,Cultivar,Infected,3,11,3,0.01011238379312292,0,0,0,NA,NA,NA,NA,NA
148A,2021-08-31,CVR495,Cultivar,Infected,1,12,3,0.08484730535363144,12,0.00507108322799133,0.03179169110156625,0.5697088921753035,0.5517768835500946,-0.03241103998866483,0.335358957282433,0.2896989393676302
149A,2021-08-31,CVR493,Cultivar,Infected,2,12,3,0.6596467268811059,7,0.00411053023610939,0.6489591926468048,0.7304391761876258,0.6351733410773799,0.1393500142793826,0.39823800703007384,0.46847531816753096
150A,2021-08-31,CVR492,Cultivar,Infected,3,12,3,0.19384773963600588,11,0.00580641455944206,0.20041733574534967,0.609125381746631,0.5687750906249953,0.08640003758184936,0.3172119046262388,0.36182619369424424
124A,2021-08-31,Howzat,Cultivar,Infected,4,9,3,0.09368446223540412,33,0.0139810841076531,0.01964875840640683,0.5723029785514501,0.6261639889489082,-0.02464733479568703,0.3276905306497607,0.3010756542568044
125A,2021-08-31,CVR496,Cultivar,Infected,5,9,3,0.31585880069184474,29,0.01680647906902514,0.24800662860566705,0.6987280745984101,0.6469649658788169,0.21847688283981523,0.2899519695935731,0.5126346440522461
126A,2021-08-31,CVR484,Cultivar,Infected,6,9,3,0.04576905314555275,19,0.00790638721784738,0.00679847040861676,0.5561142968682565,0.6263480381420546,0.03427241961860292,0.11786165862679296,0.4689925451695498
133A,2021-08-31,CVR482,Cultivar,Infected,4,10,3,0.20319498728231863,23,0.00783351473041653,0.17338064417813387,0.7100988345150467,0.6534835179617037,0.14302810468854374,0.3383852415314695,0.4892815789203015
134A,2021-08-31,CVR015,Cultivar,Infected,5,10,3,0.6212574284329255,32,0.01085762095607735,0.565609159486827,0.7892407731744613,0.6930524882783685,0.2379908839331083,0.3928276225100556,0.5745414360085759
135A,2021-08-31,CVR481,Cultivar,Infected,6,10,3,0.0990768503176852,33,0.01447130799355944,0.03638950056866545,0.6627395335352858,0.6048715545733281,0.2657232519413642,0.28477224515568694,0.46589570279903864
142A,2021-08-31,WLD129,Wild cicer,Infected,4,11,3,0.09306837858472582,1,6.955755329714779e-4,0.0975364367294035,0.7848426913854276,0.6942439776754107,0.22597765978340317,0.3374455507046628,0.6085725006251586
143A,2021-08-31,CVR477,Cultivar,Infected,5,11,3,0.18835929550066208,29,0.01068538575154155,0.18218328794420413,0.6595964841436623,0.5996531293143914,0.12669048203503783,0.2963630279977259,0.4514909029565968
144A,2021-08-31,WLD133,Wild cicer,Infected,6,11,3,0.02017177114317674,2,4.504679642101e-4,0.01540462659062295,0.6417080552901284,0.6084930105502391,0.23162245565696327,0.16968348088780827,0.5297024174147706
127A,2021-08-31,CVR489,Cultivar,Infected,7,9,3,0.07035277817423219,11,0.00552818393553185,0.03917962426237522,0.5894969851565964,0.6326867523819646,0.096913123862381,0.26993232252695387,0.3800379282611443
128A,2021-08-31,CVR009,Cultivar,Infected,8,9,3,0.5061027821991517,17,0.00891993861764963,0.4383245025301235,0.6887723332975546,0.6606562053434871,0.19109017365128045,0.31950635474492634,0.47345867354600835
129A,2021-08-31,CVR486,Cultivar,Infected,9,9,3,0.3373952302440508,4,0.00147726994145371,0.2751612127233213,0.6427846602748472,0.6335816473045295,0.18284189075442653,0.2917548592672814,0.43205558124499743
136A,2021-08-31,CVR488,Cultivar,Infected,7,10,3,0.0476934864844995,2,5.663972197053463e-4,0.04582090460374073,0.6435742294404696,0.6254651368168296,0.1668582229908725,0.28366191275904007,0.44029068139686856
137A,2021-08-31,CVR490,Cultivar,Infected,8,10,3,0.4338818794067337,34,0.01491182828031814,0.3863731853035839,0.6950950097122127,0.6463181048220948,0.1875303804094848,0.3401880560396184,0.4648196001284739
138A,2021-08-31,CVR494,Cultivar,Infected,9,10,3,0.07618901146721699,29,0.01203678631730133,0.03230255882013283,0.6416294763247389,0.6047191931945066,0.3101078354932934,0.2525636299379127,0.464308013828512
145A,2021-08-31,CVR017,Cultivar,Infected,7,11,3,0.3778282040280834,13,0.00585609955289964,0.37006471582626627,0.7117581494022054,0.6593476517786734,0.17799343059424438,0.3700477097751197,0.4638925289359323
146A,2021-08-31,Genesis090,Cultivar,Infected,8,11,3,0.22942491432383205,22,0.0136333280078546,0.20065312084622655,0.6766028147847227,0.6469053190822902,0.16331546872904362,0.34413936260538297,0.43337231565872136
147A,2021-08-31,WLD130,Wild cicer,Infected,9,11,3,0.08380393788070852,0,0,0.05485933347068787,0.7497426180944825,0.6678474388815786,0.3170197961499604,0.3646721218272458,0.5299696099362295
151A,2021-08-31,WLD130,Wild cicer,Fungicide,10,9,3,0.24192213805506457,0,0,0.1576616374530084,0.667971986590383,0.6212427568266086,0.08739629954286063,0.3638279696520582,0.4017897248788113
152A,2021-08-31,CVR482,Cultivar,Fungicide,11,9,3,0.4269559067531405,0,0,0.334264678009793,0.6675810547918859,0.6320380729779204,0.05036315609011622,0.3663390772223696,0.3987641471632591
153A,2021-08-31,CVR491,Cultivar,Fungicide,12,9,3,0.4657426785243391,0,0,0.3425564540572967,0.6624485334557053,0.6255985372635999,0.12852409115382263,0.3462875506477159,0.4102777459079494
160A,2021-08-31,Howzat,Cultivar,Fungicide,10,10,3,0.6136954984625032,0,0,0.5330708155658173,0.7286871984246001,0.6864724909894478,0.04762089547420861,0.42045258950949255,0.4443843986252864
161A,2021-08-31,CVR009,Cultivar,Fungicide,11,10,3,0.7068632453779835,3,8.777505291149244e-4,0.5905237851461509,0.7598717944782475,0.6854979617310913,0.14640777503591637,0.4010207572638373,0.516127730976441
162A,2021-08-31,CVR484,Cultivar,Fungicide,12,10,3,0.5133964176765368,0,0,0.48952916693721976,0.7488980663474731,0.6775444889997818,0.1512891293825111,0.3825967092139173,0.5134052875542552
169A,2021-08-31,CVR019,Cultivar,Fungicide,10,11,3,0.7969969459277578,0,0,0.6945050146328559,0.7761266333648227,0.6912160269098659,0.1328793968252527,0.4648898805422582,0.4869262927668505
170A,2021-08-31,CVR495,Cultivar,Fungicide,11,11,3,0.7318179455081467,1,2.6829341986042726e-4,0.638781135792286,0.7715990931203761,0.6775991046955521,0.13816430852214634,0.43559229548412376,0.5061125526962496
171A,2021-08-31,CVR010,Cultivar,Fungicide,12,11,3,0.21752390057712695,0,0,0.14009564743768071,0.7152344965572172,0.6103561231808163,0.20585548228549425,0.39378107019163305,0.44748597394335554
178A,2021-08-31,CVR016,Cultivar,Fungicide,10,12,3,0.8512951141297441,0,0,0.7458275715903905,0.7666639653831496,0.6977303215126567,0.14662066800445664,0.4522226000699128,0.4813144029131107
179A,2021-08-31,CVR494,Cultivar,Fungicide,11,12,3,0.7134944253170048,0,0,0.5972043630043292,0.7568153250820787,0.6908726411274337,0.09433589896173804,0.4582917320979199,0.457046667470666
180A,2021-08-31,WLD129,Wild cicer,Fungicide,12,12,3,0.20746451322707316,0,0,0.20301097185499536,0.7326483660517663,0.653133421935358,0.1523669062187457,0.3660012316159698,0.5009868645154283
154A,2021-08-31,CVR493,Cultivar,Fungicide,13,9,3,0.7537021642179937,0,0,0.7070016249793306,0.7145087641605554,0.6715467043760197,0.10255806701917372,0.4178007453453624,0.4229756931279079
155A,2021-08-31,WLD132,Wild cicer,Fungicide,14,9,3,0.30063557242024536,0,0,0.25154340511882023,0.6912339641984058,0.6481998507788174,0.20682412856670068,0.28004613845358983,0.5098912493149783
156A,2021-08-31,CVR489,Cultivar,Fungicide,15,9,3,0.3730552118741725,0,0,0.259402908481383,0.660997778085344,0.6177761614131998,0.15719316283179302,0.3379637244348817,0.4159557747267803
163A,2021-08-31,WLD131,Wild cicer,Fungicide,13,10,3,0.00261007482115324,0,0,0,NA,NA,NA,NA,NA
164A,2021-08-31,CVR485,Cultivar,Fungicide,14,10,3,0.6669701728577174,1,6.028321285752808e-4,0.6473479944574795,0.7066894604851837,0.6630387791398795,0.10271148716752064,0.4249186988762194,0.4026939390429718
165A,2021-08-31,CVR488,Cultivar,Fungicide,15,10,3,0.00986065068854469,0,0,0.00561954490423235,0.7014440733719804,0.5021781390391634,-0.1722716517054692,0.630702994216979,0.12686772632359997
172A,2021-08-31,CVR481,Cultivar,Fungicide,13,11,3,0.5100443926524162,0,0,0.5294554440190384,0.7266434967012253,0.6841251736817365,0.08786022430513092,0.3736594227372842,0.4845468813849632
173A,2021-08-31,CVR490,Cultivar,Fungicide,14,11,3,0.4551069548559089,0,0,0.43537718876916254,0.696752102951707,0.644926096396902,0.07389054461360131,0.41211778254918313,0.3992872236653878
174A,2021-08-31,CVR486,Cultivar,Fungicide,15,11,3,0.7173996007156592,0,0,0.6814582390510017,0.7199585907579944,0.6576002219776336,0.12578637104378168,0.4131184130144336,0.43673850288780475
157A,2021-08-31,CVR492,Cultivar,Fungicide,16,9,3,0.61155907935128,0,0,0.5691852335167931,0.6577450630252996,0.5930754197459619,0.104422784312703,0.35891407817901094,0.39117790252191575
158A,2021-08-31,CVR487,Cultivar,Fungicide,17,9,3,0.1322724973450936,0,0,0.07690524040267634,0.6326645592349879,0.5894804694512934,0.07413308720696249,0.34813575411828873,0.36489894940834394
159A,2021-08-31,CVR477,Cultivar,Fungicide,18,9,3,0.656463628019268,0,0,0.5193166846813325,0.7215527090055949,0.6578592518364706,0.17599793128366684,0.39475669964466303,0.45695367265875386
166A,2021-08-31,CVR017,Cultivar,Fungicide,16,10,3,0.41877126857665614,0,0,0.3862945902699582,0.7210105355802762,0.6276145237316748,0.12734710176946645,0.4316559620468215,0.4201024171491407
167A,2021-08-31,CVR015,Cultivar,Fungicide,17,10,3,0.8620699534612308,3,0.00243121236901049,0.8193532255471648,0.8001851621030248,0.7146889301525972,0.22339569860224057,0.46165662285898457,0.5368447926027301
168A,2021-08-31,Genesis090,Cultivar,Fungicide,18,10,3,0.7297345228399926,0,0,0.6866062137534803,0.7457781259287447,0.6453570354625507,0.19023931336733435,0.4380582185595201,0.4570284771192122
175A,2021-08-31,CVR011,Cultivar,Fungicide,16,11,3,0.00158658101438122,0,0,0,NA,NA,NA,NA,NA
176A,2021-08-31,CVR496,Cultivar,Fungicide,17,11,3,0.8171422188494001,1,6.028321285752808e-4,0.779859221150287,0.7909174019663691,0.7192353353639657,0.1793642809620723,0.487525038656984,0.49379627472967896
177A,2021-08-31,WLD133,Wild cicer,Fungicide,18,11,3,0.374893525993132,0,0,0.30565608577006464,0.7677062544188523,0.6812523058881313,0.23790838391308583,0.40376868240246655,0.5274272146650537
1A,2021-08-31,CVR482,Cultivar,Infected,1,1,1,0.12551545085378318,18,0.00967845682701617,0.03269553398826096,0.587646625116821,0.6242281109935275,-0.05678122153923876,0.46052410680298456,0.1742897611025971
2A,2021-08-31,CVR016,Cultivar,Infected,2,1,1,0.4799225393230156,20,0.0103508510268136,0.3839367392611895,0.7150980004321169,0.6379898551548573,0.1930089744115845,0.3605793219979718,0.4776911197250685
3A,2021-08-31,CVR496,Cultivar,Infected,3,1,1,0.3645128477069717,31,0.02083420696554631,0.2753577003073853,0.686395693823524,0.6448339411222946,0.21494351543955145,0.3247381974370704,0.46539310849652393
10A,2021-08-31,CVR485,Cultivar,Infected,1,2,1,0.30185117833314284,26,0.01504435146934848,0.2313837789938468,0.6727050933138112,0.6183977337167766,0.06886881638424812,0.3895659493753247,0.3836901297757764
11A,2021-08-31,CVR481,Cultivar,Infected,2,2,1,0.20309561895156408,27,0.01171549288771853,0.14072440770668573,0.6767431426358561,0.6385031112436989,0.10095454127204977,0.3564053087452475,0.4221608582105364
12A,2021-08-31,CVR009,Cultivar,Infected,3,2,1,0.5425312122537753,42,0.01473959122751064,0.4708235489343205,0.7564079714214681,0.6568691737868163,0.24769363203608985,0.361536281130719,0.5435028230467034
19A,2021-08-31,CVR495,Cultivar,Infected,1,3,1,0.10049450516978366,16,0.00587265085348095,0.04617458225505605,0.617358284096061,0.5965276171482,0.07314404564762926,0.2778630627554511,0.40979124786892535
20A,2021-08-31,CVR488,Cultivar,Infected,2,3,1,0.06863370605217822,12,0.00416020701510926,0.07427230677621782,0.7177604608020521,0.6149991410703356,0.1859736158260637,0.339521292720686,0.500114567316601
21A,2021-08-31,WLD130,Wild cicer,Infected,3,3,1,0.09436347916222698,0,0,0.06908503455692641,0.7790717830333165,0.6548590117709169,0.35358763883959554,0.37698746534080824,0.5692828637379235
28A,2021-08-31,CVR491,Cultivar,Infected,1,4,1,0.3710976557583075,21,0.01250714273632832,0.2915875747510774,0.7175587617023469,0.6314518436129138,0.15127974750854245,0.382583776405452,0.46173280183186066
29A,2021-08-31,CVR015,Cultivar,Infected,2,4,1,0.5309051175554912,19,0.0082111228574474,0.4927122657990577,0.763602632920763,0.6632217819608771,0.19830060972198915,0.41478297860155494,0.5105146355295422
30A,2021-08-31,WLD129,Wild cicer,Infected,3,4,1,0.20118443472338465,2,2.58357406903836e-4,0.19259712989959976,0.7983829720368084,0.6914525183052522,0.2730760720862544,0.384453152794891,0.5972503496740125
31A,2021-08-31,CVR011,Cultivar,Fungicide,10,1,1,0.23332677744479463,0,0,0.1846197339865986,0.5805354375002828,0.5344515720439308,-0.00535947231650338,0.31930231433645045,0.3206755698532418
32A,2021-08-31,WLD131,Wild cicer,Fungicide,11,1,1,0.06177066667472958,0,0,0.03139871593343811,0.6401028018307415,0.5902874349201381,0.14973761415004583,0.233362287673465,0.47816713898458263
33A,2021-08-31,CVR019,Cultivar,Fungicide,12,1,1,0.5434752113959437,0,0,0.452157228448234,0.643608152651484,0.5975552159840495,0.1077448410169022,0.3324418733758654,0.3958668639820281
40A,2021-08-31,CVR487,Cultivar,Fungicide,10,2,1,0.18318551774604103,0,0,0.13545854045376868,0.6324105085434903,0.5578174967160261,0.10154087534412864,0.2881326603595434,0.42098982327402057
41A,2021-08-31,CVR490,Cultivar,Fungicide,11,2,1,0.3911269989607361,0,0,0.29952567314726575,0.6644006513615808,0.5902067230286838,0.09340187526154524,0.3474284857591752,0.4120972882611795
42A,2021-08-31,Howzat,Cultivar,Fungicide,12,2,1,0.6470070752091253,1,6.359572373321681e-4,0.5901308099780227,0.7114448608128995,0.6218288558923462,0.12069549360839378,0.3502319960723517,0.48108523545075216
49A,2021-08-31,CVR489,Cultivar,Fungicide,10,3,1,0.2474304558565593,2,8.313783751230521e-4,0.21334621877676535,0.6701576824594606,0.6049683429171063,0.03538233413779006,0.35337834425646686,0.4150777158892462
50A,2021-08-31,CVR016,Cultivar,Fungicide,11,3,1,0.7439938783032728,0,0,0.7099489387402916,0.7580462951271566,0.6627353122441942,0.17082136892938943,0.3920329628707472,0.5207775558767014
51A,2021-08-31,WLD129,Wild cicer,Fungicide,12,3,1,0.39018631209625954,0,0,0.2806235675603024,0.7498389607199069,0.6295730850551019,0.24724830252433908,0.3348955619896963,0.554083626996941
58A,2021-08-31,CVR477,Cultivar,Fungicide,10,4,1,0.7259254034944009,1,3.643490886993456e-4,0.6922257586577126,0.6984507448519018,0.6344203083823908,0.07920093620389185,0.3621124342070724,0.45020248822805137
59A,2021-08-31,CVR492,Cultivar,Fungicide,11,4,1,0.4953544410891996,1,2.086726598914434e-4,0.36629215421223615,0.6632252960522267,0.6190479141257671,0.03847376095464575,0.3824130701753366,0.3762352842330414
60A,2021-08-31,CVR495,Cultivar,Fungicide,12,4,1,0.6218635752505284,0,0,0.5380616002010447,0.7174094739681502,0.6438985421676328,0.09387533838642602,0.37827389105339754,0.4654474399975924
34A,2021-08-31,Genesis090,Cultivar,Fungicide,13,1,1,0.8114649748856225,0,0,0.7723140979222268,0.6380917781813269,0.5502597012117577,0.01896595759808144,0.4118671087848667,0.3068738959793042
35A,2021-08-31,CVR491,Cultivar,Fungicide,14,1,1,0.3393925336922176,0,0,0.2790516668877898,0.6252067475060693,0.5620069862559841,0.01107498041821936,0.3927322609754551,0.3081331483610979
36A,2021-08-31,CVR494,Cultivar,Fungicide,15,1,1,0.6112974094136263,0,0,0.46504681396283687,0.6445244491315335,0.5828970476642285,0.06959169697985994,0.37707158387381656,0.3533211628279493
43A,2021-08-31,CVR481,Cultivar,Fungicide,13,2,1,0.6503259774563277,0,0,0.5658056470708911,0.7400201178852039,0.6597517641104731,0.06567960355780852,0.45308941000876773,0.43166642065550903
44A,2021-08-31,CVR017,Cultivar,Fungicide,14,2,1,0.7329109971464469,0,0,0.6715945623309855,0.71836531601872,0.6289466475745394,0.07725451888158767,0.4474343356520609,0.39926243416148927
45A,2021-08-31,CVR010,Cultivar,Fungicide,15,2,1,0.00492866920542643,0,0,0,NA,NA,NA,NA,NA
52A,2021-08-31,CVR496,Cultivar,Fungicide,13,3,1,0.8094378609382294,0,0,0.7163544339807802,0.7398556683558847,0.6601052751339365,0.07761385975440373,0.47653132223429207,0.4067189788183024
53A,2021-08-31,CVR015,Cultivar,Fungicide,14,3,1,0.7365180675528377,0,0,0.6995743943017088,0.7052304394870066,0.6268902763635207,0.07509415569474866,0.43298282522751,0.39192206140754543
54A,2021-08-31,CVR009,Cultivar,Fungicide,15,3,1,0.6689078553074315,2,8.015700487466221e-4,0.6294676243076492,0.7047371837791048,0.6092972369409558,0.10438607286142149,0.3781605047931638,0.44523293407235753
37A,2021-08-31,WLD133,Wild cicer,Fungicide,16,1,1,0.5142774835425606,0,0,0.49888197593866945,0.733553255328644,0.6681243518215748,0.15370785586282987,0.36481810534012793,0.5034707144472371
38A,2021-08-31,CVR488,Cultivar,Fungicide,17,1,1,0.02124826139301787,0,0,0.02035611370903747,0.6397985418058707,0.5534659528312709,0.20975116189368176,0.30195783723818936,0.4187375206929307
39A,2021-08-31,CVR493,Cultivar,Fungicide,18,1,1,0.7893455844596563,0,0,0.6767425370334641,0.7430018300825247,0.6792600834599783,0.15572648909035328,0.4375666428449459,0.4525722145380653
46A,2021-08-31,CVR482,Cultivar,Fungicide,16,2,1,0.3641087498285698,1,8.181319870426471e-4,0.32597290196228934,0.7235290305419563,0.6793883219507971,0.07023752060122536,0.40169997207350977,0.45369034122942387
47A,2021-08-31,CVR485,Cultivar,Fungicide,17,2,1,0.6996060449552084,0,0,0.6129626672462675,0.7811702053882721,0.7043434176372732,0.18498190975326104,0.4538345653467724,0.5071213281365373
48A,2021-08-31,WLD132,Wild cicer,Fungicide,18,2,1,0.30864134760137146,0,0,0.14858391106924845,0.7791676533452613,0.6682538661907971,0.30021481539231704,0.3798924173064709,0.5671522299167518
55A,2021-08-31,CVR486,Cultivar,Fungicide,16,3,1,0.6758437647941,1,4.471556997673786e-4,0.6667609677630094,0.7427191820496432,0.6895892367958141,0.1060642534706422,0.3902679540649527,0.49631196335441585
56A,2021-08-31,WLD130,Wild cicer,Fungicide,17,3,1,0.3548277477360934,0,0,0.29763939234025066,0.7636514040606991,0.6911297999032953,0.1962755887244554,0.38623857624133073,0.5353006182837511
57A,2021-08-31,CVR484,Cultivar,Fungicide,18,3,1,0.731556275570493,0,0,0.7052725342395668,0.7823469904940308,0.7118498362972754,0.1822848695618191,0.4272833665499239,0.5333558861317023
4A,2021-08-31,CVR493,Cultivar,Infected,4,1,1,0.4368496802186034,21,0.01123522337406406,0.35509236192058424,0.688141187568274,0.6269205354214397,0.11824140164139164,0.3382656324105658,0.4560270240526843
5A,2021-08-31,CVR489,Cultivar,Infected,5,1,1,0.06762346135617348,7,0.00364681555524211,0.0328134265386994,0.5600803641854991,0.5788076141258743,0.1535798600083044,0.20778759028332783,0.3986916056027473
6A,2021-08-31,CVR010,Cultivar,Infected,6,1,1,0.24832808311104215,5,0.00219934806683253,0.21122415286887344,0.6737176235695075,0.6301614526759781,0.1885103693483516,0.29766133302995806,0.47038769018962306
13A,2021-08-31,CVR017,Cultivar,Infected,4,2,1,0.11047439785523384,32,0.01514039033966072,0.07674805033542507,0.6474893458230087,0.6219313376123234,0.08023705069856649,0.3077030684810689,0.4243267969714536
14A,2021-08-31,CVR019,Cultivar,Infected,5,2,1,0.1862626237217407,42,0.01789619258990193,0.17011895028267035,0.7023964775820272,0.6408644270569902,0.19641036886492777,0.2948338397614801,0.5140088617753302
15A,2021-08-31,WLD131,Wild cicer,Infected,6,2,1,0.0421387967953193,3,6.392677767446271e-4,0.021299254112545,0.7201353444513646,0.6473145128104076,0.36389228256438955,0.2414458719476533,0.5794386113525919
22A,2021-08-31,Howzat,Cultivar,Infected,4,3,1,0.05800460693913155,38,0.01437524632818498,0.01854842793564804,0.599694980394602,0.6515804270239587,0.0953548517659878,0.20493909779322567,0.45006990009416953
23A,2021-08-31,Genesis090,Cultivar,Infected,5,3,1,0.2076665621662741,36,0.01614400839620959,0.17766407351073055,0.6568514752652971,0.6219539881498564,0.1198212402809508,0.3064956899615357,0.4386697134507422
24A,2021-08-31,CVR477,Cultivar,Infected,6,3,1,0.11053733113137838,25,0.01129152726949554,0.07285759617095652,0.6616231003634321,0.595259599190409,0.21837244925778532,0.266768652102705,0.4794834163845403
61A,2021-08-31,CVR487,Cultivar,Fungicide,1,5,2,0.27230234904442696,1,2.1198492433416473e-4,0.14320015126589297,0.6749508444391755,0.5925549443419135,0.06521772248317888,0.4521486340786258,0.320660893280435
62A,2021-08-31,WLD132,Wild cicer,Fungicide,2,5,2,0.3527675110117821,0,0,0.28380666642214025,0.7713463920634973,0.6866373123029833,0.267314664302855,0.3542012625566697,0.5739569896044985
63A,2021-08-31,CVR482,Cultivar,Fungicide,3,5,2,0.3806635137322803,1,3.279141798294111e-4,0.38161818576923345,0.7023947799458004,0.6427525973550449,0.1235534414206224,0.3902613676780299,0.4300054522333832
70A,2021-08-31,WLD133,Wild cicer,Fungicide,1,6,2,0.31781304453001785,0,0,0.16017667852902848,0.7943895233582888,0.685334597507495,0.1864490619550522,0.45892542626608807,0.5279287225047575
71A,2021-08-31,WLD130,Wild cicer,Fungicide,2,6,2,0.23023311008063585,0,0,0.1756599001532771,0.79107935909157,0.6778439801602653,0.2585137902802242,0.4292073221081784,0.5479066445535115
72A,2021-08-31,WLD129,Wild cicer,Fungicide,3,6,2,0.27713164991909883,0,0,0.21900506119781055,0.8238720878847899,0.7025531266783148,0.31807243459570067,0.4144742619052848,0.6216879613401233
79A,2021-08-31,CVR490,Cultivar,Fungicide,1,7,2,0.778070591196705,0,0,0.7633149665720925,0.8025130509080629,0.6930736915117494,0.1678912023811338,0.48024053057427135,0.5243608034492795
80A,2021-08-31,CVR494,Cultivar,Fungicide,2,7,2,0.8161518478195462,0,0,0.7471636871620262,0.8428903405581798,0.7387789264884516,0.1991264060698506,0.5501427644648247,0.5458755303188191
81A,2021-08-31,WLD131,Wild cicer,Fungicide,3,7,2,0.4078639381374967,0,0,0.3807929379161643,0.8305513722432272,0.6967592207266309,0.31594510163533546,0.4175278544026729,0.6322869224059285
88A,2021-08-31,CVR493,Cultivar,Fungicide,1,8,2,0.8639480149124921,0,0,0.5474537067193072,0.8530577809496839,0.7259614608944422,0.22164564693380803,0.5778622365866652,0.5427383448081304
89A,2021-08-31,CVR477,Cultivar,Fungicide,2,8,2,0.6937664993845318,0,0,0.5766517617112277,0.8245843251839077,0.7115181886557975,0.1935982650085797,0.5077786856375293,0.5450010278518157
90A,2021-08-31,CVR488,Cultivar,Fungicide,3,8,2,0.16221879995682778,2,0.00116260666764244,0.09678978390996004,0.68271813095617,0.6137922018236486,0.1123233346385266,0.4333321719126993,0.3541628042558108
64A,2021-08-31,CVR015,Cultivar,Fungicide,4,5,2,0.7254848705613891,0,0,0.6781572476387253,0.7191835818782388,0.633326178569027,0.1440980906976246,0.4398960971597945,0.4085336678338005
65A,2021-08-31,CVR016,Cultivar,Fungicide,5,5,2,0.7120867072979818,1,0.00132160172709078,0.5952001896468757,0.7137681021960529,0.6349545223014752,0.17365653042751142,0.3974918652648275,0.4415520726432835
66A,2021-08-31,CVR485,Cultivar,Fungicide,6,5,2,0.19099918082104167,24,0.00958570713856708,0.10193775861243864,0.6137766316079253,0.5668237384833231,0.10696735220361586,0.3842072121094291,0.3004117367346367
73A,2021-08-31,CVR010,Cultivar,Fungicide,4,6,2,0.15587247589930286,0,0,0.12559486373375245,0.684930671844166,0.6108767115489664,0.10350773273145424,0.43983328531226235,0.35076815495083136
74A,2021-08-31,Genesis090,Cultivar,Fungicide,5,6,2,0.7373262633096415,7,0.00302078517176184,0.7114029468623657,0.71366585294167,0.6464783946441196,0.12955566117328995,0.45761398450470303,0.3802280739595915
75A,2021-08-31,CVR019,Cultivar,Fungicide,6,6,2,0.6638268213281813,16,0.00637279855389875,0.6206256830247662,0.7190939900737837,0.6245806537361062,0.1746118470606869,0.4510982594357773,0.39666756865212377
82A,2021-08-31,CVR017,Cultivar,Fungicide,4,7,2,0.20928626595757352,1,6.45891566330658e-4,0.19082874164302313,0.6670441064095695,0.6072822640844976,0.1022550142127085,0.4156902930387324,0.34779045976993844
83A,2021-08-31,CVR496,Cultivar,Fungicide,5,7,2,0.7681635686204749,0,0,0.6779214625378485,0.7653189801447783,0.680971627950735,0.17604236344607704,0.49499666245059615,0.4351827455286671
84A,2021-08-31,CVR009,Cultivar,Fungicide,6,7,2,0.6406441897631412,0,0,0.6741881984406312,0.7168501772002871,0.6434327139208287,0.174611873829098,0.39329553409484386,0.4505917716174199
67A,2021-08-31,CVR481,Cultivar,Fungicide,7,5,2,0.4623111588356148,0,0,0.3805571528152875,0.6813670065229095,0.6409212974965054,0.07847862311420943,0.3155637410969522,0.4660001601424327
68A,2021-08-31,CVR489,Cultivar,Fungicide,8,5,2,0.2418790784450709,0,0,0.15278874536821951,0.608562229757334,0.5677964270087825,0.13272808950291454,0.2927543399284587,0.3842689519030189
69A,2021-08-31,Howzat,Cultivar,Fungicide,9,5,2,0.5355654922678803,0,0,0.39631545705722576,0.6653766990883178,0.6053395373699377,0.1838549659045156,0.30375699847657256,0.4532216004244358
76A,2021-08-31,CVR484,Cultivar,Fungicide,7,6,2,0.35091594778205537,12,0.00562422580411187,0.3281342653869941,0.6733874025497851,0.6203224178817852,0.04614783240430093,0.3620166142212442,0.4117449011230374
77A,2021-08-31,CVR492,Cultivar,Fungicide,8,6,2,0.2710072484669258,1,0.00132491419689431,0.23260200201504405,0.6471299249124578,0.5828294738561385,0.15118444045065754,0.35604699398125167,0.37823051988322504
78A,2021-08-31,CVR011,Cultivar,Fungicide,9,6,2,0.04396054952581967,0,0,0.05423057320168285,0.6555729313966807,0.5264166371127306,0.17498323924255116,0.370163787534276,0.376862005207016
85A,2021-08-31,CVR495,Cultivar,Fungicide,7,7,2,0.5637595999806423,1,9.439984465876698e-4,0.5261937501235749,0.6766591538797254,0.6389778805307094,0.09304181432704464,0.3362270488063189,0.44069514738345217
86A,2021-08-31,CVR491,Cultivar,Fungicide,8,7,2,0.8040189746344137,0,0,0.7255107553981658,0.7339377245911926,0.6405898166747486,0.17603399590296043,0.3902644027874425,0.4816250822712858
87A,2021-08-31,CVR486,Cultivar,Fungicide,9,7,2,0.7071911608694736,0,0,0.6627919185649153,0.7046273586022654,0.6147212112292426,0.14564700684119464,0.3755262596851803,0.4475167503797106
7A,2021-08-31,CVR487,Cultivar,Infected,7,1,1,0.09480069981754706,29,0.01568030390125051,0.00876334624925744,0.5718060354566245,0.5978474648678944,0.15546727657253318,0.2588021638229756,0.367368812884988
8A,2021-08-31,WLD132,Wild cicer,Infected,8,1,1,0.02232806392055081,0,0,0.00581603248829642,0.6126829296394446,0.6154388884079381,0.24872520660762035,0.05887001997346019,0.5745356381329314
9A,2021-08-31,CVR492,Cultivar,Infected,9,1,1,0.31844568956915525,27,0.01357368950467377,0.25991377619994954,0.6667575163870667,0.6204178046179225,0.1730590725063436,0.309981762705959,0.4497264087036208
16A,2021-08-31,CVR490,Cultivar,Infected,7,2,1,0.06711668286932519,22,0.00732011320785662,0,NA,NA,NA,NA,NA
17A,2021-08-31,CVR011,Cultivar,Infected,8,2,1,0.05474532569038181,6,0.0029711086802671,0.04684264004087388,0.7019357512108337,0.6197634139190903,0.2183697103275349,0.30381395063347294,0.5060384937471422
18A,2021-08-31,CVR486,Cultivar,Infected,9,2,1,0.2545717265601207,20,0.00935716257597741,0.2016748562833597,0.709254368650064,0.6319622449759575,0.2567672567979042,0.2767080446568319,0.5381645568932132
25A,2021-08-31,CVR484,Cultivar,Infected,7,3,1,0.01361014903568362,23,0.00762814620267988,0,NA,NA,NA,NA,NA
26A,2021-08-31,CVR494,Cultivar,Infected,8,3,1,0.05771312650225149,23,0.007750705696092,0.05108677185665776,0.6123940812519576,0.6262562930259354,0.09974952244395932,0.24920967633435165,0.4285940910114941
27A,2021-08-31,WLD133,Wild cicer,Infected,9,3,1,0.02718055073906541,2,4.173453197828868e-4,0.01882351055333774,0.6889678400736842,0.6497326093740978,0.22992652657956983,0.14696749024428823,0.6030641362090577
91A,2021-08-31,CVR484,Cultivar,Infected,10,5,2,0.05230748930920315,28,0.01460382070920089,0.00275082617689695,0.5146594374224446,0.654014472550983,-0.09496002615553951,0.31377550609306,0.23957178625811892
92A,2021-08-31,WLD132,Wild cicer,Infected,11,5,2,0.0256668398339042,0,0,0,NA,NA,NA,NA,NA
93A,2021-08-31,CVR488,Cultivar,Infected,12,5,2,0.01646864468372328,0,0,7.466528194434596e-4,0.6575410503597965,0.6569678124261178,0.6125908082586842,0.5028901661736657,0.2310535888465771
100A,2021-08-31,CVR494,Cultivar,Infected,10,6,2,0.1770942390707862,34,0.01510394598418097,0.090895156388038,0.6935127718622232,0.6521219831591029,0.11238819935142792,0.3901571297996326,0.4158855068999532
101A,2021-08-31,WLD130,Wild cicer,Infected,11,6,2,0.2003530530227381,0,0,0.17188733853924695,0.7670351272232895,0.6765564909308033,0.30171509595885,0.3345904354631377,0.5817453378219741
102A,2021-08-31,CVR482,Cultivar,Infected,12,6,2,0.09838789655778687,19,0.00803224920052632,0.03752912855623704,0.6766022109532767,0.5997148779207273,0.23112965922484152,0.33595944142844575,0.44085359804409857
109A,2021-08-31,CVR016,Cultivar,Infected,10,7,2,0.4262172688278649,32,0.01126502558067574,0.352616618361377,0.7409720025575613,0.6646419377479234,0.204158741847187,0.3664251161222813,0.5141419554303094
110A,2021-08-31,CVR011,Cultivar,Infected,11,7,2,0.07023684845501854,1,2.9810379984491917e-4,0.06291532441731468,0.6968556136445995,0.6225440245248904,0.1795309753518096,0.3603506879745381,0.4493396947396162
111A,2021-08-31,WLD133,Wild cicer,Infected,12,7,2,0.05800460693913155,2,3.014163517927691e-4,0.04813945809569673,0.68361679153047,0.6202487989219825,0.29401193014164384,0.2582734243723406,0.5165444875570896
118A,2021-08-31,CVR477,Cultivar,Infected,10,8,2,0.12974854174392766,55,0.02607751352823005,0.02279255975143192,0.6285789483275284,0.6633538440888017,-0.01639802564862527,0.3876786909840383,0.31851911877614
119A,2021-08-31,CVR487,Cultivar,Infected,11,8,2,0.03845223172432493,2,0.00145077901355288,0.03277412902188659,0.6963251754478109,0.6457150436589626,0.1787650856981587,0.3418469020790762,0.4652169320213293
120A,2021-08-31,CVR010,Cultivar,Infected,12,8,2,0.2377287944972219,15,0.0058163449865725,0.1593514306759594,0.696990430863305,0.6534196796061242,0.1941672288643639,0.3519346122830666,0.4572062523293998
94A,2021-08-31,CVR481,Cultivar,Infected,13,5,2,0.12125586174210416,31,0.01723042879228353,0.04857173078063769,0.5619586603135467,0.6335125294410661,-0.09503166024583656,0.2964838091738704,0.31854878856255125
95A,2021-08-31,CVR489,Cultivar,Infected,14,5,2,0.0166309462906224,0,0,0,NA,NA,NA,NA,NA
96A,2021-08-31,CVR015,Cultivar,Infected,15,5,2,0.3269582432371297,2,5.697094841480676e-4,0.253272495858584,0.7073672026681628,0.672522325931648,0.2106288747325163,0.2846890826849459,0.5292604390276175
103A,2021-08-31,WLD129,Wild cicer,Infected,13,6,2,0.06048550293030386,0,0,0.03548565768197073,0.7334686785378134,0.6787958122524551,0.19215012734209372,0.2804578383652379,0.5703321860295221
104A,2021-08-31,CVR491,Cultivar,Infected,14,6,2,0.2597190060932072,36,0.01882033675377452,0.23224832436372875,0.6986058187684658,0.6417008149219305,0.15481281811863423,0.28217391195783087,0.5186780476845279
105A,2021-08-31,CVR495,Cultivar,Infected,15,6,2,0.02539192078548324,22,0.00783682416088012,0.00141471060526129,0.5914968620322624,0.5246753257366271,0.20026718886067343,0.08889760364786167,0.5304940428778565
112A,2021-08-31,CVR496,Cultivar,Infected,13,7,2,0.31063865104953825,59,0.02948585232766186,0.28655749259903723,0.6786768757213479,0.6512294591862541,0.14191461562067784,0.2410324234634041,0.5232372385777823
113A,2021-08-31,CVR486,Cultivar,Infected,14,7,2,0.20526184856201363,26,0.01121865465883597,0.1875670477475596,0.625997574554491,0.6121255001274604,0.1122833760383922,0.22112057067289745,0.469924378520101
114A,2021-08-31,CVR485,Cultivar,Infected,15,7,2,0.0624430590461688,16,0.00922137829848091,0.01678003967907143,0.5868755247492822,0.597254130914783,0.13659819350074648,0.26219138283446874,0.3837301168649124
97A,2021-08-31,CVR017,Cultivar,Infected,16,5,2,0.14358061338496314,18,0.00966521113716302,0.12759903709120596,0.5994024953971251,0.6052503312351751,0.06185742197306055,0.3040036229188959,0.3612206999350388
98A,2021-08-31,Genesis090,Cultivar,Infected,17,5,2,0.3627904633072259,31,0.01509070830341148,0.28034848494261266,0.6394380063411221,0.6255857064762399,0.09288057691917811,0.3412969337305976,0.3813707505091174
99A,2021-08-31,CVR009,Cultivar,Infected,18,5,2,0.5910858909381478,2,9.5061989506102e-4,0.5501652353793912,0.7133578549780805,0.6619954142389529,0.1869976723659484,0.36031815343604495,0.4751772621556524
106A,2021-08-31,CVR019,Cultivar,Infected,16,6,2,0.3670500524189049,21,0.00721081041165113,0.3584326508496734,0.6662191656132724,0.6337419337574626,0.12411208852094004,0.34819122823390297,0.41408360182773746
107A,2021-08-31,CVR490,Cultivar,Infected,17,6,2,0.35250252879643657,17,0.00638936899414489,0.31779901846522407,0.7219915035846982,0.6697127997725828,0.1787614966515717,0.38344677225669455,0.4681498119008584
108A,2021-08-31,WLD131,Wild cicer,Infected,18,6,2,0.00758511591426514,0,0,0,NA,NA,NA,NA,NA
115A,2021-08-31,CVR493,Cultivar,Infected,16,7,2,0.4749210000083691,53,0.02669360182004739,0.5012005294306254,0.6689592628274393,0.6529184500125284,0.12809547590147108,0.32262915403278064,0.44164943400549367
116A,2021-08-31,Howzat,Cultivar,Infected,17,7,2,0.01116900037681313,11,0.00376605070898184,0.00585533000510923,0.5036561856817239,0.545373262253779,0.03552198448824626,0.25144212832127544,0.2887860310106567
117A,2021-08-31,CVR492,Cultivar,Infected,18,7,2,0.19969059748437432,8,0.00203704304299522,0.19919911272415244,0.6681428930993287,0.6131885592049576,0.16738145736233084,0.3697959925923374,0.3962513137186538
121A,2021-09-03,CVR019,Cultivar,Infected,1,9,3,0.4567597814241264,24,0.01329215281824266,0.40028450625532,0.7214733074178894,0.6897494544608247,0.14251360242612138,0.38213874855201535,0.46850189246448526
122A,2021-09-03,CVR016,Cultivar,Infected,2,9,3,0.33337412512618275,37,0.02427234973771767,0.2513076200179434,0.7239105230136795,0.7094265009076445,0.1928522986455541,0.32816758716252364,0.5190506745518555
123A,2021-09-03,WLD131,Wild cicer,Infected,3,9,3,0.1309177757691397,9,0.00439538497818343,0.06448722508982722,0.6931581492907364,0.7076108482136267,0.2448986026920796,0.31998925369198117,0.47953021122865025
130A,2021-09-03,CVR485,Cultivar,Infected,1,10,3,0.2141023177214781,50,0.02128796361875312,0.2171580779076083,0.6991672415325921,0.6803956656653442,0.09967883692233195,0.3624847681250699,0.4509769273516023
131A,2021-09-03,CVR010,Cultivar,Infected,2,10,3,0.01855537962956915,2,2.384837791753468e-4,0.01850913041883523,0.7127405382756803,0.68014815120468,0.07896849573092757,0.42240823759528856,0.4153938901742816
132A,2021-09-03,CVR491,Cultivar,Infected,3,10,3,0.2802683768932513,9,0.00405421393685976,0.26113199922114677,0.7496431472662078,0.6899009862431665,0.2186682626019845,0.34747892448021045,0.5438217326082505
139A,2021-09-03,CVR011,Cultivar,Infected,1,11,3,0.3543706534146224,10,0.00477297840134238,0.3198031918226776,0.7589870022449866,0.6985635446582683,0.17451833732295605,0.38519765757113206,0.5282196495450445
140A,2021-09-03,WLD132,Wild cicer,Infected,2,11,3,0.01081127438609669,3,8.181296048572954e-4,7.073553026306459e-4,0.7170417791928494,0.6713513506585617,-0.16453715414868908,0.46177363591514,0.3816300451395091
141A,2021-09-03,CVR487,Cultivar,Infected,3,11,3,0.00658812032902767,2,7.717596687621302e-4,3.5367765131532296e-4,0.6269938735773197,0.5713134562456477,0.14904679879406726,0.34482760145578045,0.35999999719399683
148A,2021-09-03,CVR495,Cultivar,Infected,1,12,3,0.07881233539913751,29,0.01165588026006293,0.06224726663149683,0.6826518452008609,0.6572843140144513,0.11444719337963014,0.33744067568175673,0.44853269391458833
149A,2021-09-03,CVR493,Cultivar,Infected,2,12,3,0.6891028123944509,13,0.00713795574956422,0.6465620441212232,0.786337617126292,0.7205255766772501,0.2312415777401301,0.3878358809754806,0.5733589962628104
150A,2021-09-03,CVR492,Cultivar,Infected,3,12,3,0.3044281303773779,10,0.00441193948240554,0.2419155134996809,0.7185300818088176,0.6502379863421224,0.18718822078900307,0.3714216933945821,0.4734658451293596
124A,2021-09-03,Howzat,Cultivar,Infected,4,9,3,0.07795776775464826,39,0.01589558453792096,0.03332429425726598,0.6670787698333688,0.699791400839142,0.1346976215479066,0.34985308325549547,0.413797587237283
125A,2021-09-03,CVR496,Cultivar,Infected,5,9,3,0.3227880856231298,41,0.02662074264002274,0.2804663774930511,0.7880819072391306,0.7505123217657023,0.3533446295636982,0.3449773974316821,0.6085517432452199
126A,2021-09-03,CVR484,Cultivar,Infected,6,9,3,0.02542835584009324,25,0.00961882341679606,0.00121822302119722,0.6401787598489138,0.7513321355519298,0.68167332621323,0.12969920265080068,0.5567029813507178
133A,2021-09-03,CVR482,Cultivar,Infected,4,10,3,0.22571516330899496,30,0.01637919149329117,0.1263022190363831,0.7731491534059574,0.7352506684439509,0.20492802744325211,0.421194179296534,0.521914208259269
134A,2021-09-03,CVR015,Cultivar,Infected,5,10,3,0.7481706604726563,34,0.0156968472749042,0.6941906344983533,0.8371708071525993,0.7715115716304919,0.3056511767664273,0.4660689215908792,0.6085426137347583
135A,2021-09-03,CVR481,Cultivar,Infected,6,10,3,0.0838900571006958,44,0.01657127198575097,0.03572144278284762,0.732803229370905,0.6878960978699945,0.2633551811797355,0.4017103028122356,0.4692191209728034
142A,2021-09-03,WLD129,Wild cicer,Infected,4,11,3,0.12851968672026287,3,0.00159651392572135,0.10425631210439464,0.8214424481113752,0.7497763489323941,0.29257545965917364,0.42293187597265264,0.610663868937404
143A,2021-09-03,CVR477,Cultivar,Infected,5,11,3,0.17666695524854156,60,0.02097991764512742,0.13038916078491572,0.6882951523541776,0.6776325130160747,0.1325770612933546,0.3623778038129196,0.434222336819823
144A,2021-09-03,WLD133,Wild cicer,Infected,6,11,3,0.01293775666424439,11,0.00442519958860053,0.00385115664765573,0.6176120947339915,0.7012175196770795,0.21354157588649705,0.32089549533787987,0.37005800225629154
127A,2021-09-03,CVR489,Cultivar,Infected,7,9,3,0.05027043852873456,17,0.01022498584051831,0.0279012369370977,0.6867479990940104,0.7230990356348388,0.1967648102977299,0.35667883153359964,0.43714787155561463
128A,2021-09-03,CVR009,Cultivar,Infected,8,9,3,0.5064936309667863,31,0.01747224475595022,0.48225912632684925,0.795364069627246,0.7652283456759407,0.3306537890790203,0.39741662645734166,0.5818718398202097
129A,2021-09-03,CVR486,Cultivar,Infected,9,9,3,0.3051998910795717,35,0.02114555834458927,0.25071815726575114,0.7454229234253712,0.7220196306602428,0.3298154108600778,0.3478455101805687,0.5367532447642631
136A,2021-09-03,CVR488,Cultivar,Infected,7,10,3,0.03661391760536547,15,0.00408402234538052,0.03587863285009887,0.759546958688619,0.7320770367936389,0.2737787607966383,0.379269811189966,0.5341520566217367
137A,2021-09-03,CVR490,Cultivar,Infected,8,10,3,0.4194535977811708,45,0.0212349624589975,0.3877485983920324,0.7909681187887326,0.7454085506055981,0.2965871467835005,0.4230614947087837,0.552933861906565
138A,2021-09-03,CVR494,Cultivar,Infected,9,10,3,0.05775949838993696,21,0.00783682473589038,0.02664371639908766,0.7119382131580226,0.6668001476977421,0.38367338353976366,0.2951865813183545,0.5276369725848871
145A,2021-09-03,CVR017,Cultivar,Infected,7,11,3,0.4391351518259584,27,0.00995999006339899,0.42445247909520034,0.8020489665045131,0.7510960719476916,0.3130492483293988,0.4270950757441406,0.570316457016686
146A,2021-09-03,Genesis090,Cultivar,Infected,8,11,3,0.18267873925919276,54,0.02471286357609715,0.16206295933604353,0.7624493575819004,0.7299655081146065,0.25255456865032555,0.4109822051653217,0.5118601158566869
147A,2021-09-03,WLD130,Wild cicer,Infected,9,11,3,0.10541654981982646,1,1.3911539409942425e-4,0.07230743093557714,0.8023261694936299,0.7239567458434505,0.3702151574048927,0.44540745106932406,0.5553962704669546
151A,2021-09-03,WLD130,Wild cicer,Fungicide,10,9,3,0.3801898580223503,0,0,0.2827849309850071,0.7196996374193811,0.7004872803755522,0.11229283516113556,0.4413716507036636,0.4078992205428098
152A,2021-09-03,CVR482,Cultivar,Fungicide,11,9,3,0.4995610337578095,0,0,0.4745568130315378,0.717173373781372,0.729940458250793,0.07163744335037062,0.4398265678504113,0.4051412961935646
153A,2021-09-03,CVR491,Cultivar,Fungicide,12,9,3,0.5343068267449892,0,0,0.4766788789394298,0.7182610160279598,0.7314501938257599,0.1471555476048388,0.4351790267765675,0.4117988251206116
160A,2021-09-03,Howzat,Cultivar,Fungicide,10,10,3,0.7644637544387132,0,0,0.775654386851316,0.7941041503378792,0.7663534560079281,0.12982432530374785,0.47110746932118674,0.5160584984434219
161A,2021-09-03,CVR009,Cultivar,Fungicide,11,10,3,0.7677064742990038,0,0,0.7883474847818549,0.818108284578391,0.7797453201027812,0.2028564254699394,0.475706845742125,0.5605600293585613
162A,2021-09-03,CVR484,Cultivar,Fungicide,12,10,3,0.6005689419698251,0,0,0.5501259378625785,0.7982063337603263,0.7665760120387286,0.1896746884823163,0.4501038934054832,0.5432952723029519
169A,2021-09-03,CVR019,Cultivar,Fungicide,10,11,3,0.8771838765690002,0,0,0.8767668976106856,0.8158765113474065,0.7650795844349998,0.1681000711649946,0.5145142877575348,0.5193931388532625
170A,2021-09-03,CVR495,Cultivar,Fungicide,11,11,3,0.8357042230343529,0,0,0.8368406205288669,0.8185965937497399,0.7694048134462647,0.1919293947477998,0.4854576525951299,0.55283042411393
171A,2021-09-03,CVR010,Cultivar,Fungicide,12,11,3,0.26829449303732616,0,0,0.24073658799529649,0.752932794882545,0.6889657012478808,0.2353145803295632,0.42648439086611,0.4808590022411025
178A,2021-09-03,CVR016,Cultivar,Fungicide,10,12,3,0.9307566559564782,0,0,0.9236095376515596,0.8087671707191184,0.7756035260777164,0.1880305479395309,0.4896910711915002,0.5283119780229423
179A,2021-09-03,CVR494,Cultivar,Fungicide,11,12,3,0.8280230510670249,1,2.6829341986042726e-4,0.7930631867993925,0.7942850653441778,0.7599844017583771,0.14741651174366557,0.4895889032184977,0.49858088236897086
180A,2021-09-03,WLD129,Wild cicer,Fungicide,12,12,3,0.3016126943393319,0,0,0.2338988200698669,0.7651508742513845,0.6904691989053925,0.230271758315757,0.4351470961329032,0.49472356172846504
154A,2021-09-03,CVR493,Cultivar,Fungicide,13,9,3,0.7864904010893085,1,5.564604263771823e-4,0.8226542169594412,0.7738768580808648,0.7643671845440927,0.16844045900584506,0.4692939974430015,0.4782840280610385
155A,2021-09-03,WLD132,Wild cicer,Fungicide,14,9,3,0.4466076502987017,0,0,0.3947042588679004,0.8107728089492159,0.7513938159138995,0.3420339532033346,0.3886723631520048,0.6163174823294213
156A,2021-09-03,CVR489,Cultivar,Fungicide,15,9,3,0.45774684017628847,0,0,0.4199725621785396,0.7518051952592505,0.711755063304757,0.24569577450285737,0.4191164021637723,0.4857436479848013
163A,2021-09-03,WLD131,Wild cicer,Fungicide,13,10,3,0.00244777321425412,0,0,0,NA,NA,NA,NA,NA
164A,2021-09-03,CVR485,Cultivar,Fungicide,14,10,3,0.7438315766963736,10,0.00615420088840215,0.8097253339280255,0.7686532077894713,0.7460154574535374,0.18978836472570845,0.45315452680963847,0.4841303128002626
165A,2021-09-03,CVR488,Cultivar,Fungicide,15,10,3,0.0082806942295471,0,0,0.01882351055333774,0.6507371835506509,0.6223771278697358,-0.07078732071802211,0.5307538326742856,0.1832873739902095
172A,2021-09-03,CVR481,Cultivar,Fungicide,13,11,3,0.6111715428613372,0,0,0.6611414228587771,0.7432460928055529,0.7501062625759025,0.15214796691628812,0.37394590672343697,0.5114492321048468
173A,2021-09-03,CVR490,Cultivar,Fungicide,14,11,3,0.5947691437314503,8,0.00310027951838715,0.5464319712821739,0.7531218360290285,0.7255494301526065,0.1521550896954245,0.4475607403919399,0.4609235759160429
174A,2021-09-03,CVR486,Cultivar,Fungicide,15,11,3,0.7446993934516302,3,7.419472351695765e-4,0.7158042687454008,0.7539902165170593,0.7282501960107596,0.17234920848096055,0.4335203906836185,0.47608914959324816
157A,2021-09-03,CVR492,Cultivar,Fungicide,16,9,3,0.6397730607301929,0,0,0.6572116711774957,0.7108476898416792,0.6872052408719854,0.10268945329371028,0.45358146784636094,0.37968801966378785
158A,2021-09-03,CVR487,Cultivar,Fungicide,17,9,3,0.1775712070584081,0,0,0.1829299407636476,0.6809185875617658,0.6830743525314806,0.11887849626591446,0.4200037090259045,0.36542102930035497
159A,2021-09-03,CVR477,Cultivar,Fungicide,18,9,3,0.6850552090550482,1,2.9810379984491917e-4,0.7064514597439512,0.785064435572709,0.7438442712075151,0.18751006476205048,0.5027343332786864,0.46641373796550983
166A,2021-09-03,CVR017,Cultivar,Fungicide,16,10,3,0.47871355796550175,2,0.00172900737848149,0.5194738747485838,0.7458885388519162,0.7106220215263221,0.1130663010428119,0.4911663710810045,0.4019953053309509
167A,2021-09-03,CVR015,Cultivar,Fungicide,17,10,3,0.8911517515954003,3,0.00206023135842394,0.9124097453599076,0.8208881468095277,0.7769103580139695,0.2183135541667226,0.532038753367084,0.5128210804864803
168A,2021-09-03,Genesis090,Cultivar,Fungicide,18,10,3,0.8104282319680832,0,0,0.8284702494477376,0.7728543046060486,0.7240064627724035,0.17992003032999063,0.5050681369876284,0.4392414811345611
175A,2021-09-03,CVR011,Cultivar,Fungicide,16,11,3,0.00440201705242724,0,0,0.00200417335745349,0.4447734537479726,0.6909159629366405,-0.3108093345653059,0.4895310409653578,-0.05721504183841883
176A,2021-09-03,CVR496,Cultivar,Fungicide,17,11,3,0.8680949865826493,4,0.00362362962199823,0.8689466917649357,0.8024026089939604,0.7638156456670931,0.1831600303982669,0.5320426207239998,0.4717603070115776
177A,2021-09-03,WLD133,Wild cicer,Fungicide,18,11,3,0.5666677797940592,0,0,0.4983711082201028,0.7849286770317051,0.7149073048851364,0.23540050592615744,0.475565073351051,0.49362698795591425
1A,2021-09-03,CVR482,Cultivar,Infected,1,1,1,0.10493626955451273,13,0.0071346344492333,0.02919805499192055,0.6544311067046809,0.6807811825655756,0.07060892547122868,0.4276742479034371,0.314889057117539
2A,2021-09-03,CVR016,Cultivar,Infected,2,1,1,0.5015947722605862,15,0.01150684651404847,0.4050002082728576,0.7602660860332224,0.7403523721898778,0.22131262273423716,0.40171174497219514,0.5162084304332617
3A,2021-09-03,CVR496,Cultivar,Infected,3,1,1,0.32914765879142194,27,0.01888990149471261,0.2685985274155814,0.7155107057547778,0.7234949008428336,0.2365764836955618,0.3456743142710285,0.4913683235229708
10A,2021-09-03,CVR485,Cultivar,Infected,1,2,1,0.2696757128348146,38,0.01839303365275088,0.22713964717806295,0.7342571144995697,0.710457903150761,0.1404459744253921,0.3955830072686963,0.4773147873075636
11A,2021-09-03,CVR481,Cultivar,Infected,2,2,1,0.18976038896430145,39,0.01994982356990995,0.12555556621693964,0.7418597657947955,0.727840171135137,0.159742948336453,0.4029336666440142,0.4834344616442386
12A,2021-09-03,CVR009,Cultivar,Infected,3,2,1,0.6214263545952083,50,0.02605764868994407,0.5212422630051604,0.8077867948829018,0.7445867221005807,0.28545895580378916,0.4420538977580216,0.5688669085147451
19A,2021-09-03,CVR495,Cultivar,Infected,1,3,1,0.1028031627209814,24,0.00866158034823092,0.03815788882524206,0.6579533096201029,0.6710877704621399,0.06703914856490478,0.3547697289455087,0.3955025424308634
20A,2021-09-03,CVR488,Cultivar,Infected,2,3,1,0.0575044530076669,13,0.00482265998579785,0.05941784542097425,0.7409737792950657,0.6999743188089793,0.19026125926398033,0.35538466341474245,0.5234222803353833
21A,2021-09-03,WLD130,Wild cicer,Infected,3,3,1,0.10608894219126568,3,6.823271323551725e-4,0.05521301112200319,0.8024310124429027,0.7039209788251656,0.37441175026697776,0.4394514591495467,0.5606983044152063
28A,2021-09-03,CVR491,Cultivar,Infected,1,4,1,0.44180815992325617,32,0.01772065678543095,0.34534657775100647,0.7581616442114416,0.6970335171882472,0.19171377718203497,0.4071917563051886,0.5077080948942776
29A,2021-09-03,CVR015,Cultivar,Infected,2,4,1,0.5524216734415464,45,0.01845264903226674,0.5023008599013842,0.8029403182055973,0.7288172708923574,0.2429972147207234,0.4464156180398261,0.5557197042327788
30A,2021-09-03,WLD129,Wild cicer,Infected,3,4,1,0.2576422079804368,6,0.00211985252911505,0.1613949015502257,0.8349368270589421,0.7406175431886346,0.32528034451539306,0.47332023795715544,0.5979036101641017
31A,2021-09-03,CVR011,Cultivar,Fungicide,10,1,1,0.2620342881997886,0,0,NA,NA,NA,NA,NA,NA
32A,2021-09-03,WLD131,Wild cicer,Fungicide,11,1,1,0.0990768503176852,0,0,NA,NA,NA,NA,NA,NA
33A,2021-09-03,CVR019,Cultivar,Fungicide,12,1,1,0.5996845638261095,0,0,NA,NA,NA,NA,NA,NA
40A,2021-09-03,CVR487,Cultivar,Fungicide,10,2,1,0.262921978621196,2,0.00122222783833303,NA,NA,NA,NA,NA,NA
41A,2021-09-03,CVR490,Cultivar,Fungicide,11,2,1,0.47519923133448194,0,0,NA,NA,NA,NA,NA,NA
42A,2021-09-03,Howzat,Cultivar,Fungicide,12,2,1,0.7238055457716369,1,0.00129510361154901,NA,NA,NA,NA,NA,NA
49A,2021-09-03,CVR489,Cultivar,Fungicide,10,3,1,0.361747095834303,0,0,NA,NA,NA,NA,NA,NA
50A,2021-09-03,CVR016,Cultivar,Fungicide,11,3,1,0.8550777352538013,0,0,NA,NA,NA,NA,NA,NA
51A,2021-09-03,WLD129,Wild cicer,Fungicide,12,3,1,0.5176460699551404,0,0,NA,NA,NA,NA,NA,NA
58A,2021-09-03,CVR477,Cultivar,Fungicide,10,4,1,0.8272844131417494,3,0.00130171992598947,NA,NA,NA,NA,NA,NA
59A,2021-09-03,CVR492,Cultivar,Fungicide,11,4,1,0.640942294755405,2,0.00177206969130088,NA,NA,NA,NA,NA,NA
60A,2021-09-03,CVR495,Cultivar,Fungicide,12,4,1,0.7341067293931935,0,0,NA,NA,NA,NA,NA,NA
34A,2021-09-03,Genesis090,Cultivar,Fungicide,13,1,1,0.8471083951272851,1,0.00113280203777325,0.875194996938173,0.7089100155841485,0.6534898350321475,0.04080174688699536,0.459099997605897,0.370341618240376
35A,2021-09-03,CVR491,Cultivar,Fungicide,14,1,1,0.4466672712971544,0,0,0.4466948736112529,0.6802987865042559,0.6471512081279669,-0.00265770863367094,0.45828958767919104,0.3225817544756612
36A,2021-09-03,CVR494,Cultivar,Fungicide,15,1,1,0.64351924679964,1,7.154515839574798e-4,0.6173639891293026,0.719739884631772,0.6695141474770744,0.06398598707288217,0.46073658845688953,0.3875035376763821
43A,2021-09-03,CVR481,Cultivar,Fungicide,13,2,1,0.7725556488398266,0,0,0.778405213028213,0.7827794676364148,0.7166302583512402,0.06486976271122877,0.5088213592743335,0.4553029618001799
44A,2021-09-03,CVR017,Cultivar,Fungicide,14,2,1,0.7968346443208587,1,3.643490886993456e-4,0.8075246729865079,0.7806092314412385,0.7077891473501844,0.095827476461112407,0.5168330459504156,0.4421654823283085
45A,2021-09-03,CVR010,Cultivar,Fungicide,15,2,1,0.00260013798807779,0,0,0,NA,NA,NA,NA,NA
52A,2021-09-03,CVR496,Cultivar,Fungicide,13,3,1,0.8739245953202505,0,0,0.875627269623114,0.7805344519709547,0.7292682783863973,0.06470160859044921,0.540825160363222,0.4148171720878074
53A,2021-09-03,CVR015,Cultivar,Fungicide,14,3,1,0.8156053220003961,1,6.492038307733794e-4,0.814048060777435,0.7702845165834307,0.7014996113023266,0.1012732189419096,0.4957931397735152,0.4440902230133756
54A,2021-09-03,CVR009,Cultivar,Fungicide,15,3,1,0.813303289004582,2,0.00115929255495246,0.8065029375493747,0.7680514309959332,0.6907156497414705,0.11294042974715536,0.46068855414026066,0.47567059377331417
37A,2021-09-03,WLD133,Wild cicer,Fungicide,16,1,1,0.6623495454776301,0,0,0.6173639891293026,0.793570201656711,0.6975213622199978,0.16375049347885412,0.4666105033373008,0.5192211639754453
38A,2021-09-03,CVR488,Cultivar,Fungicide,17,1,1,0.07666266717714709,0,0,0.04020135969950837,0.7635869651084899,0.6322508297496552,0.17170571033425266,0.4649000085757957,0.4630745124251698
39A,2021-09-03,CVR493,Cultivar,Fungicide,18,1,1,0.8002065430111303,2,9.10872721748364e-4,0.7738859985947394,0.7725588589185173,0.7127435164205279,0.12025403314907454,0.48106886660319265,0.4639004610656703
46A,2021-09-03,CVR482,Cultivar,Fungicide,16,2,1,0.4484426521399693,3,0.00246433912066656,0.4872892084788894,0.7878991695502894,0.7112296222368197,0.08452380888389735,0.4990652717932203,0.4760055038087361
47A,2021-09-03,CVR485,Cultivar,Fungicide,17,2,1,0.8126540825769855,1,3.279141798294111e-4,0.81467682104644,0.8249009655302197,0.7345173097460512,0.1618259472760472,0.5367163533619923,0.5171436926343769
48A,2021-09-03,WLD132,Wild cicer,Fungicide,18,2,1,0.4846027877015556,0,0,0.4232342560740031,0.8270369459252498,0.6917191588391204,0.2794679072033003,0.4526775767721932,0.5983824298370402
55A,2021-09-03,CVR486,Cultivar,Fungicide,16,3,1,0.7148392100598833,2,0.0010566123572281,0.7341562090969849,0.7703792027590897,0.7078842324585172,0.07064137615235709,0.4664049197946006,0.47444730304946553
56A,2021-09-03,WLD130,Wild cicer,Fungicide,17,3,1,0.47473220017993545,0,0,0.3682570300528768,0.8028061866714289,0.6927967499619488,0.1721277992578844,0.47426388376725087,0.5305418618653643
57A,2021-09-03,CVR484,Cultivar,Fungicide,18,3,1,0.7708233276070053,0,0,0.723781664658402,0.816322606354018,0.7087117024831958,0.1795456780454419,0.4857302867536571,0.547803197030529
4A,2021-09-03,CVR493,Cultivar,Infected,4,1,1,0.4848810190276684,30,0.01957554651840933,0.4200118596953524,0.7696655818123744,0.7008396558454534,0.1999120202570052,0.42490476341874056,0.5123009355672351
5A,2021-09-03,CVR489,Cultivar,Infected,5,1,1,0.06137650562940313,10,0.00686965432060689,0.02401078277262914,0.7168995941706663,0.6800428664864291,0.22781693808552164,0.3704535944674677,0.4717260847006752
6A,2021-09-03,CVR010,Cultivar,Infected,6,1,1,0.23566193321752693,4,0.00129509572568132,0.15439994355754488,0.7553329917478351,0.698787867837082,0.24592525718050132,0.4123523578953974,0.4981298075310497
13A,2021-09-03,CVR017,Cultivar,Infected,4,2,1,0.0651326285319257,36,0.01740929998487544,0.02373570015493945,0.6957407588812039,0.6640082379500256,0.09160194264183134,0.3491280004049789,0.45781790994957905
14A,2021-09-03,CVR019,Cultivar,Infected,5,2,1,0.185673038292597,47,0.01869114546169321,0.14917337382144066,0.7679000679514891,0.7000780357943346,0.2391073030557812,0.4067846005584008,0.5251594995072655
15A,2021-09-03,WLD131,Wild cicer,Infected,6,2,1,0.04077745066398176,5,0.00205029415437417,0.00789880087937554,0.7734758079555496,0.6743442727111255,0.22859251087120044,0.4073041777897762,0.5345882849731556
22A,2021-09-03,Howzat,Cultivar,Infected,4,3,1,0.03401046733959587,35,0.01533912583656182,0.00184698329020224,0.5861674150318433,0.734115299782591,-0.03444682026435616,0.3926173807226907,0.25140923338605803
23A,2021-09-03,Genesis090,Cultivar,Infected,5,3,1,0.19585166763955628,65,0.02525274924966349,0.08468614873161344,0.7030888413307513,0.6581880879802277,0.13052624319662665,0.3970073908162272,0.42460093103199525
24A,2021-09-03,CVR477,Cultivar,Infected,6,3,1,0.0836780713284194,38,0.01987363163038269,0.02636863378139796,0.6790187035871691,0.67943104315946945,0.13145381086334176,0.3630424705604357,0.4193517298971747
61A,2021-09-03,CVR487,Cultivar,Fungicide,1,5,2,0.35453295502152155,0,0,0.2761829481604544,0.7220092159573696,0.6779674356895806,0.15641861464997095,0.4507979018777616,0.40208060614111407
62A,2021-09-03,WLD132,Wild cicer,Fungicide,2,5,2,0.4843543668746692,0,0,0.37702037630213425,0.8216451806298903,0.7484502774912103,0.3503463612227916,0.4193732969654488,0.6137582897962034
63A,2021-09-03,CVR482,Cultivar,Fungicide,3,5,2,0.4566471639826046,0,0,0.3097430275185973,0.7004257915656198,0.7121786683287603,0.15400398766232357,0.4137341566936601,0.4036716813679819
70A,2021-09-03,WLD133,Wild cicer,Fungicide,1,6,2,0.4560012698326999,0,0,0.35245942829412574,0.8066530413383775,0.7382443949234841,0.22894281620278048,0.4621854199600642,0.5492353390485525
71A,2021-09-03,WLD130,Wild cicer,Fungicide,2,6,2,0.3050905859157417,0,0,0.219751714017254,0.824845613128382,0.7440409420670767,0.32063482871289656,0.4750037748776157,0.575213067621452
72A,2021-09-03,WLD129,Wild cicer,Fungicide,3,6,2,0.34590778391202526,0,0,0.2677732795625123,0.8387928401311586,0.7397328241673835,0.35438583916425875,0.45516675710159527,0.620543934677701
79A,2021-09-03,CVR490,Cultivar,Fungicide,1,7,2,0.8327331099447913,1,9.042508625534014e-4,0.8157771515171988,0.8256187918850487,0.7678172345429097,0.22271142308734723,0.4909897709179395,0.5627520233643972
80A,2021-09-03,CVR494,Cultivar,Fungicide,2,7,2,0.8720829689235992,2,7.286981773986911e-4,0.8509877265814798,0.8585345036804246,0.7973960878990098,0.26435059336090483,0.552664733958278,0.5820345262775632
81A,2021-09-03,WLD131,Wild cicer,Fungicide,3,7,2,0.5209285371477329,0,0,0.4160035129804454,0.8567767651426315,0.7492064183119855,0.3920431167107926,0.4681567579712707,0.6488959625482661
88A,2021-09-03,CVR493,Cultivar,Fungicide,1,8,2,0.8997106771510601,2,0.00230535145421996,0.907497555758306,0.8315327521314352,0.7799005881509972,0.2312222597185927,0.5198583561582797,0.5489924329200465
89A,2021-09-03,CVR477,Cultivar,Fungicide,2,8,2,0.6880760063099871,1,7.320131115318927e-4,0.7003996421547779,0.8376162477702926,0.7720322901666564,0.25363906958000987,0.5007907229589397,0.5802039235638525
90A,2021-09-03,CVR488,Cultivar,Fungicide,3,8,2,0.1633317252612789,6,0.00208010207002899,0.12013250889677136,0.7585315803217803,0.6819635856884748,0.21771201121689837,0.4522798019098799,0.4661852634881703
64A,2021-09-03,CVR015,Cultivar,Fungicide,4,5,2,0.8116603992694399,0,0,0.8442285536896759,0.8364817609950738,0.7286350698048367,0.2208551221469258,0.5349976044612442,0.5456882257794342
65A,2021-09-03,CVR016,Cultivar,Fungicide,5,5,2,0.734590321936199,7,0.00353088227467455,0.6644031167542406,0.83487117796052,0.7396611422531222,0.26688426676869165,0.4765747728414896,0.5950566955415704
66A,2021-09-03,CVR485,Cultivar,Fungicide,6,5,2,0.15507752925326634,20,0.00982751180735123,0.10492436989021248,0.7308044241752836,0.6442019037639518,0.16627354668400085,0.4164033280386022,0.4519266087441792
73A,2021-09-03,CVR010,Cultivar,Fungicide,4,6,2,0.2412828684605435,0,0,0.19640898903044268,0.7802084439786319,0.6701614930807702,0.13675055028163818,0.49867155250805767,0.46083161308542375
74A,2021-09-03,Genesis090,Cultivar,Fungicide,5,6,2,0.7730392413828322,14,0.00635955224796267,0.8074853754696951,0.8120373695703813,0.720561623863292,0.19079099870686436,0.5117335605706756,0.5138200900771956
75A,2021-09-03,CVR019,Cultivar,Fungicide,6,6,2,0.6698717281157507,29,0.0165083633171431,0.6435754328434493,0.803667644386903,0.6937959908183062,0.20862012121737575,0.5020158177440047,0.5056638729460775
82A,2021-09-03,CVR017,Cultivar,Fungicide,4,7,2,0.2239629684100228,13,0.00800245430477208,0.21527179710059324,0.750820763558889,0.6618715082806801,0.1276273691273116,0.4662328760708936,0.4378661349688217
83A,2021-09-03,CVR496,Cultivar,Fungicide,5,7,2,0.8046449951181676,4,0.0016528222158868,0.8031233511034728,0.8390494765281339,0.7460044484504796,0.21302159919180247,0.551702179888986,0.5350031635769653
84A,2021-09-03,CVR009,Cultivar,Fungicide,6,7,2,0.7085193842238929,6,0.0042397145048389,0.6281708062528264,0.8162225859815134,0.7133260726929282,0.2100995737189325,0.5007506507741967,0.5335442846698029
67A,2021-09-03,CVR481,Cultivar,Fungicide,7,5,2,0.49608976673678334,4,0.00209998284432626,0.5443492028910948,0.7679834369392986,0.7563769520720361,0.16781696215319125,0.4134255564669067,0.5195017552702842
68A,2021-09-03,CVR489,Cultivar,Fungicide,8,5,2,0.2747998064240584,0,0,0.26388282539804375,0.7600789060985793,0.7189501607572713,0.25904455243632224,0.43145557765937687,0.4889793575924963
69A,2021-09-03,Howzat,Cultivar,Fungicide,9,5,2,0.603642735667833,7,0.00484917321592042,0.5868691160825592,0.7824466291503412,0.7417345936126197,0.27346434055744306,0.43828461146606057,0.5237863222964237
76A,2021-09-03,CVR484,Cultivar,Fungicide,7,6,2,0.4043131764518669,9,0.00363687231357139,0.4930266459335602,0.7588944470750045,0.7367182180690299,0.18200483691342795,0.4018209839844511,0.5137302044260393
77A,2021-09-03,CVR492,Cultivar,Fungicide,8,6,2,0.31345739936527606,3,0.00145077490632403,0.30762096161070535,0.7659871920115316,0.7259272177638753,0.253748611205641,0.458932377331027,0.47351120130212526
78A,2021-09-03,CVR011,Cultivar,Fungicide,9,6,2,0.01762794187585987,0,0,0.01599408934281516,0.7559760256925332,0.6584798708811124,0.18607739382666408,0.4762136120402431,0.43713291986714065
85A,2021-09-03,CVR495,Cultivar,Fungicide,7,7,2,0.5595165722574224,5,0.00266969089093595,0.5471393265848046,0.7521415418404372,0.7486845485665675,0.2031545199044927,0.3768994488309701,0.5237020604533545
86A,2021-09-03,CVR491,Cultivar,Fungicide,8,7,2,0.8653987925415088,2,5.564604263771823e-4,0.8703221048533841,0.8206217760895734,0.7626036895065587,0.2812305479222537,0.4865057999356937,0.5561529541699605
87A,2021-09-03,CVR486,Cultivar,Fungicide,9,7,2,0.7237393002178005,1,3.974717331265588e-4,0.7010676999405957,0.7910874559339579,0.7275297613623953,0.24887172309725344,0.47657027331345314,0.5048500925788839
7A,2021-09-03,CVR487,Cultivar,Infected,7,1,1,0.06030001537956201,18,0.00969502739047879,0.03183098861837907,0.6119788807427597,0.6531612075020962,0.07004950585482755,0.3670263179849502,0.3159098090186758
8A,2021-09-03,WLD132,Wild cicer,Infected,8,1,1,0.015541206930014,2,5.167132530645265e-4,7.073553026306459e-4,0.6731729075652021,0.6464087831645092,0.6800364240067374,0.31428562867398213,0.4551914921768152
9A,2021-09-03,CVR492,Cultivar,Infected,9,1,1,0.3315324987295315,22,0.01575981225349554,0.271427948626104,0.7300781014033211,0.6564218224212787,0.20019282853548412,0.4605377143403405,0.4060740587803761
16A,2021-09-03,CVR490,Cultivar,Infected,7,2,1,0.0455670042063518,32,0.01348094441633169,0.01371483336767196,0.6816107934845897,0.657948449921196,0.16832849299681657,0.36818286502870173,0.4184380629890118
17A,2021-09-03,CVR011,Cultivar,Infected,8,2,1,0.05024725258489183,16,0.0079494561022248,0.03485689741296571,0.7606483097916543,0.6646791150646653,0.30817302455490975,0.427264818177044,0.49390019719602113
18A,2021-09-03,CVR486,Cultivar,Infected,9,2,1,0.25893730855793795,35,0.01608107364675438,0.19000349378995404,0.76435325915529,0.6598743738037164,0.2975352892817822,0.4379903670838171,0.4906084909034457
25A,2021-09-03,CVR484,Cultivar,Infected,7,3,1,0.00630657672522307,15,0.00626681385438288,5.501652353793912e-4,0.3322683423710409,0.6672287851385782,-0.2523532462882475,0.2164948628363828,0.1247470848916276
26A,2021-09-03,CVR494,Cultivar,Infected,8,3,1,0.02724017173751815,36,0.01302384650169915,0.01206433766153379,0.6206350744555815,0.6428465828962462,-0.01480013051578186,0.44676879921580104,0.2405722386719509
27A,2021-09-03,WLD133,Wild cicer,Infected,9,3,1,0.0230832632342855,9,0.00303734649397545,0.00679847040861676,0.732500607852991,0.6332323047167175,0.3074428821752908,0.40820160365886266,0.4626286298307109
91A,2021-09-03,CVR484,Cultivar,Infected,10,5,2,0.0303437759347524,15,0.00660135387739416,0.00188628080701505,0.41274818623863646,0.7621359272037296,-0.3942652114963799,0.5673595193472742,-0.2018890199013485
92A,2021-09-03,WLD132,Wild cicer,Infected,11,5,2,0.01077152705379487,0,0,0,NA,NA,NA,NA,NA
93A,2021-09-03,CVR488,Cultivar,Infected,12,5,2,0.01132798970602043,0,0,0,NA,NA,NA,NA,NA
100A,2021-09-03,CVR494,Cultivar,Infected,10,6,2,0.19454994250667149,45,0.01928404872388018,0.13070354091941824,0.7624351949758083,0.7371782540203022,0.16039336298669774,0.4718217396159041,0.45389451951194737
101A,2021-09-03,WLD130,Wild cicer,Infected,11,6,2,0.2582582916311151,4,0.00119241519937967,0.16025527356265412,0.825606308521979,0.7566556510657548,0.3709370834174295,0.44724045605443474,0.599861400540469
102A,2021-09-03,CVR482,Cultivar,Infected,12,6,2,0.08003787814511049,17,0.00567391223508236,0.03257764143782252,0.7367561255510134,0.7034265815017741,0.3029257309668974,0.4068783396564404,0.4710992635128103
109A,2021-09-03,CVR016,Cultivar,Infected,10,7,2,0.4631193545924186,55,0.02412989106963014,0.38613740020270704,0.8124524119848101,0.7550170673729059,0.3009777734228065,0.43098283397289816,0.5870144868637133
110A,2021-09-03,CVR011,Cultivar,Infected,11,7,2,0.08245915313783006,1,1.1924201280441175e-4,0.06197218401380714,0.7555034657275029,0.6873736248270464,0.26283419352000087,0.42104158449598744,0.4904840663346175
111A,2021-09-03,WLD133,Wild cicer,Infected,12,7,2,0.04445739117959249,15,0.00351431610593319,0.0115141724261544,0.7870956391578109,0.694504425659107,0.4735550927928515,0.4259687568075952,0.5432751801968916
118A,2021-09-03,CVR477,Cultivar,Infected,10,8,2,0.140602875740018,64,0.03028739945809158,0.0808349920839577,0.7130436331447885,0.7177982725308456,0.1562113935325966,0.360648159735152,0.47438811172002177
119A,2021-09-03,CVR487,Cultivar,Infected,11,8,2,0.04117823626469184,6,0.00335864518080762,0.02463954304163416,0.7538293698104516,0.7120700759939812,0.23593696320444515,0.3721720190170592,0.5304879812040685
120A,2021-09-03,CVR010,Cultivar,Infected,12,8,2,0.2735179549573245,10,0.00475973468296519,0.1800219245194994,0.7793004978545778,0.7154447979836965,0.2484686836533365,0.4840400976993059,0.47409508028901065
94A,2021-09-03,CVR481,Cultivar,Infected,13,5,2,0.09849388944392508,22,0.01032434202714962,0.04153747527114404,0.6188705432136943,0.6849076953594446,0.00491860875667971,0.3820190179905553,0.31018573510097386
95A,2021-09-03,CVR489,Cultivar,Infected,14,5,2,0.00570042990762022,0,0,0,NA,NA,NA,NA,NA
96A,2021-09-03,CVR015,Cultivar,Infected,15,5,2,0.4039918855157605,8,0.0055414317611379,0.3753698805959961,0.7626980581928274,0.7382325734784035,0.2592132251089027,0.40192731669901033,0.5202542605183501
103A,2021-09-03,WLD129,Wild cicer,Infected,13,6,2,0.08125017178031618,4,0.00140440402556915,0.05261937501235749,0.8040825363162917,0.7416551358453812,0.25305992263397226,0.46420114756032954,0.5422970276989264
104A,2021-09-03,CVR491,Cultivar,Infected,14,6,2,0.26374011121107527,48,0.0192707837711447,0.264040015465295,0.7551066273992679,0.7112252143228375,0.2319076210451753,0.38540689329633937,0.5214554071751575
105A,2021-09-03,CVR495,Cultivar,Infected,15,6,2,0.0143984711263365,15,0.00564741650172594,0.00106103295394596,0.608265413007446,0.5930664418705588,0.30514881361857743,0.23954798376039405,0.4316062357673407
112A,2021-09-03,CVR496,Cultivar,Infected,13,7,2,0.30436188482354154,85,0.04351333212368068,0.2781478240010951,0.7107104575916235,0.70919865093333,0.17817513439601884,0.34401077608172287,0.48536839945046983
113A,2021-09-03,CVR486,Cultivar,Infected,14,7,2,0.1836691102890466,40,0.01834664897173709,0.15915494309189532,0.6879987269948408,0.6838986182978454,0.15928340790292922,0.37440980581559774,0.4223951546929718
114A,2021-09-03,CVR485,Cultivar,Infected,15,7,2,0.0480445879198323,34,0.01632950370693936,0.01501165142249481,0.6506491831775381,0.6897001915530655,0.18358093331769385,0.3696901677618362,0.36994509203246134
97A,2021-09-03,CVR017,Cultivar,Infected,16,5,2,0.1147571729107556,13,0.01004282723219266,0.1153382118456081,0.6754719491389454,0.7126473185681196,0.14702739459380962,0.3487857197031666,0.4273732073708
98A,2021-09-03,Genesis090,Cultivar,Infected,17,5,2,0.3759932021868158,31,0.01531925676785595,0.3016477390551577,0.7463646084197413,0.7335715375916334,0.2565432911406805,0.38160399215094176,0.5100232534431116
99A,2021-09-03,CVR009,Cultivar,Infected,18,5,2,0.6374180312913097,1,7.320131115318927e-4,0.5766124641944148,0.7944583896920864,0.7691860023027582,0.32317121245832514,0.4146299586025557,0.5664061596952029
106A,2021-09-03,CVR019,Cultivar,Infected,16,6,2,0.4096161330364689,28,0.01069531572687822,0.38971347423267305,0.7666779464048956,0.7335652245296973,0.2747711315879591,0.4044425754838259,0.5250375442104244
107A,2021-09-03,CVR490,Cultivar,Infected,17,6,2,0.4231202891860143,18,0.0081183674188825,0.3782385993233315,0.8068905607867206,0.7645673945128973,0.3304177493342319,0.4325673368902302,0.5750277464709123
108A,2021-09-03,WLD131,Wild cicer,Infected,18,6,2,0.00662124310594586,0,0,0,NA,NA,NA,NA,NA
115A,2021-09-03,CVR493,Cultivar,Infected,16,7,2,0.5237770959626971,59,0.0357394218064875,0.4822198288100365,0.7830863821751362,0.7581031242777874,0.2882084034686807,0.4113320578653159,0.5483979994488352
116A,2021-09-03,Howzat,Cultivar,Infected,17,7,2,0.00827075739647164,13,0.00352093845799459,0.00188628080701505,0.6859442545850372,0.6827139142964651,0.03575946757581724,0.4553716594095866,0.3353098309532711
117A,2021-09-03,CVR492,Cultivar,Infected,18,7,2,0.267145132678265,11,0.00349443898707099,0.21271745850776036,0.7592934165737147,0.682887974651798,0.29705491576052595,0.428783768601048,0.4900597060085259
121A,2021-09-07,CVR019,Cultivar,Infected,1,9,3,0.40997054674949346,17,0.00809850656460889,0.2395969600077249,0.6827479016760896,0.6459695710842296,0.13217962845829598,0.30885405050512005,0.4738048140395881
122A,2021-09-07,CVR016,Cultivar,Infected,2,9,3,0.31219210928700125,26,0.01283836408765246,0.10425631210439464,0.6644229015071463,0.6775394132874955,0.1842498384827587,0.27548965183296864,0.4760747496670415
123A,2021-09-07,WLD131,Wild cicer,Infected,3,9,3,0.1375456434304692,1,4.007839975692802e-4,0.00943140403507527,0.6790133198775065,0.7215999297477091,0.2443900443286728,0.31642262842840235,0.46181377236656423
130A,2021-09-07,CVR485,Cultivar,Infected,1,10,3,0.16105950276469116,29,0.01049326944413221,0.02141714666298344,0.6640175065853028,0.666383477430966,0.03708576487214193,0.37204394090255216,0.3877695980452428
131A,2021-09-07,CVR010,Cultivar,Infected,2,10,3,0.02836303387504474,0,0,0.00196487584064068,0.5893344361756533,0.5886507694507318,-0.1933077754134333,0.489028188272547,0.14091937368250948
132A,2021-09-07,CVR491,Cultivar,Infected,3,10,3,0.2926496709052701,1,4.173453197828868e-4,0.12296193010729396,0.7141179238072747,0.6477805774093474,0.1901604610705943,0.35465740500940157,0.48137770763626125
139A,2021-09-07,CVR011,Cultivar,Infected,1,11,3,0.34150907913728984,8,0.00340501298113767,0.091995486858796785,0.693648218778272,0.6780974925296586,0.0991584695486076,0.3023765861696702,0.4951194648104338
140A,2021-09-07,WLD132,Wild cicer,Infected,2,11,3,0.07147232803406696,0,0,0,NA,NA,NA,NA,NA
141A,2021-09-07,CVR487,Cultivar,Infected,3,11,3,0.02112570711842057,0,0,0.00223995845833037,0.4437499838344344,0.3347650504633588,-0.24031006174320313,0.5689326938637737,-0.1674604151237057
148A,2021-09-07,CVR495,Cultivar,Infected,1,12,3,0.08174370115639719,13,0.00410390390004886,0.02483603062569823,0.5977478393262166,0.613552113752666,0.0765614962647706,0.2696221731884963,0.39116880585408687
149A,2021-09-07,CVR493,Cultivar,Infected,2,12,3,0.660613911967117,26,0.01866467564490822,0.39478285390152607,0.7454714981900411,0.6900262470480294,0.19942898274067888,0.3545089839670428,0.5313985906469499
150A,2021-09-07,CVR492,Cultivar,Infected,3,12,3,0.22482416060989568,9,0.00382567040107463,0.0980866019647829,0.6807495218382712,0.6116934549713955,0.1987672987997653,0.3638392077076526,0.421245922383948
124A,2021-09-07,Howzat,Cultivar,Infected,4,9,3,0.06394683311825455,19,0.00709487248991713,7.466528194434596e-4,0.4276094177878275,0.7216890391373595,-0.05272565700975193,0.2666091194797643,0.18171684968291252
125A,2021-09-07,CVR496,Cultivar,Infected,5,9,3,0.2591393574971389,44,0.02626965390397681,0.14084230025712416,0.6694296369438325,0.6739406393150039,0.27166279630422063,0.2453370462947638,0.5074309670497734
126A,2021-09-07,CVR484,Cultivar,Infected,6,9,3,0.03011854105170872,15,0.00845623597095055,0,NA,NA,NA,NA,NA
133A,2021-09-07,CVR482,Cultivar,Infected,4,10,3,0.15934374292032902,18,0.01004943237497981,0.0903056936358458,0.6756051015992514,0.6745019919089688,0.16756805111561263,0.28808783705829144,0.48116890712055554
134A,2021-09-07,CVR015,Cultivar,Infected,5,10,3,0.6700870261657189,19,0.00926443321828582,0.3716366164987788,0.7623336590455982,0.7083481340110823,0.223536605139254,0.39010518843326064,0.5297798748518691
135A,2021-09-07,CVR481,Cultivar,Infected,6,10,3,0.09128637318652728,30,0.01255681351877992,0.00275082617689695,0.6860346669070299,0.6449908890856074,0.3147853406246473,0.4012151248065988,0.39298869063711545
142A,2021-09-07,WLD129,Wild cicer,Infected,4,11,3,0.1249192408692558,0,0,0.01658355209500736,0.7186960239898645,0.681549692900234,0.18701891730458825,0.32763581310209267,0.5115044476777199
143A,2021-09-07,CVR477,Cultivar,Infected,5,11,3,0.12127573540825506,23,0.00911866873411034,0.04680334252406107,0.5715455665952432,0.5844693311734509,0.03346658097594536,0.3190887567031733,0.3087679906194158
144A,2021-09-07,WLD133,Wild cicer,Infected,6,11,3,0.01486550228088296,0,0,3.5367765131532296e-4,0.5801847045476668,0.6044499124871511,0.28027208152805216,0.1762767732325394,0.4499229395203873
127A,2021-09-07,CVR489,Cultivar,Infected,7,9,3,0.04153927453310009,13,0.0076910934380721,0.00306520631139946,0.5873833542094237,0.6427504408562973,-0.01609260301573855,0.3670178366049564,0.28092802934374334
128A,2021-09-07,CVR009,Cultivar,Infected,8,9,3,0.5067718622928992,16,0.00995338648134073,0.23806435685202515,0.7233732441860162,0.6864947388087624,0.2752860592337552,0.2531444645152059,0.5756385143026705
129A,2021-09-07,CVR486,Cultivar,Infected,9,9,3,0.2529586473242049,20,0.01013223894498892,0.02923735250873336,0.6211353287151398,0.6670034152685119,0.27494800307082234,0.21971626040761785,0.4648601785957238
136A,2021-09-07,CVR488,Cultivar,Infected,7,10,3,0.03197010428143546,1,2.086726598914434e-4,0.00408694174853262,0.6791183807306693,0.6299817896956355,0.1316076185259097,0.2805233074712844,0.4924018228259551
137A,2021-09-07,CVR490,Cultivar,Infected,8,10,3,0.39743026340826737,48,0.02290104794364794,0.05910346528647174,0.7636298972667146,0.6981446798426801,0.1566835776086984,0.4063488692706274,0.5180239281755424
138A,2021-09-07,CVR494,Cultivar,Infected,9,10,3,0.03482197537409148,14,0.00535593936651885,0.00165049570613817,0.7237127063224921,0.7053650849854396,0.29624057780578333,0.2938670769825133,0.5459572776748869
145A,2021-09-07,CVR017,Cultivar,Infected,7,11,3,0.4041376257342005,22,0.00788651465800731,0.16736812410577337,0.7578058696589635,0.7050423214716329,0.23625704936978084,0.3082188992556643,0.5865989376476907
146A,2021-09-07,Genesis090,Cultivar,Infected,8,11,3,0.13337217353877748,26,0.01228190846670541,0.05383759803355471,0.703021273526623,0.6356631995603038,0.16152865965765156,0.32693871047201073,0.4883205314383119
147A,2021-09-07,WLD130,Wild cicer,Infected,9,11,3,0.10269054527945956,0,0,0.01819475028433272,0.7779453441626529,0.6995683380585144,0.3790150761926019,0.32597847780205597,0.6055237052279484
151A,2021-09-07,WLD130,Wild cicer,Fungicide,10,9,3,0.49222102639273896,0,0,0.3255799267941612,0.7327632057233319,0.6509289271974232,0.14888476301409478,0.4452355488621913,0.426758601433931
152A,2021-09-07,CVR482,Cultivar,Fungicide,11,9,3,0.5704603377511918,0,0,0.4771111516243707,0.703548693959897,0.6703285596346927,0.07550999601084717,0.4171432186996424,0.4053752264487851
153A,2021-09-07,CVR491,Cultivar,Fungicide,12,9,3,0.5732161527907851,0,0,0.467129582353916,0.682704817482268,0.6585183555329074,0.11956638791970392,0.4105283912335723,0.37816447381023793
160A,2021-09-07,Howzat,Cultivar,Fungicide,10,10,3,0.8017401275824424,0,0,0.7846928157182632,0.7713696204324554,0.6975257218948271,0.10811739872356982,0.452379881723284,0.4899635457863845
161A,2021-09-07,CVR009,Cultivar,Fungicide,11,10,3,0.8817614443390939,0,0,0.7782873204777746,0.8017588682591625,0.724867540811747,0.1768529197405191,0.4652911612535323,0.5366750341444935
162A,2021-09-07,CVR484,Cultivar,Fungicide,12,10,3,0.5857829343535458,0,0,0.4799798703517061,0.7691888987695895,0.696150786717379,0.1673051473551907,0.4243712131168015,0.511919175269182
169A,2021-09-07,CVR019,Cultivar,Fungicide,10,11,3,0.9443767418252372,0,0,0.874133963984227,0.8040145076749943,0.7151542689353976,0.1446527571938631,0.5277044265761563,0.4799399848000144
170A,2021-09-07,CVR495,Cultivar,Fungicide,11,11,3,0.8649019508877359,0,0,0.811297234600538,0.8042605628710716,0.7146642191982717,0.17517444328797657,0.464213936169439,0.5426411285742252
171A,2021-09-07,CVR010,Cultivar,Fungicide,12,11,3,0.32176459181635775,0,0,0.2326412995318569,0.7375388693592001,0.6241070063728549,0.19725765332151943,0.4354395580927818,0.4450186536706466
178A,2021-09-07,CVR016,Cultivar,Fungicide,10,12,3,0.9678342924386982,0,0,0.9418828829695178,0.7890373903520967,0.7180739482940502,0.15522780139336523,0.49984759176972843,0.4775248569176433
179A,2021-09-07,CVR494,Cultivar,Fungicide,11,12,3,0.8364660469034711,0,0,0.7698383543630196,0.7791102345295113,0.7103158880450016,0.136109362662701,0.4773962929974306,0.4803936333852542
180A,2021-09-07,WLD129,Wild cicer,Fungicide,12,12,3,0.3776559655881089,0,0,0.2263536968418067,0.7562617674992405,0.6474435467716755,0.2144838965970137,0.433161483660897,0.4805061581041646
154A,2021-09-07,CVR493,Cultivar,Fungicide,13,9,3,0.7813497461116057,6,0.00484917054621721,0.5810923811110756,0.7061876036906555,0.6947638271842697,0.16254941529545688,0.3274981273060358,0.4926202925408697
155A,2021-09-07,WLD132,Wild cicer,Fungicide,14,9,3,0.4696544784783772,0,0,0.28353158380445054,0.7874051727025658,0.7242597184246776,0.3457429028459377,0.27436836446046614,0.6544162957850889
156A,2021-09-07,CVR489,Cultivar,Fungicide,15,9,3,0.45299040941083657,0,0,0.19464060077386605,0.7155235925780353,0.6690379763072885,0.26178786539604565,0.3114444972310382,0.5199471865778162
163A,2021-09-07,WLD131,Wild cicer,Fungicide,13,10,3,0.0011261744152184,0,0,0,NA,NA,NA,NA,NA
164A,2021-09-07,CVR485,Cultivar,Fungicide,14,10,3,0.7373858843080942,16,0.00936710068361474,0.5652947793523245,0.7464543934239345,0.6926187029124183,0.2082753510583444,0.3584704010226942,0.5297301397620605
165A,2021-09-07,CVR488,Cultivar,Fungicide,15,10,3,0.0144680289578647,0,0,0.00526586725291703,0.6631982346761424,0.6467380905632427,-0.0707840865158674,0.5476802760062991,0.1814096958184349
172A,2021-09-07,CVR481,Cultivar,Fungicide,13,11,3,0.49452637166624486,0,0,0.4550259471755694,0.7185695410641684,0.7037046637681205,0.14767906767992112,0.2781107457039586,0.5504647161146112
173A,2021-09-07,CVR490,Cultivar,Fungicide,14,11,3,0.5223329428890641,1,2.3848303987593532e-4,0.4174968186193323,0.7177730564411465,0.6684870395644031,0.1386369263081813,0.3559304077927744,0.4860061722704248
174A,2021-09-07,CVR486,Cultivar,Fungicide,15,11,3,0.6114332127989909,0,0,0.5377865175833549,0.7023486597188227,0.6600782108942533,0.17620371051463868,0.3251759931488116,0.4888106199771573
157A,2021-09-07,CVR492,Cultivar,Fungicide,16,9,3,0.7006593492612069,0,0,0.5933139088398607,0.7177797570238309,0.6042760358115922,0.0947616196187983,0.4098597558306237,0.4362641229431484
158A,2021-09-07,CVR487,Cultivar,Fungicide,17,9,3,0.1861466940025271,0,0,0.10857903895380416,0.6740758153278267,0.6025989517620346,0.10352665037123408,0.3929037447782671,0.3824673733675377
159A,2021-09-07,CVR477,Cultivar,Fungicide,18,9,3,0.715412234100568,0,0,0.2568485698885501,0.7635665116164946,0.6439178629995056,0.1380887100100653,0.4750638563501873,0.4527256477003248
166A,2021-09-07,CVR017,Cultivar,Fungicide,16,10,3,0.483479925564029,4,0.00214634735888341,0.3657419889768567,0.7493505352174128,0.6297154059856022,0.1105436619000302,0.4411487689520547,0.4603977991694901
167A,2021-09-07,CVR015,Cultivar,Fungicide,17,10,3,0.9119064836123372,5,0.00325928012257727,0.582703579300401,0.816677018939624,0.7000391493793898,0.17735082892097917,0.5083038423269407,0.5272418474941528
168A,2021-09-07,Genesis090,Cultivar,Fungicide,18,10,3,0.8138862498783421,0,0,0.6084041552959811,0.7656562558276313,0.6342839560360002,0.148415827401969,0.4705267136895707,0.4613285654892286
175A,2021-09-07,CVR011,Cultivar,Fungicide,16,11,3,0.023275375340411,0,0,0.00860615618200619,0.6993189435349945,0.628568441505271,-0.03231982113900057,0.4953430105141215,0.3120819943330459
176A,2021-09-07,CVR496,Cultivar,Fungicide,17,11,3,0.8679823691411275,1,6.45891566330658e-4,0.7000852620202753,0.7966785927737943,0.6904945310517326,0.1509737981867655,0.49441757399828384,0.498691598622595
177A,2021-09-07,WLD133,Wild cicer,Fungicide,18,11,3,0.602251579037269,0,0,0.31107914309023293,0.790703326233334,0.6618265160679552,0.21216531733079247,0.46347987830572424,0.5165123554418536
1A,2021-09-07,CVR482,Cultivar,Infected,1,1,1,0.11340245133480167,7,0.00514396577811392,0.00216136342470475,0.4895541515293663,0.590805198460415,0.0017381727231083,0.453413280208931,0.04645179202566676
2A,2021-09-07,CVR016,Cultivar,Infected,2,1,1,0.46609377995967194,9,0.00669410471586427,0.2326412995318569,0.6664640405811508,0.6652671991298317,0.12254154202246212,0.33048344743356034,0.4308854009239231
3A,2021-09-07,CVR496,Cultivar,Infected,3,1,1,0.2835342826973847,27,0.01514702406871028,0.08983412343409203,0.5895250790070957,0.649053366454682,0.15132975280160116,0.28236655407808386,0.3684997993720841
10A,2021-09-07,CVR485,Cultivar,Infected,1,2,1,0.20108175411493823,42,0.01866133692995546,0.06421214247213752,0.5968848067471465,0.6537218971726679,-0.0679739644578413,0.35815365789408043,0.3036428468904877
11A,2021-09-07,CVR481,Cultivar,Infected,2,2,1,0.1637556968058317,27,0.01318614433790723,0.02782264190347207,0.6193398354529005,0.6348789260854798,0.03877907327354801,0.30880790756231424,0.3839686312380494
12A,2021-09-07,CVR009,Cultivar,Infected,3,2,1,0.5985815753547338,45,0.0192442916521512,0.09961920512048264,0.6854773054087366,0.649827353627518,0.1910726176413299,0.321822284449668,0.46658441695588954
19A,2021-09-07,CVR495,Cultivar,Infected,1,3,1,0.14651529141991465,12,0.00496177521560863,0.00298661127777383,0.5472570558338866,0.5470889255263685,-0.01791226382915838,0.2374513112464945,0.3560768262817783
20A,2021-09-07,CVR488,Cultivar,Infected,2,3,1,0.04324178526669497,17,0.00491208927750458,0.00243644604239444,0.674677536075366,0.562940255660531,0.03577433425314209,0.3497964439228492,0.425236921916472
21A,2021-09-07,WLD130,Wild cicer,Infected,3,3,1,0.13362390664335572,0,0,0.0115141724261544,0.76740699120244,0.6586778018496794,0.3673503416709684,0.35530544513473,0.5665902410370691
28A,2021-09-07,CVR491,Cultivar,Infected,1,4,1,0.4070888651576111,9,0.00545862432862664,0.1608054387980335,0.6792527730383668,0.642654179015408,0.05437869387663185,0.35213094822553587,0.42996289727746934
29A,2021-09-07,CVR015,Cultivar,Infected,2,4,1,0.5641471364705851,34,0.01686940515224159,0.30754236657707973,0.7391005374010542,0.6729078846408267,0.12875436902040213,0.3806269179194375,0.4987955660307548
30A,2021-09-07,WLD129,Wild cicer,Infected,3,4,1,0.2735411409011672,2,4.272821131110508e-4,0.05313024273092407,0.7842448683189682,0.7084230655430992,0.25380346255762903,0.3528701638078782,0.5964282356144414
31A,2021-09-07,CVR011,Cultivar,Fungicide,10,1,1,0.2530580156549595,0,0,0.1654425457819455,0.6336228429508222,0.5949048484237759,-0.01393035767825981,0.3866282734622892,0.3271349453159
32A,2021-09-07,WLD131,Wild cicer,Fungicide,11,1,1,0.1166418589174005,0,0,0.01509024645612044,0.691109768800475,0.6249074813142941,0.1894380534190669,0.3279657688058662,0.4695789210127104
33A,2021-09-07,CVR019,Cultivar,Fungicide,12,1,1,0.5972599765556981,1,6.293322977251133e-4,0.4111306208956565,0.6807571726641558,0.6205167754149638,0.09603057223369016,0.4176463541954007,0.3676353348985127
40A,2021-09-07,CVR487,Cultivar,Fungicide,10,2,1,0.2420844396619637,4,0.00138783880150023,0.12838498742746224,0.6902456292104235,0.6108729486967953,0.05859238696296998,0.37815848748807784,0.4223227814695951
41A,2021-09-07,CVR490,Cultivar,Fungicide,11,2,1,0.4674220033140913,2,6.624528885442648e-4,0.2254891514719248,0.7046052398182864,0.6392038308780791,0.03770407708464026,0.4428267350119539,0.38050198871091967
42A,2021-09-07,Howzat,Cultivar,Fungicide,12,2,1,0.6546915594541449,0,0,0.2970499295880585,0.7386928687873223,0.65659696360788,0.09607180781267656,0.4302051916447152,0.4521884086961172
49A,2021-09-07,CVR489,Cultivar,Fungicide,10,3,1,0.3465834885611563,0,0,0.1536532907381014,0.7258855127975669,0.6572578461301928,0.00783938586846502,0.41781894112363255,0.44217250229242505
50A,2021-09-07,CVR016,Cultivar,Fungicide,11,3,1,0.8781113143227095,0,0,0.3394519502290844,0.7923911718665011,0.6923442190138023,0.15504494856123863,0.469443960244407,0.5142334364662632
51A,2021-09-07,WLD129,Wild cicer,Fungicide,12,3,1,0.5343929459649764,0,0,0.16210225685285634,0.8086603540229329,0.6653552100578279,0.2831484895365709,0.43008289873000727,0.5804541933533601
58A,2021-09-07,CVR477,Cultivar,Fungicide,10,4,1,0.7407776566645167,0,0,0.4850099525037462,0.7181844844094624,0.6577243182894238,0.03118528182848486,0.41189156925334913,0.43496032805239304
59A,2021-09-07,CVR492,Cultivar,Fungicide,11,4,1,0.662737081967573,2,0.00131165979972973,0.3445213298979374,0.7064016124788315,0.6316221762554807,0.0103904198519211,0.4561530593491324,0.36922191927784986
60A,2021-09-07,CVR495,Cultivar,Fungicide,12,4,1,0.6511374854908233,1,3.312264442721324e-4,0.4352985937355369,0.7396489631982243,0.6518190136446183,0.07556057675001916,0.4189114556093568,0.46473420321206016
34A,2021-09-07,Genesis090,Cultivar,Fungicide,13,1,1,0.8437563701031644,3,0.00239808972458327,0.8376265708651232,0.7123020325665276,0.658017730334205,0.10816100679971632,0.4225215777992804,0.4145423574501936
35A,2021-09-07,CVR491,Cultivar,Fungicide,14,1,1,0.4515727545587382,0,0,0.4316832221887581,0.7214550262737107,0.6667033856320971,0.07956749603044509,0.45362891855344856,0.39811997038703506
36A,2021-09-07,CVR494,Cultivar,Fungicide,15,1,1,0.6537276866458257,0,0,0.47793639947743977,0.7172679076420904,0.6665013056513199,0.1231603800686489,0.4089629872546296,0.43628221022364816
43A,2021-09-07,CVR481,Cultivar,Fungicide,13,2,1,0.7655137464670198,0,0,0.6408246066665524,0.7958870071841806,0.7365233911247143,0.1415095189227309,0.4748824830989793,0.5160452826985579
44A,2021-09-07,CVR017,Cultivar,Fungicide,14,2,1,0.8011505421532986,3,0.00183500127818694,0.7418978199091091,0.7952678387379456,0.7234960220089,0.15969238726537724,0.5000359131810879,0.4901436748297259
45A,2021-09-07,CVR010,Cultivar,Fungicide,15,2,1,0.00395154728633987,0,0,0,NA,NA,NA,NA,NA
52A,2021-09-07,CVR496,Cultivar,Fungicide,13,3,1,0.858429760277922,1,5.829608008878209e-4,0.7947136825055306,0.7652953713044744,0.7199305053325954,0.10509643427699156,0.5104205085130705,0.41825443663315737
53A,2021-09-07,CVR015,Cultivar,Fungicide,14,3,1,0.8158968024372761,4,0.00312678646445632,0.7184764998886721,0.777884453304538,0.7102210874796455,0.1575777285216884,0.4747757486802722,0.48060669184231586
54A,2021-09-07,CVR009,Cultivar,Fungicide,15,3,1,0.7610653575269071,0,0,0.6746204711255721,0.7642275056377249,0.6978009450028311,0.15498938931086503,0.4213107718552674,0.5057599455084031
37A,2021-09-07,WLD133,Wild cicer,Fungicide,16,1,1,0.687565915545447,0,0,0.5303592869057332,0.784688616707256,0.6933157830903405,0.27981234819096534,0.3863039671382795,0.5716757678711435
38A,2021-09-07,CVR488,Cultivar,Fungicide,17,1,1,0.07432088684903117,0,0,0.04472057413298194,0.7168121026545449,0.6221317516857077,0.18324878675892284,0.4343724036210339,0.4101433141697114
39A,2021-09-07,CVR493,Cultivar,Fungicide,18,1,1,0.8120115007047727,1,6.028321285752808e-4,0.5306736670402357,0.7481812479074051,0.6767427349558187,0.21810576213354235,0.4389341537791676,0.46046479235186266
46A,2021-09-07,CVR482,Cultivar,Fungicide,16,2,1,0.4155119873279064,0,0,0.24816381867291823,0.7384028720828069,0.6826616828509894,0.1457877046038345,0.419359815621437,0.4621511651788418
47A,2021-09-07,CVR485,Cultivar,Fungicide,17,2,1,0.7833172390605461,2,0.00107317593841057,0.5382580877851088,0.790554171428247,0.706631975623042,0.22842294915776257,0.4844114690179949,0.4961420349052644
48A,2021-09-07,WLD132,Wild cicer,Fungicide,18,2,1,0.4695021137045535,0,0,0.17683882565766149,0.8225478636086194,0.6943438821441191,0.3798031546388223,0.44079230675992137,0.5989006101618043
55A,2021-09-07,CVR486,Cultivar,Fungicide,16,3,1,0.6006384998013533,0,0,0.5994836189794724,0.7063664567239385,0.6696175033332671,0.1395036313711645,0.3629433780890104,0.4618204663253315
56A,2021-09-07,WLD130,Wild cicer,Fungicide,17,3,1,0.5354727484925094,0,0,0.3443641398306861,0.7907290980811131,0.7028557400486626,0.2315370720454127,0.4506407274234743,0.5283621622207495
57A,2021-09-07,CVR484,Cultivar,Fungicide,18,3,1,0.7049686225382632,0,0,0.5240323866988702,0.7793611801188136,0.6741224201616065,0.24808045836621695,0.4345896258278865,0.5213560333993593
4A,2021-09-07,CVR493,Cultivar,Infected,4,1,1,0.496646229389009,21,0.01502446601283755,0.28640030253178594,0.6862018946841353,0.6419348272243707,0.11287742718459828,0.3678845815247593,0.4258101447869325
5A,2021-09-07,CVR489,Cultivar,Infected,5,1,1,0.04445076662420885,7,0.00420989385680137,0.00514797470247859,0.4954672347437401,0.6248176095227542,0.04437821339058902,0.29714633572693666,0.23255981370212875
6A,2021-09-07,CVR010,Cultivar,Infected,6,1,1,0.24691705281432735,3,0.00109304767681964,0.08205321510515493,0.6364161812808544,0.6049989373727956,0.17698783165817317,0.33883064326998313,0.3793978723910749
13A,2021-09-07,CVR017,Cultivar,Infected,4,2,1,0.0608962253640894,14,0.00769440714004047,0.00176838825657661,0.6163461620075816,0.6378865833499628,-0.00694135300674619,0.3666666361325921,0.3225806885588717
14A,2021-09-07,CVR019,Cultivar,Infected,5,2,1,0.1534876359611933,24,0.01116234797049753,0.04483846668342039,0.683892711456042,0.6136053655615615,0.189648836482974,0.3318536214773857,0.4553911455690155
15A,2021-09-07,WLD131,Wild cicer,Infected,6,2,1,0.08098518956497068,0,0,0.00420483429897106,0.7657188956471752,0.6090084816055585,0.32389154442734375,0.3891403507362967,0.5364153695800903
22A,2021-09-07,Howzat,Cultivar,Infected,4,3,1,0.06123407768865492,24,0.00872782534958073,0,NA,NA,NA,NA,NA
23A,2021-09-07,Genesis090,Cultivar,Infected,5,3,1,0.1715792967139078,37,0.01464686790744101,0.04365954117903598,0.6505220105960554,0.5953831343824847,0.1000041063753056,0.3571420122616527,0.3821687922644986
24A,2021-09-07,CVR477,Cultivar,Infected,6,3,1,0.10415788429693527,27,0.01273898814527391,0.00899913135013432,0.6521542641356649,0.5731232694521391,0.16965659401106625,0.3753291495164249,0.3665453344405011
61A,2021-09-07,CVR487,Cultivar,Fungicide,1,5,2,0.3467789129449736,1,2.3848303987593532e-4,0.17110138820299067,0.7028835651403655,0.6259868433739985,0.15217434421575057,0.3911573035963853,0.42993051459968745
62A,2021-09-07,WLD132,Wild cicer,Fungicide,2,5,2,0.470389804125961,0,0,0.2049758476956361,0.8126063265011081,0.7273707201341113,0.35737757194869957,0.3612726340716394,0.6388959184820153
63A,2021-09-07,CVR482,Cultivar,Fungicide,3,5,2,0.35543058227600444,1,4.968396664081986e-4,0.19538725359330952,0.6683402573916478,0.6301295564009829,0.12006062455797586,0.38884034408774193,0.3776401502241818
70A,2021-09-07,WLD133,Wild cicer,Fungicide,1,6,2,0.4871300555804134,0,0,0.28474980682564777,0.798509663869413,0.7146592536114308,0.2357766659805469,0.4181255671022229,0.5710420921212093
71A,2021-09-07,WLD130,Wild cicer,Fungicide,2,6,2,0.3435030703077648,0,0,0.162809612155487,0.8212647413623083,0.7150776164586751,0.33293258774671586,0.4398042971598623,0.5971476419911342
72A,2021-09-07,WLD129,Wild cicer,Fungicide,3,6,2,0.363446294290206,0,0,0.11148705519795236,0.8277578788537946,0.7072326567514781,0.4127977015793767,0.404834922372817,0.6360750872836499
79A,2021-09-07,CVR490,Cultivar,Fungicide,1,7,2,0.7375084385826914,4,0.00303072771519258,0.5533483342412292,0.7965964266171502,0.7153379739739567,0.2266637802230937,0.4345027717623094,0.5537644719574463
80A,2021-09-07,CVR494,Cultivar,Fungicide,2,7,2,0.837877077200186,1,1.8548680879239412e-4,0.4023279771295863,0.8181295950986146,0.734535809500012,0.24401950449969412,0.48672850689975145,0.5506894997887297
81A,2021-09-07,WLD131,Wild cicer,Fungicide,3,7,2,0.5556047723033843,0,0,0.3546600892356433,0.8408259750906312,0.7091876944089682,0.37909232611507304,0.4484924060425275,0.6298541165081962
88A,2021-09-07,CVR493,Cultivar,Fungicide,1,8,2,0.8907244677731556,0,0,0.7982504590186839,0.7756446043549329,0.7135921726492154,0.19960727812065207,0.4483825892524139,0.5017705573649388
89A,2021-09-07,CVR477,Cultivar,Fungicide,2,8,2,0.6933922120053563,0,0,0.37533058307918327,0.7825799215866692,0.6955879017524895,0.21638797514601263,0.43075902635395946,0.5307326613117889
90A,2021-09-07,CVR488,Cultivar,Fungicide,3,8,2,0.1689394113935282,5,0.00243120505815305,0.07395792664171531,0.6968399377641213,0.6096919143888276,0.17567338535446125,0.4287438979124681,0.3823202961994462
64A,2021-09-07,CVR015,Cultivar,Fungicide,4,5,2,0.8180862179915684,0,0,0.5497722602112631,0.7324263466045794,0.6708430268101374,0.13423218255167138,0.4695417777203081,0.4006805055068602
65A,2021-09-07,CVR016,Cultivar,Fungicide,5,5,2,0.7265216134789284,3,0.00212979425111479,0.5119680490373364,0.6961641787939211,0.6462250220036497,0.15861946283098327,0.4043938179024638,0.4060964596442974
66A,2021-09-07,CVR485,Cultivar,Fungicide,6,5,2,0.1163437539251368,21,0.00804550022976146,0.0483359456797608,0.5644265443766496,0.5708183214192556,0.0486532802772265,0.4300353579505482,0.1774664386672692
73A,2021-09-07,CVR010,Cultivar,Fungicide,4,6,2,0.25978856392473537,0,0,0.07800557087343511,0.6946766551392356,0.6378229479560866,0.04131549738322571,0.49686647732839273,0.3020747721086278
74A,2021-09-07,Genesis090,Cultivar,Fungicide,5,6,2,0.7464416515175268,15,0.012079866414392,0.5465498638326124,0.7250094288622985,0.6744323207014299,0.12813274159066834,0.46640636853472744,0.390727015804661
75A,2021-09-07,CVR019,Cultivar,Fungicide,6,6,2,0.6780828645137696,15,0.00687958413166764,0.5081561899064935,0.7100473151322295,0.6273764105011218,0.16366004361806472,0.45417854002059266,0.3776595405453072
82A,2021-09-07,CVR017,Cultivar,Fungicide,4,7,2,0.2398950241076714,3,0.00134477936374485,0.14422188670302613,0.678348294663643,0.6391984582952227,0.07999381540408274,0.4267092821509348,0.3541505503509421
83A,2021-09-07,CVR496,Cultivar,Fungicide,5,7,2,0.8132370434507457,0,0,0.5224604860263576,0.7571397654654936,0.6946621184567962,0.1614448806874393,0.4939179755951104,0.4204585442147763
84A,2021-09-07,CVR009,Cultivar,Fungicide,6,7,2,0.6496568973625804,2,0.00142096924965081,0.5214387505892245,0.7248664341421084,0.6482094907899038,0.17589283553169122,0.4268935291770992,0.43149508508351264
67A,2021-09-07,CVR481,Cultivar,Fungicide,7,5,2,0.4402547016857932,1,1.8548680879239412e-4,0.3527345109118154,0.6679765948612428,0.6837238980004786,0.02548821671560468,0.3459884166678902,0.4187713256687191
68A,2021-09-07,CVR489,Cultivar,Fungicide,8,5,2,0.27200755632985507,2,4.2396984866832947e-4,0.1774675859266665,0.6903094641848432,0.6542634706494365,0.12215916000059548,0.3899952080538806,0.41094882279426065
69A,2021-09-07,Howzat,Cultivar,Fungicide,9,5,2,0.5621233348008838,6,0.00303735614594607,0.31571625007414494,0.6965754911310742,0.6628064212546667,0.17499295522251557,0.3670270165049362,0.44274037517365306
76A,2021-09-07,CVR484,Cultivar,Fungicide,7,6,2,0.3913191110668616,12,0.00644236235016441,0.3416919086874148,0.6799355927769379,0.6557130271883018,0.03279327058215185,0.3901682711039754,0.39439648773458486
77A,2021-09-07,CVR492,Cultivar,Fungicide,8,6,2,0.31689885588707584,5,0.00292804669602499,0.16461729792887642,0.7052678121120404,0.6442257200065891,0.1117621091114186,0.4444141823848971,0.3799379765140015
78A,2021-09-07,CVR011,Cultivar,Fungicide,9,6,2,0.03229470749523371,0,0,0.02090627894441686,0.699437598031208,0.6060219226247958,0.14410321516657296,0.4523427607647429,0.36145349401364274
85A,2021-09-07,CVR495,Cultivar,Fungicide,7,7,2,0.3719323497366459,3,0.00135802842151574,0.3482152964783419,0.6359933390930836,0.6499917313929324,0.0226777373811989,0.3436323659079735,0.37412526195671136
86A,2021-09-07,CVR491,Cultivar,Fungicide,8,7,2,0.8409608077312694,3,0.00203373940371909,0.8312996706582602,0.7491356650479073,0.689957173026277,0.1478060229219289,0.422608846530379,0.4777914692202191
87A,2021-09-07,CVR486,Cultivar,Fungicide,9,7,2,0.7052601029751432,1,5.597726908199036e-4,0.6298998969925902,0.714602318950576,0.6600769172812988,0.11829699336054908,0.401311276514933,0.4392615885921158
7A,2021-09-07,CVR487,Cultivar,Infected,7,1,1,0.0367762192122646,17,0.01097024899555296,0.00880264376607026,0.655735403192219,0.6477924674842453,0.17654898633635743,0.2998446195602677,0.4429911401101981
8A,2021-09-07,WLD132,Wild cicer,Infected,8,1,1,0.00890009015791722,0,0,0,NA,NA,NA,NA,NA
9A,2021-09-07,CVR492,Cultivar,Infected,9,1,1,0.32655083308103594,23,0.01445145658590787,0.1458723824091643,0.7164515503415368,0.6234704544399028,0.1979393863297551,0.4212871321479005,0.4227697941728318
16A,2021-09-07,CVR490,Cultivar,Infected,7,2,1,0.02625311298535614,20,0.00730354859987012,0,NA,NA,NA,NA,NA
17A,2021-09-07,CVR011,Cultivar,Infected,8,2,1,0.03362293084965306,19,0.00646886136929424,0.00176838825657661,0.7643639456852418,0.6540097676517138,0.30381624495805915,0.42404373627051306,0.503524433786339
18A,2021-09-07,CVR486,Cultivar,Infected,9,2,1,0.1978324096992639,48,0.02472942838945719,0.10335246921769992,0.7033394683394251,0.6153531594558271,0.2672363253040734,0.333023211616662,0.48358576047961815
25A,2021-09-07,CVR484,Cultivar,Infected,7,3,1,0.005942226179123,3,9.870548039309544e-4,0,NA,NA,NA,NA,NA
26A,2021-09-07,CVR494,Cultivar,Infected,8,3,1,0.01766106465277806,14,0.00534599805525295,0.0025936361096457,0.472067521135592,0.6249331539761291,-0.1554178610819845,0.34860474780414236,0.14778261654165512
27A,2021-09-07,WLD133,Wild cicer,Infected,9,3,1,0.01468663928552474,1,2.6829341986042726e-4,0.00271152866008414,0.6144067833387094,0.6227223959128503,0.07191842555298088,0.3447344877852275,0.34214001726952065
91A,2021-09-07,CVR484,Cultivar,Infected,10,5,2,0.03128777507692078,17,0.0067106565503959,3.5367765131532296e-4,0.3920265500467569,0.7145343748703431,-0.12799170333301862,0.5113484598646761,-0.14923860476347456
92A,2021-09-07,WLD132,Wild cicer,Infected,11,5,2,0.0190389721725747,0,0,0,NA,NA,NA,NA,NA
93A,2021-09-07,CVR488,Cultivar,Infected,12,5,2,0.0134842824833945,0,0,0,NA,NA,NA,NA,NA
100A,2021-09-07,CVR494,Cultivar,Infected,10,6,2,0.15414346694417344,32,0.01413676817589572,0.05195131722653966,0.6883178532980408,0.6510693363975716,0.15828861370059052,0.3652694214913185,0.43154915122981674
101A,2021-09-07,WLD130,Wild cicer,Infected,11,6,2,0.25594963407991733,0,0,0.07022466254449801,0.7959863129839427,0.7004108034857308,0.405623550433235,0.3924976343904889,0.5868266810359046
102A,2021-09-07,CVR482,Cultivar,Infected,12,6,2,0.06598057162103133,18,0.00849266020104583,0.00522656973610421,0.5646301797530578,0.5456569977292691,0.13976503131065446,0.4261179019727457,0.18239676114736145
109A,2021-09-07,CVR016,Cultivar,Infected,10,7,2,0.4364058350078997,29,0.01105636446207433,0.23083361375846745,0.7503459587814169,0.6818053791615403,0.26442231808898126,0.3430699632424224,0.5484616230274761
110A,2021-09-07,CVR011,Cultivar,Infected,11,7,2,0.0937341464007814,5,0.00167600580801698,0.03890454164468552,0.732842479540021,0.6243325236290161,0.21754534770879497,0.4356008148693352,0.436623616334637
111A,2021-09-07,WLD133,Wild cicer,Infected,12,7,2,0.03462655099027417,2,9.5061989506102e-4,0.00243644604239444,0.7348687731460706,0.5925758226509563,0.5231601675788868,0.4012700629474832,0.47310969348573
118A,2021-09-07,CVR477,Cultivar,Infected,10,8,2,0.09565526746203631,38,0.01859508749280002,0.03477830237934009,0.6413312153285867,0.6470347987673242,0.1448813289743821,0.28272137726584184,0.4380331527345388
119A,2021-09-07,CVR487,Cultivar,Infected,11,8,2,0.03834623883818672,5,0.00188137277502424,0.01662284961182018,0.6892868048402695,0.6469791819133073,0.17023524015274227,0.34474771592854836,0.45193162404886994
120A,2021-09-07,CVR010,Cultivar,Infected,12,8,2,0.27367031973114814,9,0.0036368694385201,0.1366767634749659,0.738639508263743,0.654465138627175,0.2563268321961997,0.429048966485734,0.453222390640361
94A,2021-09-07,CVR481,Cultivar,Infected,13,5,2,0.06240331171386697,27,0.01863155595767661,0.01061032953945968,0.5041039763594449,0.6376518989669141,-0.03078855195889385,0.2903129495816273,0.2504428090218914
95A,2021-09-07,CVR489,Cultivar,Infected,14,5,2,0.00661461855056222,0,0,0,NA,NA,NA,NA,NA
96A,2021-09-07,CVR015,Cultivar,Infected,15,5,2,0.3649997525276691,5,0.00364019217637667,0.1503915968426379,0.713949871316732,0.6621665227407936,0.20764843819370687,0.3921764099412773,0.4469040456463536
103A,2021-09-07,WLD129,Wild cicer,Infected,13,6,2,0.0785639145722511,2,3.37851671384316e-4,0.01481516383843075,0.7463494935744305,0.716611228359383,0.230705170650756,0.3622691470169706,0.5264110465313065
104A,2021-09-07,CVR491,Cultivar,Infected,14,6,2,0.2120056459425568,36,0.01566041778755954,0.14693341536311028,0.7071792503243856,0.6446753517498223,0.18984585032464044,0.3378648042971578,0.4852574941871836
105A,2021-09-07,CVR495,Cultivar,Infected,15,6,2,0.00655168527441766,6,0.00304398096233664,0,NA,NA,NA,NA,NA
112A,2021-09-07,CVR496,Cultivar,Infected,13,7,2,0.2177623845709379,43,0.01888987993181523,0.1481123408674947,0.6452796245969795,0.6593964239919807,0.11645148429064311,0.28864421869825974,0.438264992492905
113A,2021-09-07,CVR486,Cultivar,Infected,14,7,2,0.12570093840452504,18,0.0065417253547867,0.05576317635738258,0.6191148868936118,0.6016017988917144,0.07560906453236836,0.3665640375441505,0.32669206186630784
114A,2021-09-07,CVR485,Cultivar,Infected,15,7,2,0.02920104013107491,14,0.00632643958408337,0.00208276839107912,0.5834556857279778,0.638338423634938,0.05891975105791946,0.46762588477854905,0.1592904431969533
97A,2021-09-07,CVR017,Cultivar,Infected,16,5,2,0.08746069245247651,26,0.01292449421693539,0.04193045043927217,0.6002322951772413,0.5779678068096947,0.0686019189858461,0.30656339860147375,0.35989243435060625
98A,2021-09-07,Genesis090,Cultivar,Infected,17,5,2,0.3313072638464878,36,0.01499133568790397,0.1786072139142381,0.71489326075726,0.6303863175546606,0.16199030428679168,0.3817965286135703,0.4581443858670477
99A,2021-09-07,CVR009,Cultivar,Infected,18,5,2,0.644615610715632,14,0.00842310675497753,0.25158270263563304,0.7516938257545578,0.6554806331101334,0.25373425519218046,0.3776774614318678,0.52229468450081
106A,2021-09-07,CVR019,Cultivar,Infected,16,6,2,0.34674579016805546,45,0.01948609669058531,0.2016748562833597,0.7051184142648653,0.6231694444373659,0.15723866008626736,0.36811836585576446,0.45513917651389113
107A,2021-09-07,CVR490,Cultivar,Infected,17,6,2,0.3773280500966188,19,0.00897625532762088,0.2504823721648743,0.7554244341609192,0.6656636084762448,0.2405969902700376,0.37993734779016947,0.5266401628970335
108A,2021-09-07,WLD131,Wild cicer,Infected,18,6,2,0.01014550657004111,0,0,0,NA,NA,NA,NA,NA
115A,2021-09-07,CVR493,Cultivar,Infected,16,7,2,0.47975692543842463,24,0.01321265797875141,0.37037909596076873,0.7163410262780991,0.6435043456491949,0.17253425718688836,0.3754620648940641,0.4662924594463724
116A,2021-09-07,Howzat,Cultivar,Infected,17,7,2,0.00846618178028896,4,0.00148389447033915,0,NA,NA,NA,NA,NA
117A,2021-09-07,CVR492,Cultivar,Infected,18,7,2,0.30557749073643903,7,0.00246432474538466,0.16170928168472823,0.6864640845132998,0.581798716816723,0.2126165734985143,0.4210440009225328,0.3733219055220568
121A,2021-09-10,CVR019,Cultivar,Infected,1,9,3,0.34303603915321834,17,0.00848273285432748,0.19428692312255075,0.5659540509974698,0.5960562458381121,0.01883513205864848,0.33497986234730964,0.28500666759150034
122A,2021-09-10,CVR016,Cultivar,Infected,2,9,3,0.2812090637577278,24,0.01316960540005969,0.10795027868479912,0.5637203135925717,0.6263313716328822,0.0449953725417101,0.28499696100502936,0.3320738673135556
123A,2021-09-10,WLD131,Wild cicer,Infected,3,9,3,0.2044337791390589,7,0.00181180865016856,0.0221637994824269,0.6057306863747804,0.6511655777554514,0.18896023722673144,0.3071732681280173,0.366807118679705
130A,2021-09-10,CVR485,Cultivar,Infected,1,10,3,0.14871133152959054,35,0.014415002578458,0.08185672752109086,0.5213923444589579,0.5600751104961634,-0.02909500624591953,0.2837579659324387,0.27889697093740684
131A,2021-09-10,CVR010,Cultivar,Infected,2,10,3,0.0549904342395764,0,0,0.00707355302630645,0.5646742447029377,0.5928724301774921,-0.05493990283991408,0.3272105700542716,0.29128333344514407
132A,2021-09-10,CVR491,Cultivar,Infected,3,10,3,0.2677545917735597,5,0.00186811940466369,0.1446934569047799,0.5992698847985171,0.5985764124833317,0.11256846399472906,0.271087849965567,0.3918379913181353
139A,2021-09-10,CVR011,Cultivar,Infected,1,11,3,0.29550485427561796,6,0.002755806275313,0.21845489596243112,0.63584785054565,0.6168325503685951,0.065872429132533,0.3045603406811652,0.4108503365429322
140A,2021-09-10,WLD132,Wild cicer,Infected,2,11,3,0.09860981916313873,0,0,0.00636619772367581,0.7256325976156949,0.668588120610089,0.14234751154274553,0.4262616200131935,0.43343712189747013
141A,2021-09-10,CVR487,Cultivar,Infected,3,11,3,0.01878061451261283,0,0,0,NA,NA,NA,NA,NA
148A,2021-09-10,CVR495,Cultivar,Infected,1,12,3,0.04281450144445035,9,0.00350437853223396,0,NA,NA,NA,NA,NA
149A,2021-09-10,CVR493,Cultivar,Infected,2,12,3,0.6045469874776995,8,0.00356731484241856,0.44826677428376543,0.6881267900570329,0.6254543314395486,0.13629407761227172,0.3493993549955165,0.4459469255625048
150A,2021-09-10,CVR492,Cultivar,Infected,3,12,3,0.2409284547475189,7,0.00397804302631776,0.10402052700351776,0.6169043690268862,0.5645886949626393,0.09883207298883678,0.3655754141351205,0.32451528799392393
124A,2021-09-10,Howzat,Cultivar,Infected,4,9,3,0.07423476762904388,20,0.00948302919979835,0,NA,NA,NA,NA,NA
125A,2021-09-10,CVR496,Cultivar,Infected,5,9,3,0.19851473890377863,29,0.01795915666489299,0.08582577671918504,0.6059317910753278,0.6255164323138658,0.12658748744565143,0.2754980093305546,0.396647307635319
126A,2021-09-10,CVR484,Cultivar,Infected,6,9,3,0.04640169818469015,6,0.00476636668699671,0,NA,NA,NA,NA,NA
133A,2021-09-10,CVR482,Cultivar,Infected,4,10,3,0.16484874844413192,18,0.00587264818378996,0.09584664350645251,0.6248533176409231,0.6140734218122256,0.08652786384831744,0.27667981894473254,0.42094896744366056
134A,2021-09-10,CVR015,Cultivar,Infected,5,10,3,0.6125229521595993,24,0.00884706432304419,0.5414411866469466,0.7191181225286909,0.643712658729157,0.15006392207494193,0.3423302706051019,0.49983524361251463
135A,2021-09-10,CVR481,Cultivar,Infected,6,10,3,0.121441349292846,23,0.00760496039265401,0.00290801624414821,0.5575657520829845,0.5398159840489034,0.06113872504432222,0.3065893144712798,0.302725445940745
142A,2021-09-10,WLD129,Wild cicer,Infected,4,11,3,0.09694705576184567,0,0,0.08731908235807195,0.7524189010506636,0.6854585214878323,0.2017447472257216,0.29992137502182414,0.584370342608251
143A,2021-09-10,CVR477,Cultivar,Infected,5,11,3,0.04534508160099994,23,0.00821111267152646,0.00715214805993208,0.5356143972916642,0.5355244504397052,-0.07714866052026728,0.34174110171007804,0.23731105645882355
144A,2021-09-10,WLD133,Wild cicer,Infected,6,11,3,0.01614072919223321,0,0,0,NA,NA,NA,NA,NA
127A,2021-09-10,CVR489,Cultivar,Infected,7,9,3,0.02621999020843795,9,0.00350437578039916,0.00290801624414821,0.3982505789779475,0.6557910386946014,-0.22637198374586537,0.39091213331377034,0.00869155558513556
128A,2021-09-10,CVR009,Cultivar,Infected,8,9,3,0.42935068352432554,28,0.01594859009239783,0.2614463793556493,0.6505193989343612,0.647900552294871,0.18873913600920017,0.2901074648845508,0.44425127100285006
129A,2021-09-10,CVR486,Cultivar,Infected,9,9,3,0.16880360800816363,24,0.01228520882022137,0.07144288556569524,0.601833060619668,0.6360313938792134,0.2034649458816406,0.2833425441825722,0.3839663426850281
136A,2021-09-10,CVR488,Cultivar,Infected,7,10,3,0.02752502761901457,5,0.00125534900416295,0.00337958644590197,0.5987070037116818,0.6406099410744048,0.06870345146055923,0.3637328421161942,0.30038988708954273
137A,2021-09-10,CVR490,Cultivar,Infected,8,10,3,0.27657187498918145,58,0.02448430447393694,0.21464303683158825,0.6883773672096547,0.648595521532915,0.16050681871213093,0.3487389959907238,0.44693024870191705
138A,2021-09-10,CVR494,Cultivar,Infected,9,10,3,0.01875080401338646,15,0.00868808906041576,3.5367765131532296e-4,0.6084558482051605,0.5781161683674579,0.07758620253972758,0.42198097384954153,0.25089347899910014
145A,2021-09-10,CVR017,Cultivar,Infected,7,11,3,0.33695469731103894,8,0.00305059863215843,0.12622362400275747,0.6457688251292719,0.6514954328333884,0.1399366734768013,0.31849050109641286,0.41201872468578016
146A,2021-09-10,Genesis090,Cultivar,Infected,8,11,3,0.08844775120463853,24,0.01296093085084934,0.01807685773389428,0.6383868670933807,0.6360225609330582,0.1134202533579028,0.3804984938456596,0.3406289243520501
147A,2021-09-10,WLD130,Wild cicer,Infected,9,11,3,0.08121373672570617,0,0,0.06374057227038375,0.7308243592163335,0.6700727345270412,0.31238940366316836,0.3495293574716441,0.5121109667815047
151A,2021-09-10,WLD130,Wild cicer,Fungicide,10,9,3,0.45746529657248386,0,0,0.24384109182350877,0.6949721533475277,0.6210912594820338,0.09483996854583927,0.4468393064141066,0.3598949349257467
152A,2021-09-10,CVR482,Cultivar,Fungicide,11,9,3,0.5580856682945566,0,0,0.45475086455787966,0.6612777162825323,0.6107582423742575,0.01026243327665549,0.440734412225286,0.3112590974267505
153A,2021-09-10,CVR491,Cultivar,Fungicide,12,9,3,0.5448100593057467,0,0,0.3807536403993515,0.6435278411462315,0.5878193953783936,0.0597939228615621,0.428956514277563,0.2963878460431871
160A,2021-09-10,Howzat,Cultivar,Fungicide,10,10,3,0.7290985655231634,3,0.00117916881129927,0.5493792850431349,0.7274588076337711,0.6469807935295128,0.03631346513761086,0.4781546714507547,0.382273223693162
161A,2021-09-10,CVR009,Cultivar,Fungicide,11,10,3,0.8312558340942401,1,2.9810379984491917e-4,0.7404831093038479,0.7551465238298432,0.6602574419202828,0.10544368249868769,0.4664301057886787,0.4457034605669739
162A,2021-09-10,CVR484,Cultivar,Fungicide,12,10,3,0.5184277674904096,0,0,0.4515677656960418,0.7195574063425416,0.624851388998173,0.10251546021106688,0.4351506194604415,0.41405350136640057
169A,2021-09-10,CVR019,Cultivar,Fungicide,10,11,3,0.8831724746358086,0,0,0.5995622140130981,0.755241433451263,0.6681743689049638,0.08379451449396208,0.5187870143605832,0.3887834469994117
170A,2021-09-10,CVR495,Cultivar,Fungicide,11,11,3,0.8087621562890984,2,0.00180850501089243,0.7025610055794826,0.7417780655145116,0.6491353740434972,0.08757227827036798,0.47794196013073703,0.4087483895181752
171A,2021-09-10,CVR010,Cultivar,Fungicide,12,11,3,0.3332217603523591,0,0,0.22871154785057551,0.7093772647275863,0.5769941066734473,0.1022561687172218,0.5077197832151025,0.3151710063938002
178A,2021-09-10,CVR016,Cultivar,Fungicide,10,12,3,0.9295046149889706,0,0,0.6178355593310564,0.7216358240293296,0.6415400146882924,0.07400300481876788,0.5012068458363932,0.3453315302057304
179A,2021-09-10,CVR494,Cultivar,Fungicide,11,12,3,0.8045721250089475,1,8.380051629773628e-4,0.5011219343969998,0.725414589849223,0.6294034114737141,0.0527563420477634,0.5113623798704194,0.34027838560315055
180A,2021-09-10,WLD129,Wild cicer,Fungicide,12,12,3,0.3889143974626011,0,0,0.15294593543547078,0.7274545665930725,0.6507444769247404,0.08176454732056752,0.513784106737561,0.3411928583323694
154A,2021-09-10,CVR493,Cultivar,Fungicide,13,9,3,0.7455672102068867,0,0,0.5939819666256785,0.6669826535719731,0.6582595201663652,0.10173863418451204,0.38166587949490577,0.38275180367285166
155A,2021-09-10,WLD132,Wild cicer,Fungicide,14,9,3,0.4741227410846408,0,0,0.377491946503888,0.768075687902407,0.7034212792715888,0.28466687012458913,0.35771463967969425,0.5658216248704908
156A,2021-09-10,CVR489,Cultivar,Fungicide,15,9,3,0.474046558697729,0,0,0.3957259943050336,0.6744896309294879,0.634148728424459,0.170291019974732,0.37023706010230933,0.40551927264039567
163A,2021-09-10,WLD131,Wild cicer,Fungicide,13,10,3,0.00159320556976486,0,0,0,NA,NA,NA,NA,NA
164A,2021-09-10,CVR485,Cultivar,Fungicide,14,10,3,0.7405457972260894,4,0.00178199827018407,0.6479767547264844,0.6909788646997027,0.6480887832510136,0.13129063930718737,0.3988684275636401,0.40325004114645185
165A,2021-09-10,CVR488,Cultivar,Fungicide,15,10,3,0.02330187356194555,0,0,0.0123787177960363,0.71244164020514,0.6423745352408302,-0.00772703146952477,0.6146946382240286,0.17390664400419373
172A,2021-09-10,CVR481,Cultivar,Fungicide,13,11,3,0.414988647452599,4,0.00190455492961604,0.3411024459352226,0.6838225576697878,0.6867508942749248,0.08275584954885146,0.37108744355693624,0.4190800026661656
173A,2021-09-10,CVR490,Cultivar,Fungicide,14,11,3,0.49133664824902334,4,0.00265975861555826,0.335522198547803,0.7030244960784258,0.6752564578218786,0.06035754001753383,0.4718787873389874,0.3458930961594806
174A,2021-09-10,CVR486,Cultivar,Fungicide,15,11,3,0.5153175387377917,0,0,0.4114057035133462,0.6586408565498009,0.6283325574543165,0.10924905461495484,0.3880836647184967,0.3634605203107083
157A,2021-09-10,CVR492,Cultivar,Fungicide,16,9,3,0.6563112632454444,0,0,0.5858473806454261,0.6486722351589113,0.5799031139289164,0.02513832758189685,0.42736842469020425,0.3061850527357191
158A,2021-09-10,CVR487,Cultivar,Fungicide,17,9,3,0.17608068209708963,0,0,0.1096007743909373,0.5799334378859224,0.5714019400157297,0.03611117796683393,0.3823507412860101,0.25387683259613997
159A,2021-09-10,CVR477,Cultivar,Fungicide,18,9,3,0.6798582453565846,3,0.00255044854955476,0.4684656979255517,0.702664947324247,0.6358918518786044,0.10003239350219673,0.45130947309026426,0.36808111809840127
166A,2021-09-10,CVR017,Cultivar,Fungicide,16,10,3,0.4818337235511951,1,4.637170219809854e-4,0.4320761973568862,0.6963919276410888,0.6027814800439012,0.04620274083052925,0.4640670043720068,0.3432557463581733
167A,2021-09-10,CVR015,Cultivar,Fungicide,17,10,3,0.9096541347819004,9,0.00362362017538841,0.8548388832291356,0.7443233397454907,0.6570228509550607,0.12192283613655416,0.46353737129344075,0.4286950601579796
168A,2021-09-10,Genesis090,Cultivar,Fungicide,18,10,3,0.8288941800999733,1,8.446305133060301e-4,0.6668002652798222,0.7098566792449374,0.6224163163476157,0.1005518163793898,0.46722266394352335,0.3630404061754156
175A,2021-09-10,CVR011,Cultivar,Fungicide,16,11,3,0.07700383177940442,0,0,0.02664371639908766,0.6509025972325748,0.625802210790582,-0.16600511052001934,0.5463211505060462,0.1622932152517762
176A,2021-09-10,CVR496,Cultivar,Fungicide,17,11,3,0.873841788377955,8,0.00755862031605724,0.6966270805407477,0.7435227426232428,0.6665529307297635,0.10206383421587752,0.49820521288152825,0.3896569471999404
177A,2021-09-10,WLD133,Wild cicer,Fungicide,18,11,3,0.5468338609754481,0,0,0.1567184970495009,0.7570793770747305,0.6746787704515896,0.14470044294395237,0.5284644506993216,0.38108174557602825
1A,2021-09-10,CVR482,Cultivar,Infected,1,1,1,0.08812314799084028,6,0.00377598762552649,0.00153260315569973,0.2829408988603108,0.602030408648085,-0.27615940932606947,0.4674845716613148,-0.21267419610035135
2A,2021-09-10,CVR016,Cultivar,Infected,2,1,1,0.3794876551516847,31,0.02107600793783544,0.2670266267430688,0.6169270802880765,0.6357651306306709,0.06602882361799789,0.30173104001534895,0.38728821073860087
3A,2021-09-10,CVR496,Cultivar,Infected,3,1,1,0.21885212393154632,26,0.01647857187146314,0.05776734971483608,0.5454426545504611,0.6357543182066256,0.14320049482805833,0.25182111458964307,0.3403731451892781
10A,2021-09-10,CVR485,Cultivar,Infected,1,2,1,0.16096675898932025,32,0.01611420655923464,0.0989511473346648,0.573046261305938,0.6200635864878327,-0.07141039819107521,0.3689844707571413,0.2587794572551614
11A,2021-09-10,CVR481,Cultivar,Infected,2,2,1,0.17787262432836362,27,0.0111358493620771,0.02023822115859903,0.5919503937741297,0.6286850540648021,0.05418330665145392,0.31415822396655974,0.34125380340878
12A,2021-09-10,CVR009,Cultivar,Infected,3,2,1,0.5093951862248196,31,0.01534574560107656,0.358511245883299,0.6916137436295114,0.6353042292557536,0.1690701573354854,0.3126395278665793,0.48352473581606464
19A,2021-09-10,CVR495,Cultivar,Infected,1,3,1,0.14646560725453736,1,1.3911539409942425e-4,0.01473656880480512,0.5593378700862388,0.5870228089857664,-0.07900814084024636,0.37894995736193343,0.22890735981488425
20A,2021-09-10,CVR488,Cultivar,Infected,2,3,1,0.02590863610540698,7,0.00286842449853088,0.0080559909466268,0.5131291650790291,0.5493694373215521,-0.13034372591546464,0.31784962013996293,0.23333618988388236
21A,2021-09-10,WLD130,Wild cicer,Infected,3,3,1,0.1286124304956338,0,0,0.04570301205330229,0.7307752027428325,0.6458366786365877,0.2781544669515047,0.3546883541199628,0.5076748866469387
28A,2021-09-10,CVR491,Cultivar,Infected,1,4,1,0.3449405988260142,13,0.00595546674687016,0.1918897745969691,0.6655542978569702,0.640655395671833,0.0668988173548809,0.368167905676491,0.3939079036825921
29A,2021-09-10,CVR015,Cultivar,Infected,2,4,1,0.4978022143034537,11,0.0043456937828295,0.2847891043424606,0.7050931379913826,0.6454034765285448,0.10414082944943664,0.383761340828035,0.4405350770605207
30A,2021-09-10,WLD129,Wild cicer,Infected,3,4,1,0.29205677319843454,1,4.637170219809854e-4,0.0822890002060318,0.7582513660187107,0.6998390581617878,0.19498864813627187,0.3587573040850455,0.5487768491233437
31A,2021-09-10,CVR011,Cultivar,Fungicide,10,1,1,0.23487029884918223,0,0,NA,NA,NA,NA,NA,NA
32A,2021-09-10,WLD131,Wild cicer,Fungicide,11,1,1,0.14990375149864532,0,0,NA,NA,NA,NA,NA,NA
33A,2021-09-10,CVR019,Cultivar,Fungicide,12,1,1,0.620243871459229,0,0,NA,NA,NA,NA,NA,NA
40A,2021-09-10,CVR487,Cultivar,Fungicide,10,2,1,0.193900736079075,12,0.00391509919991492,NA,NA,NA,NA,NA,NA
41A,2021-09-10,CVR490,Cultivar,Fungicide,11,2,1,0.516702070812972,1,4.637170219809854e-4,NA,NA,NA,NA,NA,NA
42A,2021-09-10,Howzat,Cultivar,Fungicide,12,2,1,0.6086244013163286,1,5.465236330490184e-4,NA,NA,NA,NA,NA,NA
49A,2021-09-10,CVR489,Cultivar,Fungicide,10,3,1,0.37186941646050137,3,0.0013679652148439,NA,NA,NA,NA,NA,NA
50A,2021-09-10,CVR016,Cultivar,Fungicide,11,3,1,0.8725168773012274,0,0,NA,NA,NA,NA,NA,NA
51A,2021-09-10,WLD129,Wild cicer,Fungicide,12,3,1,0.5579101175768902,0,0,NA,NA,NA,NA,NA,NA
58A,2021-09-10,CVR477,Cultivar,Fungicide,10,4,1,0.6998412166713276,2,0.00214635639477162,NA,NA,NA,NA,NA,NA
59A,2021-09-10,CVR492,Cultivar,Fungicide,11,4,1,0.6701499594418635,0,0,NA,NA,NA,NA,NA,NA
60A,2021-09-10,CVR495,Cultivar,Fungicide,12,4,1,0.5258605186308511,2,0.00112617299093734,NA,NA,NA,NA,NA,NA
34A,2021-09-10,Genesis090,Cultivar,Fungicide,13,1,1,0.8304443260597445,0,0,0.6081290726782914,0.6040180698554805,0.5524455920815973,0.01505785675042482,0.3912420704382468,0.278618323957856
35A,2021-09-10,CVR491,Cultivar,Fungicide,14,1,1,0.4918434267358716,0,0,0.34063087573346884,0.6129081491773617,0.5713967917319878,-0.01450976174080002,0.4226510175360025,0.2567732903538471
36A,2021-09-10,CVR494,Cultivar,Fungicide,15,1,1,0.5738885451622243,4,0.00332221437915381,0.3440104621793708,0.6165358722194262,0.582826444432208,0.0141382492074976,0.4067224060193484,0.2800346659291613
43A,2021-09-10,CVR481,Cultivar,Fungicide,13,2,1,0.7713764779815391,1,4.173453197828868e-4,0.6167745263771104,0.6978524244454162,0.6618542822681537,0.02680598687974753,0.4465884536535455,0.3650250681755259
44A,2021-09-10,CVR017,Cultivar,Fungicide,14,2,1,0.8367906501172694,1,5.962075996898381e-4,0.7095166660553507,0.7081466913188711,0.6447748671931905,0.05332164716912153,0.4784911419949069,0.3473534634662746
45A,2021-09-10,CVR010,Cultivar,Fungicide,15,2,1,0.00509759536770919,0,0,0,NA,NA,NA,NA,NA
52A,2021-09-10,CVR496,Cultivar,Fungicide,13,3,1,0.8794329131217452,0,0,0.5923314709195403,0.6889549362015731,0.658563349575011,0.02431187924033222,0.4902200699132128,0.3000856572135366
53A,2021-09-10,CVR015,Cultivar,Fungicide,14,3,1,0.8173111450116828,3,0.00307048618337504,0.5441134177902179,0.6776190754754621,0.6408245348959756,0.03843708808945963,0.4596767102925099,0.31654007409855306
54A,2021-09-10,CVR009,Cultivar,Fungicide,15,3,1,0.7537949079933647,1,7.419501102208628e-4,0.4459482207918094,0.6712748666179492,0.609575050074395,0.04938819020179944,0.4462861386269723,0.32122004315106495
37A,2021-09-10,WLD133,Wild cicer,Fungicide,16,1,1,0.6970953384648098,0,0,0.5175875939415687,0.7212273260977132,0.6708802558146281,0.12230892573053644,0.3179784526224615,0.523247769412321
38A,2021-09-10,CVR488,Cultivar,Fungicide,17,1,1,0.09272058942708485,0,0,0.06193288649699433,0.6697205927198091,0.6105582074938083,0.01806763674937736,0.40126943368921,0.3671068740942449
39A,2021-09-10,CVR493,Cultivar,Fungicide,18,1,1,0.7851323672356627,0,0,0.5799134556066912,0.6685684082170249,0.6372187427316437,0.08063016039421027,0.3469691550376919,0.4187340969172976
46A,2021-09-10,CVR482,Cultivar,Fungicide,16,2,1,0.3728366015465125,0,0,0.21189221065469127,0.6844552809992308,0.675343011403497,-0.00208167478818773,0.35085676889928663,0.4390296167390196
47A,2021-09-10,CVR485,Cultivar,Fungicide,17,2,1,0.8185300632022722,0,0,0.7119138145809323,0.7387596285603493,0.6910668644820103,0.09871014008878289,0.39660732592751863,0.4839477842504275
48A,2021-09-10,WLD132,Wild cicer,Fungicide,18,2,1,0.44556759510347055,0,0,0.21593985488641107,0.7700397102023764,0.6709559863011094,0.23105801641688983,0.3643170554129869,0.5639255346580292
55A,2021-09-10,CVR486,Cultivar,Fungicide,16,3,1,0.5264732900038376,0,0,0.34216347888916854,0.6850051016981588,0.6643176087685535,0.01910646299524073,0.36801266470608424,0.42383799025993896
56A,2021-09-10,WLD130,Wild cicer,Fungicide,17,3,1,0.5602386487942389,0,0,0.33901967754414347,0.767442058594314,0.7090829961953946,0.1571247113123488,0.3882751447502026,0.5401074028539444
57A,2021-09-10,CVR484,Cultivar,Fungicide,18,3,1,0.6874532981039251,3,0.00114604349718157,0.4984497032537285,0.7463487513144422,0.6745080301150365,0.1387885968201138,0.39794980068155095,0.49559541667186774
4A,2021-09-10,CVR493,Cultivar,Infected,4,1,1,0.418883886018178,24,0.01171549740566899,0.3095072424177204,0.6364145484923237,0.6055998732484089,0.07585848532248873,0.38091720315560507,0.33725516362390623
5A,2021-09-10,CVR489,Cultivar,Infected,5,1,1,0.02588545016156424,13,0.00563085747955336,0.00475499953435045,0.509648985361752,0.6051510684467587,0.07035116986116886,0.34609931076793077,0.1985763993873878
6A,2021-09-10,CVR010,Cultivar,Infected,6,1,1,0.17328843200288632,32,0.01097355037584851,0.06963519979230581,0.5842896203757841,0.6112706821727316,0.13270115610069613,0.3734874237560232,0.269645549477778
13A,2021-09-10,CVR017,Cultivar,Infected,4,2,1,0.05699436224312681,6,0.00239146240279087,0.00255433859283288,0.5066185200467362,0.6063314705535235,0.02259725772324987,0.23713051466350285,0.3062832555933076
14A,2021-09-10,CVR019,Cultivar,Infected,5,2,1,0.10670502584194398,21,0.00699881788895542,0.06248305173237372,0.6556357775372281,0.5940655986947124,0.1843820988828266,0.32811309720447485,0.41729156178446847
15A,2021-09-10,WLD131,Wild cicer,Infected,6,2,1,0.08575155716349799,0,0,0.01355764330042071,0.733668351052258,0.6186378656831402,0.3399736631502962,0.415380551793906,0.4578044091916826
22A,2021-09-10,Howzat,Cultivar,Infected,4,3,1,0.03949559919724787,10,0.0030174755770096,4.715702017537639e-4,0.3013555191329865,0.5346335095298959,-0.2526946581924394,0.213615010220246,0.09377733705029966
23A,2021-09-10,Genesis090,Cultivar,Infected,5,3,1,0.08268107574318193,27,0.01022166601878621,0.040279954733134,0.5896209244517453,0.5785091694987431,0.09999614358587824,0.34144107134084456,0.3107378446205051
24A,2021-09-10,CVR477,Cultivar,Infected,6,3,1,0.05737527417768597,12,0.00378592392598872,0.00165049570613817,0.587326784838903,0.6151911939832958,0.12049206091779124,0.3356710908646549,0.31345240357806947
61A,2021-09-10,CVR487,Cultivar,Fungicide,1,5,2,0.36028638137221086,1,8.346935146170599e-4,0.15176700993108636,0.6248832923106765,0.6421990355612871,0.03967468826355847,0.3816177009716391,0.31944175725528245
62A,2021-09-10,WLD132,Wild cicer,Fungicide,2,5,2,0.5321571585229987,0,0,0.393957606048457,0.76442435836314,0.7044391664925883,0.2780512746457983,0.30050438311933053,0.6022688908162894
63A,2021-09-10,CVR482,Cultivar,Fungicide,3,5,2,0.3864268769160451,5,0.00344807775827401,0.29697133455443286,0.6317292616948773,0.6259693575861008,0.12974456661736572,0.28505309959956376,0.422815193263529
70A,2021-09-10,WLD133,Wild cicer,Fungicide,1,6,2,0.4650305388205981,0,0,0.27834431158515915,0.7599724630805813,0.7022979494191144,0.167305888451367,0.37878313919508366,0.5352765878462802
71A,2021-09-10,WLD130,Wild cicer,Fungicide,2,6,2,0.3477394734756011,0,0,0.11223370801739582,0.7643934132807728,0.6957452720543013,0.26705199139539,0.3878752159577123,0.5351989330801543
72A,2021-09-10,WLD129,Wild cicer,Fungicide,3,6,2,0.37279022965882697,0,0,0.2335844399353644,0.782958075153308,0.6895436973787782,0.32513142373537857,0.3327922729139224,0.6087948471550543
79A,2021-09-10,CVR490,Cultivar,Fungicide,1,7,2,0.7678555267951357,0,0,0.701421377591911,0.7247409403917989,0.668050935068045,0.1634269859435765,0.3413146239797304,0.50944502206328
80A,2021-09-10,CVR494,Cultivar,Fungicide,2,7,2,0.8012664718725123,0,0,0.7536084799193276,0.7740365593258525,0.7144687169909323,0.1926429093823814,0.3962864959919524,0.5448896400401659
81A,2021-09-10,WLD131,Wild cicer,Fungicide,3,7,2,0.5779460853347024,0,0,0.35894351856823997,0.8082674263833025,0.7050331804349256,0.29874375115584506,0.4030812343003856,0.6009858330969999
88A,2021-09-10,CVR493,Cultivar,Fungicide,1,8,2,0.8654451644291942,4,0.0033652686828763,0.6335545660561819,0.7648745993783423,0.6984599086684693,0.17381573688818255,0.44778816081362793,0.48226205607028294
89A,2021-09-10,CVR477,Cultivar,Fungicide,2,8,2,0.6311081422883948,0,0,0.5203777176352785,0.7541246289197151,0.6956458930641072,0.17208322574795917,0.39959686899853086,0.5074438549121132
90A,2021-09-10,CVR488,Cultivar,Fungicide,3,8,2,0.2059607391549874,3,0.00153026884222773,0.07663015778498664,0.6680305539820413,0.6540451833818486,0.0980315343726477,0.40274618730945305,0.3629293252365213
64A,2021-09-10,CVR015,Cultivar,Fungicide,4,5,2,0.801236661373286,0,0,0.6521815890254555,0.7053596409719803,0.645303979241475,0.10130686675267188,0.4238068095887322,0.40160801204552427
65A,2021-09-10,CVR016,Cultivar,Fungicide,5,5,2,0.6674504531230311,5,0.00246764255456915,0.4898042495549095,0.6661807835494125,0.6226433847942024,0.09694832182740834,0.3751296555277539,0.3880185911555241
66A,2021-09-10,CVR485,Cultivar,Fungicide,6,5,2,0.10471103467146904,21,0.01017199080054069,0.02719388163446705,0.559367470732178,0.62201520039922,-0.0382220215292491,0.45999561838467046,0.13379929109548447
73A,2021-09-10,CVR010,Cultivar,Fungicide,4,6,2,0.2627861752358314,0,0,0.13911320951736036,0.706187385144323,0.6543750025247282,0.03832273785217284,0.4836870990545479,0.33792741185085146
74A,2021-09-10,Genesis090,Cultivar,Fungicide,5,6,2,0.7248025413568744,14,0.00461067506146369,0.6371699376029607,0.694733847575435,0.6376558116824781,0.08506732121297508,0.42618629808169767,0.38150621708204374
75A,2021-09-10,CVR019,Cultivar,Fungicide,6,6,2,0.6144904451085397,22,0.01115241947374594,0.5030868102376405,0.6911549547216137,0.6041474915995537,0.09327291032267242,0.4423420922885008,0.35837896174091205
82A,2021-09-10,CVR017,Cultivar,Fungicide,4,7,2,0.2431808035779557,3,0.00147065198412679,0.19137890687840253,0.6307870041089964,0.5951116341154064,0.02288808767740111,0.39982293489557824,0.3088593610061478
83A,2021-09-10,CVR496,Cultivar,Fungicide,5,7,2,0.7827442150198614,6,0.00298767012569719,0.4922013980804911,0.7515493136159566,0.6708413841520884,0.12441728065379053,0.4819046934302958,0.4227565241841786
84A,2021-09-10,CVR009,Cultivar,Fungicide,6,7,2,0.644397000387972,2,0.00146734197865294,0.4846562748524309,0.713056513635682,0.6272113855256031,0.12492185284306533,0.42777931248531786,0.4104889993410252
67A,2021-09-10,CVR481,Cultivar,Fungicide,7,5,2,0.35903434040470333,5,0.00247426872634104,0.17943246176730718,0.6213911941895728,0.6339079096550403,0.00231870368639969,0.37315493839170966,0.3231717729542987
68A,2021-09-10,CVR489,Cultivar,Fungicide,8,5,2,0.24092183019213528,0,0,0.17644585048953337,0.629678080660237,0.6149533826112035,0.11795723928160426,0.3560983712162473,0.3526544865101268
69A,2021-09-10,Howzat,Cultivar,Fungicide,9,5,2,0.48211195487730785,6,0.00337520978879413,0.3172488532298447,0.667031730624194,0.6307439812733517,0.14609478708342025,0.38074365821834416,0.3837477631874842
76A,2021-09-10,CVR484,Cultivar,Fungicide,7,6,2,0.26910268879412996,24,0.01595853197866125,0.20839473165835085,0.629262342829293,0.6357173916928042,-0.02391051215476124,0.429826968703986,0.27337662223749365
77A,2021-09-10,CVR492,Cultivar,Fungicide,8,6,2,0.29580295926788164,11,0.00566066822918731,0.22713964717806295,0.652830108210119,0.6116436432837127,0.09699956602406544,0.4363897172602107,0.30266656939847175
78A,2021-09-10,CVR011,Cultivar,Fungicide,9,6,2,0.05309912367754785,0,0,0.04318797097728221,0.6528110217784024,0.5626426352562878,0.07853516877692461,0.5024898444854025,0.22370251736905583
85A,2021-09-10,CVR495,Cultivar,Fungicide,7,7,2,0.22159800213806413,21,0.01068870508038327,0.13471188763432523,0.5873632655296347,0.6385575532325147,0.00235297552941768,0.3901848001081817,0.25580358744787085
86A,2021-09-10,CVR491,Cultivar,Fungicide,8,7,2,0.8003456586741867,1,4.3721890643921466e-4,0.6206256830247662,0.7077629495650474,0.6552809895002947,0.12752331471461725,0.4343381353819741,0.39478507954485287
87A,2021-09-10,CVR486,Cultivar,Fungicide,9,7,2,0.614887918431558,1,2.1198492433416473e-4,0.4554189223436975,0.6796080025358826,0.6199788816514685,0.10492802812028997,0.4274007907102728,0.3554542214164668
7A,2021-09-10,CVR487,Cultivar,Infected,7,1,1,0.02960182573178499,11,0.00736649727280072,0.00247574355920726,0.6794931193688911,0.6287683301372955,0.20274464370675097,0.34512152958611503,0.4368059506747368
8A,2021-09-10,WLD132,Wild cicer,Infected,8,1,1,0.01240779223355338,0,0,0,NA,NA,NA,NA,NA
9A,2021-09-10,CVR492,Cultivar,Infected,9,1,1,0.13129868770369887,29,0.02131447816317161,0.07309338127183342,0.6361233274534207,0.5907432821399186,0.11466013789480536,0.3393533962077505,0.3784706141967309
16A,2021-09-10,CVR490,Cultivar,Infected,7,2,1,0.02041687969237134,18,0.01115904075793115,0.00102173543713315,0.6089964939560746,0.6650633551247931,0.2269128754562467,0.20047167475761807,0.46533609643712
17A,2021-09-10,CVR011,Cultivar,Infected,8,2,1,0.01770081198507989,13,0.00534269273201821,0.00727004061037052,0.626196604496546,0.585632321463985,0.16951132647054118,0.28382589343444237,0.41637302665919734
18A,2021-09-10,CVR486,Cultivar,Infected,9,2,1,0.08504604201514057,39,0.01781671594539135,0.03210607123606876,0.631477006755908,0.5662811496199104,0.19715363784198495,0.2940443104883151,0.4143747133936583
25A,2021-09-10,CVR484,Cultivar,Infected,7,3,1,0.01348097020570268,0,0,0,NA,NA,NA,NA,NA
26A,2021-09-10,CVR494,Cultivar,Infected,8,3,1,0.01534247026850487,7,0.00313340967903261,0,NA,NA,NA,NA,NA
27A,2021-09-10,WLD133,Wild cicer,Infected,9,3,1,0.0093174371470864,0,0,0.00137541308844847,0.6272837848536764,0.6403962734940452,0.14155503909766376,0.2527472402561419,0.4451054527648058
91A,2021-09-10,CVR484,Cultivar,Infected,10,5,2,0.02600800443616154,10,0.0037693614537546,0,NA,NA,NA,NA,NA
92A,2021-09-10,WLD132,Wild cicer,Infected,11,5,2,0.01542527721080034,0,0,0,NA,NA,NA,NA,NA
93A,2021-09-10,CVR488,Cultivar,Infected,12,5,2,0.01861168835033007,0,0,0,NA,NA,NA,NA,NA
100A,2021-09-10,CVR494,Cultivar,Infected,10,6,2,0.08563562744428434,21,0.00853240922260574,0.00597322255554767,0.6377192528313506,0.6751765542256567,0.0056185725656896,0.4582541947475102,0.25356678806102756
101A,2021-09-10,WLD130,Wild cicer,Infected,11,6,2,0.2753662059093594,0,0,0.16874353719422186,0.7712699330298023,0.6962273125915224,0.3036742467396515,0.3958964926368627,0.5403724047287876
102A,2021-09-10,CVR482,Cultivar,Infected,12,6,2,0.02920104013107491,13,0.00624362278710662,0.00444061939984794,0.5903479201077304,0.5791684479657814,0.212147133203114,0.4431731392033582,0.1993229025788575
109A,2021-09-10,CVR016,Cultivar,Infected,10,7,2,0.26179911648366944,26,0.01072513448558462,0.14103878784118823,0.695983228500565,0.6655544646922702,0.1491420233975127,0.36615715819064193,0.44262404638039454
110A,2021-09-10,CVR011,Cultivar,Infected,11,7,2,0.08833182148542487,3,0.00168263300659291,0.07615858758323288,0.6600435316849114,0.5977555626584836,0.12665067089697302,0.388039912554493,0.3656568287634815
111A,2021-09-10,WLD133,Wild cicer,Infected,12,7,2,0.01520335460544848,0,0,0.00129681805482285,0.6523784383822295,0.594546108200353,0.3517212002267213,0.31724840698894946,0.4225922721912014
118A,2021-09-10,CVR477,Cultivar,Infected,10,8,2,0.04150615175618191,27,0.01052639295104985,0.00856685866519337,0.552148943444234,0.6569765736380161,-0.01342693512273295,0.30328625325478936,0.29891950700212
119A,2021-09-10,CVR487,Cultivar,Infected,11,8,2,0.02853527231501932,1,4.173453197828868e-4,0.01261450289691318,0.6550705019392503,0.655709442390452,0.12273603173092015,0.3108142376337383,0.4322683686728451
120A,2021-09-10,CVR010,Cultivar,Infected,12,8,2,0.23415153459005755,8,0.00286842100739666,0.13675535850859155,0.6899418580520091,0.6641696866512896,0.12732938468995678,0.4499039415070524,0.34808664232786746
94A,2021-09-10,CVR481,Cultivar,Infected,13,5,2,0.05264865391146049,26,0.01683629684198592,0.00271152866008414,0.4936834991465026,0.4727057020452316,-0.01831835790347322,0.26588159801587913,0.2622214438612957
95A,2021-09-10,CVR489,Cultivar,Infected,14,5,2,0.01498805655548025,0,0,0,NA,NA,NA,NA,NA
96A,2021-09-10,CVR015,Cultivar,Infected,15,5,2,0.2908511041186125,9,0.00426289378439215,0.24411617444119849,0.6834716372395838,0.6514216984204573,0.16542575343893257,0.32139490758769257,0.4640012386512485
103A,2021-09-10,WLD129,Wild cicer,Infected,13,6,2,0.08582442727271801,0,0,0.01009946182089311,0.7662441920982039,0.7106227239356143,0.2134043823260253,0.3502320191917853,0.568604807294515
104A,2021-09-10,CVR491,Cultivar,Infected,14,6,2,0.16157621808461492,26,0.01274230685805868,0.12036829399764824,0.701892103586355,0.6226674009591987,0.1435715589713007,0.3343015018169357,0.4802868235625447
105A,2021-09-10,CVR495,Cultivar,Infected,15,6,2,0.00931081259170276,0,0,0,NA,NA,NA,NA,NA
112A,2021-09-10,CVR496,Cultivar,Infected,13,7,2,0.13071903910763058,22,0.01385524455039915,0.07529404221335098,0.6381930210922795,0.662029298888045,0.09496361008650288,0.25374297771816645,0.45873644611616365
113A,2021-09-10,CVR486,Cultivar,Infected,14,7,2,0.0624596204346279,21,0.00556792544088677,0.03226326130332001,0.6253981155010453,0.6267982006604357,0.0582171077408192,0.312021055385347,0.3893547201001667
114A,2021-09-10,CVR485,Cultivar,Infected,15,7,2,0.02286796518431728,7,0.002295399546311,0,NA,NA,NA,NA,NA
97A,2021-09-10,CVR017,Cultivar,Infected,16,5,2,0.05522560595569555,31,0.01859841626826429,0.0201596261249734,0.5227392682712994,0.6073717985837626,0.0031096352824793,0.333644801279671,0.22904140403353176
98A,2021-09-10,Genesis090,Cultivar,Infected,17,5,2,0.287111542604549,33,0.01802208451421238,0.1463439526109181,0.6865582539974987,0.6541861306935883,0.10295380370535234,0.4283340086293688,0.36579622804319495
99A,2021-09-10,CVR009,Cultivar,Infected,18,5,2,0.505913982370718,4,0.00302080098456938,0.3650346336742261,0.7045976097133503,0.6703472714984128,0.1921879588000666,0.3780442259406532,0.44511942594229786
106A,2021-09-10,CVR019,Cultivar,Infected,16,6,2,0.2616699376536885,25,0.01263301445310998,0.23747489409983297,0.6795094694475193,0.6344094905361417,0.09740489016813036,0.4099053303292577,0.37368960695142434
107A,2021-09-10,CVR490,Cultivar,Infected,17,6,2,0.4188077036312661,8,0.0029909764346638,0.3590614111186784,0.7156679727078243,0.6652306547147098,0.1395544661165864,0.4357418066195931,0.40677864449236834
108A,2021-09-10,WLD131,Wild cicer,Infected,18,6,2,0.00834362750569166,0,0,0.0014540081220741,0.6113676208756657,0.4711746878171126,-0.2517320679795834,0.6753708689026318,-0.1090159003406916
115A,2021-09-10,CVR493,Cultivar,Infected,16,7,2,0.4612744159180755,45,0.02369597173631087,0.2824705508505046,0.6825259571690918,0.6486861461771659,0.1125954871323954,0.40488509342106166,0.3836644601147764
116A,2021-09-10,Howzat,Cultivar,Infected,17,7,2,0.0040608524501699,1,2.1198492433416473e-4,0,NA,NA,NA,NA,NA
117A,2021-09-10,CVR492,Cultivar,Infected,18,7,2,0.2673703675613087,5,0.0022523398210505,0.09124883403935331,0.7104714444226028,0.5881244423870953,0.17317983914425644,0.5117248504877715,0.3122814945946837
121A,2021-09-14,CVR019,Cultivar,Infected,1,9,3,0.29592882582017077,23,0.01432558684058995,0.22513547382060947,0.6111192420077336,0.604713054333003,0.09550702726419,0.2757108320827602,0.403373735993145
122A,2021-09-14,CVR016,Cultivar,Infected,2,9,3,0.24543646468608435,20,0.01292119287771302,0.1205254840648995,0.6162396756672156,0.6292785150725324,0.15007884896870508,0.2261360133132274,0.4532684226446543
123A,2021-09-14,WLD131,Wild cicer,Infected,3,9,3,0.21802736678628343,17,0.00462723663011026,0.03069136063080747,0.624464207648929,0.6790895024589122,0.1668191235541216,0.24901957055303425,0.4445782479715356
130A,2021-09-14,CVR485,Cultivar,Infected,1,10,3,0.10894743783930534,33,0.01484228571837258,0.08464685121480063,0.5772431236531461,0.570377112460313,0.05896345852114416,0.23827912867770287,0.3930222335902979
131A,2021-09-14,CVR010,Cultivar,Infected,2,10,3,0.04456669634342251,0,0,0.0049121896016017,0.568588927365062,0.5861893643007419,0.1599146937760045,0.2597115381297906,0.3623914033941531
132A,2021-09-14,CVR491,Cultivar,Infected,3,10,3,0.2705634032562221,2,3.908475328184061e-4,0.19809878225339367,0.6638745201588027,0.616649365239303,0.17624313509071013,0.2643738620962088,0.48454338673826686
139A,2021-09-14,CVR011,Cultivar,Infected,1,11,3,0.3153387730942292,20,0.00966189944773004,0.2419155134996809,0.678101915104868,0.6115790260806319,0.154853343571919,0.26706626332365624,0.501935181952069
140A,2021-09-14,WLD132,Wild cicer,Infected,2,11,3,0.07834861652228288,0,0,0.00102173543713315,0.7138717395903335,0.6773021487206182,0.04413058113213931,0.3740094770490519,0.46365600228844345
141A,2021-09-14,CVR487,Cultivar,Infected,3,11,3,0.0139943732479346,0,0,0,NA,NA,NA,NA,NA
148A,2021-09-14,CVR495,Cultivar,Infected,1,12,3,0.03035702504551968,4,0.00126528501711954,0.00290801624414821,0.5021851457345203,0.596005722293324,0.04296255526938293,0.182648396801242,0.3518055159540639
149A,2021-09-14,CVR493,Cultivar,Infected,2,12,3,0.5878928552432344,17,0.00764140454277194,0.5790096127199965,0.7216178600973233,0.6554178257098335,0.22410974547552337,0.2825712351422286,0.5515026820354433
150A,2021-09-14,CVR492,Cultivar,Infected,3,12,3,0.2878700541959755,6,0.00261006996667833,0.2107525826671197,0.6714131566408643,0.5983213015848216,0.1798075888432205,0.3188940766061471,0.4485601494753291
124A,2021-09-14,Howzat,Cultivar,Infected,4,9,3,0.04880972406664245,16,0.00656491584703997,3.5367765131532296e-4,0.28542093287886994,0.5894179811080302,-0.3239740661204907,0.43137257257658873,-0.16644478085034028
125A,2021-09-14,CVR496,Cultivar,Infected,5,9,3,0.166657252063865,32,0.01795915834887707,0.09498209813657062,0.6294313608179974,0.6342190214346435,0.23542768655489812,0.31619260993225967,0.39107013282656966
126A,2021-09-14,CVR484,Cultivar,Infected,6,9,3,0.03295053847821384,0,0,0,NA,NA,NA,NA,NA
133A,2021-09-14,CVR482,Cultivar,Infected,4,10,3,0.11546600033680482,16,0.0068762737976165,0.08279986792459838,0.6345000190815966,0.6440406287602771,0.19752065549190215,0.29360653672817266,0.4189390410853936
134A,2021-09-14,CVR015,Cultivar,Infected,5,10,3,0.5484502524890557,39,0.01847253461200688,0.5530732516235395,0.7207650979675059,0.6693916603445382,0.2453598415652788,0.3670935150926759,0.4809163786682203
135A,2021-09-14,CVR481,Cultivar,Infected,6,10,3,0.06770295602077712,19,0.00566728655617691,0.00455851195028638,0.6372065191435244,0.5535050794302988,0.22673130608621328,0.3574872774885321,0.3622336014776749
142A,2021-09-14,WLD129,Wild cicer,Infected,4,11,3,0.14634636525763187,3,6.193937382940162e-4,0.08676891712269257,0.748757681079124,0.7029183462491988,0.2406710840028685,0.36492209191579456,0.5281449841828841
143A,2021-09-14,CVR477,Cultivar,Infected,5,11,3,0.02188421870984708,26,0.01043364679481885,0.00451921443347357,0.4533364330865332,0.5397179592861376,-0.15078386053544013,0.452442157611008,0.00112502837327309
144A,2021-09-14,WLD133,Wild cicer,Infected,6,11,3,0.01025812401156295,0,0,0,NA,NA,NA,NA,NA
127A,2021-09-14,CVR489,Cultivar,Infected,7,9,3,0.02826366554429017,9,0.00445168628606874,9.431404035075278e-4,0.5432141635073363,0.6392931626106394,0.34360840420337496,0.17180617144609717,0.4096385528234165
128A,2021-09-14,CVR009,Cultivar,Infected,8,9,3,0.3853305130000531,45,0.0178498194501787,0.3767845912012574,0.6733520825355791,0.6342698678749232,0.22535086149229408,0.26324932626066044,0.4984594137937818
129A,2021-09-14,CVR486,Cultivar,Infected,9,9,3,0.13616111135528894,26,0.01712113996063883,0.05863189508471798,0.609462031069948,0.5817327427450226,0.21606122531362076,0.2746696411071693,0.4021050665503289
136A,2021-09-14,CVR488,Cultivar,Infected,7,10,3,0.01201031891053512,7,0.00223246623439417,0.00223995845833037,0.5294972672342446,0.6007278165568977,0.09051643666044874,0.20180851744273137,0.36689395903156824
137A,2021-09-14,CVR490,Cultivar,Infected,8,10,3,0.24860300215946315,44,0.01986036762233238,0.21330692125995257,0.673449788838515,0.616083722874506,0.1435268024399377,0.3475078649221139,0.4255278146628998
138A,2021-09-14,CVR494,Cultivar,Infected,9,10,3,0.00806870845727069,7,0.00291148290948171,0,NA,NA,NA,NA,NA
145A,2021-09-14,CVR017,Cultivar,Infected,7,11,3,0.28435572756495575,16,0.01156316137578519,0.2263536968418067,0.6439987344359978,0.6085737609514077,0.1624577442625766,0.30040525337878893,0.426009544397489
146A,2021-09-14,Genesis090,Cultivar,Infected,8,11,3,0.06616605917177318,28,0.01735631767726678,0.04743210279306609,0.6091989082765702,0.58808670769189475,0.12703769278687238,0.3206874000910013,0.35856081448024346
147A,2021-09-14,WLD130,Wild cicer,Infected,9,11,3,0.09702655042644932,2,3.9747173312655885e-4,0.03190958365200469,0.7355109983246969,0.6636357582932514,0.2825912897790845,0.3535711683332802,0.516173606556005
151A,2021-09-14,WLD130,Wild cicer,Fungicide,10,9,3,0.518219093995825,1,0.0017886258794816,0.409558720223144,0.6858931679492053,0.6336541382600432,0.07693482539818551,0.3926770588509555,0.40130006667099105
152A,2021-09-14,CVR482,Cultivar,Fungicide,11,9,3,0.5761773290472711,0,0,0.5485540371900659,0.6510266452510138,0.6455098353772618,0.02920643382611355,0.3553392682779047,0.38467668567024743
153A,2021-09-14,CVR491,Cultivar,Fungicide,12,9,3,0.5679264453169504,1,6.492038307733794e-4,0.49318383600081145,0.6381380605455712,0.6334306839916276,0.07173287392057688,0.3589214593924074,0.3621681074484106
160A,2021-09-14,Howzat,Cultivar,Fungicide,10,10,3,0.7212153446166346,0,0,0.7289296393608806,0.71933606355476,0.6722792013601779,0.05107431942611453,0.3828834335517342,0.46434278417687286
161A,2021-09-14,CVR009,Cultivar,Fungicide,11,10,3,0.8194541886782896,1,6.75704410644824e-4,0.8500445861779723,0.758270277336926,0.7006695731394387,0.11934988474047284,0.405342611200027,0.5095392788868244
162A,2021-09-14,CVR484,Cultivar,Fungicide,12,10,3,0.5017570738674854,0,0,0.4508604103934111,0.7044239221916754,0.6631960921482531,0.1070013444930848,0.33976647104491303,0.4793958849529014
169A,2021-09-14,CVR019,Cultivar,Fungicide,10,11,3,0.8998067332041229,1,5.564604263771823e-4,0.912095365225405,0.7661062233719964,0.6923185546431596,0.10312005668146967,0.4582975962762322,0.47435788015277386
170A,2021-09-14,CVR495,Cultivar,Fungicide,11,11,3,0.837675028260985,0,0,0.8476081401355778,0.7646919469484639,0.6979059041479543,0.14149297931249927,0.3905405956555509,0.5334679540309667
171A,2021-09-14,CVR010,Cultivar,Fungicide,12,11,3,0.34416552584612853,0,0,0.28125232782930737,0.7109228786832992,0.6223224127215227,0.1466391593095903,0.4086100539918199,0.4260869123493833
178A,2021-09-14,CVR016,Cultivar,Fungicide,10,12,3,0.9528495481609098,7,0.00461068327590867,0.9375601561201083,0.7355267486237784,0.6883366954869746,0.10786430373662974,0.4155325501966707,0.4608445691505398
179A,2021-09-14,CVR494,Cultivar,Fungicide,11,12,3,0.7767158696207511,1,6.45891566330658e-4,0.7837496753147557,0.7294408618223469,0.6806259052404446,0.0867995198502334,0.40384071109252145,0.46156784465789974
180A,2021-09-14,WLD129,Wild cicer,Fungicide,12,12,3,0.43269277171537074,0,0,0.2844747242079581,0.7250628177265953,0.6453575025121475,0.14087586183525935,0.4023177741960716,0.45566514489694904
154A,2021-09-14,CVR493,Cultivar,Fungicide,13,9,3,0.7679217723489721,6,0.00509097365425923,0.7417013323250451,0.6806340521847596,0.6587651316532546,0.17494873297008634,0.2948541077997135,0.4826398476297856
155A,2021-09-14,WLD132,Wild cicer,Fungicide,14,9,3,0.6191375707101615,0,0,0.5878515540028796,0.7931874520601708,0.7144923768513085,0.32455508858329973,0.3149317300113774,0.6375042069681514
156A,2021-09-14,CVR489,Cultivar,Fungicide,15,9,3,0.5185536340426987,0,0,0.4627282604708808,0.7057848567545387,0.6527011893693638,0.21354185446277,0.3174425817816703,0.500470850858216
163A,2021-09-14,WLD131,Wild cicer,Fungicide,13,10,3,0.00254382926731687,0,0,7.466528194434596e-4,0.673379011313493,0.5906020198206237,0.3921930216381541,0.21718146654244191,0.534342733608114
164A,2021-09-14,CVR485,Cultivar,Fungicide,14,10,3,0.7183899717455131,28,0.01722052157096238,0.7306587301006444,0.7049068298434032,0.6580706776898511,0.2024971786043899,0.3174394160507211,0.4991626502703777
165A,2021-09-14,CVR488,Cultivar,Fungicide,15,10,3,0.03711738381452194,2,7.618208218259044e-4,0.02444305545757009,0.6743496046058393,0.5809180618803153,0.02585149631358323,0.4986366733672887,0.26472975111435326
172A,2021-09-14,CVR481,Cultivar,Fungicide,13,11,3,0.42265988258685144,0,0,0.47310280490946366,0.6677213815568157,0.6558796987120545,0.14823148686871687,0.24175698461910528,0.5079629863004639
173A,2021-09-14,CVR490,Cultivar,Fungicide,14,11,3,0.5216837364614676,9,0.00623370303875083,0.5178626765592584,0.6870967606140257,0.6504767466918948,0.14223138938528154,0.3298404334058668,0.4619488557887369
174A,2021-09-14,CVR486,Cultivar,Fungicide,15,11,3,0.5132374283473295,1,0.00129510361154901,0.5259579650226981,0.6446225476150057,0.623006232052016,0.1578747062895738,0.28254688163832864,0.4427089419680058
157A,2021-09-14,CVR492,Cultivar,Fungicide,16,9,3,0.692610514470087,0,0,0.6906931555020129,0.7109292425445303,0.6400618592625308,0.10910099564002432,0.4195760773930632,0.41520387286414817
158A,2021-09-14,CVR487,Cultivar,Fungicide,17,9,3,0.2109523416365584,0,0,0.1872919651298699,0.6646429062232451,0.6183423582731525,0.1097876848006537,0.3908767121400756,0.36985107486594937
159A,2021-09-14,CVR477,Cultivar,Fungicide,18,9,3,0.7195558934930333,1,6.293322977251133e-4,0.6620845632622846,0.7553062718524591,0.6797066515625816,0.18792923466122613,0.4155213150940522,0.4952020758339203
166A,2021-09-14,CVR017,Cultivar,Fungicide,16,10,3,0.5473340149069127,11,0.00541886976231224,0.5809351910438244,0.7418331584905624,0.6603515612340155,0.13031935733199582,0.4422959594656502,0.4458127278207326
167A,2021-09-14,CVR015,Cultivar,Fungicide,17,10,3,0.9181236288398812,11,0.00718100635677947,0.93339461933795,0.7975334761954557,0.7210000091436888,0.21311950185840747,0.45236556033201286,0.5399801663971537
168A,2021-09-14,Genesis090,Cultivar,Fungicide,18,10,3,0.8033300208745154,10,0.00762486806924134,0.7765189322211979,0.7618441952701968,0.6753042776246898,0.19565549592538037,0.44096554097442536,0.483212443156738
175A,2021-09-14,CVR011,Cultivar,Fungicide,16,11,3,0.15084112608543004,0,0,0.14402539911896206,0.7189563580119118,0.6575203255194323,0.08785972723578539,0.449714614098701,0.3978894091991616
176A,2021-09-14,CVR496,Cultivar,Fungicide,17,11,3,0.8773097431212893,12,0.01118887857416977,0.8677284687437384,0.7797813404523649,0.7069537734664967,0.1873804083897379,0.4568279404865827,0.5016564069079792
177A,2021-09-14,WLD133,Wild cicer,Fungicide,18,11,3,0.7106856138343425,0,0,0.5452137482609767,0.798058378881376,0.6997459265233923,0.23789835939910317,0.4635687944258287,0.5308978938445211
1A,2021-09-14,CVR482,Cultivar,Infected,1,1,1,0.09942463947532616,2,0.00249745950611217,0.02739036921853112,0.5603338358838772,0.6134848668170187,0.03225480197625728,0.43128014514376617,0.17017938756462986
2A,2021-09-14,CVR016,Cultivar,Infected,2,1,1,0.3751783818746284,15,0.01203350415880372,0.3456216603686961,0.6771428325824841,0.6702282264134845,0.2379291622805416,0.33213406968752696,0.4451164291876392
3A,2021-09-14,CVR496,Cultivar,Infected,3,1,1,0.21486414159059644,26,0.01769748033985682,0.08311424805910089,0.5929792095267575,0.6635586428296686,0.3145601045223901,0.2604234308236005,0.3932898278686455
10A,2021-09-14,CVR485,Cultivar,Infected,1,2,1,0.2178451915132334,31,0.01772065908545925,0.18359799854946543,0.6365774380690649,0.6345331964961847,0.1549337927731679,0.3747186203983928,0.34388927877981357
11A,2021-09-14,CVR481,Cultivar,Infected,2,2,1,0.1790319215205002,27,0.01138426812741773,0.02758685680259519,0.5944575654531818,0.6098258175741282,0.19169437861649632,0.2473424059710479,0.40695102641916553
12A,2021-09-14,CVR009,Cultivar,Infected,3,2,1,0.5136978349464923,54,0.02489170741457773,0.4877214811638303,0.7215510758871332,0.6765688051994837,0.3053446150455861,0.32346970699813754,0.519281665539669
19A,2021-09-14,CVR495,Cultivar,Infected,1,3,1,0.15961203741336633,1,4.736538153091493e-4,0.03572144278284762,0.6286351706897437,0.5936968927784289,0.1351639846857395,0.41651832778047393,0.2873581450240436
20A,2021-09-14,CVR488,Cultivar,Infected,2,3,1,0.02501763340630771,12,0.00358055864295332,0.01230012276241067,0.5982628146148745,0.6162201510823434,0.07875350174052785,0.3236628630326721,0.3405407063460009
21A,2021-09-14,WLD130,Wild cicer,Infected,3,3,1,0.14209008842364468,0,0,0.05764945716439764,0.7556514433950159,0.676152892724305,0.3752925790008233,0.3774593540174379,0.5291084900550973
28A,2021-09-14,CVR491,Cultivar,Infected,1,4,1,0.33518594102360766,29,0.0123945123557385,0.30667782120719783,0.667593467539125,0.6300852886626174,0.2216800212234033,0.33783969271184017,0.4257851826580555
29A,2021-09-14,CVR015,Cultivar,Infected,2,4,1,0.4626953830478658,11,0.00492865257118142,0.4671688798707288,0.737387659013047,0.6831097418871346,0.2827084460815073,0.3710993424203236,0.5042821352061024
30A,2021-09-14,WLD129,Wild cicer,Infected,3,4,1,0.3604155602021918,12,0.00389853623481588,0.26914869265096075,0.7834032750307834,0.716065748634149,0.3324353738301582,0.38876211899615526,0.5674677141702016
31A,2021-09-14,CVR011,Cultivar,Fungicide,10,1,1,0.2398519644976778,0,0,0.215743367302347,0.5883276861109609,0.6016618278896335,0.00607336651414592,0.3188715786685552,0.33167950743447017
32A,2021-09-14,WLD131,Wild cicer,Fungicide,11,1,1,0.17233118374995068,0,0,0.0998156927045467,0.6523300842954106,0.6500454394546749,0.16451476189907047,0.3066697587780721,0.4321023644639429
33A,2021-09-14,CVR019,Cultivar,Fungicide,12,1,1,0.6429097877043454,4,0.00189792752567931,0.5766124641944148,0.6697657891622618,0.6587607364890342,0.08155037608691151,0.3780953950386012,0.39057874295215816
40A,2021-09-14,CVR487,Cultivar,Fungicide,10,2,1,0.210886096082722,24,0.01128160062101666,0.17117998323661632,0.640672133877017,0.6199759569565056,0.07749365934752203,0.3035255183166635,0.4185350925995306
41A,2021-09-14,CVR490,Cultivar,Fungicide,11,2,1,0.5070467813413201,4,0.00253389318281727,0.4613528473824324,0.6801892298375617,0.6551566378110664,0.0654883288430007,0.3723857675315757,0.412214396128026
42A,2021-09-14,Howzat,Cultivar,Fungicide,12,2,1,0.6178590315211194,1,3.643490886993456e-4,0.5805815133925091,0.7001794447753001,0.682602707822637,0.10114408304331352,0.33043041398961787,0.4810435465509056
49A,2021-09-14,CVR489,Cultivar,Fungicide,10,3,1,0.4173370523360986,0,0,0.39446847376702354,0.6944035256607901,0.6665288996375309,0.04275563275336287,0.34019821563192565,0.4637620681663972
50A,2021-09-14,CVR016,Cultivar,Fungicide,11,3,1,0.9244931388412488,1,4.3721890643921466e-4,0.9305651981274274,0.7843357243419469,0.7286463167768489,0.18775437149596028,0.4147181418176792,0.5478074255103225
51A,2021-09-14,WLD129,Wild cicer,Fungicide,12,3,1,0.6357585801677085,0,0,0.515426230516864,0.7938453098129064,0.7050525253989867,0.25333594060543563,0.386359150080827,0.5877566481629997
58A,2021-09-14,CVR477,Cultivar,Fungicide,10,4,1,0.7436659628117827,3,0.00276575210452937,0.7387147210472712,0.6890505170484253,0.660722749757998,0.10075908071119674,0.3308587999661377,0.463965943046134
59A,2021-09-14,CVR492,Cultivar,Fungicide,11,4,1,0.7002088794951195,0,0,0.6473086969406666,0.7027261734593617,0.665183137462343,0.07996098283096725,0.4025255195067689,0.4186112032291324
60A,2021-09-14,CVR495,Cultivar,Fungicide,12,4,1,0.5414017255608651,0,0,0.5708357292229312,0.6912704942298464,0.6714662127926713,0.08547681882194934,0.3258139404262978,0.4716941301182538
34A,2021-09-14,Genesis090,Cultivar,Fungicide,13,1,1,0.8508313952528894,5,0.00417678435547848,0.7613500907314519,0.6178111075202053,0.5666728199423829,0.00143537026168199,0.35975245997654515,0.331805407396083
35A,2021-09-14,CVR491,Cultivar,Fungicide,14,1,1,0.607518100567261,0,0,0.5567279206871312,0.6715863771612478,0.5989735548299474,-0.00432451567636932,0.4240269236708638,0.34612599817926654
36A,2021-09-14,CVR494,Cultivar,Fungicide,15,1,1,0.5704106535858146,4,0.0023517155580555,0.44685206367850416,0.6118666340980143,0.5754572678189854,-0.0098952337412634,0.3566257985390259,0.32648153022804105
43A,2021-09-14,CVR481,Cultivar,Fungicide,13,2,1,0.7931845143044743,0,0,0.7776585602087696,0.7062254161924805,0.6599309607036128,0.01274921985950788,0.3955194318253386,0.4311324269056543
44A,2021-09-14,CVR017,Cultivar,Fungicide,14,2,1,0.9086803251405056,1,6.889536737765154e-4,0.8792819386867057,0.7312565893661913,0.6538719165926657,0.04611763069023166,0.459468507212023,0.409312850291005
45A,2021-09-14,CVR010,Cultivar,Fungicide,15,2,1,0.00385880351096895,0,0,0,NA,NA,NA,NA,NA
52A,2021-09-14,CVR496,Cultivar,Fungicide,13,3,1,0.9042584344219274,12,0.0123647457998137,0.8566072714857121,0.6671714601342779,0.6525840908016547,-0.01246096388544251,0.4344731210969912,0.32768324883002786
53A,2021-09-14,CVR015,Cultivar,Fungicide,14,3,1,0.8540906765016392,22,0.01961861573135181,0.813615788092494,0.6838530599206184,0.6336983373509877,0.01529541904000115,0.4233965909870024,0.36660312395580785
54A,2021-09-14,CVR009,Cultivar,Fungicide,15,3,1,0.7478493695365499,1,5.564604263771823e-4,0.693640469262974,0.6679153758546404,0.609545881161784,0.02475783986370932,0.3697896897004585,0.3959110520014259
37A,2021-09-14,WLD133,Wild cicer,Fungicide,16,1,1,0.7406948497222212,0,0,0.7149004258587062,0.7499795333340725,0.6884820462511729,0.23767642012200677,0.33486895612070583,0.5543269411490723
38A,2021-09-14,CVR488,Cultivar,Fungicide,17,1,1,0.11299172890101614,0,0,0.06429073750576315,0.6905170818027684,0.6203772667985673,0.08214588682156769,0.44194608885825937,0.35774429206020125
39A,2021-09-14,CVR493,Cultivar,Fungicide,18,1,1,0.7979707555691525,3,0.00337852636582651,0.7319162506386544,0.6801121978815496,0.6589649360729577,0.1831936804763523,0.33809803082554807,0.44414228478377954
46A,2021-09-14,CVR482,Cultivar,Fungicide,16,2,1,0.38315765883422,0,0,0.3802820701975978,0.6826316499470403,0.6728012538242066,0.12622041739021142,0.32362976246987685,0.46080229248123133
47A,2021-09-14,CVR485,Cultivar,Fungicide,17,2,1,0.8123592898624137,1,4.769679279991262e-4,0.7829637249784994,0.7454170731892205,0.7012455748922954,0.20903413524514752,0.39821280210519666,0.493773273935715
48A,2021-09-14,WLD132,Wild cicer,Fungicide,18,2,1,0.5782872499369597,0,0,0.48508854753737185,0.7970053119022146,0.7048662659050766,0.32814867943209797,0.3858084991291241,0.5937786571006067
55A,2021-09-14,CVR486,Cultivar,Fungicide,16,3,1,0.5387552156851019,0,0,0.5573566809561361,0.6404663622799803,0.6414971241101769,0.1217624716107588,0.28305390999453833,0.4365537588002611
56A,2021-09-14,WLD130,Wild cicer,Fungicide,17,3,1,0.6406143792639148,0,0,0.540733831344316,0.7703009549111806,0.7064630528502704,0.2334691843607221,0.41078046772008214,0.5259412204035493
57A,2021-09-14,CVR484,Cultivar,Fungicide,18,3,1,0.6542344651326739,1,2.3848303987593532e-4,0.5869084135993721,0.7415245730202641,0.6790304253125444,0.25004239275218426,0.34363629681711816,0.5339454593602297
4A,2021-09-14,CVR493,Cultivar,Infected,4,1,1,0.46236746755637576,19,0.0110994295267158,0.3745839302597398,0.6600516283920982,0.5833370702112011,0.09806105237660497,0.359279369654872,0.3942707903532428
5A,2021-09-14,CVR489,Cultivar,Infected,5,1,1,0.01554783148539764,9,0.00423308217223009,0.0014540081220741,0.5228475223270801,0.6532324484447056,0.00603752285855752,0.3041037806004318,0.2600995456052229
6A,2021-09-14,CVR010,Cultivar,Infected,6,1,1,0.11976864905847748,37,0.01644875015553719,0.03245974888738408,0.5427052091490936,0.5619369500269128,0.0983162145535171,0.30547297404236884,0.28437671078007615
13A,2021-09-14,CVR017,Cultivar,Infected,4,2,1,0.03560367290936073,7,0.00415359723115517,0.0011789255043844,0.5297805707356575,0.6076923065329766,-0.09387248255696223,0.25946238286472556,0.3133971776289752
14A,2021-09-14,CVR019,Cultivar,Infected,5,2,1,0.07399628363523292,24,0.00817136644287351,0.03890454164468552,0.6359690255926583,0.570993805334132,0.14384337261843463,0.3065297715031029,0.40921255784766897
15A,2021-09-14,WLD131,Wild cicer,Infected,6,2,1,0.0604026959880084,0,0,0.01249661034647474,0.7071852959175255,0.57848240480847,0.28826413272603524,0.3387439211487619,0.4845074123227681
22A,2021-09-14,Howzat,Cultivar,Infected,4,3,1,0.02970450634023137,2,5.266500463926905e-4,0,NA,NA,NA,NA,NA
23A,2021-09-14,Genesis090,Cultivar,Infected,5,3,1,0.0677692015746135,31,0.01130145970917512,0.01473656880480512,0.5835397815218134,0.5184612722322695,0.14069992195014897,0.24454364792009903,0.3954234317277393
24A,2021-09-14,CVR477,Cultivar,Infected,6,3,1,0.0425958911167903,17,0.00965526707404907,0.00282942121052258,0.5877295549500792,0.5682928729460278,0.1633224277949054,0.25536812828675437,0.3910536509874272
61A,2021-09-14,CVR487,Cultivar,Fungicide,1,5,2,0.3857611090999896,0,0,0.3342253804929802,0.6872551668277019,0.6172547879542915,0.13520775274547606,0.3806928656277187,0.4151896805522448
62A,2021-09-14,WLD132,Wild cicer,Fungicide,2,5,2,0.6740783207843606,0,0,0.6393313010276654,0.823113364320205,0.7161796423696435,0.3422200104270345,0.3799234694464804,0.6448462777372123
63A,2021-09-14,CVR482,Cultivar,Fungicide,3,5,2,0.4195132187796235,0,0,0.3846833920806329,0.6760688947920089,0.6291909844358523,0.17172389700775406,0.32174254443198214,0.45282487425482665
70A,2021-09-14,WLD133,Wild cicer,Fungicide,1,6,2,0.5317100010346032,0,0,0.5062699090994784,0.7974196964684749,0.7045222060115213,0.23549619592225457,0.39889037618516143,0.5844250036870967
71A,2021-09-14,WLD130,Wild cicer,Fungicide,2,6,2,0.4497377527174705,0,0,0.3567428576267224,0.8134142971757932,0.7175479626566273,0.289232826300145,0.4377743402948932,0.5833751138687915
72A,2021-09-14,WLD129,Wild cicer,Fungicide,3,6,2,0.4481478594253974,0,0,0.38735562322390427,0.821712154504998,0.7108844143293438,0.3310035946597297,0.4013117957881735,0.6272411414774229
79A,2021-09-14,CVR490,Cultivar,Fungicide,1,7,2,0.8303813927835999,2,0.00110960858831164,0.8835260705024895,0.7693278423895907,0.6767390937057506,0.2290518453066232,0.3711429829768493,0.5573155075722979
80A,2021-09-14,CVR494,Cultivar,Fungicide,2,7,2,0.854276164052381,10,0.00629663626853608,0.8946472677605158,0.8157634328255627,0.7350157306928835,0.260780083560695,0.43596436104794745,0.5894240828352928
81A,2021-09-14,WLD131,Wild cicer,Fungicide,3,7,2,0.7158196442566617,0,0,0.6444399782133312,0.8503749788482755,0.7315532194716424,0.3346988517297967,0.464724898252403,0.6376388484400227
88A,2021-09-14,CVR493,Cultivar,Fungicide,1,8,2,0.8573665191388481,10,0.00884046645001685,0.8845478059396227,0.774956974860966,0.6918574798442387,0.23131414293839145,0.410461690316653,0.5345212192642432
89A,2021-09-14,CVR477,Cultivar,Fungicide,2,8,2,0.6661818507670645,0,0,0.7172189793506621,0.7930788728102814,0.7015339050335041,0.2454106342932361,0.39457301057914174,0.5800055641066878
90A,2021-09-14,CVR488,Cultivar,Fungicide,3,8,2,0.24995441145772523,4,0.0011659170838379,0.16882213222784748,0.7194375369709518,0.6273405091884263,0.1734998049494738,0.4540254782722325,0.3941624540732061
64A,2021-09-14,CVR015,Cultivar,Fungicide,4,5,2,0.83985119470451,13,0.00860197499034787,0.8240689275647025,0.7424657758412695,0.6581477184971859,0.1936689404108626,0.3672413049547732,0.5158888363616063
65A,2021-09-14,CVR016,Cultivar,Fungicide,5,5,2,0.7060484250657961,10,0.01105637423726144,0.6577618364128751,0.7286321575301712,0.6565143856406211,0.19993992330606,0.3403235138576384,0.5163477287866629
66A,2021-09-14,CVR485,Cultivar,Fungicide,6,5,2,0.06423500127744279,20,0.0179525254001731,0.0256219809619545,0.6040114266153841,0.5882967581968485,0.08047853194744178,0.37160342985027234,0.29966966824453134
73A,2021-09-14,CVR010,Cultivar,Fungicide,4,6,2,0.31693197866399403,2,3.7097361758478824e-4,0.2625860073432209,0.7296644854113576,0.6295410307183676,0.14239015244705075,0.41082066765962383,0.4553358668544218
74A,2021-09-14,Genesis090,Cultivar,Fungicide,5,6,2,0.761688065732969,13,0.00793620696228413,0.7522330668308791,0.7300535208123141,0.6484196650573111,0.19763515809622703,0.35362887582206926,0.5074257351544854
75A,2021-09-14,CVR019,Cultivar,Fungicide,6,6,2,0.6500576829632904,16,0.01705160943286146,0.6201148153061996,0.7082783785535276,0.6152554187670534,0.1691698029793239,0.36533816054572055,0.46265816223275336
82A,2021-09-14,CVR017,Cultivar,Fungicide,4,7,2,0.24570807145681348,11,0.00682328795780248,0.22623580429136825,0.6646226229768964,0.6047021618919601,0.1014112718845824,0.3547508825221312,0.4054721159360415
83A,2021-09-14,CVR496,Cultivar,Fungicide,5,7,2,0.8188480418606867,22,0.01905553209041108,0.7940849222365256,0.7561139371488111,0.6742042303555108,0.19678279867403092,0.4013433254878504,0.5093336558102285
84A,2021-09-14,CVR009,Cultivar,Fungicide,6,7,2,0.6392265349110428,3,0.0014938341387186,0.6161850636249182,0.7246247480331227,0.6421367528150939,0.1867215193122131,0.3539227718968931,0.4985644001921129
67A,2021-09-14,CVR481,Cultivar,Fungicide,7,5,2,0.31638214056715214,5,0.00321290410780224,0.3163057128263372,0.6238335390578091,0.6450608001464979,0.05170240401339073,0.2997673614337586,0.39860780362347176
68A,2021-09-14,CVR489,Cultivar,Fungicide,8,5,2,0.2587021368418188,0,0,0.21609704495366233,0.6677905291318504,0.6503252446325173,0.12674322881924158,0.36338225348098313,0.4019457216864653
69A,2021-09-14,Howzat,Cultivar,Fungicide,9,5,2,0.4987164029463957,9,0.00468685726686276,0.40004872115444307,0.6968955184249207,0.6589394343885555,0.16655520418318914,0.3762401151994295,0.4346102263679981
76A,2021-09-14,CVR484,Cultivar,Fungicide,7,6,2,0.31138060125250566,13,0.00658479218554383,0.2999186483153939,0.6323183065772359,0.6470141944666697,0.06318031403812943,0.32348779640028524,0.3882449490031936
77A,2021-09-14,CVR492,Cultivar,Fungicide,8,6,2,0.29031782741022966,5,0.00183168223682489,0.2888367485741804,0.690777386915511,0.6656538575293648,0.14241385635679468,0.41160915445537866,0.3900797126893161
78A,2021-09-14,CVR011,Cultivar,Fungicide,9,6,2,0.0856124415004416,1,8.611914247980242e-4,0.0710892079143799,0.6979144030442621,0.6349225089128241,0.17632080267177205,0.4801659594076206,0.3274977750050382
85A,2021-09-14,CVR495,Cultivar,Fungicide,7,7,2,0.17395751209663374,15,0.0065284789667063,0.17742828840985367,0.5887820433903819,0.6478389957094202,0.04166004714815401,0.3018373003409427,0.3489607927615512
86A,2021-09-14,CVR491,Cultivar,Fungicide,8,7,2,0.8179239163846693,26,0.01958549049937844,0.8164059117862038,0.725195499876769,0.681176513808409,0.1670913780027043,0.39461578277387305,0.46310939522745515
87A,2021-09-14,CVR486,Cultivar,Fungicide,9,7,2,0.6355764048946584,10,0.00533275396721357,0.6029810979758128,0.6920867004815898,0.6571536493136642,0.12909062823160294,0.39572774917828296,0.40813928716654224
7A,2021-09-14,CVR487,Cultivar,Infected,7,1,1,0.02589869927233152,6,0.00399791735227299,0.00385115664765573,0.6843870812028452,0.6254976056060103,0.2908237443506204,0.3169191878377963,0.46924496727397774
8A,2021-09-14,WLD132,Wild cicer,Infected,8,1,1,0.01604798541686229,0,0,0,NA,NA,NA,NA,NA
9A,2021-09-14,CVR492,Cultivar,Infected,9,1,1,0.06526511963959845,35,0.02954219339342471,0.00884194128288307,0.6112426065936182,0.5753418735512291,0.12792540165526026,0.3137983058475406,0.3680361768605685
16A,2021-09-14,CVR490,Cultivar,Infected,7,2,1,0.01570350853691312,10,0.0028750455362821,4.715702017537639e-4,0.6572769965112094,0.6343531240372706,0.29114849487557926,0.10648713621651616,0.5922417773394489
17A,2021-09-14,CVR011,Cultivar,Infected,8,2,1,0.01274233228042708,10,0.00292141752598533,0.00530516476972984,0.6591621100570388,0.6041420395242224,0.26144231646547217,0.2190198919047408,0.5144069511807005
18A,2021-09-14,CVR486,Cultivar,Infected,9,2,1,0.05288382562757962,20,0.01149027837384387,0.01689793222950987,0.68787479919133665,0.55409808719447,0.2869409671842042,0.30347426799924876,0.4858156703084236
25A,2021-09-14,CVR484,Cultivar,Infected,7,3,1,0.00779710168654155,0,0,0,NA,NA,NA,NA,NA
26A,2021-09-14,CVR494,Cultivar,Infected,8,3,1,0.00349114068717705,4,0.00157001601554038,0,NA,NA,NA,NA,NA
27A,2021-09-14,WLD133,Wild cicer,Infected,9,3,1,0.00570374218531204,0,0,0,NA,NA,NA,NA,NA
91A,2021-09-14,CVR484,Cultivar,Infected,10,5,2,0.07663616895561254,10,0.0064490008846823,0.01116049477483908,0.6345354532988079,0.5583188209696347,-0.09040587190086125,0.4782946105588423,0.22432117143253671
92A,2021-09-14,WLD132,Wild cicer,Infected,11,5,2,0.01047010978383935,0,0,0,NA,NA,NA,NA,NA
93A,2021-09-14,CVR488,Cultivar,Infected,12,5,2,0.00953935975243826,0,0,0,NA,NA,NA,NA,NA
100A,2021-09-14,CVR494,Cultivar,Infected,10,6,2,0.08908702079915956,28,0.0144680038614296,0.04369883869584879,0.6318014688732316,0.6146931981498549,0.05664135022400993,0.355749853247397,0.35608686797810446
101A,2021-09-14,WLD130,Wild cicer,Infected,11,6,2,0.3459342821335598,0,0,0.26132848680521087,0.7931523964744156,0.7084899121806439,0.3166831733846703,0.40721925828597505,0.5700527148323793
102A,2021-09-14,CVR482,Cultivar,Infected,12,6,2,0.01518679321698938,14,0.00585609478850347,5.894627521922049e-4,0.6405694054844238,0.6966824912330347,0.21529000447511104,0.43258428435409,0.28770949691022474
109A,2021-09-14,CVR016,Cultivar,Infected,10,7,2,0.34031334689054327,63,0.02656439890453121,0.2632933626458515,0.7309892745615397,0.6618558697659394,0.1810411211769767,0.37379480358591577,0.49148889206225055
110A,2021-09-14,CVR011,Cultivar,Infected,11,7,2,0.06488751998273111,5,0.00207679526818371,0.06040028334129459,0.6803455397899429,0.6082373599814898,0.20062074946053876,0.3475041066169245,0.4358975926049083
111A,2021-09-14,WLD133,Wild cicer,Infected,12,7,2,0.0082111363980189,0,0,0,NA,NA,NA,NA,NA
118A,2021-09-14,CVR477,Cultivar,Infected,10,8,2,0.02927391024029492,28,0.0144944926946502,0.01013875933770592,0.5614275215110415,0.653400715403165,0.02256745379374856,0.2669794789157911,0.346364486302339
119A,2021-09-14,CVR487,Cultivar,Infected,11,8,2,0.02551447506008053,2,5.034644827987698e-4,0.01422570108623854,0.6922500428280899,0.6493805596931708,0.10365482886419054,0.37373063032872944,0.4296855214543468
120A,2021-09-14,CVR010,Cultivar,Infected,12,8,2,0.2334195212201656,17,0.0065218520556355,0.19397254298804825,0.7212817697934104,0.6532413082485978,0.16950995154979318,0.4231650122446228,0.42908154564811846
94A,2021-09-14,CVR481,Cultivar,Infected,13,5,2,0.03753804308138293,23,0.01077150310735738,9.431404035075278e-4,0.5330715970523847,0.6148992490873111,0.24381279998462568,0.29791100674798215,0.27955634536649676
95A,2021-09-14,CVR489,Cultivar,Infected,14,5,2,0.01400762235870188,0,0,5.894627521922049e-4,0.5314616909789704,0.561904726085499,0.3720727985901339,0.19198661152459007,0.3780487250868936
96A,2021-09-14,CVR015,Cultivar,Infected,15,5,2,0.3121192391777813,11,0.00411052050199445,0.26470807325111284,0.700827952975203,0.661858501765566,0.2400234614649932,0.3061766839700104,0.5024698268120604
103A,2021-09-14,WLD129,Wild cicer,Infected,13,6,2,0.12537964746841862,5,0.00112285826216494,0.0753726372469766,0.7561758216848516,0.6960741274633999,0.2580961226302119,0.3416571605133853,0.5589162989738883
104A,2021-09-14,CVR491,Cultivar,Infected,14,6,2,0.18650441999324352,53,0.01967486951868291,0.1553430839610524,0.7114375707085605,0.647391960062388,0.25741144501299634,0.2703130015911661,0.5461563468611775
105A,2021-09-14,CVR495,Cultivar,Infected,15,6,2,0.00576998773914842,0,0,0,NA,NA,NA,NA,NA
112A,2021-09-14,CVR496,Cultivar,Infected,13,7,2,0.12863561643947652,36,0.01910518903151888,0.08008833926451424,0.6295391679607658,0.6403692072163705,0.15491350137973858,0.23693123786072148,0.461434316564396
113A,2021-09-14,CVR486,Cultivar,Infected,14,7,2,0.05648427147858671,24,0.0088106295784629,0.02393218773900352,0.6037958285299563,0.5941896512803941,0.12842900364594076,0.27698232431551717,0.3924465718604425
114A,2021-09-14,CVR485,Cultivar,Infected,15,7,2,0.01595524164149136,5,0.00196417281453374,0.00188628080701505,0.6607617566011091,0.6807887765532338,0.17665516326399042,0.38000810532987256,0.3748854460734664
97A,2021-09-14,CVR017,Cultivar,Infected,16,5,2,0.03264912120825832,17,0.00898618883517614,0.00616971013961174,0.492760988360304,0.6282611265466301,0.08669627422438209,0.2216459185928628,0.30435640858624435
98A,2021-09-14,Genesis090,Cultivar,Infected,17,5,2,0.230468281796755,38,0.01975440107673723,0.1789215940487406,0.714022504808009,0.646260910780819,0.18785965863204823,0.3681168437783374,0.4692433153241331
99A,2021-09-14,CVR009,Cultivar,Infected,18,5,2,0.4885311490440528,3,0.00155014694683452,0.46190301261781175,0.7240836854445907,0.667509161920991,0.26625224908336736,0.31674680670385846,0.5285635638149223
106A,2021-09-14,CVR019,Cultivar,Infected,16,6,2,0.2564199775121556,22,0.00890337934905682,0.2390074972555327,0.6962209030609849,0.6174119696915953,0.18800088499308465,0.34189466039689576,0.46501594552983866
107A,2021-09-14,CVR490,Cultivar,Infected,17,6,2,0.49154532174360793,10,0.00425295781250722,0.43309793279401937,0.7475388523474131,0.6703470780627839,0.24444478183970816,0.3820155021244674,0.5116303652888616
108A,2021-09-14,WLD131,Wild cicer,Infected,18,6,2,0.01041380106307843,0,0,0,NA,NA,NA,NA,NA
115A,2021-09-14,CVR493,Cultivar,Infected,16,7,2,0.45906512669763233,20,0.015110605835176,0.4380887174292467,0.6981031874555902,0.6357113461850663,0.2106160176468093,0.3339055645379182,0.4748961779181554
116A,2021-09-14,Howzat,Cultivar,Infected,17,7,2,0.00275912731728509,2,7.949434662531177e-4,0,NA,NA,NA,NA,NA
117A,2021-09-14,CVR492,Cultivar,Infected,18,7,2,0.3032953314067759,4,0.00196086055009102,0.20324675695587224,0.692676589668387,0.59642902638632,0.23830625246565476,0.3920154423950685,0.4127352416678409
121A,2021-09-17,CVR019,Cultivar,Infected,1,9,3,0.23793746799180648,34,0.01636261961551991,0.14846601851881,0.5447367095603185,0.616224801060402,-0.03019237599888165,0.3056919130891119,0.28680383132074766
122A,2021-09-17,CVR016,Cultivar,Infected,2,9,3,0.2279873858055827,20,0.01472969542426305,0.06499809280839379,0.5281070932729445,0.6296406363175296,0.01151925210980549,0.2745594630503401,0.2965458260406089
123A,2021-09-17,WLD131,Wild cicer,Infected,3,9,3,0.31140378719634837,5,0.0014441477077481,0.03442462472802476,0.6429427977135493,0.6393666799652109,0.18075964451168405,0.33503826942443476,0.39244025779005065
130A,2021-09-17,CVR485,Cultivar,Infected,1,10,3,0.08774554833397294,23,0.01188112319589913,0.03992627708181868,0.5157373449303009,0.614567173021633,-0.02890978580801601,0.24515141091911904,0.30974860833278756
131A,2021-09-17,CVR010,Cultivar,Infected,2,10,3,0.11977858589155296,0,0,0.00585533000510923,0.5922330250661226,0.6314843233327748,0.16312059360016046,0.3662613932258656,0.2885648338893472
132A,2021-09-17,CVR491,Cultivar,Infected,3,10,3,0.2983633499236576,3,0.00204035982537568,0.16811477692521684,0.6231060125419353,0.6091591354779342,0.11319056105534842,0.26719754363201964,0.427000866207599
139A,2021-09-17,CVR011,Cultivar,Infected,1,11,3,0.2916659244307999,1,8.380051629773628e-4,0.08822292524476667,0.6431338756093273,0.6268111713154777,0.00477304019109097,0.3465942405508213,0.381600970778868
140A,2021-09-17,WLD132,Wild cicer,Infected,2,11,3,0.1476149676135985,0,0,0.02511111324338793,0.7178842489286754,0.66784912715476,0.2079377813240883,0.35727055043528755,0.4850080231263456
141A,2021-09-17,CVR487,Cultivar,Infected,3,11,3,0.11320371467329254,0,0,0.00200417335745349,0.74984393738548,0.6182708486841744,0.19127240681776908,0.4882928788613934,0.41263446838068424
148A,2021-09-17,CVR495,Cultivar,Infected,1,12,3,0.02899567891418214,5,0.00157332561029262,0.0014540081220741,0.4150943184805314,0.5883904713536408,-0.1873714825226737,0.31816456220075956,0.11167901404634578
149A,2021-09-17,CVR493,Cultivar,Infected,2,12,3,0.5382914968082472,3,0.00200392738084815,0.3083676144301488,0.6872253182314516,0.6468691992026657,0.15857008279181117,0.31416589576705023,0.4757820871403527
150A,2021-09-17,CVR492,Cultivar,Infected,3,12,3,0.328104291318499,6,0.00298104354319095,0.11710660010218472,0.6559913117202244,0.5927621760009867,0.14962829365747457,0.31330970704203565,0.43133275549293526
124A,2021-09-17,Howzat,Cultivar,Infected,4,9,3,0.10642016996044756,5,0.00317315488086879,0.00377256161403011,0.12488299246695328,0.601672202760186,-0.5492196763178702,0.3130511714415334,-0.19582386746269945
125A,2021-09-17,CVR496,Cultivar,Infected,5,9,3,0.11388935615549906,19,0.01199374158340514,0.0270366915672158,0.5731426669360571,0.6229367032843192,0.1695049621526263,0.2616798942610386,0.3664181320512691
126A,2021-09-17,CVR484,Cultivar,Infected,6,9,3,0.0859469815473153,0,0,0.00353677651315322,0.684778472742547,0.5744474777991558,0.283433674864931,0.4162211868506991,0.375614739170841
133A,2021-09-17,CVR482,Cultivar,Infected,4,10,3,0.22840804507244367,5,0.00185155611098634,0.04031925224994681,0.6546907535593746,0.6547077339777878,0.15059500522120825,0.3260892853663062,0.4177956824201358
134A,2021-09-17,CVR015,Cultivar,Infected,5,10,3,0.48859739459788915,32,0.016114189924983872,0.34389256962893233,0.7115893283660776,0.6443790179738608,0.18844351587158345,0.3426636003257241,0.4878910018692871
135A,2021-09-17,CVR481,Cultivar,Infected,6,10,3,0.21762658118557335,0,0,0.0204347087426631,0.7515176326085963,0.6581833626660847,0.26090200199531477,0.4361488407206728,0.4691407027903477
142A,2021-09-17,WLD129,Wild cicer,Infected,4,11,3,0.17698162162926434,2,4.007839975692802e-4,0.0676310264348523,0.7478205788491107,0.7002194653268424,0.19700719446071124,0.32252357934482645,0.5604787370765195
143A,2021-09-17,CVR477,Cultivar,Infected,5,11,3,0.11084537295671754,19,0.00630987025278712,0.0031830988618379,0.496031799526957,0.5565840629016446,-0.17024316891435187,0.4433487298696475,0.06753504332172895
144A,2021-09-17,WLD133,Wild cicer,Infected,6,11,3,0.07327751937610823,0,0,0.00176838825657661,0.6031667058467732,0.5350243171454585,-0.04943528134597383,0.6567515296505118,-0.0887357909425126
127A,2021-09-17,CVR489,Cultivar,Infected,7,9,3,0.05985285789116647,4,0.00153026617253725,7.073553026306459e-4,0.4800000124356958,0.5802728338863113,0.02518892870204057,0.41513291861473234,0.08100931906777895
128A,2021-09-17,CVR009,Cultivar,Infected,8,9,3,0.28639940290080795,46,0.02167550311756192,0.14257139099688795,0.5436619125647563,0.6314862772401457,0.10382449603028064,0.268432257184149,0.32225896707803575
129A,2021-09-17,CVR486,Cultivar,Infected,9,9,3,0.07798757825387463,28,0.01276880530217774,0.01308607309866695,0.4671744281124583,0.6169445151877406,0.10013993045063864,0.14672519901316747,0.3440312875035751
136A,2021-09-17,CVR488,Cultivar,Infected,7,10,3,0.03757779041368476,0,0,0.00113962798757159,0.34183270612344735,0.6366139303693502,-0.256512014573448,0.3901808694085224,-0.05578912628825047
137A,2021-09-17,CVR490,Cultivar,Infected,8,10,3,0.16970123526264652,35,0.01649510033589682,0.11294106332002646,0.5838231827660328,0.615003349460417,-4.3661051926733056e-4,0.3752536108495865,0.267082468492756
138A,2021-09-17,CVR494,Cultivar,Infected,9,10,3,0.00972484730318011,2,0.0014640235533733,0,NA,NA,NA,NA,NA
145A,2021-09-17,CVR017,Cultivar,Infected,7,11,3,0.2917321699846363,8,0.0033089632267027,0.19381535292079696,0.5803358880934806,0.6145776198663437,0.0343373048467715,0.34044926820301635,0.2989520497111821
146A,2021-09-17,Genesis090,Cultivar,Infected,8,11,3,0.02280834418586454,7,0.00284192317936002,0.01575830424193828,0.6095702475564482,0.624416575811145,0.07814645962346523,0.3989885044124779,0.2782570679926942
147A,2021-09-17,WLD130,Wild cicer,Infected,9,11,3,0.08409873059528039,0,0,0.0204347087426631,0.6660305504897936,0.6342930528292986,0.2630849607661383,0.34710081223411476,0.41483004148412256
151A,2021-09-17,WLD130,Wild cicer,Fungicide,10,9,3,0.5429883065752463,0,0,0.39258219296000846,0.6773250343713455,0.6298256060778392,0.0936195547347128,0.3874901520458245,0.392973421330934
152A,2021-09-17,CVR482,Cultivar,Fungicide,11,9,3,0.572778932135465,0,0,0.4467341711280657,0.6276075373167503,0.6320771908468047,0.00499840263202419,0.3876957472190139,0.31705877679951255
153A,2021-09-17,CVR491,Cultivar,Fungicide,12,9,3,0.5435679551713146,0,0,0.3486475691632828,0.5923781351078933,0.607743247221189,0.0526469480695099,0.3562574249326338,0.29928062704852076
160A,2021-09-17,Howzat,Cultivar,Fungicide,10,10,3,0.6854195596011483,1,4.637170219809854e-4,0.5942177517265553,0.7064150875691305,0.6578768205284637,0.06186627201921181,0.40271769716023154,0.4244463837780361
161A,2021-09-17,CVR009,Cultivar,Fungicide,11,10,3,0.8546471391538648,1,3.643490886993456e-4,0.7701527344975221,0.7372660265549492,0.6786746916981948,0.121188879797546,0.4075959795288376,0.47129834134279863
162A,2021-09-17,CVR484,Cultivar,Fungicide,12,10,3,0.4737385168723898,1,4.007839975692802e-4,0.35532814702146115,0.6706552391238475,0.6302087047723596,0.08135900467287195,0.3730319885731815,0.39692407016573295
169A,2021-09-17,CVR019,Cultivar,Fungicide,10,11,3,0.888998771095718,0,0,0.6708872070283548,0.7591955842690676,0.6966990315498878,0.09781113531256812,0.49532515406548433,0.4229022640199884
170A,2021-09-17,CVR495,Cultivar,Fungicide,11,11,3,0.8417855648765322,0,0,0.6076182049597249,0.7580197697093917,0.6841218911022932,0.148032756797629,0.43637340474768627,0.48062850076879127
171A,2021-09-17,CVR010,Cultivar,Fungicide,12,11,3,0.38980208788400855,1,1.5898902182791342e-4,0.0908558588712252,0.6925070448778609,0.6076847634050503,0.11676805888651536,0.4553992264100069,0.34632843905674043
178A,2021-09-17,CVR016,Cultivar,Fungicide,10,12,3,0.932588345520054,20,0.00795275604500642,0.7692488916108274,0.7207352332027664,0.6787002709158673,0.11465903498228264,0.4332823471024689,0.4179806619259851
179A,2021-09-17,CVR494,Cultivar,Fungicide,11,12,3,0.7980502502337562,0,0,0.5596752344480922,0.7001778610636401,0.6703535057373617,0.06804111824143444,0.4472597383367038,0.36823514366961774
180A,2021-09-17,WLD129,Wild cicer,Fungicide,12,12,3,0.3779739442465235,0,0,0.3317889344505857,0.7162133762263546,0.6611574866230057,0.13281980013785205,0.41306691465921697,0.4305104023842557
154A,2021-09-17,CVR493,Cultivar,Fungicide,13,9,3,0.7038523849561202,0,0,0.46296404557175774,0.6372628934934728,0.6581713802184553,0.06060209396151431,0.3447329721371011,0.3748872193107408
155A,2021-09-17,WLD132,Wild cicer,Fungicide,14,9,3,0.5664491694663992,0,0,0.448777642002332,0.7586873354168082,0.7087334085658372,0.26730253497625506,0.3115036079245528,0.5855748915480626
156A,2021-09-17,CVR489,Cultivar,Fungicide,15,9,3,0.5028898728380874,1,4.3059437755377206e-4,0.4084583897523852,0.6497384980037447,0.6298185252601749,0.1327280777052096,0.3133327204589036,0.42239974765630395
163A,2021-09-17,WLD131,Wild cicer,Fungicide,13,10,3,0.02594507116001698,0,0,4.715702017537639e-4,0.2036823619764247,0.4876584092914855,-0.41985579589572936,0.2622601331142286,-0.06188344643571492
164A,2021-09-17,CVR485,Cultivar,Fungicide,14,10,3,0.6207075903360837,4,0.00207679719858802,0.5501652353793912,0.6691116332619362,0.6456818144384234,0.10832486945271792,0.3565038107400201,0.4105378749711872
165A,2021-09-17,CVR488,Cultivar,Fungicide,15,10,3,0.01357371398107361,0,0,0.00573743745467079,0.7559758425786073,0.6649709014576267,-0.01716469967637897,0.6643179471957454,0.18412902232351872
172A,2021-09-17,CVR481,Cultivar,Fungicide,13,11,3,0.3046036810950443,0,0,0.22049836683669743,0.6111264538543152,0.6711784620954194,-0.01625392966381152,0.3263697573436178,0.3557027444559021
173A,2021-09-17,CVR490,Cultivar,Fungicide,14,11,3,0.505695372043058,6,0.00305722500929112,0.3765488061003805,0.6528337301361723,0.6508526323107353,0.01422286034416362,0.4126544344473239,0.3287401648558575
174A,2021-09-17,CVR486,Cultivar,Fungicide,15,11,3,0.45731293179866017,1,2.3848303987593532e-4,0.24832100874016952,0.5988717428003544,0.611288532998919,0.07973499872969464,0.3278261984601351,0.3372580084397408
157A,2021-09-17,CVR492,Cultivar,Fungicide,16,9,3,0.6933259664515199,1,7.883218124189612e-4,0.5946107268946835,0.5944970960687894,0.6060296107585285,0.02125787764645344,0.3500010316701576,0.3087362312872832
158A,2021-09-17,CVR487,Cultivar,Fungicide,17,9,3,0.25598938141221916,0,0,0.18359799854946543,0.5453933663383205,0.5985458010258159,0.00822157687151762,0.3412936050661182,0.2507797136433509
159A,2021-09-17,CVR477,Cultivar,Fungicide,18,9,3,0.7396680436377573,0,0,0.5252899072368802,0.6728009837617369,0.6633959496577799,0.08862648788829688,0.4039815487651865,0.3691556352038335
166A,2021-09-17,CVR017,Cultivar,Fungicide,16,10,3,0.5784760497653935,2,8.645010195502654e-4,0.428735908427797,0.6707711209076288,0.6393505416629469,0.04028875291333857,0.4248405872344607,0.3439447404513146
167A,2021-09-17,CVR015,Cultivar,Fungicide,17,10,3,0.9096673838926675,9,0.00594552740706749,0.7011069974574086,0.7197601857172751,0.6753378036742042,0.12192074577311526,0.41577063584696183,0.4338091816186459
168A,2021-09-17,Genesis090,Cultivar,Fungicide,18,10,3,0.7856060229455929,4,0.00204035982537568,0.45958445912585577,0.6905470472316884,0.664390511981733,0.09250117050841096,0.45168348807119063,0.34713933863608837
175A,2021-09-17,CVR011,Cultivar,Fungicide,16,11,3,0.14251074769050565,0,0,0.1023700312973796,0.6079051778824182,0.6332131321737544,-0.00772029847349377,0.413833637508741,0.2593054235142937
176A,2021-09-17,CVR496,Cultivar,Fungicide,17,11,3,0.8889921465403343,4,0.00253057516825924,0.6359124170649506,0.6856993717623694,0.6747194296893492,0.07668754949114295,0.4337784312071112,0.35857651086805675
177A,2021-09-17,WLD133,Wild cicer,Fungicide,18,11,3,0.6259144908676229,0,0,0.16705374397127087,0.7314390512654362,0.7044748406209543,0.16082233093444331,0.47242896000621454,0.3957693860911197
1A,2021-09-17,CVR482,Cultivar,Infected,1,1,1,0.0835555170538221,4,0.00263988461816759,0.00444061939984794,0.3202155699204977,0.5886383433277074,-0.10280211143298636,0.4221180441602222,-0.11782931827020177
2A,2021-09-17,CVR016,Cultivar,Infected,2,1,1,0.3201945721904356,29,0.01513046463582882,0.17526692498514893,0.599362381469648,0.6276400993460148,0.08421231663393532,0.3357200499042593,0.3300554108724275
3A,2021-09-17,CVR496,Cultivar,Infected,3,1,1,0.21531792363437563,18,0.01774056474952443,0.0629939194509403,0.627528969106841,0.620318552512662,0.12378274898280338,0.34471243852438266,0.3608813071682546
10A,2021-09-17,CVR485,Cultivar,Infected,1,2,1,0.13456128123014044,18,0.01111930438660912,0.05018292896996304,0.492879889032713,0.6266091785392013,-0.14428383830561253,0.39680770356125705,0.1194301617724806
11A,2021-09-17,CVR481,Cultivar,Infected,2,2,1,0.1736130352166846,20,0.00688951271055083,0.01359694081723352,0.5964461246298783,0.5962900270153478,0.167618427543426,0.32808690140668906,0.33364988910143745
12A,2021-09-17,CVR009,Cultivar,Infected,3,2,1,0.4728707001171333,27,0.01222889408170114,0.27378579963487276,0.6749327689643904,0.627067313528353,0.1758203190127692,0.3299946376762341,0.4437782944865423
19A,2021-09-17,CVR495,Cultivar,Infected,1,3,1,0.14672396491449924,0,0,0.04299148339321814,0.6329271640933399,0.6073312713806718,0.0937703807183484,0.3593145602891075,0.35415437179310816
20A,2021-09-17,CVR488,Cultivar,Infected,2,3,1,0.03259612476518922,5,0.00253057516825924,0.00789880087937554,0.5223490634903234,0.5806064015836405,-0.05785427761963837,0.34027693618079535,0.2214297991519113
21A,2021-09-17,WLD130,Wild cicer,Infected,3,3,1,0.19189349579783277,0,0,0.04413111138078974,0.7514996104706462,0.6383789814965268,0.32229792031466054,0.36460021927559055,0.5329170127867342
28A,2021-09-17,CVR491,Cultivar,Infected,1,4,1,0.3263984683072123,10,0.00419001698437214,0.24203340605011933,0.6457733455073218,0.6167655384065412,0.14419195003166085,0.31330459028597235,0.4167966097169132
29A,2021-09-17,CVR015,Cultivar,Infected,2,4,1,0.4478298807669828,3,0.00141102465259928,0.3757235582473114,0.6919326489558993,0.6188642110519474,0.14799052772611576,0.3737441295335248,0.429175875195781
30A,2021-09-17,WLD129,Wild cicer,Infected,3,4,1,0.32544784460966025,2,5.498358974917398e-4,0.23492055550700008,0.7453775523282461,0.6648221135054393,0.24229680288036784,0.36395982560326823,0.5234131681922286
31A,2021-09-17,CVR011,Cultivar,Fungicide,10,1,1,0.2646079279663318,0,0,NA,NA,NA,NA,NA,NA
32A,2021-09-17,WLD131,Wild cicer,Fungicide,11,1,1,0.23010393125065493,0,0,NA,NA,NA,NA,NA,NA
33A,2021-09-17,CVR019,Cultivar,Fungicide,12,1,1,0.7270449533542357,0,0,NA,NA,NA,NA,NA,NA
40A,2021-09-17,CVR487,Cultivar,Fungicide,10,2,1,0.24137892451360624,7,0.00518370987101448,NA,NA,NA,NA,NA,NA
41A,2021-09-17,CVR490,Cultivar,Fungicide,11,2,1,0.6275474437696895,1,7.419501102208628e-4,NA,NA,NA,NA,NA,NA
42A,2021-09-17,Howzat,Cultivar,Fungicide,12,2,1,0.7072507818679263,0,0,NA,NA,NA,NA,NA,NA
49A,2021-09-17,CVR489,Cultivar,Fungicide,10,3,1,0.506152466364529,0,0,NA,NA,NA,NA,NA,NA
50A,2021-09-17,CVR016,Cultivar,Fungicide,11,3,1,0.9720640710511508,1,5.167132530645264e-4,NA,NA,NA,NA,NA,NA
51A,2021-09-17,WLD129,Wild cicer,Fungicide,12,3,1,0.7509595982891678,0,0,NA,NA,NA,NA,NA,NA
58A,2021-09-17,CVR477,Cultivar,Fungicide,10,4,1,0.804618496896633,5,0.0058229914891024,NA,NA,NA,NA,NA,NA
59A,2021-09-17,CVR492,Cultivar,Fungicide,11,4,1,0.818768547196083,0,0,NA,NA,NA,NA,NA,NA
60A,2021-09-17,CVR495,Cultivar,Fungicide,12,4,1,0.5636867298714223,0,0,NA,NA,NA,NA,NA,NA
34A,2021-09-17,Genesis090,Cultivar,Fungicide,13,1,1,0.8132867276161229,1,5.167132530645264e-4,0.6897893126153182,0.6139517892949151,0.5825377456100383,0.02201751380170301,0.3911356930988455,0.29323249574632926
35A,2021-09-17,CVR491,Cultivar,Fungicide,14,1,1,0.521822852124524,0,0,0.48394891954980024,0.6174342297312215,0.6017120595342994,0.01382148550865272,0.39764164945174263,0.2913157023149133
36A,2021-09-17,CVR494,Cultivar,Fungicide,15,1,1,0.4677598556386568,1,7.883218124189612e-4,0.3508482301048004,0.5991725918680234,0.5969872789036971,0.00488371233235123,0.3913276400273513,0.2715056380077162
43A,2021-09-17,CVR481,Cultivar,Fungicide,13,2,1,0.7416719716413077,0,0,0.5192380896477069,0.6920395987676776,0.6774754010092231,0.02526585157968379,0.42781771137042984,0.3753507952064847
44A,2021-09-17,CVR017,Cultivar,Fungicide,14,2,1,0.8680651760834229,3,0.00165944674477225,0.7809595516210459,0.7113387333377925,0.6733937091114807,0.08145890657769425,0.4566276087008185,0.3772474850752814
45A,2021-09-17,CVR010,Cultivar,Fungicide,15,2,1,0.00415359622554082,0,0,0,NA,NA,NA,NA,NA
52A,2021-09-17,CVR496,Cultivar,Fungicide,13,3,1,0.8686779474564094,2,0.00243453017820771,0.7289296393608806,0.652194099175834,0.6514374526269977,0.03214022245022358,0.42768299222108336,0.31135927233870364
53A,2021-09-17,CVR015,Cultivar,Fungicide,14,3,1,0.8529346915871945,6,0.00454112769407526,0.6975309234274425,0.6637190605058487,0.6345527152579973,0.05830895129626962,0.42214135677457487,0.33561001278609615
54A,2021-09-17,CVR009,Cultivar,Fungicide,15,3,1,0.7558783306615188,0,0,0.5722111423113797,0.645439231682217,0.6218101621372782,0.06354766938084581,0.377119401246565,0.35464254003338086
37A,2021-09-17,WLD133,Wild cicer,Fungicide,16,1,1,0.6874698594923843,0,0,0.5981082058910239,0.7343391676123245,0.66919986642908,0.181639388908245,0.3402063373031725,0.5253891375535275
38A,2021-09-17,CVR488,Cultivar,Fungicide,17,1,1,0.17227487502918978,0,0,0.091523916657043,0.6265745951310366,0.5987814803021875,-0.04455770669194698,0.4338620588625188,0.26465937984788646
39A,2021-09-17,CVR493,Cultivar,Fungicide,18,1,1,0.7475777627658208,0,0,0.5755514312404689,0.6964691032372593,0.6359401625552952,0.13067652431499324,0.3961837618604731,0.41471851813152777
46A,2021-09-17,CVR482,Cultivar,Fungicide,16,2,1,0.3794147850424647,0,0,0.2707205933234733,0.6874313272323633,0.6606200154938033,0.04769269352811888,0.3901596962501723,0.4062242141195739
47A,2021-09-17,CVR485,Cultivar,Fungicide,17,2,1,0.8457238630521048,0,0,0.7415834397746066,0.7612851888424192,0.6953275282395837,0.16860955813910536,0.4306151002190498,0.4919374725943138
48A,2021-09-17,WLD132,Wild cicer,Fungicide,18,2,1,0.3832570271649745,0,0,0.24093307557936056,0.8152946465494918,0.7126826497186227,0.3223915593696741,0.43897848141244394,0.5860680472596874
55A,2021-09-17,CVR486,Cultivar,Fungicide,16,3,1,0.46764061364175136,1,2.3848303987593532e-4,0.3738372774402964,0.6535839321054151,0.6413033374459552,0.06666703750499217,0.34970359122993644,0.39391345564268415
56A,2021-09-17,WLD130,Wild cicer,Fungicide,17,3,1,0.6393192786864137,0,0,0.27940534453910515,0.7897392591045896,0.7168839285017313,0.2059731398245424,0.44372975636416057,0.5326753601501646
57A,2021-09-17,CVR484,Cultivar,Fungicide,18,3,1,0.7684881718342731,1,0.00144083811299586,0.5417162692646363,0.7448581983284659,0.67243957125865494,0.18216544986366423,0.4188929101367754,0.4737976495386668
4A,2021-09-17,CVR493,Cultivar,Infected,4,1,1,0.3625751652572577,12,0.0099931408422816,0.246749108067657,0.6550177785731169,0.5986775256890436,0.10103485605176066,0.4386456765837196,0.30360374862353146
5A,2021-09-17,CVR489,Cultivar,Infected,5,1,1,0.0123945431227861,9,0.00355074933084451,0,NA,NA,NA,NA,NA
6A,2021-09-17,CVR010,Cultivar,Infected,6,1,1,0.094929878647528,36,0.01692570518686444,0.00479429705116326,0.513059692177779,0.6340924919849651,0.07767571123470744,0.3707397383648108,0.1757495620246102
13A,2021-09-17,CVR017,Cultivar,Infected,4,2,1,0.05069441007328737,0,0,0,NA,NA,NA,NA,NA
14A,2021-09-17,CVR019,Cultivar,Infected,5,2,1,0.0840490464299031,11,0.00426620715778323,0.01894140310377618,0.626384681986198,0.6061180827471516,0.1515367796179115,0.3947122258132272,0.3077647283647414
15A,2021-09-17,WLD131,Wild cicer,Infected,6,2,1,0.12163677367666333,1,4.007839975692802e-4,0.01277169296416444,0.6997325188810408,0.61445782669172,0.33113450756933194,0.37499264876916255,0.4402622979717823
22A,2021-09-17,Howzat,Cultivar,Infected,4,3,1,0.0911704434673136,0,0,0,NA,NA,NA,NA,NA
23A,2021-09-17,Genesis090,Cultivar,Infected,5,3,1,0.10565172153594558,21,0.00873777220560113,0.00640549524048862,0.6902680072490802,0.6257879386982854,0.2556580976134717,0.5071260450401808,0.2817797907720355
24A,2021-09-17,CVR477,Cultivar,Infected,6,3,1,0.11122959716896852,3,9.241217795192493e-4,0.00817388349706524,0.6692735096620549,0.579595511468316,0.3246320842311873,0.4513108282127086,0.31228999316195644
61A,2021-09-17,CVR487,Cultivar,Fungicide,1,5,2,0.424935417361131,0,0,0.2318553491956006,0.6008218194339732,0.6042812929665325,0.02506127294478101,0.35070205195815163,0.31689187951295084
62A,2021-09-17,WLD132,Wild cicer,Fungicide,2,5,2,0.7137527829769668,0,0,0.45027094764121894,0.7664789613754386,0.7053140072064918,0.261341815070745,0.3523297551979376,0.5673691402540268
63A,2021-09-17,CVR482,Cultivar,Fungicide,3,5,2,0.3095952835766153,0,0,0.15251366275052983,0.6007214569361484,0.6072392025239869,0.06465588865324566,0.36946254390431466,0.29722659566113313
70A,2021-09-17,WLD133,Wild cicer,Fungicide,1,6,2,0.5810894368642385,0,0,0.30412348261436495,0.7369105115581196,0.6983202072946164,0.13721081015468797,0.37567264156307034,0.49952490541562505
71A,2021-09-17,WLD130,Wild cicer,Fungicide,2,6,2,0.5643425608544024,0,0,0.28474980682564777,0.7740852912654753,0.7065084987166684,0.2215702052311659,0.4117945794159269,0.5318139079007043
72A,2021-09-17,WLD129,Wild cicer,Fungicide,3,6,2,0.5031250445542066,0,0,0.19668407164813237,0.764499166358245,0.6839800458650848,0.28077027019004236,0.3803471065864816,0.5416505123763197
79A,2021-09-17,CVR490,Cultivar,Fungicide,1,7,2,0.7779347878113404,0,0,0.5773591170138583,0.7246389603344427,0.6688577241881045,0.13855785562241682,0.4084314979962843,0.44913623789649415
80A,2021-09-17,CVR494,Cultivar,Fungicide,2,7,2,0.8613114418698042,0,0,0.5984225860255264,0.7839524729224118,0.7124535760382731,0.1664493038562744,0.4585142579786044,0.5080632822662762
81A,2021-09-17,WLD131,Wild cicer,Fungicide,3,7,2,0.8369662008349358,0,0,0.46559697919821624,0.8307314466363255,0.7260546786415193,0.2815645970085806,0.4588495225144142,0.6009540114930797
88A,2021-09-17,CVR493,Cultivar,Fungicide,1,8,2,0.88442120332562435,1,0.00241133960379738,0.3574895104461659,0.774041452773634,0.7048609913032642,0.1704223126675618,0.4870345191451278,0.4606741260975182
89A,2021-09-17,CVR477,Cultivar,Fungicide,2,8,2,0.6852373843280983,0,0,0.46107776476474266,0.7595137835182294,0.692302467425532,0.16011834690863103,0.4641409072594494,0.456189415082536
90A,2021-09-17,CVR488,Cultivar,Fungicide,3,8,2,0.3308004853596395,0,0,0.14547940724103617,0.622305821444331,0.5849168506663563,0.05093117604498244,0.4339083122458968,0.25808714764589097
64A,2021-09-17,CVR015,Cultivar,Fungicide,4,5,2,0.801948801077027,0,0,0.6269918807484419,0.6942129468723984,0.6580748203896762,0.17014226813130498,0.3127209582268796,0.4872774582031708
65A,2021-09-17,CVR016,Cultivar,Fungicide,5,5,2,0.7006527247058232,11,0.00650530851769318,0.4646145412778959,0.6810842960017773,0.6720180409782577,0.16648510101973485,0.318879245812843,0.4626947925093016
66A,2021-09-17,CVR485,Cultivar,Fungicide,6,5,2,0.08223391825478638,21,0.01620033196521902,0.01678003967907143,0.5747391308660678,0.6471861992690513,0.05807170311218776,0.3675360878564316,0.26269378844089175
73A,2021-09-17,CVR010,Cultivar,Fungicide,4,6,2,0.3396442667967958,5,0.00159319919694895,0.14948775395594316,0.6795454002993145,0.6675633136468582,0.0709508606342644,0.396790195547666,0.38714336059278864
74A,2021-09-17,Genesis090,Cultivar,Fungicide,5,6,2,0.6678479264460494,13,0.00703527062316778,0.533345898183507,0.6865051544432,0.6638474993164286,0.15348077662424991,0.32845374407257216,0.4622912369947478
75A,2021-09-17,CVR019,Cultivar,Fungicide,6,6,2,0.6374379049574606,6,0.00371968344258989,0.43187970977282214,0.6740744065325012,0.6308191861715309,0.1322739833350646,0.35151804995856084,0.4227194410719294
82A,2021-09-17,CVR017,Cultivar,Fungicide,4,7,2,0.29354067360436936,0,0,0.07627648013367132,0.6180223392481472,0.636941441737607,-0.00731643930061679,0.39205307822850416,0.2982295545644464
83A,2021-09-17,CVR496,Cultivar,Fungicide,5,7,2,0.7753478989340299,13,0.00821113107187965,0.3195674067218007,0.7288694848288332,0.6829411710309226,0.14721414073104344,0.4239630976385479,0.4412626063341482
84A,2021-09-17,CVR009,Cultivar,Fungicide,6,7,2,0.6251460424431209,4,0.00410059853572922,0.4093229351222671,0.7239928000100895,0.6683335115584843,0.17195508444029775,0.410977034624159,0.4456022154866753
67A,2021-09-17,CVR481,Cultivar,Fungicide,7,5,2,0.27683685720452694,7,0.00366337658995008,0.18764564278118523,0.6570543544199235,0.6219094951601177,0.06635533296643915,0.328576773284721,0.4189192255698355
68A,2021-09-17,CVR489,Cultivar,Fungicide,8,5,2,0.28132168119924966,0,0,0.20670493843539983,0.7035135144688153,0.6279010826683139,0.15102074136630383,0.3551864173099131,0.46436086886617967
69A,2021-09-17,Howzat,Cultivar,Fungicide,9,5,2,0.48601050572057863,4,0.0013679652148439,0.34499290009969114,0.7153130398384552,0.6431745161919793,0.18150845167794413,0.3722605331924745,0.4675541380375105
76A,2021-09-17,CVR484,Cultivar,Fungicide,7,6,2,0.19612989896566907,23,0.01362669206088287,0.11596697211461313,0.6328917563338498,0.6328565459094195,0.02448485380159066,0.3352794677910173,0.37777434701601975
77A,2021-09-17,CVR492,Cultivar,Fungicide,8,6,2,0.3049580948080689,2,0.00111623311719708,0.2313051839602212,0.7176390851308376,0.6233598253819502,0.17539385442063168,0.3879998628198965,0.45684487601927526
78A,2021-09-17,CVR011,Cultivar,Fungicide,9,6,2,0.07959734521209859,0,0,0.05053660662127837,0.6830421337961099,0.5830754591552716,0.06021657270851783,0.4842209692575179,0.29707759621889623
85A,2021-09-17,CVR495,Cultivar,Fungicide,7,7,2,0.08967991850599513,7,0.00509096277012377,0.0724646210028284,0.6447090864534244,0.6132404645021357,0.07488555300676876,0.3225846513363051,0.40670903792485674
86A,2021-09-17,CVR491,Cultivar,Fungicide,8,7,2,0.7542321286486848,3,0.00148058220589643,0.5404194512098135,0.746256605147281,0.6387584245069569,0.1792375888612924,0.4047768330829969,0.48927326918297337
87A,2021-09-17,CVR486,Cultivar,Fungicide,9,7,2,0.6013274535612516,2,0.00129178580235179,0.43380528809665,0.7464908176964805,0.6455842308847011,0.18190814440724248,0.4229997813093181,0.4727779935008315
7A,2021-09-17,CVR487,Cultivar,Infected,7,1,1,0.02839284437427111,6,0.00321953229211003,9.431404035075278e-4,0.4476267975328887,0.5550697188955088,0.01608265744106745,0.22901200944647884,0.24358516965655183
8A,2021-09-17,WLD132,Wild cicer,Infected,8,1,1,0.02899567891418214,0,0,3.5367765131532296e-4,0.7195685962553223,0.58850790900633,0.31139836762653383,0.5333333654854518,0.3022170504209785
9A,2021-09-17,CVR492,Cultivar,Infected,9,1,1,0.04070458055476175,33,0.06770958385399348,0.00153260315569973,0.4507526037988891,0.6784770028461072,0.409440775063319,0.31892600078754313,0.15395928575737333
16A,2021-09-17,CVR490,Cultivar,Infected,7,2,1,0.01805853797579632,1,2.3185851099049264e-4,5.894627521922049e-4,0.6980197938319251,0.6877274468650619,0.2910916182857188,0.1478462754756905,0.6134849346102583
17A,2021-09-17,CVR011,Cultivar,Infected,8,2,1,0.0162964062437487,5,0.00209666339224259,0.00168979322295098,0.6508205239772055,0.5981459810985706,0.27839646532107476,0.32305674495896664,0.4150232256734616
18A,2021-09-17,CVR486,Cultivar,Infected,9,2,1,0.0189694143410465,13,0.00619726500838391,0.00998156927045467,0.601760557130036,0.5443496012863905,0.26512948477625153,0.18900621782811872,0.46572417031747354
25A,2021-09-17,CVR484,Cultivar,Infected,7,3,1,0.03183098861837907,0,0,3.5367765131532296e-4,-0.03749999465653717,0.5514451076384227,-0.7110694003297396,0.5139092140415955,-0.5409835931892549
26A,2021-09-17,CVR494,Cultivar,Infected,8,3,1,0.03100954375080799,0,0,0,NA,NA,NA,NA,NA
27A,2021-09-17,WLD133,Wild cicer,Infected,9,3,1,0.00516384092154557,0,0,0.00102173543713315,0.5066312827046554,0.4388133547959757,-0.15287101173980808,0.7272727157497523,-0.3493699871841325
91A,2021-09-17,CVR484,Cultivar,Infected,10,5,2,0.05314218328754149,0,0,0.01894140310377618,0.5991183822369989,0.5952609632504168,-0.07343461937291919,0.375253512520487,0.288791298284378
92A,2021-09-17,WLD132,Wild cicer,Infected,11,5,2,0.0173861456043571,0,0,0,NA,NA,NA,NA,NA
93A,2021-09-17,CVR488,Cultivar,Infected,12,5,2,0.02177160126832524,0,0,0,NA,NA,NA,NA,NA
100A,2021-09-17,CVR494,Cultivar,Infected,10,6,2,0.04845531035361783,9,0.00692928658080648,0.01257520538010037,0.5735031503269423,0.5923676988206685,-0.13164550957933396,0.4078033273456288,0.2162834340100052
101A,2021-09-17,WLD130,Wild cicer,Infected,11,6,2,0.3310588430196014,0,0,0.15608973678049587,0.7712338563536753,0.6861568534580739,0.31373072571806837,0.3470262471681444,0.579232450050654
102A,2021-09-17,CVR482,Cultivar,Infected,12,6,2,0.01254028334122613,2,0.0011062991989202,0,NA,NA,NA,NA,NA
109A,2021-09-17,CVR016,Cultivar,Infected,10,7,2,0.2424719761519065,17,0.00692596486975446,0.0834286281936034,0.7056411220800545,0.6389020101332721,0.07926630118815726,0.4016328433102439,0.4242421833059303
110A,2021-09-17,CVR011,Cultivar,Infected,11,7,2,0.01892966700874468,2,6.061443930180021e-4,0,NA,NA,NA,NA,NA
111A,2021-09-17,WLD133,Wild cicer,Infected,12,7,2,0.00924456703786638,0,0,0,NA,NA,NA,NA,NA
118A,2021-09-17,CVR477,Cultivar,Infected,10,8,2,0.02712424201830449,6,0.00338513918912054,0.00106103295394596,0.3844061674078879,0.6715035104719466,-0.22447941109822325,0.2694997682655991,0.12818614725784488
119A,2021-09-17,CVR487,Cultivar,Infected,11,8,2,0.0185123200195755,0,0,0.01002086678726748,0.6109667826576007,0.6273132429872852,-0.02642389967351776,0.35884598561340064,0.32291838525161226
120A,2021-09-17,CVR010,Cultivar,Infected,12,8,2,0.3010496071317227,7,0.00299759932066279,0.12217597977103768,0.6737916437434243,0.6120595639405937,0.14014500124928828,0.38124935217653944,0.3936690251948176
94A,2021-09-17,CVR481,Cultivar,Infected,13,5,2,0.02630610942842524,20,0.01537888997270253,0.00184698329020224,0.21086028619930097,0.5401913159117625,-0.5510524342743407,0.4392382302841524,-0.2516888351885292
95A,2021-09-17,CVR489,Cultivar,Infected,14,5,2,0.03341425735506848,0,0,0.00538375980335547,0.5864894870180449,0.507983674762662,0.03942744214360808,0.3526226451367284,0.29484321142427006
96A,2021-09-17,CVR015,Cultivar,Infected,15,5,2,0.19117141926101627,9,0.00531951423283602,0.12520188856562434,0.6278837757394343,0.608821995512985,0.1440402575350473,0.3202593157695785,0.3850531056966797
103A,2021-09-17,WLD129,Wild cicer,Infected,13,6,2,0.09120687852192362,0,0,0.06271883683325061,0.7309483680254957,0.6840854599920969,0.14067966088242995,0.371193002419392,0.4937102801157383
104A,2021-09-17,CVR491,Cultivar,Infected,14,6,2,0.10546954626289556,12,0.00630325997596556,0.04982925131864772,0.631686389896901,0.6249690330420004,0.03673396083625626,0.3669045132345261,0.3446642148710585
105A,2021-09-17,CVR495,Cultivar,Infected,15,6,2,0.00509428309001737,0,0,0,NA,NA,NA,NA,NA
112A,2021-09-17,CVR496,Cultivar,Infected,13,7,2,0.06038282232185748,26,0.0128880539275996,0.01029594940495718,0.5767941614637232,0.6008564004390857,-0.08589995221200049,0.35785420738566476,0.27588485528608475
113A,2021-09-17,CVR486,Cultivar,Infected,14,7,2,0.01843944991035549,12,0.00392503393963502,0.00389045416446855,0.4347107601085164,0.5975849488566857,-0.13350196749592289,0.3098345362981512,0.144313591530618
114A,2021-09-17,CVR485,Cultivar,Infected,15,7,2,0.01679324789752152,0,0,0,NA,NA,NA,NA,NA
97A,2021-09-17,CVR017,Cultivar,Infected,16,5,2,0.03710744698144648,17,0.00785670304584525,0.00558024738741954,0.4614132012424759,0.5511737062244537,-0.2923540098053926,0.4650581517378204,-0.00464078954172938
98A,2021-09-17,Genesis090,Cultivar,Infected,17,5,2,0.18580552940026973,43,0.023467461345823,0.1285814750115263,0.6672558997602237,0.6155372841641029,0.06522369832947955,0.399533380066949,0.365038500371232
99A,2021-09-17,CVR009,Cultivar,Infected,18,5,2,0.4476973896593101,3,0.00353088786048848,0.24258357128549873,0.637244507251072,0.6259003706084172,0.11664917998334652,0.32646331758332175,0.39241880287498737
106A,2021-09-17,CVR019,Cultivar,Infected,16,6,2,0.2579933094157696,11,0.00378260866327823,0.11573118701373623,0.6100897269369193,0.5590121494354449,-0.00850420990698818,0.3771743647101749,0.3025307827067311
107A,2021-09-17,CVR490,Cultivar,Infected,17,6,2,0.41602870264783015,5,0.00279224865932902,0.2996435656977042,0.6794862084434812,0.6317366523804863,0.10992211850680356,0.38068701522238296,0.4030591351691013
108A,2021-09-17,WLD131,Wild cicer,Infected,18,6,2,0.01177183491672416,0,0,0,NA,NA,NA,NA,NA
115A,2021-09-17,CVR493,Cultivar,Infected,16,7,2,0.3836909355426028,17,0.00689614697355122,0.2959888966341125,0.6021510948521356,0.5853579143233799,0.0660145213814494,0.33945500287654123,0.330187467465302
116A,2021-09-17,Howzat,Cultivar,Infected,17,7,2,0.00454444499317545,0,0,0,NA,NA,NA,NA,NA
117A,2021-09-17,CVR492,Cultivar,Infected,18,7,2,0.33230425943172526,11,0.00472661129923907,0.13860234179879377,0.6065578104286695,0.5611485113013893,0.07997923850051344,0.4115969628726176,0.2598290903844778
121A,2021-09-19,CVR019,Cultivar,Infected,1,9,3,0.2677877145504779,28,0.01779021647446775,0.13274701179368456,0.6024998838531339,0.5749780859472177,-0.0359238476062339,0.3677986506168831,0.3015169892896178
122A,2021-09-19,CVR016,Cultivar,Infected,2,9,3,0.15071857181083276,21,0.01275557365904142,0.1047278823061484,0.5687671146251804,0.6125071078274564,0.03179823151599352,0.22128382261724233,0.39751398987741593
123A,2021-09-19,WLD131,Wild cicer,Infected,3,9,3,0.18767034174076375,12,0.00490878206493769,0.04043714480038526,0.5495695113568391,0.6671112750968478,0.08238271087437796,0.274758560673952,0.32368740125743095
130A,2021-09-19,CVR485,Cultivar,Infected,1,10,3,0.07952447510287856,39,0.02080108066569675,0.0621293740810584,0.5156551456147436,0.5805928776576409,-0.0919926316896502,0.28229761578425555,0.2731142904489823
131A,2021-09-19,CVR010,Cultivar,Infected,2,10,3,0.02230487797670808,1,2.086726598914434e-4,0.00161119818932536,0.5658617934434064,0.5600957637453615,0.06625417769102342,0.2793650476689969,0.34029056050851003
132A,2021-09-19,CVR491,Cultivar,Infected,3,10,3,0.24471438814926785,0,0,0.1988454350728371,0.6483463533868539,0.5998797407387787,0.05736056497487878,0.34353094677582385,0.392160053122912
139A,2021-09-19,CVR011,Cultivar,Infected,1,11,3,0.2663104386999267,3,0.00111292085275436,0.2561019170691066,0.6071457212731652,0.5912002577392504,-0.00699163533807409,0.3119949440244504,0.3641258184892891
140A,2021-09-19,WLD132,Wild cicer,Infected,2,11,3,0.03794214095978483,0,0,5.894627521922049e-4,0.6631420153033976,0.6225641226498081,0.27504349605689765,0.3664772955552124,0.39190898590921897
141A,2021-09-19,CVR487,Cultivar,Infected,3,11,3,0.04565312342633909,0,0,5.894627521922049e-4,0.6167978515743152,0.6183816216808392,0.2025377853703231,0.14117649967836546,0.5209875754409048
148A,2021-09-19,CVR495,Cultivar,Infected,1,12,3,0.02122507544917513,3,9.009359284202e-4,0.00671987537499113,0.4163010030356524,0.5894692916719969,-0.15675006443118225,0.19433719079189068,0.24150199171947043
149A,2021-09-19,CVR493,Cultivar,Infected,2,12,3,0.47922696100773365,4,0.00267631726808139,0.35080893258798757,0.6867752367661467,0.5993572479624906,0.11022219474230546,0.35846172035619567,0.4355345614543193
150A,2021-09-19,CVR492,Cultivar,Infected,3,12,3,0.2501928954515362,1,2.9810379984491917e-4,0.19196836963059472,0.6268341815976859,0.5808147745042117,0.06758366867222436,0.3447941256642786,0.35980405407601057
124A,2021-09-19,Howzat,Cultivar,Infected,4,9,3,0.04412947568810242,7,0.00534270049465668,0,NA,NA,NA,NA,NA
125A,2021-09-19,CVR496,Cultivar,Infected,5,9,3,0.0889180946368768,33,0.02391462866902474,0.05768875468121046,0.5766547462432947,0.6260014912102815,0.08773618495147911,0.2204047161834508,0.4081211816084017
126A,2021-09-19,CVR484,Cultivar,Infected,6,9,3,0.06002178405344922,0,0,3.5367765131532296e-4,0.5742972097148468,0.5588235337259794,0.12160230970189671,0.3942857310358354,0.23270441333749883
133A,2021-09-19,CVR482,Cultivar,Infected,4,10,3,0.17149980204930415,15,0.00672059297407461,0.04845383823019924,0.7271526212291143,0.6597425007043343,0.12013591844533364,0.41321703432419943,0.4487819207072081
134A,2021-09-19,CVR015,Cultivar,Infected,5,10,3,0.408937116109646,37,0.01793595167415407,0.49145474526104765,0.682394705614591,0.6480973574468812,0.06479904155678162,0.35824871980971185,0.4290295705724931
135A,2021-09-19,CVR481,Cultivar,Infected,6,10,3,0.12503848286616126,1,1.3911539409942425e-4,0.0097850816863906,0.6367793203103741,0.5606827176163816,0.04589889251686648,0.31482789291992114,0.4026788236095093
142A,2021-09-19,WLD129,Wild cicer,Infected,4,11,3,0.16328866565128525,4,8.810626292690008e-4,0.13152878877248733,0.7355723526999083,0.6930525223540938,0.0976263882576224,0.35866641579872693,0.511978792736067
143A,2021-09-19,CVR477,Cultivar,Infected,5,11,3,0.0295687029548668,15,0.00537581365140243,0.00463710698391201,0.519870593512972,0.6524205117010266,-0.14305268941931604,0.33089068713862485,0.2282422081449131
144A,2021-09-19,WLD133,Wild cicer,Infected,6,11,3,0.05593443338174478,0,0,0,NA,NA,NA,NA,NA
127A,2021-09-19,CVR489,Cultivar,Infected,7,9,3,0.02129794555839515,3,0.0019575573215365,0.00294731376096102,0.49324889285168144,0.6507216644005231,-0.0395626115708863,0.2323232279616661,0.29469579126283535
128A,2021-09-19,CVR009,Cultivar,Infected,8,9,3,0.2462082253882781,44,0.02883002331083623,0.20764807883890735,0.6059437458792141,0.6375622329163996,0.11572699414109272,0.20966314435626973,0.4539525861356755
129A,2021-09-19,CVR486,Cultivar,Infected,9,9,3,0.07048195700421313,28,0.01411358967673951,0.02664371639908766,0.5423869677947866,0.6386297770795396,0.09868373877092702,0.09726439135704196,0.4699127970539026
136A,2021-09-19,CVR488,Cultivar,Infected,7,10,3,0.02726998223674452,1,2.3848303987593532e-4,0,NA,NA,NA,NA,NA
137A,2021-09-19,CVR490,Cultivar,Infected,8,10,3,0.17342754766594273,46,0.02661742971843817,0.15373188577172706,0.6659539391378507,0.6319045849856316,0.05620992310527018,0.3820303439492421,0.38080627640969855
138A,2021-09-19,CVR494,Cultivar,Infected,9,10,3,0.01203681713206967,8,0.00378260599358775,0,NA,NA,NA,NA,NA
145A,2021-09-19,CVR017,Cultivar,Infected,7,11,3,0.18367573484443023,25,0.01143065321915466,0.16174857920154104,0.6036985421587432,0.5953323511099408,0.06569516014411768,0.28155110016892315,0.3881163498219249
146A,2021-09-19,Genesis090,Cultivar,Infected,8,11,3,0.01629971852144052,13,0.005140640658072,0.02251747713374222,0.5199216600074513,0.6051866017641169,-0.00765593542718754,0.2844328874680616,0.27635726375878805
147A,2021-09-19,WLD130,Wild cicer,Infected,9,11,3,0.07827905869075469,2,6.624528885442648e-4,0.03128082338299967,0.7148101329545405,0.6454368222384491,0.1897142720250924,0.33280880532524443,0.5012450790287969
151A,2021-09-19,WLD130,Wild cicer,Fungicide,10,9,3,0.572980981074666,0,0,0.4530610713349287,0.6774300405177919,0.6086625975909716,0.03359562743604677,0.4655944669425462,0.3094331720575219
152A,2021-09-19,CVR482,Cultivar,Fungicide,11,9,3,0.5800957535566929,0,0,0.4919263154628014,0.6483195276303149,0.5983656501633758,-0.0018839506564378,0.4328749414625186,0.2994953414071573
153A,2021-09-19,CVR491,Cultivar,Fungicide,12,9,3,0.5274172891460059,0,0,0.39163905255650094,0.6008810556876722,0.5776256184908214,0.01301501615521726,0.4006754870978751,0.2636914847289811
160A,2021-09-19,Howzat,Cultivar,Fungicide,10,10,3,0.6897685802105065,1,7.419501102208628e-4,0.5853365129268595,0.7105410316760407,0.6372909423045744,0.04830198763932317,0.4714106107496155,0.35957114129407824
161A,2021-09-19,CVR009,Cultivar,Fungicide,11,10,3,0.8415768913819477,1,3.643490886993456e-4,0.7721962053717885,0.7263374871977838,0.6517287675362705,0.07564973771951376,0.4594253141894857,0.40058727756005313
162A,2021-09-19,CVR484,Cultivar,Fungicide,12,10,3,0.4402745753519441,0,0,0.442450741795469,0.650023712920711,0.5996120918948709,0.04060030441670845,0.3741879354944223,0.3644913953715343
169A,2021-09-19,CVR019,Cultivar,Fungicide,10,11,3,0.91324133152214,0,0,0.8610085933687474,0.7535731505425455,0.6415186465350553,0.08744764584396478,0.5221377895186485,0.3815722004292088
170A,2021-09-19,CVR495,Cultivar,Fungicide,11,11,3,0.811511346773308,0,0,0.76174306589958,0.7181300451844632,0.6263711035178469,0.09908028292073408,0.43353995061272754,0.41325079814652066
171A,2021-09-19,CVR010,Cultivar,Fungicide,12,11,3,0.4605854621581772,1,2.6829341986042726e-4,0.3813431031515438,0.667579134377681,0.569077666357884,0.05094492107641927,0.46744917440273726,0.2909116503801591
178A,2021-09-19,CVR016,Cultivar,Fungicide,10,12,3,0.931690718265571,13,0.00598195553901808,0.8580612796077863,0.7281117109154002,0.6323838244910794,0.08871791078651037,0.483152511390983,0.3779004061448955
179A,2021-09-19,CVR494,Cultivar,Fungicide,11,12,3,0.7861326750985921,1,0.00124210224643258,0.624241054571545,0.708802600570715,0.6302837841802174,0.06362658347005191,0.475784417069343,0.35158611014039043
180A,2021-09-19,WLD129,Wild cicer,Fungicide,12,12,3,0.47365902220778616,0,0,0.27940534453910515,0.7231073771501195,0.6257631350216368,0.08495321158281804,0.48833142992580814,0.362933646232228
154A,2021-09-19,CVR493,Cultivar,Fungicide,13,9,3,0.6769268795993248,2,0.0015103954609322,0.7573417440165449,0.8914882882903611,0.564922484132682,0.08081798745280053,0.7867298229186027,0.35078560747874277
155A,2021-09-19,WLD132,Wild cicer,Fungicide,14,9,3,0.5416070867777579,0,0,0.6147703530196569,0.9417407487878204,0.6438353753898232,0.22744846609325453,0.8206380874283213,0.5330887417761014
156A,2021-09-19,CVR489,Cultivar,Fungicide,15,9,3,0.49806388424110737,1,2.086726598914434e-4,0.6102511385861833,0.901864828467209,0.5631189926347822,0.09838830831729192,0.8066062871594698,0.34950829451253185
163A,2021-09-19,WLD131,Wild cicer,Fungicide,13,10,3,0.02085078806999961,0,0,0.01398991598536166,0.8176321450956758,0.42881003929208095,-0.12990032378914598,0.7988692031252984,0.05410012010683902
164A,2021-09-19,CVR485,Cultivar,Fungicide,14,10,3,0.5579465526315003,3,0.00159651413108215,0.7837103777979428,0.8982618040498288,0.5616716539453204,0.10062029926646517,0.790598413670719,0.3714635970650611
165A,2021-09-19,CVR488,Cultivar,Fungicide,15,10,3,0.02791587638664919,0,0,0.03607512043416294,0.864891527921806,0.441132134184643,-0.08538143825692682,0.8335213988867816,0.1123997063798364
172A,2021-09-19,CVR481,Cultivar,Fungicide,13,11,3,0.28592905946856967,0,0,0.6660143149435659,0.8661205164371794,0.5433866644436055,0.0368199107933475,0.7295926041669084,0.3709142125689489
173A,2021-09-19,CVR490,Cultivar,Fungicide,14,11,3,0.4855302254552649,0,0,0.5164086684371844,0.915054728626165,0.5865652059398573,0.10045970043722742,0.8211751769366626,0.37766368193748623
174A,2021-09-19,CVR486,Cultivar,Fungicide,15,11,3,0.40599581351931086,2,4.43843722829786e-4,0.6523387790927068,0.8644498333740772,0.5254411857576207,0.07053418672179056,0.7422628462164541,0.34097012432023316
157A,2021-09-19,CVR492,Cultivar,Fungicide,16,9,3,0.686413242908694,0,0,0.61453456791878,0.6209761226355287,0.6035642809962313,0.04530586508693011,0.4120866598091606,0.28072615675303114
158A,2021-09-19,CVR487,Cultivar,Fungicide,17,9,3,0.25536667320615725,0,0,0.20242150910280315,0.6042114416962687,0.5861662148019243,0.02429642495391035,0.4033816617619776,0.2655522496075694
159A,2021-09-19,CVR477,Cultivar,Fungicide,18,9,3,0.703709957015372,0,0,0.6671539429311375,0.6806784339945792,0.6191272555957635,0.11475316929336092,0.4061301433232382,0.3794430590550763
166A,2021-09-19,CVR017,Cultivar,Fungicide,16,10,3,0.5799798238374791,1,5.100887241790839e-4,0.5147581727310462,0.6619276912207702,0.614453536712692,0.07788172391436972,0.4243776695041735,0.330346882885787
167A,2021-09-19,CVR015,Cultivar,Fungicide,17,10,3,0.8874055655259532,2,0.00157995301422935,0.8840369382210561,0.7279554935329022,0.6708974906304321,0.15333171123757625,0.43724916693090427,0.4264419028803123
168A,2021-09-19,Genesis090,Cultivar,Fungicide,18,10,3,0.7506714301299795,0,0,0.6914398083214564,0.6810227435765988,0.6284764239108745,0.1039057135962024,0.44742109619669423,0.33597435919368096
175A,2021-09-19,CVR011,Cultivar,Fungicide,16,11,3,0.10906999211390264,0,0,0.05827821743340266,0.6574681589489724,0.6200122412062625,0.0305632801159532,0.5041567712397049,0.229325094289905
176A,2021-09-19,CVR496,Cultivar,Fungicide,17,11,3,0.846744044581185,0,0,0.6842090652278987,0.7230236999843842,0.673529941767186,0.13356905124348714,0.4598953885731881,0.3942087328624163
177A,2021-09-19,WLD133,Wild cicer,Fungicide,18,11,3,0.7154519814328698,0,0,0.5614829202214816,0.7727442043342765,0.6909028494935003,0.17659035976682336,0.5047546190835676,0.4393604697765162
1A,2021-09-19,CVR482,Cultivar,Infected,1,1,1,0.05108525884092199,4,0.00367993893896771,0.00129681805482285,0.41679705843240894,0.4709713430927601,-0.1950207502805832,0.37819790336586095,0.04582218780117079
2A,2021-09-19,CVR016,Cultivar,Infected,2,1,1,0.2741505999964619,11,0.01008919671648132,0.23177675416197496,0.6113637846397129,0.599021046070664,0.0598033692965225,0.32992638425074183,0.35254813762226733
3A,2021-09-19,CVR496,Cultivar,Infected,3,1,1,0.18727949297312912,22,0.01285824198688571,0.07981325664682455,0.6285272627843811,0.6008331413303148,0.09417999500708892,0.31451880087709894,0.3913773642885471
10A,2021-09-19,CVR485,Cultivar,Infected,1,2,1,0.12230916604810256,27,0.01400429102879633,0.03532846761471948,0.6415541510817978,0.6402775942580835,0.01983329401368882,0.42938921149279086,0.29283373058556483
11A,2021-09-19,CVR481,Cultivar,Infected,2,2,1,0.08412522881681495,31,0.01384197828339373,0.01053173450583406,0.5041894952449552,0.583996409291303,0.05753639557100767,0.17725161173456733,0.35902321393679004
12A,2021-09-19,CVR009,Cultivar,Infected,3,2,1,0.4197649518842018,25,0.01847255354628594,0.3600438490389988,0.6395741400321506,0.5976242258867382,0.10738872410118366,0.290175779191324,0.42901965766881867
19A,2021-09-19,CVR495,Cultivar,Infected,1,3,1,0.09373745867847322,5,0.00180849638572584,0.00660198282455269,0.53357651460738,0.549323566717502,-0.0101093575871633,0.3365883426796023,0.24011107238126275
20A,2021-09-19,CVR488,Cultivar,Infected,2,3,1,0.01504436527624117,10,0.00344475736154336,0.00738793316080896,0.47101812728526393,0.5686577659733951,-0.10860547069081088,0.27008228986543514,0.2302233970884571
21A,2021-09-19,WLD130,Wild cicer,Infected,3,3,1,0.13303100893652017,4,0.0017091284524442,0.04204834298971061,0.7092685913539817,0.5917285400707545,0.20351466908296104,0.36662786854776713,0.4630515517632248
28A,2021-09-19,CVR491,Cultivar,Infected,1,4,1,0.23361825788167473,19,0.01248064692082757,0.2344489853052463,0.618294919604114,0.5741043028142363,0.06823327128643665,0.33091075990084523,0.3613079196492497
29A,2021-09-19,CVR015,Cultivar,Infected,2,4,1,0.40495575832407976,7,0.00284192515082376,0.19031787392445657,0.6604404095536156,0.6152154571978138,0.10086518132582832,0.35553972345971935,0.3984654818098649
30A,2021-09-19,WLD129,Wild cicer,Infected,3,4,1,0.3319564702740843,20,0.00665765502100356,0.26907009761733514,0.7299435515187815,0.651711132806444,0.1564161159206383,0.36799494341035055,0.49488145550179674
31A,2021-09-19,CVR011,Cultivar,Fungicide,10,1,1,0.2174775286894415,0,0,0.19169328701290503,0.581474850263661,0.5410599632612398,0.02980229787159669,0.3547002683990547,0.2857000034259298
32A,2021-09-19,WLD131,Wild cicer,Fungicide,11,1,1,0.20689148918638847,0,0,0.13416172239894583,0.6719419574819282,0.6247572486004416,0.1893727314730248,0.3824235209429287,0.3896438063406806
33A,2021-09-19,CVR019,Cultivar,Fungicide,12,1,1,0.7053561590282059,1,4.173453197828868e-4,0.6160671710744797,0.6658439747331083,0.6027496903925142,0.09738027504125309,0.4376453808193398,0.32204309047466484
40A,2021-09-19,CVR487,Cultivar,Fungicide,10,2,1,0.18809100100762471,14,0.00842310942465528,0.08959833833321515,0.6132627263818833,0.5957780543024214,0.07177476101985435,0.3388718670808619,0.34637328411080026
41A,2021-09-19,CVR490,Cultivar,Fungicide,11,2,1,0.5463867034870524,0,0,0.4674439624884185,0.6896725893220617,0.6167944520734481,0.1102324765523824,0.4341527485893209,0.3647278343667387
42A,2021-09-19,Howzat,Cultivar,Fungicide,12,2,1,0.6787751305513597,2,0.00140109525227287,0.6362267971994532,0.7126235030631136,0.6349973651873841,0.1338381588109085,0.4158909192031768,0.4217189723178269
49A,2021-09-19,CVR489,Cultivar,Fungicide,10,3,1,0.41763515732836226,0,0,0.33579728116549273,0.6858863955822402,0.6354365336528214,0.03611375783973098,0.4241893955828442,0.36907894519703083
50A,2021-09-19,CVR016,Cultivar,Fungicide,11,3,1,0.9295476745989644,1,0.00190787499778213,0.9244347855046284,0.7870917434838519,0.6933699758508758,0.20890972996088344,0.48611515590181736,0.4875040251503151
51A,2021-09-19,WLD129,Wild cicer,Fungicide,12,3,1,0.6991754488552719,0,0,0.467758342622921,0.823048941599645,0.6962404803515194,0.2598621188693779,0.5140129720083735,0.535644622706681
58A,2021-09-19,CVR477,Cultivar,Fungicide,10,4,1,0.6593916814988359,6,0.00439539360333729,0.6199969227557611,0.6805636252907323,0.6020705942260686,0.1064426041482576,0.4120453767875972,0.37316129351934874
59A,2021-09-19,CVR492,Cultivar,Fungicide,11,4,1,0.7641590248910658,0,0,0.5047373059437786,0.7532433035166524,0.6632124067905216,0.14727408477725612,0.5306736265213068,0.3707803583345486
60A,2021-09-19,CVR495,Cultivar,Fungicide,12,4,1,0.4810056541282404,1,0.00119242300310304,0.5113785862851442,0.6708486826672972,0.6153897551718562,0.10361043886355238,0.3760468397140359,0.3942627027761376
34A,2021-09-19,Genesis090,Cultivar,Fungicide,13,1,1,0.7511782086168278,2,0.00177206743231928,0.5471393265848046,0.5964746392984457,0.5354345487771712,0.04933248748030678,0.3633605533239686,0.29761854751951167
35A,2021-09-19,CVR491,Cultivar,Fungicide,14,1,1,0.5986643822970292,0,0,0.4524716085827365,0.63242214820826,0.5589743780915429,0.02094056773315413,0.4295438145567017,0.2785462695199847
36A,2021-09-19,CVR494,Cultivar,Fungicide,15,1,1,0.411861857311522,1,0.00151040141640832,0.2815274104469971,0.5844139012579986,0.5299530764558901,0.02100419615562534,0.3717839412812575,0.2716537111993447
43A,2021-09-19,CVR481,Cultivar,Fungicide,13,2,1,0.6844325008489863,1,6.028321285752808e-4,0.6336331610898075,0.67057977443199,0.612696844521904,0.0727610805519399,0.35661846496106786,0.41264066407616623
44A,2021-09-19,CVR017,Cultivar,Fungicide,14,2,1,0.8622289427904382,3,0.00109635953054075,0.7461026542080802,0.7154725186283291,0.6202702541066213,0.11177205436350944,0.4515362470071067,0.389897131265429
45A,2021-09-19,CVR010,Cultivar,Fungicide,15,2,1,0.00804552251342796,0,0,0,NA,NA,NA,NA,NA
52A,2021-09-19,CVR496,Cultivar,Fungicide,13,3,1,0.8472375739572661,0,0,0.7464170343425827,0.6327723631754376,0.5910232474929886,0.0498144293075673,0.4008999755350261,0.31068696843501925
53A,2021-09-19,CVR015,Cultivar,Fungicide,14,3,1,0.8316996793049438,6,0.00844299820803673,0.691086130670141,0.6661890610065772,0.6008068790612408,0.09127080289019904,0.4080189528954614,0.35454051888303656
54A,2021-09-19,CVR009,Cultivar,Fungicide,15,3,1,0.7332091021387106,0,0,0.6778821650210356,0.6309267092139648,0.5584992374886119,0.07710003760176533,0.34819127747772544,0.3623341485889251
37A,2021-09-19,WLD133,Wild cicer,Fungicide,16,1,1,0.629604368216309,1,0.00129841053659804,0.4647717313451471,0.7316575833171246,0.6456231234547049,0.12611501913568954,0.3987536374703423,0.470038084818721
38A,2021-09-19,CVR488,Cultivar,Fungicide,17,1,1,0.18420569927512123,0,0,0.09195618934198396,0.6338453017556156,0.6165709985934261,-0.09306768326607386,0.5079402415435446,0.18568850102980855
39A,2021-09-19,CVR493,Cultivar,Fungicide,18,1,1,0.7146735961752924,1,2.649811554177059e-4,0.6323363430349846,0.6687337996880116,0.5956909183366312,0.07267678403150236,0.39901622731973174,0.36788145508187303
46A,2021-09-19,CVR482,Cultivar,Fungicide,16,2,1,0.3582890779240441,1,5.299643644434735e-4,0.3300205461940091,0.6938133067482766,0.639016304565328,0.04934846261972073,0.3974716855056123,0.4091822895146656
47A,2021-09-19,CVR485,Cultivar,Fungicide,17,2,1,0.8214879271810663,0,0,0.8168381844711448,0.7249227890202284,0.6487635786097944,0.10882727989005613,0.43495609192191387,0.4235004463445148
48A,2021-09-19,WLD132,Wild cicer,Fungicide,18,2,1,0.5636933544268059,0,0,0.4416254939423999,0.7730578124582151,0.6662350491714929,0.15270429132228436,0.4877840576008249,0.457965984916963
55A,2021-09-19,CVR486,Cultivar,Fungicide,16,3,1,0.4165951021331312,0,0,0.4817089610914699,0.6161430401175607,0.5918286750809384,0.03097678497029573,0.3454534576885449,0.3438850922763329
56A,2021-09-19,WLD130,Wild cicer,Fungicide,17,3,1,0.6527406278936636,0,0,0.31850637376785473,0.7878432971782229,0.6988110312779041,0.14071113499692675,0.5030409551068871,0.47177500751817114
57A,2021-09-19,CVR484,Cultivar,Fungicide,18,3,1,0.7330699864756542,0,0,0.6745811736087594,0.7203376433235412,0.6364401526925241,0.1204805866215539,0.431473628326011,0.419133519675871
4A,2021-09-19,CVR493,Cultivar,Infected,4,1,1,0.3586368670816851,9,0.0071777014853385,0.3046343503329315,0.679833130061906,0.5991957302924292,0.14480929545521956,0.44368746228205863,0.33813999701338254
5A,2021-09-19,CVR489,Cultivar,Infected,5,1,1,0.01145716853600137,6,0.00280218249544884,4.715702017537639e-4,0.453543274518953,0.599370748998136,0.3504023175164751,0.26870390815682976,0.21049175449751828
6A,2021-09-19,CVR010,Cultivar,Infected,6,1,1,0.07548349631885957,34,0.01755172328975577,0.02192801438155002,0.5670044495375021,0.5925305581184884,0.19914845890073415,0.30206810351877655,0.3196911075967027
13A,2021-09-19,CVR017,Cultivar,Infected,4,2,1,0.05605698765634207,0,0,4.715702017537639e-4,0.4687216817451733,0.6387096958291877,0.06789715729480704,0.22177960573016473,0.2755905116023503
14A,2021-09-19,CVR019,Cultivar,Infected,5,2,1,0.06399651728363184,12,0.00519033004625083,0.02774404686984644,0.6069525559120031,0.6121660880886196,0.2029507624825149,0.2726039548267059,0.4006370772552508
15A,2021-09-19,WLD131,Wild cicer,Infected,6,2,1,0.096794690988022,3,0.001232164837022,0.01650495706138173,0.7050765431138963,0.6127920408594837,0.36574199179131,0.35952915959824777,0.4628872554112176
22A,2021-09-19,Howzat,Cultivar,Infected,4,3,1,0.06080679386641029,4,0.00156670395645847,0.00129681805482285,0.4576828246332651,0.5997926103325024,-0.04134013933188188,0.3306288151115417,0.14970834485277296
23A,2021-09-19,Genesis090,Cultivar,Infected,5,3,1,0.04605390902704917,28,0.01222228179234673,0.02019892364178622,0.542932258172015,0.5819672184863786,0.15560925525745817,0.25553113698938285,0.3336969310582555
24A,2021-09-19,CVR477,Cultivar,Infected,6,3,1,0.06205221027853418,10,0.00489885307534512,0.00597322255554767,0.5147173952233319,0.5597125207822943,0.20400611042683017,0.21004256265431223,0.34160682072197157
61A,2021-09-19,CVR487,Cultivar,Fungicide,1,5,2,0.33103234479806687,0,0,0.28954410387681107,0.5956580320348777,0.5465964523544421,-0.05547322511225696,0.40119671683263264,0.25552587981816866
62A,2021-09-19,WLD132,Wild cicer,Fungicide,2,5,2,0.6169315937674101,0,0,0.4844990847851796,0.7586076299469767,0.6582099744181515,0.16764864931990234,0.3812194752261197,0.5309313905049157
63A,2021-09-19,CVR482,Cultivar,Fungicide,3,5,2,0.24231629910039101,3,0.00227884841000611,0.21531109461740605,0.5861069325959408,0.5839836352151997,0.01757093126306361,0.30083576466887546,0.34633818401039
70A,2021-09-19,WLD133,Wild cicer,Fungicide,1,6,2,0.45111897251495897,0,0,0.2128353510581988,0.7232249162032197,0.6372513183777784,0.03811080811138098,0.4106155121724588,0.44465845597559145
71A,2021-09-19,WLD130,Wild cicer,Fungicide,2,6,2,0.45320901973849664,0,0,0.33898038002733066,0.76791125666718,0.6542867424882438,0.13223004240751104,0.4425576152624537,0.4928442999435329
72A,2021-09-19,WLD129,Wild cicer,Fungicide,3,6,2,0.47365902220778616,0,0,0.3694359555572612,0.8020758427341032,0.6742497766791004,0.19598371130847675,0.4341628122201712,0.5644842186865042
79A,2021-09-19,CVR490,Cultivar,Fungicide,1,7,2,0.689540033049771,1,8.346935146170599e-4,0.7114029468623657,0.7186605389693403,0.612622024214767,0.1056772456071395,0.3881885552947215,0.4583368796924985
80A,2021-09-19,CVR494,Cultivar,Fungicide,2,7,2,0.7723569121783175,0,0,0.8353866124067928,0.7386553874532805,0.6517329341296685,0.09891469728398472,0.4168030737701483,0.4650197180794273
81A,2021-09-19,WLD131,Wild cicer,Fungicide,3,7,2,0.7709823169362127,0,0,0.7131320376021295,0.8228150459096985,0.6861305993896465,0.19014689145684563,0.4879275913428063,0.5595204653305825
88A,2021-09-19,CVR493,Cultivar,Fungicide,1,8,2,0.8253268570258844,0,0,0.7764796347043851,0.7378156347402272,0.6208451742497121,0.09914892753551136,0.44707373788393745,0.43385117500437753
89A,2021-09-19,CVR477,Cultivar,Fungicide,2,8,2,0.6981420182154245,0,0,0.5599896145825947,0.7886899767832153,0.6689204916521905,0.15037149152946971,0.45681726363467823,0.5187839161858752
90A,2021-09-19,CVR488,Cultivar,Fungicide,3,8,2,0.316146968851033,4,0.00181512851297384,0.1616699841679154,0.666329035192116,0.604439756644859,0.01420479791198519,0.4844897098613192,0.2685281501377595
64A,2021-09-19,CVR015,Cultivar,Fungicide,4,5,2,0.7614562062945417,0,0,0.7169438967329724,0.7019629619901299,0.6192728226571967,0.14515440865394474,0.4026940961281972,0.41720200065346663
65A,2021-09-19,CVR016,Cultivar,Fungicide,5,5,2,0.7123218790141009,0,0,0.6751313388441387,0.6982632594025826,0.6291394675400274,0.14290059382593046,0.40259940056744575,0.4112842350268788
66A,2021-09-19,CVR485,Cultivar,Fungicide,6,5,2,0.06122745313327128,16,0.00680339145285472,0.0302197904290537,0.5642761631829625,0.6104335096827113,0.03443801842872553,0.4116582862672016,0.1987959904565822
73A,2021-09-19,CVR010,Cultivar,Fungicide,4,6,2,0.3482826870170594,1,3.5772455981390294e-4,0.25154340511882023,0.6847746801527382,0.6137047971154456,0.04143942156072964,0.48673503482064295,0.29704632122779234
74A,2021-09-19,Genesis090,Cultivar,Fungicide,5,6,2,0.6353611068446902,3,0.00137458974372934,0.6729699754194339,0.6957678961238486,0.6286534518020291,0.13514996139838092,0.4155319098699502,0.3942065151229503
75A,2021-09-19,CVR019,Cultivar,Fungicide,6,6,2,0.62538121415924,0,0,0.6576439438624366,0.6779654382762225,0.5991131695730371,0.11911851082348984,0.41956069832970616,0.3611262557256013
82A,2021-09-19,CVR017,Cultivar,Fungicide,4,7,2,0.2259503350251141,5,0.00305722542001274,0.17070841303486253,0.6041212053080526,0.5489517890353618,0.04917672451785875,0.3961442291818803,0.2734089736080215
83A,2021-09-19,CVR496,Cultivar,Fungicide,5,7,2,0.7423543008458224,2,0.00162301245198473,0.6736773307220646,0.7323848260767805,0.6529211996443304,0.1601157607633483,0.4480870956249794,0.42317052978362574
84A,2021-09-19,CVR009,Cultivar,Fungicide,6,7,2,0.6627304574121893,0,0,0.6124517995277009,0.6838713828364842,0.6221772880590954,0.1209444555090667,0.4246025769272913,0.365359558447996
67A,2021-09-19,CVR481,Cultivar,Fungicide,7,5,2,0.22328726376089175,0,0,0.1763279579390949,0.5698175255460751,0.6020261769139953,0.01404931276914644,0.30387638208208423,0.3216332567407561
68A,2021-09-19,CVR489,Cultivar,Fungicide,8,5,2,0.2805863555516659,1,6.492038307733794e-4,0.231344481477034,0.6225864808294513,0.6145518205957041,0.07613175489212222,0.34467956963732904,0.35383801605422743
69A,2021-09-19,Howzat,Cultivar,Fungicide,9,5,2,0.4926416856595999,4,0.00131828124820308,0.4118379761982872,0.6324776668291159,0.6065081145229413,0.10047808948828804,0.33922819016035427,0.37335421096876886
76A,2021-09-19,CVR484,Cultivar,Fungicide,7,6,2,0.14461735630250244,21,0.01502779409007508,0.10044445297355171,0.5744455560078547,0.6344090404144611,-0.02901791490477349,0.36201842073206375,0.2682024913001682
77A,2021-09-19,CVR492,Cultivar,Fungicide,8,6,2,0.2661911967030212,12,0.00669078978173107,0.23452758033887192,0.6399726488301101,0.6138966755087032,0.09324157074596068,0.3769422236055494,0.3466549360178626
78A,2021-09-19,CVR011,Cultivar,Fungicide,9,6,2,0.08559919238967433,0,0,0.07505825711247409,0.6766756396159272,0.643730238197355,0.01953721058218749,0.5213864531002315,0.23994355496306227
85A,2021-09-19,CVR495,Cultivar,Fungicide,7,7,2,0.07941185766135672,16,0.00946978761718627,0.08649383450500286,0.4680555844345551,0.5999618886875485,-0.06902218435502591,0.22814440507387929,0.26859264719942166
86A,2021-09-19,CVR491,Cultivar,Fungicide,8,7,2,0.7328712498141451,3,0.00185818261133553,0.6878244367746775,0.6750462138883078,0.6361982256663107,0.14455483363825536,0.3525505185931117,0.42321597286952184
87A,2021-09-19,CVR486,Cultivar,Fungicide,9,7,2,0.6168918464351083,1,2.1198492433416473e-4,0.5744118032528973,0.6515735595654788,0.6089850401524467,0.1061994142730343,0.37023973488195966,0.3707802725151145
7A,2021-09-19,CVR487,Cultivar,Infected,7,1,1,0.01605460997224592,7,0.00389523202052848,8.252478530690869e-4,0.5692590311918275,0.5367815952003151,0.1869125689449728,0.3486430037126384,0.2752430054159031
8A,2021-09-19,WLD132,Wild cicer,Infected,8,1,1,0.0224506181951481,0,0,0,NA,NA,NA,NA,NA
9A,2021-09-19,CVR492,Cultivar,Infected,9,1,1,0.03546455724630434,29,0.04684550436615592,0.00514797470247859,0.5008745706082643,0.6642717279946234,0.28550037026371006,0.13167566102959688,0.3952680172370872
16A,2021-09-19,CVR490,Cultivar,Infected,7,2,1,0.01834008157960092,3,0.00129178596664044,3.5367765131532296e-4,0.6082051460484302,0.6663940973355772,0.0926829324093204,0.10328640344409223,0.5387635004716259
17A,2021-09-19,CVR011,Cultivar,Infected,8,2,1,0.01204675396514512,9,0.00362362038074922,0.00459780946709919,0.6374229125878941,0.6842565338736959,0.2030415650225127,0.1350556272608615,0.5496886337812038
18A,2021-09-19,CVR486,Cultivar,Infected,9,2,1,0.02374903105034109,24,0.01150021114210024,0.00974578416957778,0.5489184764055817,0.550782999940914,0.1010704071880929,0.11269911384101591,0.4649845263496956
25A,2021-09-19,CVR484,Cultivar,Infected,7,3,1,0.01993991170474942,0,0,8.645453698819006e-4,0.3254554071905716,0.5390766665425345,-0.0196649451857314,0.05906590638394621,0.2716107610042012
26A,2021-09-19,CVR494,Cultivar,Infected,8,3,1,0.00789978229498793,2,8.479419563055268e-4,0,NA,NA,NA,NA,NA
27A,2021-09-19,WLD133,Wild cicer,Infected,9,3,1,0.006435755555204,0,0,0.00106103295394596,0.25101448116891356,0.4487248807011964,-0.300032462189702,0.42244078676447566,-0.19176033249531185
91A,2021-09-19,CVR484,Cultivar,Infected,10,5,2,0.07922305783292305,1,1.324909062861428e-4,0.06326900206863,0.7175406004325062,0.6258975184081952,0.0206706703422518,0.4947234024419659,0.3454445191182783
92A,2021-09-19,WLD132,Wild cicer,Infected,11,5,2,0.0152431019377503,0,0,0,NA,NA,NA,NA,NA
93A,2021-09-19,CVR488,Cultivar,Infected,12,5,2,0.01675681284291152,0,0,0,NA,NA,NA,NA,NA
100A,2021-09-19,CVR494,Cultivar,Infected,10,6,2,0.0495748602134526,24,0.01720727559360359,0.00408694174853262,0.5335476828852406,0.6647740178850635,-0.02247732197029871,0.2767160007435955,0.30131873621861166
101A,2021-09-19,WLD130,Wild cicer,Infected,11,6,2,0.34064788693741693,3,6.790144982629999e-4,0.2725282790968627,0.7967952344771493,0.7163468111406385,0.27738723750345706,0.377187076021159,0.5999037502942026
102A,2021-09-19,CVR482,Cultivar,Infected,12,6,2,0.01061253772458756,2,7.154491196278059e-4,0,NA,NA,NA,NA,NA
109A,2021-09-19,CVR016,Cultivar,Infected,10,7,2,0.27138816040148495,40,0.01596514410375452,0.13651957340771464,0.7231851369554751,0.6547596120517019,0.07350546135886374,0.44145471973914624,0.4138551044868119
110A,2021-09-19,CVR011,Cultivar,Infected,11,7,2,0.00604490678756938,8,0.00340170585072784,0.00907772638375995,0.5362565123982251,0.533260093976323,0.01181348586612459,0.21818176396654912,0.3602211209426151
111A,2021-09-19,WLD133,Wild cicer,Infected,12,7,2,0.01182814363748508,0,0,0,NA,NA,NA,NA,NA
118A,2021-09-19,CVR477,Cultivar,Infected,10,8,2,0.01515035816237938,12,0.00659804021649796,0.00192557832382786,0.3599487778747131,0.6201008169347452,-0.09555588829890392,0.09013656034049436,0.27885969332962823
119A,2021-09-19,CVR487,Cultivar,Infected,11,8,2,0.02695200357832991,4,0.00336527279010516,0,NA,NA,NA,NA,NA
120A,2021-09-19,CVR010,Cultivar,Infected,12,8,2,0.28168271946765794,15,0.00712469745053159,0.19440481567298917,0.7055131999394407,0.6625722224647478,0.14759907998795482,0.3798498391724872,0.4448886620144605
94A,2021-09-19,CVR481,Cultivar,Infected,13,5,2,0.0229772703481473,21,0.01113585868548316,9.824379203203417e-4,0.5419664314337439,0.726292286087538,-0.3746657134688327,0.4608327553136221,0.10814303554990697
95A,2021-09-19,CVR489,Cultivar,Infected,14,5,2,0.04069464372168629,0,0,0.02161363424704751,0.6273771392966803,0.5823123425627938,-0.01367470510071773,0.4663282008991731,0.22765148977936772
96A,2021-09-19,CVR015,Cultivar,Infected,15,5,2,0.14380916054569864,13,0.00844298362739403,0.112194410500583,0.6063674446816526,0.6153728522802288,0.1751275955864517,0.26965171553602907,0.40253312390560086
103A,2021-09-19,WLD129,Wild cicer,Infected,13,6,2,0.12545251757763862,2,5.829585419189529e-4,0.08755486745894883,0.7244630446217316,0.6799136063668468,0.17524927552861785,0.3944715117478044,0.4620306738144241
104A,2021-09-19,CVR491,Cultivar,Infected,14,6,2,0.09343272913082588,19,0.00930417308074105,0.084568256181175,0.676458262385928,0.6387981936812666,0.12561936542933905,0.4108689711462284,0.3678194518473139
105A,2021-09-19,CVR495,Cultivar,Infected,15,6,2,0.0114107966483159,0,0,0,NA,NA,NA,NA,NA
112A,2021-09-19,CVR496,Cultivar,Infected,13,7,2,0.05477513618960818,33,0.01668059162155479,0.05014363145315023,0.5329052651951989,0.6154463194598984,0.08129789591269136,0.19628435411930223,0.3759451353119281
113A,2021-09-19,CVR486,Cultivar,Infected,14,7,2,0.01018525390234293,10,0.00302078771823584,0.00935280900144965,0.5025859867628877,0.5611029287319108,0.07097638018137084,0.2097647765605903,0.32732991299573494
114A,2021-09-19,CVR485,Cultivar,Infected,15,7,2,0.02519980867935774,0,0,0.00337958644590197,0.686619711762253,0.6503521210121361,0.21672869890255889,0.36331112767055573,0.4307659973227825
97A,2021-09-19,CVR017,Cultivar,Infected,16,5,2,0.06294983753301708,18,0.01660775018472926,0.02086698142760405,0.6376109637992552,0.6195608714345446,-0.05020635277871213,0.520353406410254,0.17547827109717842
98A,2021-09-19,Genesis090,Cultivar,Infected,17,5,2,0.20855756486537336,38,0.01916150225033095,0.1274811445407675,0.5883138552105412,0.5938488787398809,0.00164943378843956,0.3490160354932357,0.3011289108976516
99A,2021-09-19,CVR009,Cultivar,Infected,18,5,2,0.41761528366221135,7,0.00677360994663777,0.33811583465744877,0.6030963341159568,0.5990556580763245,0.09356645469640118,0.270764462147459,0.3971921860294419
106A,2021-09-19,CVR019,Cultivar,Infected,16,6,2,0.21435405082605632,25,0.01241771028205295,0.14547940724103617,0.5499329804326898,0.5663214098013062,-0.04111597100611054,0.34892810605513325,0.24873364568397752
107A,2021-09-19,CVR490,Cultivar,Infected,17,6,2,0.4207818211355902,5,0.00162963669336504,0.32699463739942247,0.6365879255083621,0.6100900687223477,0.07184667203246278,0.3716667459504876,0.34702735237749616
108A,2021-09-19,WLD131,Wild cicer,Infected,18,6,2,0.01484894089242386,0,0,0,NA,NA,NA,NA,NA
115A,2021-09-19,CVR493,Cultivar,Infected,16,7,2,0.29682645307465366,20,0.00961552318650932,0.2522114629046381,0.558502805920507,0.5579939594226572,0.04304360012653653,0.31699147010810214,0.2934668992154771
116A,2021-09-19,Howzat,Cultivar,Infected,17,7,2,0.00219935238736771,0,0,0,NA,NA,NA,NA,NA
117A,2021-09-19,CVR492,Cultivar,Infected,18,7,2,0.30311315613372586,5,0.00222584170550872,0.1291709377637185,0.5674064213047215,0.549108692428172,0.01577274942001649,0.4329119641767448,0.17828878428492168
