pot,date,genotype_id,type,treatment,row,column,rep,canon_fgcc,n_lesions,size_lesions,rededge_fgcc,ndvi,endvi,rendvi,ngrdi,gndvi
100A,2022-06-23,CVR482,Cultivar,Infected,10,6,2,0.00701871642896412,1,9.439984465876698e-4,0.00396904919809418,0.6880733573961512,0.6313375078427096,0.2374483847635543,0.4543143098591652,0.34006340163801957
101A,2022-06-23,CVR498,Cultivar,Infected,11,6,2,0.00720751625739779,0,0,0.00416553678215824,0.7063576102677549,0.6337531970955875,0.32316535615284986,0.4029890691515533,0.424086678321929
102A,2022-06-23,CVR484,Cultivar,Infected,12,6,2,0.00334208819104521,0,0,0.012653800413726,0.8303292476935115,0.5469902059561929,0.0948025017341994,0.5796228711574513,0.4833153226077691
103A,2022-06-23,WLD131,Wild cicer,Infected,13,6,2,0,0,0,0,NA,NA,NA,NA,NA
104A,2022-06-23,CVR494,Cultivar,Infected,14,6,2,0.0040442910617108,1,7.883218124189612e-4,0.00302590879458665,0.7262565762856789,0.539961351096052,0.6945780976240494,0.4495267714798792,0.4108659357170474
105A,2022-06-23,Genesis090,Cultivar,Infected,15,6,2,0.01170227708519596,0,0,0.01021735437133155,0.7131415360855895,0.5197291800635616,0.4652738883293363,0.6594625777432743,0.1013365315336133
109A,2022-06-23,CVR481,Cultivar,Infected,10,7,2,0.00893652521252723,1,7.949465466652102e-4,0.00455851195028638,0.6932388149785425,0.5869316122282094,0.0708117325891689,0.4243766837984383,0.3809294331682783
10A,2022-06-23,CVR481,Cultivar,Infected,1,2,1,0.00683322887822227,1,6.955755329714779e-4,0.00385115664765573,0.6304654234676895,0.6570866346706951,0.1120449237615513,0.40333211594573554,0.30458540120806304
110A,2022-06-23,CVR477,Cultivar,Infected,11,7,2,0.00592897706835572,1,6.955755329714779e-4,0.00444061939984794,0.7553376433764418,0.6556129259374673,0.3331063497097169,0.35232167536625786,0.5491592217617238
111A,2022-06-23,WLD132,Wild cicer,Infected,12,7,2,0,0,0,0,NA,NA,NA,NA,NA
112A,2022-06-23,WLD085,Wild cicer,Infected,13,7,2,9.373745867847322e-4,0,0,7.073553026306459e-4,0.7126823649325464,0.4895191133857036,0.5923478143698514,0.5532285950435781,0.26324504104930835
113A,2022-06-23,CVR500,Cultivar,Infected,14,7,2,0.01953912610403934,0,0,0.01257520538010037,0.708092839879826,0.5502470478211654,0.20830350260552885,0.5971596583623928,0.1922067403956893
114A,2022-06-23,CVR491,Cultivar,Infected,15,7,2,0.01238129401201883,0,0,0.00919561893419839,0.7376258697312484,0.5380205968274531,0.30273126825877494,0.6536178304283875,0.16221695879905482
118A,2022-06-23,CVR016,Cultivar,Infected,10,8,2,0.0103906151192357,0,0,0.00703425550949364,0.6849460786205543,0.6533957803607352,-0.01921046204383081,0.5900641467783899,0.15924118888648303
119A,2022-06-23,CVR497,Cultivar,Infected,11,8,2,0.01232498529125791,0,0,0.00986367672001622,0.7298633195293,0.6760098966515365,0.1627594669610793,0.5911759182309847,0.24394360840508889
11A,2022-06-23,CVR499,Cultivar,Infected,2,2,1,0.00423971544552811,0,0,0.00243644604239444,0.6501582390200067,0.7248103958891264,0.4844754082601522,0.28281345235762656,0.45010765479636744
120A,2022-06-23,CVR496,Cultivar,Infected,12,8,2,0.00806208390188706,0,0,0.00581603248829642,0.7250985498501533,0.7108064111361718,0.15647726712983748,0.5814804408297769,0.24831554899382735
121A,2022-06-23,WLD085,Wild cicer,Infected,1,9,3,0,0,0,0,NA,NA,NA,NA,NA
122A,2022-06-23,CVR019,Cultivar,Infected,2,9,3,0.00818463817648435,0,0,0.00389045416446855,0.5637779779891487,0.7524300345156318,0.25771714776826676,0.567602292285388,-0.00562400544590184
123A,2022-06-23,CVR494,Cultivar,Infected,3,9,3,0.00972484730318011,1,1.324909062861428e-4,0.00455851195028638,0.5919349022915025,0.6798172108361359,0.5934685017733705,0.29150300051240385,0.36308198959506294
124A,2022-06-23,CVR498,Cultivar,Infected,4,9,3,0.00298436220032877,0,0,0.00235785100876881,0.4429696819103968,0.5839764521581123,-0.2347888419171502,0.4492883026734329,-0.00788862320292581
125A,2022-06-23,CVR485,Cultivar,Infected,5,9,3,0.0108477094407067,0,0,0.00770231329531147,0.6103702370416942,0.6628469483710019,0.3142101600275551,0.5359263707691411,0.11063361641568034
126A,2022-06-23,CVR502,Cultivar,Infected,6,9,3,0.00641256961136127,2,5.663972197053463e-4,0.00302590879458665,0.6185637989176752,0.6481117315114572,0.6827980496052514,0.2829117106143522,0.4068504946049995
127A,2022-06-23,Genesis090,Cultivar,Infected,7,9,3,0.00857548694411898,0,0,0.00125752053801003,0.5303671968290895,0.5898833936463719,-0.23817897310563615,0.6450493577969744,-0.17431893988468805
128A,2022-06-23,CVR010,Cultivar,Infected,8,9,3,0.00404097878401898,0,0,0.00263293362645851,0.6004273296863591,0.6462910261861826,0.07047791325343969,0.4881970430229335,0.15877005113537085
129A,2022-06-23,CVR491,Cultivar,Infected,9,9,3,0.00661793082825404,0,0,0.00416553678215824,0.6636612630749356,0.6603213889218591,0.4244554475868849,0.6490255446550576,0.02570976592395893
12A,2022-06-23,CVR500,Cultivar,Infected,3,2,1,0.00722738992354871,0,0,0.00396904919809418,0.674022996725512,0.6600391549566572,0.5885424531534359,0.4939155377903328,0.269989919316334
130A,2022-06-23,CVR484,Cultivar,Infected,1,10,3,6.525187052883118e-4,0,0,7.859503362562733e-4,0.7340916788619014,0.7297908104706793,0.24597698132837312,0.2482411717944691,0.5941176171104088
131A,2022-06-23,CVR481,Cultivar,Infected,2,10,3,0.00565737029762658,1,6.955755329714779e-4,0.00396904919809418,0.6861900349099748,0.6916497860485878,0.46655703845174046,0.34279423451872826,0.4490136940281132
132A,2022-06-23,CVR492,Cultivar,Infected,3,10,3,0.0121825573505097,0,0,0.00970648665276497,0.6763437704337004,0.7070285432699265,0.5379457038592156,0.5116631958175015,0.2518283462890001
133A,2022-06-23,CVR496,Cultivar,Infected,4,10,3,0.00614758739601577,0,0,0.00337958644590197,0.6397418658554744,0.644175451231698,0.24057237432292009,0.5867262004401907,0.08487304362903125
134A,2022-06-23,WLD131,Wild cicer,Infected,5,10,3,0,0,0,0,NA,NA,NA,NA,NA
135A,2022-06-23,Howzat,Cultivar,Infected,6,10,3,0.00671729915900861,0,0,0.00620900765642455,0.7282434441134089,0.6728957885166789,0.5783897827939114,0.3286136451467428,0.5253522248288011
136A,2022-06-23,CVR016,Cultivar,Infected,7,10,3,0.01142073348139136,0,0,0.00923491645101121,0.6140994308691355,0.4903857026925277,0.00196947999777734,0.5634219907627329,0.07748809975579057
137A,2022-06-23,CVR482,Cultivar,Infected,8,10,3,0.00354413713024616,1,4.736538153091493e-4,0.00337958644590197,0.7151339085071705,0.5600370969537927,0.561023320694677,0.49142983705520366,0.3449232606692608
138A,2022-06-23,CVR497,Cultivar,Infected,9,10,3,0.00737975469737237,0,0,0.00440132188303513,0.7698214332726164,0.5974444047846191,0.5528004833782733,0.6579569225770424,0.22668009757422103
139A,2022-06-23,CVR493,Cultivar,Infected,1,11,3,0.00867154299718172,0,0,0.00616971013961174,0.5977464631257072,0.6216877137533741,0.02081710522769846,0.5355846094663709,0.09143382704921402
13A,2022-06-23,WLD129,Wild cicer,Infected,4,2,1,0,0,0,0,NA,NA,NA,NA,NA
140A,2022-06-23,CVR495,Cultivar,Infected,2,11,3,0.00311354103030971,3,0.00129840766154675,0.002318553491956,0.7512057047917468,0.7170963636559935,0.4965889318658622,0.3072470022579192,0.5771736777555575
141A,2022-06-23,CVR504,Cultivar,Infected,3,11,3,0.00383892984481803,0,0,0.00361537154677885,0.7609463834534876,0.7329185081244084,0.6283720342157351,0.3012048627726877,0.5964478056776996
142A,2022-06-23,CVR015,Cultivar,Infected,4,11,3,0.01032768184309114,0,0,0.0069163629590552,0.6095835754378582,0.56951295144372,0.0447397671582399,0.5401515578192583,0.10351670669142532
143A,2022-06-23,WLD132,Wild cicer,Infected,5,11,3,0,0,0,0,NA,NA,NA,NA,NA
144A,2022-06-23,WLD129,Wild cicer,Infected,6,11,3,0.00111954985983476,0,0,6.287602690050186e-4,0.7435558549762394,0.659899696277692,0.5346131570749089,0.36653063335283537,0.5182733727360324
145A,2022-06-23,CVR500,Cultivar,Infected,7,11,3,0.00815151539956617,0,0,0.00279012369370977,0.6326149791249073,0.5168399546931419,0.17457544406690045,0.5969293600946597,0.05733794326304717
146A,2022-06-23,CVR501,Cultivar,Infected,8,11,3,0.00255707837808414,0,0,0.00377256161403011,0.7086678875082342,0.546668474164385,0.37281331252873584,0.34957479522391666,0.4773475654088084
147A,2022-06-23,CVR503,Cultivar,Infected,9,11,3,0.00398135778556624,0,0,0.00597322255554767,0.7134645247413333,0.5580859859742036,0.3967918576257519,0.4328936877829096,0.4059503409791701
148A,2022-06-23,WLD133,Wild cicer,Infected,1,12,3,7.651361468101524e-4,0,0,0,NA,NA,NA,NA,NA
149A,2022-06-23,CVR499,Cultivar,Infected,2,12,3,0.0012321673013566,0,0,5.894627521922049e-4,0.7252269608504016,0.7117750488660288,0.2849160891418064,0.3585253816922967,0.49555089328465823
14A,2022-06-23,WLD085,Wild cicer,Infected,5,2,1,0,0,0,0,NA,NA,NA,NA,NA
150A,2022-06-23,CVR477,Cultivar,Infected,3,12,3,0.00749899669427785,1,9.539391417838834e-4,0.00640549524048862,0.7010245176352923,0.6991604547272806,0.23783441423156476,0.391593910254526,0.4265166494554231
151A,2022-06-23,CVR499,Cultivar,Fungicide,10,9,3,0.00180519134204126,0,0,3.5367765131532296e-4,0.5704125086468327,0.6824877389649145,0.44881888208899967,0.5183412876333878,0.0739299750692729
152A,2022-06-23,CVR498,Cultivar,Fungicide,11,9,3,0.00662124310594586,0,0,0.00400834671490699,0.6140295579145526,0.687886779485107,0.323533090373408,0.36553489661232713,0.32041056656132283
153A,2022-06-23,Howzat,Cultivar,Fungicide,12,9,3,0.00664442904978859,0,0,0.00377256161403011,0.6396936697993503,0.6726916553983476,0.721636209643173,0.2949777722463413,0.4248908527665904
154A,2022-06-23,CVR496,Cultivar,Fungicide,13,9,3,0.0097745314685574,0,0,0.00785950336256273,0.7177368444297891,0.6354988846181947,0.23442324489212976,0.6464965222171235,0.13291461324539317
155A,2022-06-23,CVR492,Cultivar,Fungicide,14,9,3,0.01023493806772022,0,0,0.00679847040861676,0.7344734866823844,0.5820379731821859,0.4447218844460621,0.6373703214393686,0.18256990951538965
156A,2022-06-23,WLD129,Wild cicer,Fungicide,15,9,3,5.134030422319205e-4,0,0,0,NA,NA,NA,NA,NA
157A,2022-06-23,CVR493,Cultivar,Fungicide,16,9,3,0.01507417577546754,0,0,0.01061032953945968,0.6942622515466165,0.568477682197056,0.3094034570987495,0.567535870016338,0.20912590537519335
158A,2022-06-23,CVR481,Cultivar,Fungicide,17,9,3,0.00570705446300386,0,0,0.00495148711841452,0.6323748165019085,0.6052638880238979,0.36852853405235,0.3966513325056523,0.31464715881121386
159A,2022-06-23,CVR477,Cultivar,Fungicide,18,9,3,0.00558450018840656,0,0,0.00385115664765573,0.6732579046309736,0.6042674425433164,0.6573104504243691,0.31295163881037363,0.4564867243081888
15A,2022-06-23,CVR482,Cultivar,Infected,6,2,1,0.00774741752116427,1,5.564604263771823e-4,0.00495148711841452,0.7163212091676022,0.67601974422499,0.603281589104893,0.39931080665010255,0.44401380130622525
160A,2022-06-23,CVR010,Cultivar,Fungicide,10,10,3,0.00574017723992205,0,0,0.00522656973610421,0.6238803108128138,0.6126344090495156,0.16422895277245916,0.3919813404190153,0.30696776575990403
161A,2022-06-23,CVR015,Cultivar,Fungicide,11,10,3,0.00955923341858917,0,0,0.00895983383332151,0.703012807030637,0.6714383581573878,0.3510073588282747,0.5700676849741758,0.2218580293045117
162A,2022-06-23,CVR497,Cultivar,Fungicide,12,10,3,0.01024487490079567,0,0,0.00935280900144965,0.6832583599502166,0.6791431280139104,0.49786867389941625,0.540318284330798,0.22659299387606252
163A,2022-06-23,CVR491,Cultivar,Fungicide,13,10,3,0.00511084447847647,0,0,0.00428342933259668,0.6830568764391309,0.6092053772197487,0.16215214446142195,0.6359634504155476,0.08326265925934245
164A,2022-06-23,CVR502,Cultivar,Fungicide,14,10,3,0.00143421624055755,0,0,0.00263293362645851,0.7641838450994295,0.5966795255220474,0.31919182709839433,0.45444546136376934,0.47453475734865747
165A,2022-06-23,CVR016,Cultivar,Fungicide,15,10,3,0.00795940329344067,0,0,0.00707355302630645,0.7570100751786398,0.5782769355488099,0.4381486318861283,0.6471053489849732,0.21544254780134223
166A,2022-06-23,WLD133,Wild cicer,Fungicide,16,10,3,6.193959283701234e-4,0,0,5.894627521922049e-4,0.7481285470072256,0.6102003347350474,0.5642237771892884,0.3997901280645834,0.4969833637055544
167A,2022-06-23,WLD085,Wild cicer,Fungicide,17,10,3,0,0,0,0,NA,NA,NA,NA,NA
169A,2022-06-23,Genesis090,Cultivar,Fungicide,10,11,3,0.00897296026713724,0,0,0.0089205363165087,0.685478190194126,0.5511215550911345,0.12812385166415757,0.6054361600549591,0.13682709000119017
16A,2022-06-23,WLD133,Wild cicer,Infected,7,2,1,6.359573168292176e-4,0,0,0,NA,NA,NA,NA,NA
170A,2022-06-23,CVR495,Cultivar,Fungicide,11,11,3,0.00301748497724696,1,5.167132530645264e-4,0.00235785100876881,0.7829371916518882,0.7106726025436413,0.5104589650508933,0.38195174703260776,0.5720552718631787
171A,2022-06-23,CVR504,Cultivar,Fungicide,12,11,3,0.00366006684945981,0,0,0.00294731376096102,0.7853258945497371,0.7182235679159377,0.6342560857815992,0.3740226360422014,0.5823595242932381
172A,2022-06-23,WLD131,Wild cicer,Fungicide,13,11,3,0,0,0,0,NA,NA,NA,NA,NA
173A,2022-06-23,CVR484,Cultivar,Fungicide,14,11,3,8.843781437156307e-4,0,0,0.002318553491956,0.789473679937458,0.6531984347443703,0.28725252012883135,0.6040862366883941,0.35440843556314633
174A,2022-06-23,WLD132,Wild cicer,Fungicide,15,11,3,5.763363183764784e-4,0,0,0,NA,NA,NA,NA,NA
175A,2022-06-23,CVR503,Cultivar,Fungicide,16,11,3,0.00708164970510868,2,0.00196087472001211,0.00534446228654265,0.6169866633412072,0.5250435834404055,-0.03748726552288776,0.44139161109117786,0.24131228827239523
176A,2022-06-23,CVR482,Cultivar,Fungicide,17,11,3,0.0051340304223192,0,0,0.00487289208478889,0.6628239438556035,0.5488081847258379,0.1715399362466092,0.40075399143571905,0.35686332133601417
178A,2022-06-23,CVR494,Cultivar,Fungicide,10,12,3,0.00447157488395543,0,0,0.00223995845833037,0.6262193643631255,0.6811984668415998,0.18539716582510476,0.3348856722642428,0.36864238427972634
179A,2022-06-23,CVR500,Cultivar,Fungicide,11,12,3,0.01096032688222854,0,0,0.00797739591300117,0.6636791148184353,0.6413865665906783,0.14317534121373535,0.5319562989826692,0.20360532773952467
17A,2022-06-23,Genesis090,Cultivar,Infected,8,2,1,0.01291125844270984,0,0,0.01072822208989813,0.7313188399438032,0.5512334030135501,0.386519369447943,0.5736078830361296,0.27167667268914386
180A,2022-06-23,CVR019,Cultivar,Fungicide,12,12,3,0.01017531706926748,0,0,0.0089205363165087,0.7220659394080357,0.6795737481956993,0.2388321897763153,0.591866376066376,0.22736981839305032
18A,2022-06-23,CVR019,Cultivar,Infected,9,2,1,0.01023825034541204,0,0,0.00856685866519337,0.7541775003941392,0.581838728775259,0.4752895029754832,0.596403027522818,0.28675514191494206
19A,2022-06-23,CVR494,Cultivar,Infected,1,3,1,0.00334540046873703,4,0.00254382196706126,0.00102173543713315,0.650559487787184,0.6422405540660449,0.14623806821084653,0.2817564115455203,0.4515767885364389
1A,2022-06-23,WLD132,Wild cicer,Infected,1,1,1,0,0,0,0,NA,NA,NA,NA,NA
20A,2022-06-23,Howzat,Cultivar,Infected,2,3,1,0.00305723230954879,0,0,0.00153260315569973,0.6987216628197513,0.6446124638964779,0.25042768425030487,0.31324506976900296,0.49348654358576693
21A,2022-06-23,CVR010,Cultivar,Infected,3,3,1,0.01939669816329113,0,0,0.02019892364178622,0.7210506575952568,0.7640476450892091,0.06189684061017642,0.6246158448476339,0.17545714145655775
22A,2022-06-23,CVR501,Cultivar,Infected,4,3,1,0.00246764688040503,0,0,4.715702017537639e-4,0.5771028277898906,0.5968039451438755,0.13540792857421713,0.5503105625244051,0.03926100094452572
23A,2022-06-23,CVR491,Cultivar,Infected,5,3,1,0.00641588188905309,0,0,0.00487289208478889,0.6946399785366794,0.6554685437767673,0.28247151445417024,0.6068864612788937,0.15170920062683207
24A,2022-06-23,CVR502,Cultivar,Infected,6,3,1,0.00265644670883871,0,0,0.00290801624414821,0.7559612783041939,0.6945559695352383,0.3991390853375774,0.4055363055269717,0.5053499897173298
25A,2022-06-23,CVR485,Cultivar,Infected,7,3,1,0.00742612658505784,0,0,0.00239714852558163,0.6169227064804799,0.616613938889851,0.14720405795946712,0.515129272693654,0.14921237105370416
26A,2022-06-23,CVR503,Cultivar,Infected,8,3,1,0.007313509143536,3,0.00171906524577236,0.00542305732016828,0.7227950894246767,0.5675642817037425,0.19672189110787597,0.4330553974024847,0.42175260883578713
27A,2022-06-23,CVR504,Cultivar,Infected,9,3,1,0.00667092727132314,0,0,0.00428342933259668,0.7833195128929259,0.6000645338166755,0.362139206524482,0.44676345492768,0.5177455200588685
28A,2022-06-23,CVR495,Cultivar,Infected,1,4,1,0.00260676254346142,1,3.643490886993456e-4,0,NA,NA,NA,NA,NA
29A,2022-06-23,CVR492,Cultivar,Infected,2,4,1,0.01084439716301488,0,0,0.00821318101387805,0.6642914231236432,0.6814780312920202,0.07882728708460904,0.5065512922535793,0.23773862703093637
2A,2022-06-23,CVR016,Cultivar,Infected,2,1,1,0.01494830922317843,0,0,0.00931351148463683,0.6174933387475117,0.6769721456032359,0.1363058353071334,0.48903365520407854,0.18403307625719317
30A,2022-06-23,CVR484,Cultivar,Infected,3,4,1,0.00464712560162183,0,0,0.00220066094151756,0.7009953215900075,0.7020288739634721,0.22132275393523884,0.340649543214644,0.4733878259578383
31A,2022-06-23,CVR491,Cultivar,Fungicide,10,1,1,0.01278207961272891,0,0,0.0077809083289371,0.6501275074451799,0.6189561293214924,0.1887421900832612,0.616883513254369,0.05550406114077479
32A,2022-06-23,CVR016,Cultivar,Fungicide,11,1,1,0.01397781185947551,0,0,0.00467640450072482,0.6773395169365523,0.6356695375783715,0.43863630361096273,0.5291008520022306,0.23103842843329095
33A,2022-06-23,Howzat,Cultivar,Fungicide,12,1,1,0.01140085981524045,0,0,0.00487289208478889,0.6601967863043534,0.6621429046643831,0.6256712360159241,0.394636019129873,0.3591267205658659
34A,2022-06-23,CVR496,Cultivar,Fungicide,13,1,1,0.01483569178165659,0,0,0.01080681712352375,0.62059799363831325,0.655389247611476,0.15996267568786834,0.5169990443983689,0.1525417522702997
35A,2022-06-23,Genesis090,Cultivar,Fungicide,14,1,1,0.01574656814690677,0,0,0.01131768484209033,0.6292507828389508,0.6486122577008795,0.36474700039757085,0.5118807314515017,0.17313805176949196
36A,2022-06-23,CVR484,Cultivar,Fungicide,15,1,1,0.00459412915855273,0,0,0.00216136342470475,0.6207012685736498,0.6543406971174807,0.61888777484347,0.29692681460724035,0.39692973570518464
38A,2022-06-23,CVR499,Cultivar,Fungicide,17,1,1,0.002285471607355,0,0,0,NA,NA,NA,NA,NA
39A,2022-06-23,CVR015,Cultivar,Fungicide,18,1,1,0.01005938735005382,0,0,0.0014540081220741,0.7669519440575993,0.6208378158027981,0.6007952780616646,0.5820542957396092,0.3339960464082696
3A,2022-06-23,CVR497,Cultivar,Infected,3,1,1,0.01472307434013475,0,0,0.00715214805993208,0.6383530051074695,0.6517434583433462,0.48126934595469306,0.4510009177612357,0.263097186078376
40A,2022-06-23,CVR497,Cultivar,Fungicide,10,2,1,0.00901270759943906,0,0,0.00671987537499113,0.7047383866386863,0.6287332192020231,0.26571302518895834,0.6393852554944279,0.1189534980880666
41A,2022-06-23,CVR503,Cultivar,Fungicide,11,2,1,0.00755530541503877,2,0.00137459652064868,0.00636619772367581,0.7090932281672956,0.599385114905116,0.4873720169920874,0.4127289100182654,0.4189861882503696
42A,2022-06-23,CVR477,Cultivar,Fungicide,12,2,1,0.00657155894056858,0,0,0.00538375980335547,0.68986213996149,0.6355221149592076,0.6133916425606352,0.3536502317810439,0.4447070436914652
43A,2022-06-23,CVR500,Cultivar,Fungicide,13,2,1,0.01334185454264629,0,0,0.01009946182089311,0.6267012509184424,0.6479400644422862,0.18071850157571748,0.5435309375826713,0.12613631932489977
44A,2022-06-23,WLD085,Wild cicer,Fungicide,14,2,1,0,0,0,0,NA,NA,NA,NA,NA
45A,2022-06-23,CVR502,Cultivar,Fungicide,15,2,1,0.0061542119513994,0,0,0.00550165235379391,0.6815093556629352,0.6667366773627427,0.5669017663868349,0.350940585660473,0.43448400111153007
46A,2022-06-23,CVR495,Cultivar,Fungicide,16,2,1,0.00303735864339787,2,0.00142096411561792,0.00652338779092706,0.7494201830139536,0.5540740979780038,0.6822495567059513,0.6324461281611493,0.22237056126676913
47A,2022-06-23,CVR494,Cultivar,Fungicide,17,2,1,0.00585610695913571,0,0,9.824379203203417e-4,0.7849923343259622,0.5922051101060077,0.5240585518365117,0.4673748111115994,0.5016748083408706
48A,2022-06-23,CVR019,Cultivar,Fungicide,18,2,1,0.00743275114044148,0,0,0.00341888396271478,0.7853734467902063,0.5866917762513212,0.4275481352656209,0.5180407123587467,0.4507041678786445
49A,2022-06-23,CVR501,Cultivar,Fungicide,10,3,1,0.00407741383862899,0,0,0.00306520631139946,0.6436600956864853,0.5716513381195759,0.1618593411291101,0.4088027182434693,0.31872294489455816
4A,2022-06-23,CVR498,Cultivar,Infected,4,1,1,0.00332552680258611,0,0,0.00192557832382786,0.6601215781970203,0.6194073269903326,0.16732415648798404,0.4712727523976068,0.27412990162961676
50A,2022-06-23,WLD132,Wild cicer,Fungicide,11,3,1,0,0,0,0,NA,NA,NA,NA,NA
51A,2022-06-23,CVR492,Cultivar,Fungicide,12,3,1,0.01641896051834599,0,0,0.01190714759428254,0.6969677600743933,0.6233663703848918,0.3030038659876292,0.5710280998034394,0.20919798445641563
52A,2022-06-23,WLD129,Wild cicer,Fungicide,13,3,1,0,0,0,0,NA,NA,NA,NA,NA
53A,2022-06-23,CVR498,Cultivar,Fungicide,14,3,1,0.00708164970510868,0,0,0.0077809083289371,0.6589938584894929,0.6593210837577235,0.24420062754452404,0.3407499560225527,0.4104001236975798
54A,2022-06-23,CVR482,Cultivar,Fungicide,15,3,1,0.00944992825475915,0,0,0.00927421396782402,0.6671266267344189,0.6638217743133107,0.3721584489257954,0.35032109731946837,0.4134269303719392
55A,2022-06-23,CVR493,Cultivar,Fungicide,16,3,1,0.01589562064303862,0,0,0.0043227268494095,0.7401772641566067,0.592180956434603,0.5838489764775557,0.6294118274435649,0.2073778822893257
56A,2022-06-23,WLD131,Wild cicer,Fungicide,17,3,1,8.744413106401742e-4,0,0,0.0123787177960363,0.6675655535079713,0.542921129974291,0.0315000545587393,0.649627219767597,0.03167463191217846
57A,2022-06-23,CVR504,Cultivar,Fungicide,18,3,1,0.01003288912851927,0,0,3.5367765131532296e-4,0.8063754462189155,0.7490664622677211,0.04938271141619146,0.6639344224958332,0.3065755914939031
58A,2022-06-23,CVR481,Cultivar,Fungicide,10,4,1,0.00495185514926916,0,0,0.00255433859283288,0.6429738607564913,0.6021126844774537,0.06637208997136089,0.40109638301808825,0.32593408141361085
59A,2022-06-23,CVR485,Cultivar,Fungicide,11,4,1,0.01581943825612678,0,0,0.01049243698902124,0.6503443310301491,0.6387012373151413,0.01997539574214623,0.5513633927606265,0.1543143802501568
5A,2022-06-23,CVR015,Cultivar,Infected,5,1,1,0.01143729486985046,0,0,0.00797739591300117,0.629413746473022,0.6308191125539726,0.35443641469300524,0.592240200581603,0.05926565632131604
60A,2022-06-23,CVR010,Cultivar,Fungicide,12,4,1,0.0091948828724891,0,0,0.00593392503873486,0.6722551547942548,0.671440658125236,0.13913655512644804,0.3534117443394874,0.4182007415771355
61A,2022-06-23,CVR493,Cultivar,Fungicide,1,5,2,0.01905222128334197,0,0,0.01340045323316945,0.5772920807653904,0.6512794593231646,0.13899669155715683,0.4976462414745181,0.11175026338186378
62A,2022-06-23,CVR495,Cultivar,Fungicide,2,5,2,0.00965860174934374,0,0,0.00734863564399615,0.6764610645205088,0.7022670850299841,0.5101607918501605,0.2754577845779293,0.492836735674909
63A,2022-06-23,CVR501,Cultivar,Fungicide,3,5,2,0.00650862566442402,0,0,0.00290801624414821,0.5377827581742336,0.7165905017847238,0.5657927404367394,0.3229937287608108,0.2599408792824376
64A,2022-06-23,WLD085,Wild cicer,Fungicide,4,5,2,0,0,0,0,NA,NA,NA,NA,NA
65A,2022-06-23,CVR485,Cultivar,Fungicide,5,5,2,0.01511392310776937,0,0,0.00899913135013432,0.6733462823195397,0.637857924519709,0.4517032170504816,0.5893563799616227,0.1392500024861522
66A,2022-06-23,CVR491,Cultivar,Fungicide,6,5,2,0.01256678156276068,0,0,0.00322239637865072,0.7461392673048987,0.6711851095131239,0.5366943622002069,0.6025891611461666,0.260817826907238
67A,2022-06-23,CVR016,Cultivar,Fungicide,7,5,2,0.01587574697688771,0,0,0.00762371826168585,0.6390081461688057,0.5772408068001962,0.21320718056998608,0.5407180543472864,0.15018117992159435
68A,2022-06-23,CVR484,Cultivar,Fungicide,8,5,2,0.00552819146764564,0,0,0.00180768577338942,0.5744897492511166,0.5395323787302291,0.17726347410320453,0.37931030296121354,0.24956132484920565
69A,2022-06-23,CVR481,Cultivar,Fungicide,9,5,2,0.0066808641043986,0,0,0.00243644604239444,0.6457933828548168,0.542325210024023,0.6218962786446949,0.4535121886993001,0.2719197320409632
6A,2022-06-23,CVR477,Cultivar,Infected,6,1,1,0.01061253772458756,0,0,0.00699495799268083,0.6515000466945176,0.6336941021335863,0.6687244211391228,0.3458868624647536,0.39451537182932944
70A,2022-06-23,Howzat,Cultivar,Fungicide,1,6,2,0.00508765853463374,1,4.3721890643921466e-4,0.00369396658040448,0.6314510073983525,0.6921609513124771,0.2733023555703858,0.4302423291849978,0.27626295614037166
71A,2022-06-23,WLD132,Wild cicer,Fungicide,2,6,2,0,0,0,0,NA,NA,NA,NA,NA
72A,2022-06-23,CVR492,Cultivar,Fungicide,3,6,2,0.01292450755347712,0,0,0.00947070155188809,0.6600156830401269,0.6320305399041743,0.4338922575101776,0.4707575758302092,0.2745685976183255
73A,2022-06-23,CVR496,Cultivar,Fungicide,4,6,2,0.00731682142122782,0,0,0.0057767349714836,0.7061582258103771,0.6397061490948018,0.1510373293956852,0.6599644356405069,0.08651159432695256
74A,2022-06-23,CVR498,Cultivar,Fungicide,5,6,2,0.00419334355784265,1,7.883218124189612e-4,0.00510867718566577,0.7400679564257251,0.6263660575042125,0.6318999156142416,0.4173953723765758,0.4668977326764257
75A,2022-06-23,CVR019,Cultivar,Fungicide,6,6,2,0.00962547897242555,0,0,0.00561954490423235,0.7295304939651145,0.6592735700329966,0.4941055151530656,0.6145573089200644,0.2084124825963244
76A,2022-06-23,CVR499,Cultivar,Fungicide,7,6,2,7.022028706655944e-4,0,0,4.715702017537639e-4,0.5936794385480062,0.4880089130109157,0.4685387919570092,0.5544554551827967,0.05847072044365389
77A,2022-06-23,CVR502,Cultivar,Fungicide,8,6,2,0.00491873237235097,0,0,0.00385115664765573,0.6990437472270054,0.531145918598621,0.5319705555729424,0.4246687894532741,0.3902149818838581
78A,2022-06-23,CVR482,Cultivar,Fungicide,9,6,2,0.00853242733412533,1,7.320131115318927e-4,0.00565884242104516,0.7516705320540398,0.558070967696045,0.4926300888660109,0.5041166341753376,0.39859234203341143
79A,2022-06-23,CVR497,Cultivar,Fungicide,1,7,2,0.01159959647674958,0,0,0.01033524692176999,0.6919996234464101,0.6667213836598394,0.2062488651623035,0.5458466510711096,0.23486903922189148
7A,2022-06-23,WLD131,Wild cicer,Infected,7,1,1,0,0,0,0,NA,NA,NA,NA,NA
80A,2022-06-23,CVR503,Cultivar,Fungicide,2,7,2,0.00848274316874805,0,0,0.00797739591300117,0.7212088790929463,0.667905731057751,0.4510082954887887,0.38544315000745266,0.46503983905577995
81A,2022-06-23,CVR477,Cultivar,Fungicide,3,7,2,0.0066643027159395,0,0,0.0069163629590552,0.7128068630281114,0.6795963792566404,0.6534401509557625,0.31688111472937974,0.5114493981618474
82A,2022-06-23,WLD133,Wild cicer,Fungicide,4,7,2,5.399012637664712e-4,1,3.643490886993456e-4,0,NA,NA,NA,NA,NA
83A,2022-06-23,CVR500,Cultivar,Fungicide,5,7,2,0.00940686864476551,0,0,0.00766301577849866,0.7352319478465631,0.6578598055441366,0.23752940546308476,0.6410660998276194,0.17811915494577274
84A,2022-06-23,CVR494,Cultivar,Fungicide,6,7,2,0.00758842819195696,0,0,0.00797739591300117,0.7590232965796608,0.6661959957878708,0.4083004380970034,0.4721417828303171,0.44711126216145947
85A,2022-06-23,WLD131,Wild cicer,Fungicide,7,7,2,0,0,0,0,NA,NA,NA,NA,NA
86A,2022-06-23,CVR504,Cultivar,Fungicide,8,7,2,0.00586935606990298,0,0,0.00455851195028638,0.7095520215013018,0.5567656088212871,0.25021497343902777,0.4235257534745526,0.4089089501039657
87A,2022-06-23,CVR010,Cultivar,Fungicide,9,7,2,0.00329240402566792,0,0,0.00349747899634041,0.7271187665309699,0.5606076708041123,0.3858298061472905,0.4243919292065046,0.4378356107483345
88A,2022-06-23,Genesis090,Cultivar,Fungicide,1,8,2,0.01483237950396477,0,0,0.0123787177960363,0.6343419766883398,0.6386128891377074,0.05945876236340992,0.5086340404533263,0.18558728973491195
89A,2022-06-23,CVR015,Cultivar,Fungicide,2,8,2,0.0063297626690658,0,0,0.00542305732016828,0.7008200419360053,0.6869131606480736,0.20657291109783327,0.5349540511427913,0.26534589824976884
8A,2022-06-23,CVR493,Cultivar,Infected,8,1,1,0.0138188225302682,0,0,0.0106496270562725,0.6678603603674503,0.6039170234899143,0.21768519271645168,0.575168477226634,0.15050614291752526
90A,2022-06-23,WLD129,Wild cicer,Fungicide,3,8,2,0,0,0,0,NA,NA,NA,NA,NA
91A,2022-06-23,CVR503,Cultivar,Infected,10,5,2,0.00733669508737873,1,8.346935146170599e-4,0.00208276839107912,0.5643171727904319,0.6875800053029048,0.07151476170826031,0.5089374077846371,0.07769350399157038
92A,2022-06-23,CVR501,Cultivar,Infected,11,5,2,0.00355076168562979,0,0,0,NA,NA,NA,NA,NA
93A,2022-06-23,CVR019,Cultivar,Infected,12,5,2,0.00999976635160108,0,0,0.00463710698391201,0.6723404197956115,0.745259746313091,0.5656692326010649,0.5100290848904482,0.24701656958916932
94A,2022-06-23,CVR499,Cultivar,Infected,13,5,2,6.293327614455799e-4,0,0,0,NA,NA,NA,NA,NA
95A,2022-06-23,WLD133,Wild cicer,Infected,14,5,2,6.624555383637683e-4,0,0,0,NA,NA,NA,NA,NA
96A,2022-06-23,CVR493,Cultivar,Infected,15,5,2,0.01529609838081941,0,0,0.00840966859794212,0.7026501011917226,0.5673406171951386,0.48205682886278206,0.6223907093030672,0.1426384531328704
9A,2022-06-23,CVR496,Cultivar,Infected,9,1,1,0.006399320500594,0,0,0.00400834671490699,0.6203670223557841,0.6509047292768376,0.4984494299858683,0.556997171561848,0.09682808725003444
100A,2022-06-28,CVR482,Cultivar,Infected,10,6,2,0.07752385937701999,0,0,0.04165536782158248,0.7315835713514997,0.52992691490059,0.10754336912541054,0.6000951878532724,0.23439040980400477
101A,2022-06-28,CVR498,Cultivar,Infected,11,6,2,0.07521520182582225,1,2.3848303987593532e-4,0.03273483150507378,0.7162196339926636,0.5048779873567861,0.22181644278120008,0.5635096242167431,0.256051565637724
102A,2022-06-28,CVR484,Cultivar,Infected,12,6,2,0.02297064579276366,0,0,0.00660198282455269,0.7714718845491466,0.525994591799636,0.3593361617422549,0.6526018450180185,0.23939862085071892
103A,2022-06-28,WLD131,Wild cicer,Infected,13,6,2,0.00792628051652248,0,0,0.00153260315569973,0.7393954689242168,0.5240391513663271,0.1684012921859614,0.5832655662183039,0.27452083194509597
104A,2022-06-28,CVR494,Cultivar,Infected,14,6,2,0.07062769722265316,0,0,0.02746896425215675,0.7715289525061624,0.5133865904097787,0.3089157263934105,0.5947511804059533,0.3266812757983263
105A,2022-06-28,Genesis090,Cultivar,Infected,15,6,2,0.07173399797172066,0,0,0.03253834392100971,0.8206630228861551,0.5265122225007253,0.4965441156090568,0.6540200906877057,0.3597102550194594
106A,2022-06-28,Howzat,Cultivar,Infected,16,6,2,0.0443182755165361,0,0,0.03029838546267933,0.7578336504449171,0.4551153621368373,0.13861293179298295,0.5840106375444544,0.3118365350886466
107A,2022-06-28,WLD129,Wild cicer,Infected,17,6,2,0,0,0,0,NA,NA,NA,NA,NA
108A,2022-06-28,CVR495,Cultivar,Infected,18,6,2,0.05661676258625946,0,0,0.03976908701456742,0.8073028463329596,0.4312968968280783,0.35365841125765457,0.6127350219404286,0.3850256747097108
109A,2022-06-28,CVR481,Cultivar,Infected,10,7,2,0.0917997762287592,0,0,0.05654912669363886,0.7371747703773665,0.5297642428939234,0.11467042720105132,0.5928704823461229,0.2563355060695657
10A,2022-06-28,CVR481,Cultivar,Infected,1,2,1,0.05875649397517443,0,0,0.03756842607304986,0.6894299497100272,0.628981698915294,0.1354180847870592,0.3819023191349376,0.4174365416871096
110A,2022-06-28,CVR477,Cultivar,Infected,11,7,2,0.0747647320597349,0,0,0.03752912855623704,0.7482965664460451,0.515341867627338,0.24803257803160905,0.5564944158995219,0.3286663195284875
111A,2022-06-28,WLD132,Wild cicer,Infected,12,7,2,0.00138453207518027,0,0,0,NA,NA,NA,NA,NA
112A,2022-06-28,WLD085,Wild cicer,Infected,13,7,2,0.00314003925184426,0,0,0,NA,NA,NA,NA,NA
113A,2022-06-28,CVR500,Cultivar,Infected,14,7,2,0.10194197052110848,0,0,0.05702069689539262,0.798509838598096,0.5092723784064067,0.27373599648824126,0.6091805115876582,0.3686581613914792
114A,2022-06-28,CVR491,Cultivar,Infected,15,7,2,0.05556345828026107,0,0,0.02809772452116176,0.8303097021804402,0.5123189039760152,0.3957078436429843,0.6257862557200174,0.4257325430049417
115A,2022-06-28,CVR502,Cultivar,Infected,16,7,2,0.03403365328343859,0,0,0.0169765272631355,0.7412294634082592,0.48152822337686974,0.04205341571483281,0.5630574731407035,0.3057984289704427
116A,2022-06-28,CVR492,Cultivar,Infected,17,7,2,0.07920318416677213,0,0,0.05902487025284612,0.7648046639998326,0.5377495841019665,0.10372519632205009,0.6446574649119287,0.23699403621845708
117A,2022-06-28,CVR485,Cultivar,Infected,18,7,2,0.09919278003689884,0,0,0.07733751308761729,0.8107320239005832,0.456464695393842,0.21054595128445436,0.708946087555127,0.23936413346262111
118A,2022-06-28,CVR016,Cultivar,Infected,10,8,2,0.06189984550471051,0,0,0.04699983010812514,0.7561831979834961,0.5347979801097362,0.13634337677351083,0.6136818674416261,0.26588842955758435
119A,2022-06-28,CVR497,Cultivar,Infected,11,8,2,0.06937565625514563,0,0,0.04857173078063769,0.7454551493537618,0.5337795603299342,0.17279731833753922,0.608508976365674,0.2506409604766731
11A,2022-06-28,CVR499,Cultivar,Infected,2,2,1,0.02289777568354365,0,0,0.01575830424193828,0.7597375098986184,0.6287335271290161,0.3589076047700919,0.36374582102963054,0.5472154003916679
120A,2022-06-28,CVR496,Cultivar,Infected,12,8,2,0.03075118609084612,0,0,0.01901999813740181,0.8287559200278327,0.5084891739287736,0.2819529719311814,0.6859432651133995,0.33095222298122
121A,2022-06-28,WLD085,Wild cicer,Infected,1,9,3,0.00509759536770919,0,0,0.00675917289180395,0.5292944456515815,0.6735598215709871,0.11113125034702692,0.4669678010409616,0.08278908047051141
122A,2022-06-28,CVR019,Cultivar,Infected,2,9,3,0.04338421320744318,0,0,0.03902243419512397,0.716600348808756,0.7083225643665094,0.30551772357639173,0.5850923667748635,0.22645576511310875
123A,2022-06-28,CVR494,Cultivar,Infected,3,9,3,0.07263493750389538,0,0,0.08071709953351926,0.6971335825360269,0.6965471817969863,0.32108456432384824,0.4974016057433313,0.30575371858144573
124A,2022-06-28,CVR498,Cultivar,Infected,4,9,3,0.03392103584191675,0,0,0.02393218773900352,0.554935535262119,0.6490731398702593,0.07139834269862287,0.3542745981212373,0.24976453594492273
125A,2022-06-28,CVR485,Cultivar,Infected,5,9,3,0.07217121862704073,0,0,0.05340532534861376,0.596420262215086,0.661331094460329,0.1806059359829574,0.4459938819739186,0.2049405133522949
126A,2022-06-28,CVR502,Cultivar,Infected,6,9,3,0.03468285971103509,0,0,0.02860859223972834,0.589831682375679,0.6342464043043802,0.3841967433170907,0.3322556867017773,0.3203581648111083
127A,2022-06-28,Genesis090,Cultivar,Infected,7,9,3,0.05824640321063433,0,0,0.04436689648166662,0.6780916431597253,0.6051357703085618,0.22316646620903752,0.522230987280785,0.2413153664468463
128A,2022-06-28,CVR010,Cultivar,Infected,8,9,3,0.04247996139757664,0,0,0.03737193848898579,0.663918572695095,0.6093293452523979,0.3279272245410572,0.457475765815237,0.2964967840553411
129A,2022-06-28,CVR491,Cultivar,Infected,9,9,3,0.04428846501730973,0,0,0.03815788882524206,0.6965278604914009,0.6010450894962156,0.3777990035208144,0.5197494053672386,0.27709087880856176
12A,2022-06-28,CVR500,Cultivar,Infected,3,2,1,0.03458680365797234,0,0,0.02644722881502359,0.7443250629935575,0.5626998246515581,0.480043711555152,0.4530550343944658,0.4394672801988222
130A,2022-06-28,CVR484,Cultivar,Infected,1,10,3,0.01659782351370421,0,0,0.02098487397804249,0.7131412602292728,0.6986328275565267,0.1782314168718281,0.5243440964816566,0.3015598716984863
131A,2022-06-28,CVR481,Cultivar,Infected,2,10,3,0.05917052868665178,0,0,0.06381916730400938,0.7526608919756069,0.7184170756949806,0.2428419647282505,0.546806490333418,0.34983065891018594
132A,2022-06-28,CVR492,Cultivar,Infected,3,10,3,0.0547088906357718,0,0,0.05847470501746672,0.7532849829973379,0.7032367321968847,0.3807958522118156,0.6051830059612116,0.2721838743351382
133A,2022-06-28,CVR496,Cultivar,Infected,4,10,3,0.03562023429781982,0,0,0.03446392224483758,0.656121798992124,0.6649487082815354,0.13593657623170238,0.465733979294317,0.2741674068692009
134A,2022-06-28,WLD131,Wild cicer,Infected,5,10,3,5.332767083828335e-4,0,0,0,NA,NA,NA,NA,NA
135A,2022-06-28,Howzat,Cultivar,Infected,6,10,3,0.05303287812371147,3,7.750698795967897e-4,0.04935768111689396,0.6617519272422722,0.6541089030970694,0.2441321795083393,0.3901640267958309,0.36611606508027333
136A,2022-06-28,CVR016,Cultivar,Infected,7,10,3,0.05268840124376231,0,0,0.04916119353282989,0.701509800535452,0.582602948230873,0.17639428147418296,0.5290148874125298,0.2742843326938983
137A,2022-06-28,CVR482,Cultivar,Infected,8,10,3,0.04823007547057415,2,6.723896818724288e-4,0.04971135876820928,0.7151921910818492,0.582479611667188,0.26393213555564726,0.4819870150723905,0.35588269010172113
138A,2022-06-28,CVR497,Cultivar,Infected,9,10,3,0.0429635539405822,0,0,0.0400048721154443,0.7022751677316226,0.5951915413204412,0.3187714421905039,0.5388618353656822,0.26290384768266617
139A,2022-06-28,CVR493,Cultivar,Infected,1,11,3,0.04157239731001828,0,0,0.04562441701967666,0.7075358321185047,0.687343016431403,0.06627461486931543,0.5988197921324645,0.18864044035837677
13A,2022-06-28,WLD129,Wild cicer,Infected,4,2,1,0.0015302722936203,0,0,9.431404035075278e-4,0.5670245819302911,0.6736367233826811,0.21940699729981364,0.4887525666106566,0.10828022517908042
140A,2022-06-28,CVR495,Cultivar,Infected,2,11,3,0.04507678710796262,3,0.0015865775431148,0.05265867252917031,0.737408339039875,0.6822444211957979,0.20682118923305287,0.5035375371070261,0.3719986570063792
141A,2022-06-28,CVR504,Cultivar,Infected,3,11,3,0.04379824791892054,1,3.1797738650124707e-4,0.04711772265856358,0.7689430952117037,0.7100296952944585,0.3131099496722764,0.5291364789897983,0.4043109911554107
142A,2022-06-28,CVR015,Cultivar,Infected,4,11,3,0.04174132347230104,0,0,0.03426743466077351,0.6123835244928838,0.6386964059644539,0.01806528922360993,0.4571754592065693,0.21555679353486548
143A,2022-06-28,WLD132,Wild cicer,Infected,5,11,3,0.00321953391644791,0,0,0.00306520631139946,0.654634452127044,0.6501746043813089,0.20002058514996063,0.3739555689804921,0.3716637232120451
144A,2022-06-28,WLD129,Wild cicer,Infected,6,11,3,0.00978778057932467,0,0,0.0095099990687009,0.6513354537056094,0.6345232261244104,0.24279264538795617,0.34937995089661694,0.39091306780351254
145A,2022-06-28,CVR500,Cultivar,Infected,7,11,3,0.04450376306727795,0,0,0.04224483057377468,0.6742122348228498,0.5681418539677948,0.09248975721922872,0.5278064963493725,0.22728643348104313
146A,2022-06-28,CVR501,Cultivar,Infected,8,11,3,0.03251000554520193,0,0,0.03139871593343811,0.7134323543936365,0.6121599924260341,0.18800173325977465,0.4159472764974653,0.423014833188361
147A,2022-06-28,CVR503,Cultivar,Infected,9,11,3,0.03843898261355766,0,0,0.03560355023240918,0.7201436408926047,0.61783538025988,0.24099084924137187,0.46669821840476966,0.38174651482065486
148A,2022-06-28,WLD133,Wild cicer,Infected,1,12,3,0.01437528518249377,0,0,0.01968805592321964,0.7308536952055282,0.7194777789093587,0.08155987724531738,0.5261506408148345,0.3326012549610367
149A,2022-06-28,CVR499,Cultivar,Infected,2,12,3,0.00199067889278312,0,0,0.00463710698391201,0.5610658920395158,0.6595168262810412,0.02214907081462384,0.3795124070448078,0.2306704911051664
14A,2022-06-28,WLD085,Wild cicer,Infected,5,2,1,0.00226559794120408,0,0,0.00188628080701505,0.6551181110654897,0.5853637734677387,0.5113241481229698,0.3951668736064413,0.35075504604283275
150A,2022-06-28,CVR477,Cultivar,Infected,3,12,3,0.069862561075843,0,0,0.07757329818849416,0.7045032945571508,0.6721333562741961,0.1283057038555444,0.5454937806321152,0.25825901123082773
151A,2022-06-28,CVR499,Cultivar,Fungicide,10,9,3,0.0040442910617108,0,0,9.038428866947142e-4,0.8132118567418498,0.4163842897288852,0.4320839596553947,0.6513111385808608,0.34421616771239294
152A,2022-06-28,CVR498,Cultivar,Fungicide,11,9,3,0.0686502674406373,0,0,0.04244131815783875,0.7357553193320007,0.5498574485766728,0.30118159423432916,0.5648108564625988,0.29249404734648066
153A,2022-06-28,Howzat,Cultivar,Fungicide,12,9,3,0.05135686561165114,0,0,0.03458181479527602,0.7750776117700146,0.5989740479566293,0.4625968485604321,0.5902892932215357,0.3406361964998541
154A,2022-06-28,CVR496,Cultivar,Fungicide,13,9,3,0.05500037107265186,0,0,0.02911945995829492,0.7685686519268637,0.6782409977023056,0.25848313242435045,0.6207239238075646,0.2827231772383184
155A,2022-06-28,CVR492,Cultivar,Fungicide,14,9,3,0.0695810174720384,0,0,0.03253834392100971,0.7599966847561501,0.6628857045339478,0.2500996304116109,0.6321984671179841,0.24598754157950695
156A,2022-06-28,WLD129,Wild cicer,Fungicide,15,9,3,0.00295123942341058,0,0,0.00196487584064068,0.7541550977972201,0.6797769535153979,0.6488201771960287,0.6518754238847694,0.2011855364125212
157A,2022-06-28,CVR493,Cultivar,Fungicide,16,9,3,0.11112360428283032,0,0,0.05442706078574692,0.702011766966339,0.5367471273428194,0.14541452847692934,0.5700512095301921,0.22000123695345752
158A,2022-06-28,CVR481,Cultivar,Fungicide,17,9,3,0.05960774934197187,1,2.086726598914434e-4,0.03870805406062146,0.7274473274251678,0.5140757802899506,0.25740158813129754,0.4811250331745321,0.37895336442650773
159A,2022-06-28,CVR477,Cultivar,Fungicide,18,9,3,0.05884261319516172,0,0,0.03859016151018301,0.710621780049801,0.5633598068715262,0.34106942267120294,0.4942156328108825,0.3335485176154865
15A,2022-06-28,CVR482,Cultivar,Infected,6,2,1,0.06511937942115843,0,0,0.06527317542608349,0.6735626123951285,0.5891137328940993,0.2366174577209802,0.44800143309195567,0.3230410965127655
160A,2022-06-28,CVR010,Cultivar,Fungicide,10,10,3,0.06633167305636412,0,0,0.050615201654904,0.8239896505702315,0.5564795268472927,0.27201469562168884,0.6643903884973762,0.3526672094542325
161A,2022-06-28,CVR015,Cultivar,Fungicide,11,10,3,0.04583198642169731,0,0,0.037961401241178,0.816048188597317,0.5906553469484604,0.34799211178311423,0.6703387825088643,0.32167473285613407
162A,2022-06-28,CVR497,Cultivar,Fungicide,12,10,3,0.05669625725086311,0,0,0.04825735064613518,0.8083684464768331,0.5783896738860689,0.44730169681219006,0.655765031827476,0.3247570477082899
163A,2022-06-28,CVR491,Cultivar,Fungicide,13,10,3,0.02970119406253955,3,0.00136134315028813,0.01603338685962797,0.7385207789092838,0.6596882293128451,0.195406058230586,0.6128731248015319,0.22954354916892944
164A,2022-06-28,CVR502,Cultivar,Fungicide,14,10,3,0.026932129912179,3,6.723896818724288e-4,0.01933437827190432,0.7527886736877171,0.6633669374489609,0.28760304259440284,0.5516699945867282,0.34396366876673
165A,2022-06-28,CVR016,Cultivar,Fungicide,15,10,3,0.03991625846410886,0,0,0.0304948730467434,0.7600957732985064,0.6529797951685318,0.3427850096073578,0.6072828419079329,0.2838242553072915
166A,2022-06-28,WLD133,Wild cicer,Fungicide,16,10,3,0.0176676892081617,0,0,0.0121036351783466,0.7429167257490736,0.5673470742733563,0.2642498787506711,0.4588124976714992,0.4310222461096396
167A,2022-06-28,WLD085,Wild cicer,Fungicide,17,10,3,0.00488892187312461,0,0,0.00302590879458665,0.7735849081763095,0.5209956877765929,0.39075120782251327,0.45870562409282695,0.48806972796441017
168A,2022-06-28,CVR501,Cultivar,Fungicide,18,10,3,0.03456692999182143,1,9.00942705339536e-4,0.02845140217247709,0.7808282198629222,0.5701569367973918,0.4938645037068176,0.48854375245225246,0.4725459978402597
169A,2022-06-28,Genesis090,Cultivar,Fungicide,10,11,3,0.06280409731457706,0,0,0.05360181293267783,0.8278170192630442,0.5375711649100432,0.2481622537622468,0.717446217226662,0.27179182097421745
16A,2022-06-28,WLD133,Wild cicer,Infected,7,2,1,0.00925781614863366,0,0,0,NA,NA,NA,NA,NA
170A,2022-06-28,CVR495,Cultivar,Fungicide,11,11,3,0.04228784929145115,0,0,0.03383516197583256,0.8274175759521029,0.5690395229408661,0.3756805334506016,0.6142686769798722,0.4334556237733298
171A,2022-06-28,CVR504,Cultivar,Fungicide,12,11,3,0.04578230225632003,0,0,0.04216623554014906,0.8216386176805556,0.5783008652520837,0.4603038729282202,0.5666972027190758,0.477079159182468
172A,2022-06-28,WLD131,Wild cicer,Fungicide,13,11,3,0.00248752054655595,1,4.968396664081986e-4,0.00322239637865072,0.7751921142105016,0.7211705700037025,0.2278191328598815,0.4337915837626222,0.5143679869778386
173A,2022-06-28,CVR484,Cultivar,Fungicide,14,11,3,0.01135448792755499,0,0,0.00856685866519337,0.6784278183289563,0.6363163434767958,0.16061478053317804,0.4828690871274118,0.2908333619394148
174A,2022-06-28,WLD132,Wild cicer,Fungicide,15,11,3,0.00236827854965047,0,0,0.00180768577338942,0.7799314292814771,0.6708558850665688,0.5170923958621472,0.619195040924839,0.310859819347845
175A,2022-06-28,CVR503,Cultivar,Fungicide,16,11,3,0.05058179263176553,0,0,0.03800069875799081,0.6990583047844278,0.5446029200645972,0.09567668972918478,0.4335814377851917,0.3809389778147698
176A,2022-06-28,CVR482,Cultivar,Fungicide,17,11,3,0.04977028459726991,1,2.3848303987593532e-4,0.03701826083767047,0.7583228623540795,0.5314628361268653,0.15177945566165912,0.5460652194465715,0.3622723590552579
177A,2022-06-28,CVR485,Cultivar,Fungicide,18,11,3,0.03229139521754189,0,0,0.0241679728398804,0.7549791247492742,0.5402472641102234,0.25032521134806784,0.6126602988840971,0.2648017430623114
178A,2022-06-28,CVR494,Cultivar,Fungicide,10,12,3,0.04447395256805159,0,0,0.03242045137057127,0.8177083863205422,0.5367195070509366,0.2201497629679431,0.6516011221665577,0.35555280244444115
179A,2022-06-28,CVR500,Cultivar,Fungicide,11,12,3,0.05208556670385128,0,0,0.04291288835959252,0.8012778333141077,0.5437471502945568,0.25826841828255326,0.662632580318962,0.29558912722493036
17A,2022-06-28,Genesis090,Cultivar,Infected,8,2,1,0.07094236360337595,0,0,0.05112606937347057,0.8155260784090809,0.4860482812789361,0.3214557741137635,0.6896187735406542,0.28772373710468285
180A,2022-06-28,CVR019,Cultivar,Fungicide,12,12,3,0.05872999575363988,0,0,0.04908259849920426,0.8152016639634434,0.6001019747120355,0.3273289933324078,0.6757548534224019,0.31048654684864213
18A,2022-06-28,CVR019,Cultivar,Infected,9,2,1,0.05755082489535237,0,0,0.04063363238444932,0.7886585768414187,0.48118700066510967,0.3796348538893365,0.632690799613788,0.3112986533515287
19A,2022-06-28,CVR494,Cultivar,Infected,1,3,1,0.04185062863613106,0,0,0.03018049291224089,0.7491825034911743,0.614232042989012,0.203381359805559,0.39108733227107184,0.5064965165281854
1A,2022-06-28,WLD132,Wild cicer,Infected,1,1,1,0,0,0,0,NA,NA,NA,NA,NA
20A,2022-06-28,Howzat,Cultivar,Infected,2,3,1,0.05753095122920146,0,0,0.04711772265856358,0.747974109955373,0.5830346635810364,0.2171701531829683,0.4351677542857425,0.4637563709903148
21A,2022-06-28,CVR010,Cultivar,Infected,3,3,1,0.04188375141304925,2,6.094566574607235e-4,0.03076995566443309,0.7929034397817079,0.6420287386959256,0.4028102652495206,0.41941770394935207,0.5595775969080625
22A,2022-06-28,CVR501,Cultivar,Infected,4,3,1,0.02481889674479858,0,0,0.02074908887716561,0.5659592593001106,0.626215311441047,0.00632203248123627,0.3216182226391056,0.29871375383745435
23A,2022-06-28,CVR491,Cultivar,Infected,5,3,1,0.02644853736917345,0,0,0.0221637994824269,0.6608039337469037,0.6172700804958406,0.09643103252132695,0.4733266793347816,0.2728037587849427
24A,2022-06-28,CVR502,Cultivar,Infected,6,3,1,0.02216245003595987,0,0,0.02204590693198846,0.6823540607841556,0.6154688536229848,0.22578360891409469,0.4219577747397327,0.36568639562164607
25A,2022-06-28,CVR485,Cultivar,Infected,7,3,1,0.03885632960272683,0,0,0.01768388256576614,0.8364433139888563,0.47327558362521377,0.23769289307379987,0.7442019200106197,0.2443368792004855
26A,2022-06-28,CVR503,Cultivar,Infected,8,3,1,0.04152602542233281,0,0,0.01709441981357394,0.8466107217249196,0.4798813227184947,0.3037375139661202,0.6571626418693733,0.4270320093661557
27A,2022-06-28,CVR504,Cultivar,Infected,9,3,1,0.07001161357197486,0,0,0.03835437640930613,0.8241128704242475,0.4370686122808201,0.36632965853456584,0.6549890051778585,0.3674887110627815
28A,2022-06-28,CVR495,Cultivar,Infected,1,4,1,0.03121490496770076,2,6.260179796743302e-4,0.02000243605772215,0.7344013109089751,0.6087974817333637,0.0659190726626944,0.33053764571720046,0.5333274542244779
29A,2022-06-28,CVR492,Cultivar,Infected,2,4,1,0.05877967991901716,0,0,0.04817875561250955,0.7400044361137448,0.5875596626860116,0.1034752627417945,0.4889842963195675,0.39335635122923146
2A,2022-06-28,CVR016,Cultivar,Infected,2,1,1,0.06801099784611628,0,0,0.04986854883546053,0.7210643750579839,0.56977564791873625,0.2626610063919931,0.4201560972150312,0.43169416738002325
30A,2022-06-28,CVR484,Cultivar,Infected,3,4,1,0.03574610085010894,0,0,0.02640793129821078,0.7431910196877163,0.6093794878773103,0.16101723485359576,0.4246769911802498,0.4654025915288178
31A,2022-06-28,CVR491,Cultivar,Fungicide,10,1,1,0.04784916353601498,0,0,0.02990541029455119,0.731643243996037,0.4996182881012892,0.12970837387570244,0.6607690467293132,0.13720610649149345
32A,2022-06-28,CVR016,Cultivar,Fungicide,11,1,1,0.05724940762539686,0,0,0.02322483243637287,0.76814861522951,0.523671690799133,0.3572698161500766,0.6320139859623695,0.26458603366840855
33A,2022-06-28,Howzat,Cultivar,Fungicide,12,1,1,0.06420187850052461,0,0,0.03194888116881751,0.7163403045007783,0.537650648817107,0.3334483942863017,0.534503856181085,0.2946564838056984
34A,2022-06-28,CVR496,Cultivar,Fungicide,13,1,1,0.05864387653365259,0,0,0.02727247666809268,0.7342371894448022,0.5303011031091249,0.2906480321542502,0.581428799893237,0.26663786796780253
35A,2022-06-28,Genesis090,Cultivar,Fungicide,14,1,1,0.07838505157689289,0,0,0.04609598722143043,0.7490384806251715,0.6062330056709552,0.3565857855256123,0.6528275208986355,0.18827716130858496
36A,2022-06-28,CVR484,Cultivar,Fungicide,15,1,1,0.02247380413899084,0,0,0.00998156927045467,0.7002997119509666,0.5381108436301782,0.31241471085200556,0.5464852568898999,0.249174338561553
37A,2022-06-28,WLD133,Wild cicer,Fungicide,16,1,1,0.01451108856785834,0,0,0.00628760269005018,0.7568724005554915,0.5504517091649603,0.4137103297578988,0.5468003820176188,0.3583978980241068
38A,2022-06-28,CVR499,Cultivar,Fungicide,17,1,1,0.00582960873760116,2,0.00101024065503,0.00192557832382786,0.7392724778934981,0.5280972664365673,0.6715182734725749,0.5936125752586182,0.2595699555654572
39A,2022-06-28,CVR015,Cultivar,Fungicide,18,1,1,0.04484823994722711,0,0,0.02636863378139796,0.7612418542745569,0.44260578010149226,0.42725406953314,0.6569353554594486,0.20864917244274672
3A,2022-06-28,CVR497,Cultivar,Infected,3,1,1,0.06385408934288363,0,0,0.04495635923385883,0.6946332049473141,0.5685805307624745,0.32674444083399207,0.43463567402577574,0.37244254189226256
40A,2022-06-28,CVR497,Cultivar,Fungicide,10,2,1,0.04194006013381017,0,0,0.02310693988593443,0.7943192146463622,0.5656942805382991,0.299977989355435,0.6665355830504051,0.2715576767610292
41A,2022-06-28,CVR503,Cultivar,Fungicide,11,2,1,0.03683584021071733,0,0,0.00954929658551372,0.7836307097025788,0.5183000013435913,0.3544833560975057,0.6021965229687526,0.3435600828910946
42A,2022-06-28,CVR477,Cultivar,Fungicide,12,2,1,0.05375495466052798,0,0,0.03010189787861526,0.7102217176536644,0.48110947566606743,0.40387320610706506,0.5248917994249247,0.2954828316643175
43A,2022-06-28,CVR500,Cultivar,Fungicide,13,2,1,0.08403579731913582,0,0,0.0578066472316489,0.7629438317913585,0.5845892042215478,0.2139596234862142,0.6364619212955789,0.2458750930691529
44A,2022-06-28,WLD085,Wild cicer,Fungicide,14,2,1,0.00247758371348049,0,0,0,NA,NA,NA,NA,NA
45A,2022-06-28,CVR502,Cultivar,Fungicide,15,2,1,0.04000900223947978,0,0,0.02133855162935781,0.78926974725697,0.606261712614519,0.49344229794685607,0.5995705691947983,0.36011281098490444
46A,2022-06-28,CVR495,Cultivar,Fungicide,16,2,1,0.05185701954311578,0,0,0.02833350962203865,0.7222566714269808,0.5052567499494047,0.2198356728175588,0.5137323336130885,0.33154179556763375
47A,2022-06-28,CVR494,Cultivar,Fungicide,17,2,1,0.08672867908258455,3,0.0016958828036627,0.05269797004598312,0.7360399207450815,0.48091487349992007,0.22671377291700515,0.5594339439738545,0.3002306759572766
48A,2022-06-28,CVR019,Cultivar,Fungicide,18,2,1,0.03240732493675555,0,0,0.02263536968418067,0.7797260491483866,0.4213418370637941,0.38670586015759983,0.6681791960295108,0.23287284003600003
49A,2022-06-28,CVR501,Cultivar,Fungicide,10,3,1,0.02704474735370084,1,6.359572373321681e-4,0.01839123786839679,0.7140762525630895,0.5236403009294528,0.1908319433976232,0.5024875714061534,0.32999601831359937
4A,2022-06-28,CVR498,Cultivar,Infected,4,1,1,0.0517013424916003,0,0,0.04393462379672567,0.5805416612433015,0.5746264015687439,0.09016981592623756,0.3961761120227692,0.2394347639437342
50A,2022-06-28,WLD132,Wild cicer,Fungicide,11,3,1,5.531503745337465e-4,0,0,0,NA,NA,NA,NA,NA
51A,2022-06-28,CVR492,Cultivar,Fungicide,12,3,1,0.06806068201149355,0,0,0.04511354930111008,0.7662364008074581,0.43676671851041593,0.3422416868962373,0.6402037831017989,0.24738833059513313
52A,2022-06-28,WLD129,Wild cicer,Fungicide,13,3,1,0.0078235999080761,0,0,0.00459780946709919,0.7712895382025434,0.6134590055274945,0.351465646336674,0.6018911014063063,0.31617889590574627
53A,2022-06-28,CVR498,Cultivar,Fungicide,14,3,1,0.07876265123376024,0,0,0.05698139937857981,0.7494781276530434,0.5491566922567952,0.27733347391673285,0.572881092256794,0.3094728855733833
54A,2022-06-28,CVR482,Cultivar,Fungicide,15,3,1,0.08867961064306584,0,0,0.0618542914633687,0.7730335614367267,0.567640501126211,0.33201076801865625,0.6125889616374653,0.3047680815321516
55A,2022-06-28,CVR493,Cultivar,Fungicide,16,3,1,0.10017652651136905,3,0.00171575565102012,0.07643367020092257,0.7137717036496113,0.49449556172005305,0.1485206737328678,0.5713382079036516,0.24051791523655733
56A,2022-06-28,WLD131,Wild cicer,Fungicide,17,3,1,0.00853242733412533,1,2.9810379984491917e-4,0.00357607402996604,0.72562199907063,0.5257970605288791,0.10391959146483108,0.5420304045284687,0.30261146239912773
57A,2022-06-28,CVR504,Cultivar,Fungicide,18,3,1,0.09537372385823172,0,0,0.05776734971483608,0.760237150145125,0.4183640267411807,0.1943666297091665,0.6390013663400602,0.23577213891487908
58A,2022-06-28,CVR481,Cultivar,Fungicide,10,4,1,0.05509973940340643,0,0,0.0417339628552081,0.708712240662899,0.5269816636372301,0.04054645531728209,0.5531950524409995,0.25580845459017226
59A,2022-06-28,CVR485,Cultivar,Fungicide,11,4,1,0.0786500337922384,1,8.181319870426471e-4,0.05572387884056977,0.7472304219980593,0.5319235433977508,0.10261591650799716,0.6435465382119058,0.19972914685251927
5A,2022-06-28,CVR015,Cultivar,Infected,5,1,1,0.05026712625104274,0,0,0.04024065721632119,0.6542344066046066,0.6217736113599338,0.23161722572010587,0.47855304377426267,0.25575447394935497
60A,2022-06-28,CVR010,Cultivar,Fungicide,12,4,1,0.05851469770367165,0,0,0.03792210372436518,0.7724968519947115,0.5089919947323736,0.2046562953574422,0.6263775070909697,0.2831082518613431
61A,2022-06-28,CVR493,Cultivar,Fungicide,1,5,2,0.08842125298310398,0,0,0.06421214247213752,0.6170059657194339,0.6335497261613536,0.10709412551165558,0.4831066036224857,0.1907614779076833
62A,2022-06-28,CVR495,Cultivar,Fungicide,2,5,2,0.07839830068766016,1,3.279141798294111e-4,0.0517941271592884,0.6242392207156995,0.6316367003222404,0.21039373434963035,0.3849565152148127,0.31497204976771903
63A,2022-06-28,CVR501,Cultivar,Fungicide,3,5,2,0.03237088988214554,0,0,0.02428586539031884,0.6263604198673783,0.6806459968438029,0.45803781422600826,0.31875195714136434,0.3843441620496611
64A,2022-06-28,WLD085,Wild cicer,Fungicide,4,5,2,0.00340170918949795,0,0,0.00341888396271478,0.4424184185870508,0.6203128288984758,-0.00857524014232263,0.39281513682402425,0.06003703757026736
65A,2022-06-28,CVR485,Cultivar,Fungicide,5,5,2,0.083923179877614,0,0,0.0512046644070962,0.6423816351771862,0.6308563169604355,0.19013706895106935,0.5011077803849585,0.2083385373430745
66A,2022-06-28,CVR491,Cultivar,Fungicide,6,5,2,0.05230086475381951,0,0,0.03929751681281366,0.6423019521607026,0.6124543393554951,0.31509320543659614,0.4775633772339478,0.23762880977339143
67A,2022-06-28,CVR016,Cultivar,Fungicide,7,5,2,0.07191617324477069,0,0,0.07144288556569524,0.7401911709200485,0.5818915424774774,0.203633543196155,0.6282447599793735,0.2092539294458489
68A,2022-06-28,CVR484,Cultivar,Fungicide,8,5,2,0.04728607632840578,0,0,0.03823648385886769,0.7075869922846741,0.6255074256931967,0.26192494335726557,0.5184225550729347,0.2987572931870439
69A,2022-06-28,CVR481,Cultivar,Fungicide,9,5,2,0.05369533366207524,0,0,0.05163693709203715,0.71635966154203,0.6354401887324762,0.35673916737932226,0.5191730911260954,0.31394869105838386
6A,2022-06-28,CVR477,Cultivar,Infected,6,1,1,0.07430432546057207,0,0,0.06656999348090634,0.6062571420020055,0.5811693200170691,0.2647699617772552,0.41389522723371913,0.2567999363631895
70A,2022-06-28,Howzat,Cultivar,Fungicide,1,6,2,0.05225118058844223,0,0,0.0416946653383953,0.6419724719753608,0.6090572522485019,0.1438926987575735,0.4440631423172005,0.276825811353756
71A,2022-06-28,WLD132,Wild cicer,Fungicide,2,6,2,0.00110961302675931,0,0,0,NA,NA,NA,NA,NA
72A,2022-06-28,CVR492,Cultivar,Fungicide,3,6,2,0.06111152341405763,0,0,0.05261937501235749,0.6701922019998162,0.6195462404129081,0.3306415752512159,0.479147685227544,0.28141175181545786
73A,2022-06-28,CVR496,Cultivar,Fungicide,4,6,2,0.03917099598344962,0,0,0.02833350962203865,0.6559130027951318,0.6519143987302612,0.10581211547465567,0.4960012587756696,0.23702345604318295
74A,2022-06-28,CVR498,Cultivar,Fungicide,5,6,2,0.05984623333578283,0,0,0.05320883776454969,0.6513108226182183,0.6188744044649939,0.17217414647179677,0.42342984969199554,0.31465904170577846
75A,2022-06-28,CVR019,Cultivar,Fungicide,6,6,2,0.03211584449987548,0,0,0.03096644324849716,0.6716096276515491,0.616481729503626,0.31978255957714063,0.5119634584872168,0.24330356750876064
76A,2022-06-28,CVR499,Cultivar,Fungicide,7,6,2,0.00171907212205397,0,0,0.00106103295394596,0.6865671477999442,0.626480056974728,0.07584894418188957,0.6163215458702485,0.12177365027901334
77A,2022-06-28,CVR502,Cultivar,Fungicide,8,6,2,0.03847872994585948,0,0,0.03705755835448328,0.7841856907354096,0.6075539209410713,0.31185126829378473,0.6146574395788148,0.32727813457566757
78A,2022-06-28,CVR482,Cultivar,Fungicide,9,6,2,0.08988859200057972,0,0,0.08995201598453047,0.759362637030078,0.6213222066774696,0.29489154520483335,0.5918187623664343,0.30429606464771236
79A,2022-06-28,CVR497,Cultivar,Fungicide,1,7,2,0.0818132589879254,0,0,0.07376143905765124,0.6858524912446832,0.6377202416314036,0.13226708139758833,0.5070029230367182,0.2741952776327079
7A,2022-06-28,WLD131,Wild cicer,Infected,7,1,1,0,0,0,0,NA,NA,NA,NA,NA
80A,2022-06-28,CVR503,Cultivar,Fungicide,2,7,2,0.04799490375445502,1,4.3059437755377206e-4,0.04310937594365659,0.7117441021711679,0.6467921182079037,0.2648866944934106,0.4246212885524494,0.4114814299995877
81A,2022-06-28,CVR477,Cultivar,Fungicide,3,7,2,0.05355290572132703,0,0,0.050615201654904,0.6781913450336182,0.6158360726505252,0.285252136879116,0.44054876938252274,0.3388969836854482
82A,2022-06-28,WLD133,Wild cicer,Fungicide,4,7,2,0.00833037839492438,0,0,0.00652338779092706,0.6773391790475674,0.6479418835018069,0.14474672782149375,0.3918918707932137,0.3885982807091576
83A,2022-06-28,CVR500,Cultivar,Fungicide,5,7,2,0.05602717715711571,0,0,0.05089028427259369,0.6620348726828957,0.6426241256040913,0.11496446946684202,0.5106354068243324,0.22872029270285335
84A,2022-06-28,CVR494,Cultivar,Fungicide,6,7,2,0.07241963945392715,0,0,0.0690457370401136,0.6580735359317929,0.6014866947313954,0.17879885203384638,0.48005933173271065,0.26022209658802925
85A,2022-06-28,WLD131,Wild cicer,Fungicide,7,7,2,5.86273151451935e-4,0,0,0,NA,NA,NA,NA,NA
86A,2022-06-28,CVR504,Cultivar,Fungicide,8,7,2,0.06252917826615609,0,0,0.067906109052542,0.7790290544479797,0.6129650376150981,0.18915501924080855,0.6005268583858219,0.33542191749721073
87A,2022-06-28,CVR010,Cultivar,Fungicide,9,7,2,0.06257886243153338,1,2.9810379984491917e-4,0.06287602690050186,0.7310305741779575,0.6304184059058515,0.19336913555059332,0.5876836377912876,0.25131597568957986
88A,2022-06-28,Genesis090,Cultivar,Fungicide,1,8,2,0.08275394585240194,0,0,0.07953817402913485,0.6773387690600665,0.6473805791729124,0.07237220678772219,0.49791522876263994,0.2707288018235457
89A,2022-06-28,CVR015,Cultivar,Fungicide,2,8,2,0.02175503987986615,0,0,0.0195701633727812,0.6995787328671267,0.6639825656414476,0.15450224059912218,0.4763344995314538,0.3348162040464859
8A,2022-06-28,CVR493,Cultivar,Infected,8,1,1,0.08022336569585234,0,0,0.04519214433473571,0.7531738799874742,0.4545311279576653,0.24770726004305876,0.668474624600454,0.17058497247822724
90A,2022-06-28,WLD129,Wild cicer,Fungicide,3,8,2,0,0,0,0,NA,NA,NA,NA,NA
91A,2022-06-28,CVR503,Cultivar,Infected,10,5,2,0.04034023000866167,0,0,0.02153503921342188,0.7238341827601776,0.5396507946461205,0.14854128428591598,0.6000677691854266,0.2188037090518038
92A,2022-06-28,CVR501,Cultivar,Infected,11,5,2,0.0353353784163234,0,0,0.01387202343492322,0.7007225645169619,0.521170855383058,0.2663008971724544,0.5367754250715823,0.26279082324347003
93A,2022-06-28,CVR019,Cultivar,Infected,12,5,2,0.05237373486303952,0,0,0.02460024552482135,0.7083024035938804,0.51568531924791,0.3800283179171764,0.6102141999782438,0.17275625149369783
94A,2022-06-28,CVR499,Cultivar,Infected,13,5,2,0.00384555440020167,0,0,0,NA,NA,NA,NA,NA
95A,2022-06-28,WLD133,Wild cicer,Infected,14,5,2,0.01653820251525147,0,0,0.00471570201753763,0.7890416448628338,0.6795319784924254,0.518637324659863,0.5454163229619983,0.4276801024396823
96A,2022-06-28,CVR493,Cultivar,Infected,15,5,2,0.09998110212755174,0,0,0.04935768111689396,0.7338993780791997,0.5243878154563668,0.40268225761776033,0.5465461828282274,0.31283401812589967
97A,2022-06-28,CVR504,Cultivar,Infected,16,5,2,0.05402987370894895,0,0,0.04094801251895183,0.7355140712514386,0.4760437435140885,0.08715587104906396,0.5515724454640869,0.3095041435824879
98A,2022-06-28,CVR015,Cultivar,Infected,17,5,2,0.04417253529809607,0,0,0.03065206311399465,0.7746274400202772,0.5060878873489084,0.32986727389139137,0.6175286959056108,0.3011600716764739
99A,2022-06-28,CVR010,Cultivar,Infected,18,5,2,0.06029007854648655,0,0,0.03737193848898579,0.7654616750894377,0.46764480665228014,0.3367565160035216,0.600912227370546,0.3047072507403147
9A,2022-06-28,CVR496,Cultivar,Infected,9,1,1,0.04454019812188796,0,0,0.02515041076020074,0.7550049454925684,0.5440495397345471,0.32872244661225825,0.5927209120333529,0.2937305957637475
100A,2022-07-01,CVR482,Cultivar,Infected,10,6,2,0.130437495503826,0,0,0.13612659823958653,0.6361910544489803,0.5678425199262932,0.06167521462788685,0.49831747793701425,0.20187210525670124
101A,2022-07-01,CVR498,Cultivar,Infected,11,6,2,0.122812632257259,0,0,0.1263022190363831,0.662692083450672,0.5805191667601408,0.16389069703427733,0.4774012681664841,0.2710396360729236
102A,2022-07-01,CVR484,Cultivar,Infected,12,6,2,0.03965458852645517,0,0,0.04916119353282989,0.6668428571333391,0.5726977020876342,0.25336955867031974,0.4845955723164779,0.26925765148455527
103A,2022-07-01,WLD131,Wild cicer,Infected,13,6,2,0.01285826199964074,0,0,0.01548322162424858,0.5732854184581614,0.6040165471269294,0.0750478710202592,0.3431730838367984,0.2864716586601669
104A,2022-07-01,CVR494,Cultivar,Infected,14,6,2,0.1002228983990545,0,0,0.11207651795014456,0.6182381289918504,0.6164255299570908,0.11387753108479276,0.4168076113509795,0.2713549990021734
105A,2022-07-01,Genesis090,Cultivar,Infected,15,6,2,0.13083496882684426,0,0,0.14115668039162668,0.6415926967117294,0.6028429213620291,0.18431320005211105,0.4517388418283141,0.2673366671583762
106A,2022-07-01,Howzat,Cultivar,Infected,16,6,2,0.08798072005009207,0,0,0.0912095365225405,0.5592247523740743,0.5563681984376079,-0.06022001137878727,0.40574135360925384,0.19852996956545496
107A,2022-07-01,WLD129,Wild cicer,Infected,17,6,2,0,0,0,0,NA,NA,NA,NA,NA
108A,2022-07-01,CVR495,Cultivar,Infected,18,6,2,0.10351199014703062,0,0,0.10578891526009436,0.6106002208032867,0.5343947063033344,0.18458213371044457,0.36993713367170145,0.3108875058355055
109A,2022-07-01,CVR481,Cultivar,Infected,10,7,2,0.16870092739971723,0,0,0.1909073366766488,0.6559613260457715,0.5866472385356556,0.06088186362519827,0.5017839051853049,0.2298242721254472
10A,2022-07-01,CVR481,Cultivar,Infected,1,2,1,0.10279322588790592,0,0,0.09659329632589596,0.7530829715927992,0.5308156075119288,0.11339310206516548,0.5136627193645593,0.3904635009791975
110A,2022-07-01,CVR477,Cultivar,Infected,11,7,2,0.14927773101489156,0,0,0.15612903429730868,0.6938289073830286,0.5868083308583641,0.16399557425669417,0.500523731774365,0.2961523074578625
111A,2022-07-01,WLD132,Wild cicer,Infected,12,7,2,0.0042893996109054,0,0,0.00463710698391201,0.6974257927613822,0.6086063208640745,0.38081824744802945,0.44145533224480654,0.36983662386164945
112A,2022-07-01,WLD085,Wild cicer,Infected,13,7,2,0.00950292469782825,0,0,0.01049243698902124,0.5733982306216241,0.6252821507505479,0.01090033417926691,0.3380258922950519,0.29196128056830944
113A,2022-07-01,CVR500,Cultivar,Infected,14,7,2,0.18232763782385997,0,0,0.18124014754069664,0.6179219712860579,0.6219985821197406,0.0444671472671599,0.4371289544885323,0.24769952933539932
114A,2022-07-01,CVR491,Cultivar,Infected,15,7,2,0.09521473452902442,0,0,0.10331317170088712,0.6350920932138652,0.6155069916378743,0.1323268050847046,0.42067992212932226,0.2925812468479772
115A,2022-07-01,CVR502,Cultivar,Infected,16,7,2,0.07439044468055936,0,0,0.0868475121563182,0.5443341778297044,0.5513153632254016,-0.06771146275418966,0.3612008475052912,0.22795184712666056
116A,2022-07-01,CVR492,Cultivar,Infected,17,7,2,0.15657136649227665,0,0,0.15832969523882623,0.6018644368775083,0.5645991036236332,0.03047538700795759,0.4243514934499812,0.2384010711092322
117A,2022-07-01,CVR485,Cultivar,Infected,18,7,2,0.17596475237787595,0,0,0.18163312270882473,0.6051453842376288,0.5451088156297718,0.11186916330266336,0.4468612666760888,0.21695120055313413
118A,2022-07-01,CVR016,Cultivar,Infected,10,8,2,0.16180476524535042,0,0,0.16406713269349704,0.6756312017540351,0.6045839323666963,0.09803254788848494,0.5196353432085368,0.2403937366884512
119A,2022-07-01,CVR497,Cultivar,Infected,11,8,2,0.16159940402845763,0,0,0.16182717423516663,0.6908374218763479,0.6015394183998363,0.12359772047548538,0.5335976141275117,0.24904510592599616
11A,2022-07-01,CVR499,Cultivar,Infected,2,2,1,0.04556369192865998,0,0,0.04299148339321814,0.7797771579130988,0.5440997578188186,0.2614396488074548,0.48590753211254256,0.4731435097298517
120A,2022-07-01,CVR496,Cultivar,Infected,12,8,2,0.06515581447576843,0,0,0.06476230770751691,0.7173798478786738,0.6143675396332693,0.1774569281466896,0.5456128285152116,0.28223842729927223
121A,2022-07-01,WLD085,Wild cicer,Infected,1,9,3,0.01560414020615856,0,0,0.01328256068273101,0.500591231864959,0.6626427674990062,0.01205288776306543,0.33690791585757907,0.19688931970632945
122A,2022-07-01,CVR019,Cultivar,Infected,2,9,3,0.0983050896154914,0,0,0.08672961960587974,0.582783172969698,0.6495440514276997,0.11301838488603068,0.3707462954615151,0.2704775230392333
123A,2022-07-01,CVR494,Cultivar,Infected,3,9,3,0.11421064709160549,0,0,0.0957680484728269,0.5597729686572671,0.6512568794589074,0.17149567104900854,0.31529166325080427,0.29687778538304516
124A,2022-07-01,CVR498,Cultivar,Infected,4,9,3,0.06855421138757456,0,0,0.06539106797652193,0.5687785259638019,0.5718573293831667,0.01340772138847519,0.3622556842418166,0.2601185049308916
125A,2022-07-01,CVR485,Cultivar,Infected,5,9,3,0.126853611041278,0,0,0.12013250889677136,0.5936624713309313,0.6001228317440117,0.09631397496446724,0.40699380857685225,0.24614034135820348
126A,2022-07-01,CVR502,Cultivar,Infected,6,9,3,0.05271489946529686,0,0,0.04986854883546053,0.578973683889076,0.5870305611573078,0.17602852515933673,0.3400545129656194,0.29748972580661043
127A,2022-07-01,Genesis090,Cultivar,Infected,7,9,3,0.11361443710707808,0,0,0.07867362865925295,0.5358714318702632,0.5530480364675764,-0.00687476231186589,0.41164721408208654,0.159382372467589
128A,2022-07-01,CVR010,Cultivar,Infected,8,9,3,0.08186294315330267,0,0,0.05368040796630346,0.5382689236860319,0.5686567121047049,0.07755822094400834,0.3637477230832902,0.2170105934362136
129A,2022-07-01,CVR491,Cultivar,Infected,9,9,3,0.09020325838130253,0,0,0.07490106704522284,0.5632649128752643,0.5640251783584658,0.1365269992996993,0.3660148855701407,0.24847684403872689
12A,2022-07-01,CVR500,Cultivar,Infected,3,2,1,0.08044197602351238,0,0,0.07887011624331702,0.7742308917557483,0.5162953437586517,0.32389749108318594,0.5166364917911904,0.4293210889672485
130A,2022-07-01,CVR484,Cultivar,Infected,1,10,3,0.04315566604670769,0,0,0.04012276466588275,0.5944326444914253,0.6432698601581646,0.03735264901757156,0.34582088317468834,0.3129424769906391
131A,2022-07-01,CVR481,Cultivar,Infected,2,10,3,0.11643649770050774,0,0,0.1075966010334838,0.6197767954230902,0.66721497766127,0.10900335346082292,0.35986058947271576,0.33452680386829864
132A,2022-07-01,CVR492,Cultivar,Infected,3,10,3,0.12780423473883,0,0,0.12418015312849116,0.6228237532953304,0.6437342998027634,0.21899659187032497,0.3807107000067713,0.31736534995749116
133A,2022-07-01,CVR496,Cultivar,Infected,4,10,3,0.09846739122239052,0,0,0.0931744123631812,0.6535010281740639,0.6112743301655434,0.08479007792953196,0.41882790175057744,0.32310969147941304
134A,2022-07-01,WLD131,Wild cicer,Infected,5,10,3,0.00109636391599203,0,0,6.680577858178323e-4,0.7652243580930281,0.7378301053737304,0.5601983268995663,0.2862362733356931,0.6133284660049887
135A,2022-07-01,Howzat,Cultivar,Infected,6,10,3,0.09325386613546768,0,0,0.08995201598453047,0.6618471834598442,0.5996897036655204,0.1907044187229615,0.3901746836642877,0.3662519419258495
136A,2022-07-01,CVR016,Cultivar,Infected,7,10,3,0.11707245501733696,0,0,0.10174127102837456,0.6181747184191068,0.5602579718481951,0.05100950839380058,0.40131800269623713,0.2884057544434711
137A,2022-07-01,CVR482,Cultivar,Infected,8,10,3,0.08823907771005395,0,0,0.07753400067168136,0.6047916340049053,0.5582717267302406,0.12233297273934272,0.3595519587129001,0.3133869197470599
138A,2022-07-01,CVR497,Cultivar,Infected,9,10,3,0.08702015951946461,0,0,0.08480404128205188,0.6331052171496723,0.5588578977192329,0.20433706026377815,0.41621136541441794,0.2944949043356384
139A,2022-07-01,CVR493,Cultivar,Infected,1,11,3,0.102170517681844,0,0,0.10504226244065092,0.6400115731721192,0.6678370024299671,0.03510882851694365,0.3967616432447456,0.32604259142545383
13A,2022-07-01,WLD129,Wild cicer,Infected,4,2,1,0.0061707733398585,0,0,0.00644479275730144,0.6640962472012816,0.6428247902577606,0.09601990788538275,0.4865826563653713,0.2622595394129484
140A,2022-07-01,CVR495,Cultivar,Infected,2,11,3,0.09091539808504356,0,0,0.08390019839535717,0.6417993040481195,0.6518075462396188,0.13656502625431424,0.3217982269029061,0.403293165427502
141A,2022-07-01,CVR504,Cultivar,Infected,3,11,3,0.11642324858974046,0,0,0.10826465881930164,0.6706761531692454,0.6549913913188654,0.2204276696348306,0.35264588958862686,0.4165486891976139
142A,2022-07-01,CVR015,Cultivar,Infected,4,11,3,0.0973379045294803,0,0,0.0943140403507528,0.6230656085887355,0.5983383537577027,0.00852571960687592,0.399686277688952,0.29745470669394386
143A,2022-07-01,WLD132,Wild cicer,Infected,5,11,3,0.00632645039137398,0,0,0.00597322255554767,0.6638501918850978,0.629776270922433,0.14298536479625534,0.35295108431822014,0.40603605288890776
144A,2022-07-01,WLD129,Wild cicer,Infected,6,11,3,0.01754844721125622,0,0,0.01575830424193828,0.6952234468302965,0.6303416434522807,0.24451962960822024,0.3771193459380989,0.4311418155968289
145A,2022-07-01,CVR500,Cultivar,Infected,7,11,3,0.10743041465645232,0,0,0.09270284216142742,0.5793327259509664,0.5434664457639923,0.02222264070766029,0.3760998260952031,0.2598510491581706
146A,2022-07-01,CVR501,Cultivar,Infected,8,11,3,0.08182319582100084,0,0,0.07152148059932087,0.6309154118642805,0.5725171614622651,0.11531461477188412,0.3447018007361147,0.3657577596118186
147A,2022-07-01,CVR503,Cultivar,Infected,9,11,3,0.07312184232459275,0,0,0.06884924945604953,0.6273412353192007,0.5390178604343627,0.15375827535273123,0.35439097609897485,0.35098200889292863
148A,2022-07-01,WLD133,Wild cicer,Infected,1,12,3,0.03356993440658396,0,0,0.03513198003065541,0.6423889879666395,0.6831272639229291,0.02973179659956704,0.32576671597714346,0.40041714864468514
149A,2022-07-01,CVR499,Cultivar,Infected,2,12,3,0.00191118422817947,0,0,0.00102173543713315,0.4894206912428452,0.6416442788483032,-0.14902896713096783,0.34953598362147215,0.1687533708582896
14A,2022-07-01,WLD085,Wild cicer,Infected,5,2,1,0.00712470931510232,0,0,0.0069163629590552,0.6866439904713512,0.6203418490581423,0.2678462862439973,0.420791167270735,0.37387910665277774
150A,2022-07-01,CVR477,Cultivar,Infected,3,12,3,0.11062345035136568,0,0,0.10421701458758184,0.6116594161651177,0.6376085857389756,0.08986019805562177,0.37528690365613576,0.30679710280470057
151A,2022-07-01,CVR499,Cultivar,Fungicide,10,9,3,0.0042893996109054,0,0,0.00314380134502509,0.4529975843391232,0.5090851419139569,-0.01506501080820543,0.33267739949106084,0.1416701712616816
152A,2022-07-01,CVR498,Cultivar,Fungicide,11,9,3,0.09940145353148344,0,0,0.07615858758323288,0.5293197862964425,0.5957467672018125,0.04297401772111854,0.3710228593473582,0.196982212585711
153A,2022-07-01,Howzat,Cultivar,Fungicide,12,9,3,0.08522821728819062,0,0,0.07556912483104067,0.5246377448968026,0.5901747099185947,0.14031554717204048,0.36951279486267935,0.1924293785132124
154A,2022-07-01,CVR496,Cultivar,Fungicide,13,9,3,0.09125656268730092,0,0,0.0938031726321862,0.6404924641283243,0.597534426037201,0.073772503509745,0.4233260380662947,0.29795238193764945
155A,2022-07-01,CVR492,Cultivar,Fungicide,14,9,3,0.0841881620929595,0,0,0.09289932974549148,0.5850303426574064,0.5853579889765711,0.1175623359873412,0.4100015175467979,0.2302596778014576
156A,2022-07-01,WLD129,Wild cicer,Fungicide,15,9,3,0.00622708206061942,0,0,0.00357607402996604,0.5665500381537529,0.6246939577543889,0.077575334748685,0.40803093192047146,0.20618224298236432
157A,2022-07-01,CVR493,Cultivar,Fungicide,16,9,3,0.190005497513496,0,0,0.180100519553125,0.6198464902302663,0.5860788385262585,0.00170605548206646,0.42398369854593143,0.26568647444526056
158A,2022-07-01,CVR481,Cultivar,Fungicide,17,9,3,0.1251974721953686,0,0,0.12755973957439315,0.6422093149359532,0.5990930383294151,0.07480455729926438,0.38970080225141346,0.3367990334055904
159A,2022-07-01,CVR477,Cultivar,Fungicide,18,9,3,0.10321388515476693,0,0,0.11502383171110558,0.6262589427331776,0.573741712499185,0.19021026826399645,0.38510959170588693,0.3177944953428825
15A,2022-07-01,CVR482,Cultivar,Infected,6,2,1,0.10065680677668278,0,0,0.1147487490934159,0.6779884706457354,0.5772230840668269,0.23872350288847063,0.444401247709375,0.334316391354542
160A,2022-07-01,CVR010,Cultivar,Fungicide,10,10,3,0.11591647010289216,0,0,0.11977883124545605,0.5710342858078544,0.5964439079259909,-0.02836697641102503,0.4240144596573419,0.1939900038875132
161A,2022-07-01,CVR015,Cultivar,Fungicide,11,10,3,0.09010057777285611,0,0,0.09168110672429428,0.6186348196256626,0.5987981818591823,0.10024425546078054,0.4304852514241457,0.25644397506964994
162A,2022-07-01,CVR497,Cultivar,Fungicide,12,10,3,0.11459155902616464,0,0,0.10516015499108936,0.6174326110261634,0.5871558579497829,0.13774285013206716,0.4479870795706723,0.23423549990653336
163A,2022-07-01,CVR491,Cultivar,Fungicide,13,10,3,0.05507986573725552,0,0,0.0563919366263876,0.6546878847938665,0.591514055227087,0.1032808820925419,0.4105099630564899,0.33392121938093067
164A,2022-07-01,CVR502,Cultivar,Fungicide,14,10,3,0.04670311545464566,0,0,0.04798226802844548,0.6574553414637975,0.5739533361598596,0.19642185845287263,0.3796389610494581,0.3702222477014939
165A,2022-07-01,CVR016,Cultivar,Fungicide,15,10,3,0.07948141549288493,0,0,0.07812346342387355,0.6875666651277877,0.5891679695297499,0.21552326262987404,0.427110266596864,0.3687443713008718
166A,2022-07-01,WLD133,Wild cicer,Fungicide,16,10,3,0.03361961857196124,0,0,0.03104503828212279,0.6935654757098035,0.6386925169674391,0.05115162711417537,0.40314856830736656,0.4031384091980156
167A,2022-07-01,WLD085,Wild cicer,Fungicide,17,10,3,0.01483237950396477,0,0,0.01371483336767196,0.7051331868893834,0.6456293491402164,0.17508623091392972,0.3957297638577923,0.4291560734080608
168A,2022-07-01,CVR501,Cultivar,Fungicide,18,10,3,0.06412900839130459,0,0,0.06727734878353699,0.6798752317438983,0.588237792132669,0.18878591792680613,0.38831403464920544,0.3961456727964971
169A,2022-07-01,Genesis090,Cultivar,Fungicide,10,11,3,0.14808531104583678,0,0,0.15581465416280615,0.5886065382972392,0.6071991168402595,-0.05419914538036746,0.4570658284372821,0.17995411313766746
16A,2022-07-01,WLD133,Wild cicer,Infected,7,2,1,0.02674333008374532,0,0,0.02263536968418067,0.6683332777930743,0.5987885055469476,0.10423784633560076,0.3706048712630035,0.3957510124987289
170A,2022-07-01,CVR495,Cultivar,Fungicide,11,11,3,0.07343650870531554,0,0,0.07576561241510474,0.6240787603004138,0.5919746630033296,0.0607783845705444,0.4117242994970407,0.2857869602384227
171A,2022-07-01,CVR504,Cultivar,Fungicide,12,11,3,0.0967416945449529,0,0,0.10260581639825649,0.6453775126323809,0.5909324740861651,0.14786501979698802,0.4086709261859438,0.32150170491648866
172A,2022-07-01,WLD131,Wild cicer,Fungicide,13,11,3,0.00809851895649706,0,0,0.00813458598025242,0.6317717188490949,0.6167705811463258,0.01781128166758655,0.3262026277831801,0.3848892136014146
173A,2022-07-01,CVR484,Cultivar,Fungicide,14,11,3,0.02134762972377243,0,0,0.02173152679748595,0.6481751434083382,0.5885856270462858,0.07810888681520028,0.34583487925863277,0.3896948815850642
174A,2022-07-01,WLD132,Wild cicer,Fungicide,15,11,3,0.00355407396332161,0,0,0.00373326409721729,0.6538615646273652,0.5802337602038882,0.26410764034605116,0.3544776392477182,0.3897108303250266
175A,2022-07-01,CVR503,Cultivar,Fungicide,16,11,3,0.1350846211054478,0,0,0.13247192917599485,0.6157195203289804,0.6082073119221746,-0.06901488502683412,0.36562276491796303,0.3227559130046476
176A,2022-07-01,CVR482,Cultivar,Fungicide,17,11,3,0.1468100841344865,0,0,0.1476407706657409,0.6041331690902538,0.5716901921740398,-0.05900203674215906,0.40800286773300454,0.26028824809863893
177A,2022-07-01,CVR485,Cultivar,Fungicide,18,11,3,0.06802424695688356,0,0,0.06550896052696037,0.6232261805601184,0.587638175608647,0.04081757932345464,0.46123594112612526,0.2273401447790988
178A,2022-07-01,CVR494,Cultivar,Fungicide,10,12,3,0.11136208827664128,0,0,0.12759903709120596,0.5536354026716661,0.6050507730545486,-0.08505995650809631,0.4074991257799694,0.188710483368598
179A,2022-07-01,CVR500,Cultivar,Fungicide,11,12,3,0.11686378152275236,0,0,0.12547697118331402,0.5820304637185464,0.5839999743021844,-0.01373274172277358,0.4316308520236367,0.2008601654281164
17A,2022-07-01,Genesis090,Cultivar,Infected,8,2,1,0.17291083234601898,0,0,0.162180851886482,0.6761909997682699,0.5785827237789033,0.13065288193171395,0.4213162990237334,0.3564134243827826
180A,2022-07-01,CVR019,Cultivar,Fungicide,12,12,3,0.11362768621784536,0,0,0.11317684842090336,0.60066948832481315,0.5933668618733585,0.03755156800338335,0.4506193084316262,0.20573794103894733
18A,2022-07-01,CVR019,Cultivar,Infected,9,2,1,0.09989167062987264,0,0,0.1004051554567389,0.6878091769735915,0.5839485499383756,0.22026665438756676,0.3987906815579896,0.3982572216281876
19A,2022-07-01,CVR494,Cultivar,Infected,1,3,1,0.09812291434244136,0,0,0.09160251169066864,0.7659879764994585,0.5505573525637809,0.10696388064680629,0.5163075430867476,0.41302628769667826
1A,2022-07-01,WLD132,Wild cicer,Infected,1,1,1,6.823292045146814e-4,0,0,0,NA,NA,NA,NA,NA
20A,2022-07-01,Howzat,Cultivar,Infected,2,3,1,0.1036477935323952,0,0,0.103548956801764,0.7769182540158945,0.5371642784086574,0.15659047800186746,0.5435445957545216,0.40396313802835543
21A,2022-07-01,CVR010,Cultivar,Infected,3,3,1,0.08270426168702466,0,0,0.07238602596920277,0.7931056570436745,0.5362024715532335,0.25259905951012673,0.522414275854741,0.4621907398712675
22A,2022-07-01,CVR501,Cultivar,Infected,4,3,1,0.07456599539822577,0,0,0.084568256181175,0.6557132872954021,0.6095510264834844,0.04824050183407263,0.40926160381106047,0.3368474950477098
23A,2022-07-01,CVR491,Cultivar,Infected,5,3,1,0.0681203030099463,0,0,0.07387933160808968,0.693375209236724,0.6100534852004046,0.1556729876439204,0.4573263416570733,0.3456559302412028
24A,2022-07-01,CVR502,Cultivar,Infected,6,3,1,0.0496278566565217,0,0,0.05816032488296421,0.6909667968712923,0.5765894249504789,0.23594141477406985,0.43709878643529543,0.3637185630469674
25A,2022-07-01,CVR485,Cultivar,Infected,7,3,1,0.10893750100622988,0,0,0.09926552746916732,0.6415599861067178,0.5924055013665448,-0.01496494214153052,0.4223143504517282,0.3007237158662298
26A,2022-07-01,CVR503,Cultivar,Infected,8,3,1,0.08645376003416358,0,0,0.0733684638895231,0.6801750167264927,0.5779411429649369,0.12733331748127172,0.3587768048022623,0.4251473540452448
27A,2022-07-01,CVR504,Cultivar,Infected,9,3,1,0.12900327926326843,0,0,0.12964250796547228,0.68900920320268,0.5653626212223944,0.22938022335763472,0.3739675746476364,0.42439400008149136
28A,2022-07-01,CVR495,Cultivar,Infected,1,4,1,0.10331656576321332,0,0,0.10724292338216848,0.7406845355708522,0.5382731772188586,0.03170277683693149,0.4880949667732631,0.3956134993043554
29A,2022-07-01,CVR492,Cultivar,Infected,2,4,1,0.13926802783021502,0,0,0.1325898217264333,0.7399575031025529,0.5223957566650094,0.07568484991765746,0.5363250016795748,0.33761933874209554
2A,2022-07-01,CVR016,Cultivar,Infected,2,1,1,0.1254326439114877,0,0,0.118521310707446,0.719782787245142,0.5351153768536829,0.1708671377680613,0.4921052178017117,0.35255604669253027
30A,2022-07-01,CVR484,Cultivar,Infected,3,4,1,0.05546077767181468,0,0,0.04884681339832738,0.7668747667737984,0.5340114027297613,0.17680214679465228,0.5153816385182645,0.4158513949114099
31A,2022-07-01,CVR491,Cultivar,Fungicide,10,1,1,0.1143033908669764,0,0,0.11125127009707549,0.5997617200507491,0.6086536350506684,0.06553547648088985,0.3715554765679171,0.29364305779069094
32A,2022-07-01,CVR016,Cultivar,Fungicide,11,1,1,0.10664540484349123,0,0,0.0920740818924224,0.5695731081853979,0.6091983420928042,0.10393186581176858,0.37404873339068223,0.24845784693795017
33A,2022-07-01,Howzat,Cultivar,Fungicide,12,1,1,0.10628105429739115,0,0,0.0923098669932993,0.5753959634357863,0.6206032831470045,0.15155678394062932,0.3549938790729619,0.27697822253592547
34A,2022-07-01,CVR496,Cultivar,Fungicide,13,1,1,0.1047209715045445,0,0,0.11525961681198246,0.623939883932305,0.4530040970547736,0.08064673343377166,0.4119557135091414,0.2853221102434354
35A,2022-07-01,Genesis090,Cultivar,Fungicide,14,1,1,0.16731639532453696,0,0,0.17133717330386755,0.6179035389604717,0.45940457837153936,0.09900377203455872,0.44225213042240513,0.24170077561633424
36A,2022-07-01,CVR484,Cultivar,Fungicide,15,1,1,0.0308704280877516,0,0,0.03383516197583256,0.6181214127429351,0.5050091346081834,0.17351916239287474,0.3857974415101529,0.30507513476653403
37A,2022-07-01,WLD133,Wild cicer,Fungicide,16,1,1,0.0276542064489955,0,0,0.02322483243637287,0.4779015528508904,0.4061603116177952,-0.1767587343028667,0.4245356799165072,0.06694888107112561
38A,2022-07-01,CVR499,Cultivar,Fungicide,17,1,1,0.00738969153044783,0,0,0.00341888396271478,0.469535145748966,0.40242871719683,-0.09967280816872125,0.36563375189285485,0.12543597892416017
39A,2022-07-01,CVR015,Cultivar,Fungicide,18,1,1,0.10193534596572484,0,0,0.07725891805399165,0.5692254949849559,0.43529568630844145,0.0279163989309689,0.4446459561847721,0.16679632486966742
3A,2022-07-01,CVR497,Cultivar,Infected,3,1,1,0.10857977501551344,0,0,0.10496366740702529,0.7009585681936845,0.5289464083111636,0.21041031243469072,0.49013038231683087,0.32116954524144875
40A,2022-07-01,CVR497,Cultivar,Fungicide,10,2,1,0.11881802536092548,0,0,0.1156918894969234,0.6380484375008003,0.6222014933216818,0.08697569149081913,0.41255457160288594,0.3060572561637032
41A,2022-07-01,CVR503,Cultivar,Fungicide,11,2,1,0.0832739734500175,0,0,0.07454738939390751,0.6601702577632391,0.6226116662799464,0.2287736286363947,0.3447047833901244,0.40840329989495794
42A,2022-07-01,CVR477,Cultivar,Fungicide,12,2,1,0.08940499945757417,0,0,0.08893028054739731,0.6228678680544191,0.587705404312814,0.22781066248936896,0.3532791650259868,0.3456470331634045
43A,2022-07-01,CVR500,Cultivar,Fungicide,13,2,1,0.14302415073273758,0,0,0.17393080941351327,0.6539638963847949,0.4503920887997586,0.07206374590827878,0.4598391467613218,0.2776058945886092
44A,2022-07-01,WLD085,Wild cicer,Fungicide,14,2,1,0.00506116031309919,0,0,0.00581603248829642,0.6815881970731116,0.5133920285043974,0.18129610774617055,0.39200242771203186,0.395168581800556
45A,2022-07-01,CVR502,Cultivar,Fungicide,15,2,1,0.07058463761265951,0,0,0.08900887558102294,0.6935316182302509,0.4805708268590481,0.2116751437334775,0.4358007667739483,0.3693697639782657
46A,2022-07-01,CVR495,Cultivar,Fungicide,16,2,1,0.12576718395836142,0,0,0.13152878877248733,0.5690355417036841,0.43169002358722497,-0.11375146282586111,0.43363943428227625,0.17975072145194884
47A,2022-07-01,CVR494,Cultivar,Fungicide,17,2,1,0.16214924212529958,0,0,0.16728952907214775,0.6598987932716724,0.4921350832112124,-0.01989212657311502,0.4876651646146361,0.25396060204034077
48A,2022-07-01,CVR019,Cultivar,Fungicide,18,2,1,0.0772787508278254,0,0,0.06853486932154702,0.625133864815647,0.437911638845038,0.03598148648484018,0.4729088033157636,0.21611559856645868
49A,2022-07-01,CVR501,Cultivar,Fungicide,10,3,1,0.05859419236827531,0,0,0.06043958085810741,0.6365946382755576,0.6164285213157067,0.05327024198067489,0.3453203424809919,0.37334677283101897
4A,2022-07-01,CVR498,Cultivar,Infected,4,1,1,0.0822372305324782,0,0,0.09604313109051658,0.6135143188828605,0.5689002480581408,0.08830072921203795,0.4156584581043281,0.26558276269010084
50A,2022-07-01,WLD132,Wild cicer,Fungicide,11,3,1,5.266521529991958e-4,0,0,0,NA,NA,NA,NA,NA
51A,2022-07-01,CVR492,Cultivar,Fungicide,12,3,1,0.11562830194370394,0,0,0.12319771520817084,0.667322264831108,0.5898380745765935,0.24270974575353385,0.4028741363427405,0.3616863850467245
52A,2022-07-01,WLD129,Wild cicer,Fungicide,13,3,1,0.01656470073678602,0,0,0.0215743367302347,0.5720623233233666,0.4346674699537324,-0.04787050331583287,0.3998019366197183,0.22334109034608615
53A,2022-07-01,CVR498,Cultivar,Fungicide,14,3,1,0.13187502402207535,0,0,0.15573605912918054,0.6580660263411361,0.4679836044515764,0.09126255342284673,0.41676412469853674,0.33249006561641675
54A,2022-07-01,CVR482,Cultivar,Fungicide,15,3,1,0.15190105494681208,0,0,0.16335977739086638,0.6746103177971989,0.46076140600851057,0.14804331728873257,0.4456174718248857,0.32742177124083977
55A,2022-07-01,CVR493,Cultivar,Fungicide,16,3,1,0.2445487742646769,0,0,0.2306764236912162,0.6346970169692289,0.4613725629954435,-0.00836702045453209,0.45825641386576454,0.24880715374627008
56A,2022-07-01,WLD131,Wild cicer,Fungicide,17,3,1,0.01540209126695761,0,0,0.01941297330552995,0.6027914060657538,0.4154812507555592,-0.06801815437151167,0.4273643336403242,0.2363009174684332
57A,2022-07-01,CVR504,Cultivar,Fungicide,18,3,1,0.1812213370747925,0,0,0.16921510739597562,0.6547570959607258,0.43056580994035987,0.01224065754885575,0.48258465481851825,0.25170516306882423
58A,2022-07-01,CVR481,Cultivar,Fungicide,10,4,1,0.11807276288026625,0,0,0.12681308675494968,0.60792004592444,0.6075011657576049,-0.00787308017476488,0.35539238401019063,0.32212221653512707
59A,2022-07-01,CVR485,Cultivar,Fungicide,11,4,1,0.16248378217217327,0,0,0.16783969430752715,0.6269082766444458,0.6020724280502645,0.04679520479280824,0.4062999487892406,0.2960044504471302
5A,2022-07-01,CVR015,Cultivar,Infected,5,1,1,0.08903402435609047,0,0,0.09533577578788596,0.6369750748167465,0.5889336555757293,0.18278078650049365,0.4338749589582585,0.28066750114964856
60A,2022-07-01,CVR010,Cultivar,Fungicide,12,4,1,0.1072879867157041,0,0,0.10567102270965592,0.6370267812869758,0.6013235105738327,0.10675025136783137,0.40061215429925545,0.31742056933361323
61A,2022-07-01,CVR493,Cultivar,Fungicide,1,5,2,0.15995320201562369,0,0,0.13101792105392074,0.5718751337556914,0.5981097302716524,-0.04832355896165798,0.4689331222618548,0.14066406018835395
62A,2022-07-01,CVR495,Cultivar,Fungicide,2,5,2,0.12304117941799451,0,0,0.1090506091555579,0.5786111734551753,0.6067417956676843,0.00917979117489606,0.4057333984950166,0.22591369921054263
63A,2022-07-01,CVR501,Cultivar,Fungicide,3,5,2,0.06344999146448173,0,0,0.04959346621777084,0.553211164801739,0.6237573236668765,0.1252464371096322,0.3760389485851228,0.22371046901756805
64A,2022-07-01,WLD085,Wild cicer,Fungicide,4,5,2,0.00795609101574885,0,0,0.00683776792542957,0.5717034730511757,0.619313322905214,0.07534596685436876,0.35495403859135477,0.27193222021840147
65A,2022-07-01,CVR485,Cultivar,Fungicide,5,5,2,0.15157645173301382,0,0,0.1141985838580365,0.5965951798065963,0.6056348265583779,0.07727870069782979,0.4246812900777732,0.2302509065618603
66A,2022-07-01,CVR491,Cultivar,Fungicide,6,5,2,0.08329384711616841,0,0,0.07242532348601557,0.5641148312906853,0.5919045307287361,0.16971953898110387,0.3702761783881725,0.24501748461497164
67A,2022-07-01,CVR016,Cultivar,Fungicide,7,5,2,0.146435796755311,0,0,0.14005634992086788,0.6120310869883927,0.566426268503822,0.04587405653451797,0.4330090525884023,0.243572364981042
68A,2022-07-01,CVR484,Cultivar,Fungicide,8,5,2,0.07222421507010984,0,0,0.06849557180473421,0.6119862676823331,0.598334053375301,0.11989060661173924,0.397818563272015,0.2830882203580896
69A,2022-07-01,CVR481,Cultivar,Fungicide,9,5,2,0.08887503502688315,0,0,0.08401809094579561,0.6161024911627019,0.5959754123380322,0.20242261320328303,0.40668531921251105,0.27943147785312256
6A,2022-07-01,CVR477,Cultivar,Infected,6,1,1,0.11287248690411068,0,0,0.11942515359414071,0.6168052551988805,0.592732907901136,0.2119527986862388,0.4091746908048708,0.2777224656548274
70A,2022-07-01,Howzat,Cultivar,Fungicide,1,6,2,0.1030880186024778,0,0,0.10115180827618236,0.5845461656669508,0.5972346404191812,-0.06527410438095846,0.44214170019355353,0.1920368077369926
71A,2022-07-01,WLD132,Wild cicer,Fungicide,2,6,2,0.00215960505506588,0,0,3.5367765131532296e-4,0.5916774923790128,0.6538131977362984,0.3406352340482148,0.3843137186531932,0.2683937743041737
72A,2022-07-01,CVR492,Cultivar,Fungicide,3,6,2,0.08736463639941376,0,0,0.09223127195967366,0.6000455675170692,0.5726683861674181,0.1909316195568078,0.434798942828512,0.22357792044126
73A,2022-07-01,CVR496,Cultivar,Fungicide,4,6,2,0.07998819397973321,0,0,0.07497966207884847,0.6696631579440449,0.6354929710492788,0.0955960487546727,0.43932543201810886,0.32634987851676417
74A,2022-07-01,CVR498,Cultivar,Fungicide,5,6,2,0.10640692084968029,0,0,0.10382403941945367,0.6624537645103019,0.6155556348703355,0.1512577504775511,0.4006850313100208,0.3563589916969356
75A,2022-07-01,CVR019,Cultivar,Fungicide,6,6,2,0.06189653322701869,0,0,0.07513685214609972,0.6494674765890266,0.5981985125144403,0.25829818927792203,0.4051560744743226,0.3315554843649994
76A,2022-07-01,CVR499,Cultivar,Fungicide,7,6,2,0.0029545517011024,0,0,0.00196487584064068,0.547368424942583,0.5553238272568043,0.03094982792004821,0.4467132652773,0.13323281205165174
77A,2022-07-01,CVR502,Cultivar,Fungicide,8,6,2,0.0807069582388579,0,0,0.07411511670896656,0.6883157728756775,0.6033623201247568,0.15085351187932855,0.4520442887981498,0.342993706163453
78A,2022-07-01,CVR482,Cultivar,Fungicide,9,6,2,0.14183835531906644,0,0,0.15483221624248583,0.6895952429936856,0.5768426698601499,0.20106268725971135,0.4509781755069269,0.3463199376223915
79A,2022-07-01,CVR497,Cultivar,Fungicide,1,7,2,0.17657752375086244,0,0,0.16115911644934883,0.6273368172524247,0.6024531500105382,-0.03530495777337132,0.4699704208676216,0.2231608550490446
7A,2022-07-01,WLD131,Wild cicer,Infected,7,1,1,0,0,0,0,NA,NA,NA,NA,NA
80A,2022-07-01,CVR503,Cultivar,Fungicide,2,7,2,0.10329006754167876,0,0,0.08995201598453047,0.6473101141935704,0.6000210642702186,0.05176589542090275,0.4240967695484383,0.30767767475792634
81A,2022-07-01,CVR477,Cultivar,Fungicide,3,7,2,0.10875532573317984,0,0,0.1121551129837702,0.6524491876379278,0.5870500743752467,0.14982391647223037,0.44456555951799936,0.2928171185621371
82A,2022-07-01,WLD133,Wild cicer,Fungicide,4,7,2,0.02180472404524343,0,0,0.01937367578871713,0.658875015885754,0.6254588903059676,0.07574967504201296,0.37812538250221017,0.37390279019812167
83A,2022-07-01,CVR500,Cultivar,Fungicide,5,7,2,0.1221071171089016,0,0,0.12673449172132406,0.6280752264694164,0.5920579314108151,0.08338707543716567,0.42439479768998506,0.27770256314308134
84A,2022-07-01,CVR494,Cultivar,Fungicide,6,7,2,0.11355150383093351,0,0,0.11620275721549,0.6626763619533986,0.5921827078293734,0.1824726265278385,0.4267144252481867,0.3289922463883499
85A,2022-07-01,WLD131,Wild cicer,Fungicide,7,7,2,9.572482529356451e-4,0,0,0.00106103295394596,0.156526821033893,0.517281784581536,-0.4927461314105107,0.385806403899173,-0.24401544367897343
86A,2022-07-01,CVR504,Cultivar,Fungicide,8,7,2,0.14501814190321252,0,0,0.14913407630462786,0.6738061203692736,0.5938627058975756,0.07154844980199343,0.43512051994598194,0.3376926518519289
87A,2022-07-01,CVR010,Cultivar,Fungicide,9,7,2,0.1205437220383631,0,0,0.12036829399764824,0.7043940277025451,0.6132351227488361,0.1388242432169565,0.4739366231494446,0.3459480553359097
88A,2022-07-01,Genesis090,Cultivar,Fungicide,1,8,2,0.21792137390014524,0,0,0.22387795328259943,0.6063147438519153,0.6160967317415362,-0.09473582068899866,0.4636518269583782,0.19845134970630685
89A,2022-07-01,CVR015,Cultivar,Fungicide,2,8,2,0.06322806885912986,0,0,0.06228656414830965,0.6181407798762604,0.5975469650250624,-0.02644520809654289,0.4373512981447775,0.24777381171828153
8A,2022-07-01,CVR493,Cultivar,Infected,8,1,1,0.15391823206112976,0,0,0.12724535943989063,0.5864050148598253,0.5756835716162259,0.06804827974974957,0.3964943453490188,0.24744263399198185
90A,2022-07-01,WLD129,Wild cicer,Fungicide,3,8,2,0,0,0,0,NA,NA,NA,NA,NA
91A,2022-07-01,CVR503,Cultivar,Infected,10,5,2,0.08493673685131055,0,0,0.08075639705033208,0.5685185662162581,0.5583855153117924,0.03134902957136681,0.4551862099305658,0.1529001285094116
92A,2022-07-01,CVR501,Cultivar,Infected,11,5,2,0.07697402128017806,0,0,0.07859503362562732,0.5993669713566772,0.5738974592751029,0.1568140069845106,0.4327128406921936,0.22501179003239308
93A,2022-07-01,CVR019,Cultivar,Infected,12,5,2,0.0875998081155329,0,0,0.07890941376012983,0.6152694191089944,0.5736162570694554,0.2005902278037924,0.47131270424933175,0.20275145126359131
94A,2022-07-01,CVR499,Cultivar,Infected,13,5,2,0.00325928124874974,0,0,0.00247574355920726,0.2941836754520755,0.5680788926779475,-0.09138660791120448,0.39305245958946144,-0.11179567527487427
95A,2022-07-01,WLD133,Wild cicer,Infected,14,5,2,0.02911160863339579,0,0,0.03320640170682754,0.6375660644893113,0.637675830899821,0.25507637958743196,0.3531886770393294,0.3670243367803918
96A,2022-07-01,CVR493,Cultivar,Infected,15,5,2,0.13710842277514912,0,0,0.1441039941525877,0.6032257199610159,0.6083039275720922,0.18928738441197496,0.40419223676330623,0.26320883951729995
97A,2022-07-01,CVR504,Cultivar,Infected,16,5,2,0.0936612762915614,0,0,0.07942028147869641,0.5098388293836492,0.5433648486834245,-0.08365953062671984,0.379893126875092,0.16115982512296095
98A,2022-07-01,CVR015,Cultivar,Infected,17,5,2,0.08382049926916761,0,0,0.0612648287111765,0.5009784089272881,0.5620660052166977,0.01317614986601373,0.38167869941644506,0.14750444576170718
99A,2022-07-01,CVR010,Cultivar,Infected,18,5,2,0.10079592243973916,0,0,0.05886768018559486,0.514359040837373,0.5517631235273592,0.16760645724805154,0.3535786327708254,0.1965209612047688
9A,2022-07-01,CVR496,Cultivar,Infected,9,1,1,0.08771905011243838,0,0,0.08040271939901675,0.6394239074590705,0.5968677717874566,0.14581041202469514,0.3833537243466827,0.3392222090516496
100A,2022-07-05,CVR482,Cultivar,Infected,10,6,2,0.22180005107726508,0,0,0.18249766807870663,0.5912543485650226,0.48989853934781047,0.02401461647483652,0.44565178613307377,0.19769353508900517
101A,2022-07-05,CVR498,Cultivar,Infected,11,6,2,0.20725583973248857,0,0,0.16866494216059624,0.63553076463553,0.5085888030592962,0.13556882482855345,0.4218016024195302,0.2920068141972958
102A,2022-07-05,CVR484,Cultivar,Infected,12,6,2,0.0700911082365785,0,0,0.06142201877842775,0.6266705767349443,0.5189281713723142,0.19201600843412017,0.4435640080071207,0.2535991462322132
103A,2022-07-05,WLD131,Wild cicer,Infected,13,6,2,0.021026338787666,0,0,0.02133855162935781,0.6248112877468647,0.6663202377942989,0.106674928359179,0.2823857565653003,0.4157858806431361
104A,2022-07-05,CVR494,Cultivar,Infected,14,6,2,0.1936688766406477,0,0,0.18399097371759357,0.6592257472070308,0.6823529522594304,0.16088470239848118,0.3807032302126047,0.3718439625297998
105A,2022-07-05,Genesis090,Cultivar,Infected,15,6,2,0.2666449787468004,0,0,0.2586955531787523,0.6878113877065054,0.6736418262600415,0.1934664625386131,0.42601055777733426,0.3703060145318937
106A,2022-07-05,Howzat,Cultivar,Infected,16,6,2,0.15601490384005107,0,0,0.1789215940487406,0.5872626105740272,0.5591538379381347,0.0683959538097314,0.3848774573443921,0.2614876816977981
107A,2022-07-05,WLD129,Wild cicer,Infected,17,6,2,0,0,0,0,NA,NA,NA,NA,NA
108A,2022-07-05,CVR495,Cultivar,Infected,18,6,2,0.16598154741473398,0,0,0.17876440398148935,0.6089424448938813,0.553333496690761,0.2018760969190683,0.361877648348342,0.31689708002671174
109A,2022-07-05,CVR481,Cultivar,Infected,10,7,2,0.2859323717462615,0,0,0.25822398297699856,0.6213208838465977,0.5100784583064852,0.03454867332706563,0.44065577042440457,0.2487775895148508
10A,2022-07-05,CVR481,Cultivar,Infected,1,2,1,0.21114445374268387,0,0,0.176092172838218,0.6606441203514591,0.5434087977477449,0.03973688428719461,0.4123126432636797,0.34129840653874066
110A,2022-07-05,CVR477,Cultivar,Infected,11,7,2,0.25477708777701347,0,0,0.2138177889785191,0.6654479093050768,0.5130052246329135,0.13992438405311983,0.45196401857007945,0.30530781449073563
111A,2022-07-05,WLD132,Wild cicer,Infected,12,7,2,0.00957910708474009,0,0,0.00817388349706524,0.6909189336118721,0.522141113721952,0.27026958912843135,0.4241196769679293,0.3773853632634164
112A,2022-07-05,WLD085,Wild cicer,Infected,13,7,2,0.02125157367070969,0,0,0.01634776699413048,0.6786225206246906,0.6919672447681101,0.12114056647117072,0.3452169704235736,0.43540990381711914
113A,2022-07-05,CVR500,Cultivar,Infected,14,7,2,0.34195623662568536,0,0,0.3293131908913785,0.6788737507595796,0.6847164360603506,0.10877543418139758,0.405434826877057,0.3772815412626511
114A,2022-07-05,CVR491,Cultivar,Infected,15,7,2,0.18091329524945332,0,0,0.16791828934115277,0.706049230766686,0.6746911423886062,0.2108137446181303,0.3845692097452352,0.4413053713978349
115A,2022-07-05,CVR502,Cultivar,Infected,16,7,2,0.145100948845508,0,0,0.170826305585301,0.5517909701280855,0.5737277248460239,0.03827180927056533,0.3472817383496336,0.2529886740268891
116A,2022-07-05,CVR492,Cultivar,Infected,17,7,2,0.29258673762912557,0,0,0.30726728395939,0.6006252756001548,0.5887297860929367,0.08101603021877173,0.4198301075934181,0.24175666826333392
117A,2022-07-05,CVR485,Cultivar,Infected,18,7,2,0.2797748475171703,0,0,0.29496716119697935,0.6044068704166061,0.5759681269756525,0.1323795792940374,0.44970714339427553,0.2124430378927024
118A,2022-07-05,CVR016,Cultivar,Infected,10,8,2,0.341634945689579,0,0,0.303258937244483,0.6507666839901184,0.5202020388122752,0.09244684189762596,0.4384069894751412,0.29713151174961855
119A,2022-07-05,CVR497,Cultivar,Infected,11,8,2,0.35432759380462875,0,0,0.3072279864425772,0.6624816373831934,0.5220113394260822,0.1069911290772392,0.4613744974905362,0.28963456117406566
11A,2022-07-05,CVR499,Cultivar,Infected,2,2,1,0.06797456279150627,0,0,0.05533090367244164,0.6559330104903084,0.5200053848344741,0.16600832124205295,0.35158050481039804,0.3955780486476128
120A,2022-07-05,CVR496,Cultivar,Infected,12,8,2,0.15909200981575078,0,0,0.14139246549250356,0.6890156852475916,0.5471335199457733,0.16720824039923807,0.45646172828685594,0.3392517998267446
121A,2022-07-05,WLD085,Wild cicer,Infected,1,9,3,0.03295716303359748,0,0,0.03748983103942423,0.5420359173366296,0.5752679000161669,0.02040263987951212,0.3550351947673839,0.2315631603185835
122A,2022-07-05,CVR019,Cultivar,Infected,2,9,3,0.17543147566949313,0,0,0.1674074216225862,0.5865134336152338,0.6066543744790723,0.08078680148767707,0.3884399797501929,0.2565137723556009
123A,2022-07-05,CVR494,Cultivar,Infected,3,9,3,0.16364639164200168,0,0,0.14080300274031135,0.5588579224507634,0.6063178856398315,0.12768277224660934,0.33439487387513317,0.2760513017705245
124A,2022-07-05,CVR498,Cultivar,Infected,4,9,3,0.1150022814599502,0,0,0.12213668225422486,0.4916983833557528,0.5469238698827056,0.01345956889762297,0.32131556294825625,0.20235257275307095
125A,2022-07-05,CVR485,Cultivar,Infected,5,9,3,0.2571188681051294,0,0,0.21334621877676535,0.5433469879900233,0.5975106175395575,0.07746447374460551,0.3830392422543159,0.2024402653205316
126A,2022-07-05,CVR502,Cultivar,Infected,6,9,3,0.0902198197697616,0,0,0.06920292710736485,0.5030423851126797,0.6038216847604655,0.15950219515389333,0.3261883105769123,0.21156983852368347
127A,2022-07-05,Genesis090,Cultivar,Infected,7,9,3,0.23339302299863104,0,0,0.1938939479544226,0.5734649234670304,0.5015809548633666,0.03604128700676989,0.4534485614351446,0.16219234856863457
128A,2022-07-05,CVR010,Cultivar,Infected,8,9,3,0.15258338415132677,0,0,0.1256734587673781,0.5673864138717076,0.521715500586913,0.09666876957742764,0.4170748644552183,0.1969084883598423
129A,2022-07-05,CVR491,Cultivar,Infected,9,9,3,0.17599787515479415,0,0,0.16021597604584129,0.5906815919061713,0.5138822442088706,0.15125625644927462,0.4268922942256994,0.21901574214215244
12A,2022-07-05,CVR500,Cultivar,Infected,3,2,1,0.1453493696723944,0,0,0.13545854045376868,0.6561531996795177,0.5237861949111544,0.21265515735795432,0.3859403317231015,0.36184505680835194
130A,2022-07-05,CVR484,Cultivar,Infected,1,10,3,0.0704952061149804,0,0,0.0813851573193371,0.5698726992160382,0.5969763741615094,0.00343673871561614,0.3712404103764944,0.2519306885551566
131A,2022-07-05,CVR481,Cultivar,Infected,2,10,3,0.1909594334887399,0,0,0.1946798982906789,0.6228050131764984,0.6280691187280586,0.08309569024196813,0.3718343973231508,0.32660618224867977
132A,2022-07-05,CVR492,Cultivar,Infected,3,10,3,0.1928507440507684,0,0,0.19436551815617636,0.6130467634523271,0.5939620822396119,0.18270242054757732,0.39533315460563145,0.28735672755281894
133A,2022-07-05,CVR496,Cultivar,Infected,4,10,3,0.22492684121834208,0,0,0.2197910115340668,0.6035387833437055,0.6055228096278155,0.0910488518276114,0.3775780700278451,0.29265087538581
134A,2022-07-05,WLD131,Wild cicer,Infected,5,10,3,0.00382236845635894,0,0,0.00271152866008414,0.6550169082185193,0.6624271084131341,0.2360103263216259,0.20360359471346037,0.5208798247758851
135A,2022-07-05,Howzat,Cultivar,Infected,6,10,3,0.19903476650139415,0,0,0.18359799854946543,0.5912646038009886,0.6018945564501095,0.13236824448952336,0.3727557440239244,0.28028231997659114
136A,2022-07-05,CVR016,Cultivar,Infected,7,10,3,0.19744818548701296,0,0,0.20788386393978428,0.6333031419856764,0.5128098739595098,0.10018827541570824,0.4448247084757051,0.2623983921114388
137A,2022-07-05,CVR482,Cultivar,Infected,8,10,3,0.15984389685179365,0,0,0.16964738008091657,0.6208911247401355,0.5053674528939982,0.14497260126665304,0.43005751958946736,0.26035269446954007
138A,2022-07-05,CVR497,Cultivar,Infected,9,10,3,0.1712580057778014,0,0,0.17106209068617786,0.6269905485349196,0.4883721357603571,0.1736530938133187,0.46693813087329694,0.22630751805648097
139A,2022-07-05,CVR493,Cultivar,Infected,1,11,3,0.20080683506651728,0,0,0.2203018792526334,0.6064710188879762,0.6007949093913973,0.02029527192605003,0.3759714089726088,0.29858072096413385
13A,2022-07-05,WLD129,Wild cicer,Infected,4,2,1,0.02267585307819179,0,0,0.01516884148974607,0.6300394312627499,0.5858784341148049,0.14573409150892622,0.4164790104240791,0.28953348610149227
140A,2022-07-05,CVR495,Cultivar,Infected,2,11,3,0.1760409347647878,0,0,0.1893354360041362,0.6263230843772458,0.5990476482439208,0.08539135224897922,0.3489512837673511,0.354947875139088
141A,2022-07-05,CVR504,Cultivar,Infected,3,11,3,0.19990920781203436,0,0,0.2079231614565971,0.6542280510282542,0.5999106349376166,0.16070636943035463,0.39748261541155067,0.3469740520497644
142A,2022-07-05,CVR015,Cultivar,Infected,4,11,3,0.21864013815926991,0,0,0.2184155984456183,0.5774649407074219,0.6020832331019008,0.0435382014726776,0.36146064837652503,0.2729846005557992
143A,2022-07-05,WLD132,Wild cicer,Infected,5,11,3,0.01382875936334366,0,0,0.01387202343492322,0.6073980518879163,0.6124290979129446,0.10769162377186804,0.3389283134057081,0.3380653600805999
144A,2022-07-05,WLD129,Wild cicer,Infected,6,11,3,0.03133083468691442,0,0,0.02837280713885146,0.6157423555285007,0.6245530376250831,0.20609944110916212,0.3228141205665718,0.36559833569754946
145A,2022-07-05,CVR500,Cultivar,Infected,7,11,3,0.2416140962297254,0,0,0.25016799203037177,0.6021545961795992,0.5026955065415818,0.06709268916284838,0.4313868778557709,0.23069286367906636
146A,2022-07-05,CVR501,Cultivar,Infected,8,11,3,0.1702278874156457,0,0,0.1760528753214052,0.615889883452204,0.5144151143130352,0.0816327015164699,0.4234061582554707,0.2603846351747616
147A,2022-07-05,CVR503,Cultivar,Infected,9,11,3,0.1577406005174887,0,0,0.1558932491964318,0.6238111066010064,0.5040740093071433,0.14860606076365696,0.44406715896564586,0.24861332592804097
148A,2022-07-05,WLD133,Wild cicer,Infected,1,12,3,0.06485770948350474,0,0,0.07643367020092257,0.6191611192280467,0.6240247610586499,0.03988055894680363,0.32453945589253275,0.3687113348175832
149A,2022-07-05,CVR499,Cultivar,Infected,2,12,3,8.015712014201597e-4,0,0,0.00121822302119722,0.3768211240275268,0.6061351391729763,-0.2510807866886356,0.3934901550698894,-0.01957091657540734
14A,2022-07-05,WLD085,Wild cicer,Infected,5,2,1,0.02484208268864131,0,0,0.01839123786839679,0.6432915419095683,0.5523770041998555,0.2243707817056013,0.3990823540539185,0.32855889937261135
150A,2022-07-05,CVR477,Cultivar,Infected,3,12,3,0.1916086399163363,0,0,0.19743072446757584,0.613733076217852,0.605336903059492,0.03931904065015482,0.40491427488392784,0.2778727624401624
151A,2022-07-05,CVR499,Cultivar,Fungicide,10,9,3,0.00486242365159005,0,0,0.0069163629590552,0.4350627684165734,0.49794175150552894,-0.03218954134398465,0.36780262851213213,0.08007323755907092
152A,2022-07-05,CVR498,Cultivar,Fungicide,11,9,3,0.16466657317108188,0,0,0.17365572679582356,0.5791774957957498,0.568421946139543,0.06683698640361903,0.39654327565331887,0.2370853649165504
153A,2022-07-05,Howzat,Cultivar,Fungicide,12,9,3,0.13769469592660105,1,0.00185487794525536,0.12382647547717585,0.5857748827250271,0.589478043851411,0.1401411153756471,0.40738806782913495,0.23429951068858787
154A,2022-07-05,CVR496,Cultivar,Fungicide,13,9,3,0.1974514977647048,1,5.465236330490184e-4,0.21220659078919377,0.7035868598822784,0.6242730670317199,0.21206473526685063,0.4406299694757482,0.3811087937724414
155A,2022-07-05,CVR492,Cultivar,Fungicide,14,9,3,0.16738926543375698,0,0,0.1841481637848448,0.6546045372430651,0.6006752907997222,0.2506416512614255,0.4197067557218692,0.3238816589795846
156A,2022-07-05,WLD129,Wild cicer,Fungicide,15,9,3,0.00947973875398552,0,0,0.01057103202264687,0.6738088351623782,0.5974845778214093,0.3554130771103764,0.38562490291996393,0.38935222907942696
157A,2022-07-05,CVR493,Cultivar,Fungicide,16,9,3,0.27437583487950556,0,0,0.3437353795616811,0.6339480471562631,0.5601725668263399,0.07951029446045745,0.4667971113181615,0.2374050543583198
158A,2022-07-05,CVR481,Cultivar,Fungicide,17,9,3,0.19498385088429976,0,0,0.2276112173798167,0.6398506302215696,0.5694409552639039,0.14282104399207035,0.4320329082864808,0.28721422537472857
159A,2022-07-05,CVR477,Cultivar,Fungicide,18,9,3,0.1466477825275874,0,0,0.1756599001532771,0.6052834594593424,0.5447100262287254,0.1800374098139005,0.4301886915744232,0.23673807070992217
15A,2022-07-05,CVR482,Cultivar,Infected,6,2,1,0.20560301316427096,0,0,0.17711390827535117,0.6382328702123586,0.5345366917563759,0.17238171578976696,0.42961681013105174,0.2874273721778989
160A,2022-07-05,CVR010,Cultivar,Fungicide,10,10,3,0.2433894770725403,0,0,0.25842047056106265,0.6181927026325827,0.5747216993235222,0.04211382475730116,0.4262841001037541,0.2605774671604601
161A,2022-07-05,CVR015,Cultivar,Fungicide,11,10,3,0.17631916609090056,0,0,0.1690972148455372,0.6698283528075777,0.5912097469438021,0.1500071189332623,0.4465370926474266,0.3185793712113919
162A,2022-07-05,CVR497,Cultivar,Fungicide,12,10,3,0.19958460459823613,0,0,0.1918897745969691,0.6576800360077257,0.5773424619078001,0.14514417501750515,0.4584021877407391,0.28528661959940904
163A,2022-07-05,CVR491,Cultivar,Fungicide,13,10,3,0.1458727095477018,0,0,0.15974440584408753,0.6709160633664947,0.5883683510497533,0.1969922475024976,0.3996240838634628,0.3706752964305514
164A,2022-07-05,CVR502,Cultivar,Fungicide,14,10,3,0.10460835406302266,0,0,0.1156525919801106,0.6614759593422057,0.5803822522789683,0.23930481565009,0.39691789136729705,0.35874792513092535
165A,2022-07-05,CVR016,Cultivar,Fungicide,15,10,3,0.1748816375726512,0,0,0.17467746223295672,0.7070424446787382,0.5901699527260003,0.29266262077913674,0.44279029329724096,0.38468656269321183
166A,2022-07-05,WLD133,Wild cicer,Fungicide,16,10,3,0.05884261319516172,0,0,0.071914455767449,0.6656626843964729,0.5747881222374734,0.13265440389036998,0.423732364373703,0.336979791294676
167A,2022-07-05,WLD085,Wild cicer,Fungicide,17,10,3,0.03553411507783253,0,0,0.03957259943050335,0.682470257181648,0.5939190643920119,0.2056152878076709,0.4331082429974419,0.35399797144906
168A,2022-07-05,CVR501,Cultivar,Fungicide,18,10,3,0.13524692271234695,0,0,0.1558932491964318,0.6574003784712585,0.554318724408701,0.2103590839677159,0.44447814324384793,0.30082264083999766
169A,2022-07-05,Genesis090,Cultivar,Fungicide,10,11,3,0.3156368780864929,0,0,0.3216501751128798,0.6392813073874405,0.5944483625066685,0.01603566250760805,0.4732247447952529,0.23808202598088068
16A,2022-07-05,WLD133,Wild cicer,Infected,7,2,1,0.0480810229744423,0,0,0.06205077904743277,0.6423199622953655,0.5422433520843566,0.12142764262179652,0.416409029072909,0.30839728689879864
170A,2022-07-05,CVR495,Cultivar,Fungicide,11,11,3,0.13085484249299514,0,0,0.13274701179368456,0.6724443196485141,0.5846793984135045,0.12357573715812968,0.4537069948569738,0.31477194455798724
171A,2022-07-05,CVR504,Cultivar,Fungicide,12,11,3,0.1911482333171735,0,0,0.20678353346902548,0.6682475132050578,0.5716763619823142,0.1425325506127542,0.4433062233123942,0.31962706115012796
172A,2022-07-05,WLD131,Wild cicer,Fungicide,13,11,3,0.01625665891144687,0,0,0.02353921257087538,0.61332258520689,0.5924389342562965,0.13071827837675454,0.2823861613737529,0.400258764440832
173A,2022-07-05,CVR484,Cultivar,Fungicide,14,11,3,0.04448720167881886,0,0,0.05246218494510624,0.633062927922148,0.591419219750574,0.13750373579049327,0.37149735037867815,0.3419967940926878
174A,2022-07-05,WLD132,Wild cicer,Fungicide,15,11,3,0.00619064700600941,0,0,0.00593392503873486,0.6404373320029617,0.5831808136463725,0.30232276915315875,0.33612908334145075,0.3877870079151554
175A,2022-07-05,CVR503,Cultivar,Fungicide,16,11,3,0.2431443685233457,0,0,0.3092321598000307,0.6235951907650311,0.5776049399605002,0.06703012737422481,0.4136714056659677,0.2829022357431549
176A,2022-07-05,CVR482,Cultivar,Fungicide,17,11,3,0.21783856695784976,0,0,0.28097724521161765,0.6099482590000382,0.556230235960201,0.04678814006689347,0.45790011822024573,0.21097150835471712
177A,2022-07-05,CVR485,Cultivar,Fungicide,18,11,3,0.1579327126236142,0,0,0.1671323390048965,0.6346911291808499,0.5722708799239048,0.10790560570403142,0.487875003905845,0.21266909814456048
178A,2022-07-05,CVR494,Cultivar,Fungicide,10,12,3,0.23120029516664695,0,0,0.2421905961173706,0.6094452742339166,0.6015425576416353,-0.01301668394749755,0.44950747659538176,0.2202848885245585
179A,2022-07-05,CVR500,Cultivar,Fungicide,11,12,3,0.289469884321124,0,0,0.29783587992431476,0.6287835791694969,0.5663895022238307,0.03822086083058729,0.4642786728945165,0.23232885654872704
17A,2022-07-05,Genesis090,Cultivar,Infected,8,2,1,0.2828917008251718,0,0,0.31194368846011483,0.6649545434335838,0.5608919719720998,0.14070639374934357,0.4895395608867298,0.2600750015064136
180A,2022-07-05,CVR019,Cultivar,Fungicide,12,12,3,0.2329657391763864,0,0,0.2385359270537789,0.6531461961732208,0.5757984230121413,0.11282996414657918,0.4776140730949947,0.2551160324604853
18A,2022-07-05,CVR019,Cultivar,Infected,9,2,1,0.1781376065437091,0,0,0.19283291500047664,0.6862701017272016,0.561645947841418,0.17248424921487443,0.49317450589062617,0.29188400556494104
19A,2022-07-05,CVR494,Cultivar,Infected,1,3,1,0.1794062088996757,0,0,0.15923353812552096,0.6921770701975808,0.5385189519873751,0.05732116530765718,0.4088733856323976,0.3951307324755937
1A,2022-07-05,WLD132,Wild cicer,Infected,1,1,1,0.00217616644352497,0,0,0.00204347087426631,0.3325597893566139,0.5106920423334149,-0.1364114404637256,0.3239303883379342,0.00967124802797139
20A,2022-07-05,Howzat,Cultivar,Infected,2,3,1,0.1827747953122555,0,0,0.15581465416280615,0.7047405828013562,0.5486671247558333,0.1072955359672515,0.4365069020308258,0.38741049742619393
21A,2022-07-05,CVR010,Cultivar,Infected,3,3,1,0.1367540090621245,0,0,0.12480891339749618,0.7102951652621601,0.5278405773425566,0.16521481854550335,0.4094460555695803,0.4242256044563936
22A,2022-07-05,CVR501,Cultivar,Infected,4,3,1,0.23520483889605595,0,0,0.20560460796464108,0.6084916403541096,0.5615733983661529,0.02577297038629866,0.4001838807271551,0.2753603606926836
23A,2022-07-05,CVR491,Cultivar,Infected,5,3,1,0.18619969044559617,0,0,0.15927283564233377,0.6292099264761783,0.5356314684826644,0.08846613089075639,0.4257549065693573,0.2779019564350209
24A,2022-07-05,CVR502,Cultivar,Infected,6,3,1,0.1494963413425516,0,0,0.12535907863287557,0.6209221684294824,0.5192912062105608,0.162377653386703,0.4176078524020059,0.2744901548126638
25A,2022-07-05,CVR485,Cultivar,Infected,7,3,1,0.16898247100352184,0,0,0.19817737728701929,0.6103541565152122,0.5538536232676339,0.00980403618633912,0.47346312640774646,0.1925277293759516
26A,2022-07-05,CVR503,Cultivar,Infected,8,3,1,0.17735922128613169,0,0,0.18890316331919527,0.6416694308136851,0.5537231695198797,0.06521472992604284,0.46248745435462535,0.2547963872057745
27A,2022-07-05,CVR504,Cultivar,Infected,9,3,1,0.24320730179949027,0,0,0.27468964252156747,0.6508802660528243,0.5487013882597384,0.15341846308364798,0.4516460782270252,0.28218841674409373
28A,2022-07-05,CVR495,Cultivar,Infected,1,4,1,0.2048378770174608,0,0,0.18516989922197796,0.6458996112725769,0.5227636475105008,-0.03994459568781403,0.3706678133487136,0.36186817670875854
29A,2022-07-05,CVR492,Cultivar,Infected,2,4,1,0.26178917965059395,0,0,0.2390074972555327,0.6805028336241692,0.5318647735645524,0.04155134781931917,0.4314928128783582,0.35252170200303945
2A,2022-07-05,CVR016,Cultivar,Infected,2,1,1,0.253177257651865,0,0,0.2226204327445894,0.6467913191287504,0.5384031206013467,0.0706221957960409,0.3899499513058924,0.34347010824416185
30A,2022-07-05,CVR484,Cultivar,Infected,3,4,1,0.10740060415722594,0,0,0.09458912296844248,0.7017873272851016,0.5425190944316709,0.12445006183081174,0.40792965808519266,0.4117267463399259
31A,2022-07-05,CVR491,Cultivar,Fungicide,10,1,1,0.19612327441028543,0,0,0.19031787392445657,0.6178510273767807,0.6197466620766922,0.05084450641202315,0.44910292291247106,0.23355450559867572
32A,2022-07-05,CVR016,Cultivar,Fungicide,11,1,1,0.17387139287664646,0,0,0.16041246362990536,0.6142779806842945,0.6233158076042125,0.10774740871545078,0.4265594525539935,0.25437013806095177
33A,2022-07-05,Howzat,Cultivar,Fungicide,12,1,1,0.1718409666515615,0,0,0.16587481846688645,0.6121527631900022,0.635965806966245,0.14654348141949178,0.4117547290339562,0.26793215427651756
34A,2022-07-05,CVR496,Cultivar,Fungicide,13,1,1,0.23764267527723465,0,0,0.21912295374824897,0.6594947453946504,0.5686881365273073,0.1196406099442889,0.44247810293584666,0.3064393035553404
35A,2022-07-05,Genesis090,Cultivar,Fungicide,14,1,1,0.2759690404492704,0,0,0.22615720925774263,0.5848253550153246,0.5323609718417737,0.12090652846900105,0.4128725314842669,0.22668869642004696
36A,2022-07-05,CVR484,Cultivar,Fungicide,15,1,1,0.05824640321063433,0,0,0.04951487118414521,0.5637040696407241,0.5543949157156406,0.18313014447298115,0.3802670879288726,0.23348676144055627
37A,2022-07-05,WLD133,Wild cicer,Fungicide,16,1,1,0.03767053418905568,0,0,0.05069379668852962,0.5971881359976635,0.528257255857557,0.07250952773538898,0.4330835509617435,0.22135385449323144
38A,2022-07-05,CVR499,Cultivar,Fungicide,17,1,1,0.00832044156184893,0,0,0.00899913135013432,0.5668607461735421,0.49619768344411874,0.2034135289032955,0.3939784957161617,0.2225944874908075
39A,2022-07-05,CVR015,Cultivar,Fungicide,18,1,1,0.18038001854107047,0,0,0.1878421303652493,0.657615252246763,0.5615122821438331,0.18544593656208563,0.4898105615097627,0.2475385716966826
3A,2022-07-05,CVR497,Cultivar,Infected,3,1,1,0.17094002711938677,0,0,0.14720849798079996,0.5786390797109671,0.5411981707462773,0.0911963865962538,0.3704276342940223,0.26501601254033835
40A,2022-07-05,CVR497,Cultivar,Fungicide,10,2,1,0.23439995541694397,0,0,0.2445484471261394,0.681974667857735,0.6435777089056824,0.10224076221646212,0.46297567411014307,0.32005122575281497
41A,2022-07-05,CVR503,Cultivar,Fungicide,11,2,1,0.17021463830487846,0,0,0.17467746223295672,0.692508209900122,0.6508800553217547,0.20188200483102037,0.4129377078762697,0.3915348998278741
42A,2022-07-05,CVR477,Cultivar,Fungicide,12,2,1,0.14996999705248168,0,0,0.16233804195373325,0.6541298216372594,0.6198462375485849,0.19367075113459145,0.4128481594117229,0.3305483147149406
43A,2022-07-05,CVR500,Cultivar,Fungicide,13,2,1,0.30308003335680767,1,5.597726908199036e-4,0.2749254276224444,0.6636356386400853,0.5609204974120018,0.11171618422659256,0.4556329132740853,0.2981580341628411
44A,2022-07-05,WLD085,Wild cicer,Fungicide,14,2,1,0.01267939900428252,0,0,0.01155346994296721,0.6903831974938911,0.588760309588231,0.25433984237838,0.3954931592508288,0.4056492535214903
45A,2022-07-05,CVR502,Cultivar,Fungicide,15,2,1,0.14079830012383532,0,0,0.14162825059338044,0.6722287863636129,0.5692878468169591,0.2414231442508486,0.4329691216198981,0.33748659052440527
46A,2022-07-05,CVR495,Cultivar,Fungicide,16,2,1,0.1895185926927987,0,0,0.22541055643829916,0.6514214326236769,0.552155639762086,0.1222346170311196,0.4416211036806766,0.2945316102505243
47A,2022-07-05,CVR494,Cultivar,Fungicide,17,2,1,0.25352504680950594,0,0,0.2667122466085663,0.6991948604436866,0.5941143184791152,0.1688050864117178,0.5023512390146275,0.30341582027775127
48A,2022-07-05,CVR019,Cultivar,Fungicide,18,2,1,0.13359078386643752,0,0,0.16021597604584129,0.6790826675348792,0.5518129404319573,0.24014239433701257,0.4858755689503103,0.2883471465995155
49A,2022-07-05,CVR501,Cultivar,Fungicide,10,3,1,0.13268653205657097,0,0,0.15436064604073205,0.6752108035403842,0.6516803314474036,0.09200181501737284,0.3982443972651666,0.3788346285568482
4A,2022-07-05,CVR498,Cultivar,Infected,4,1,1,0.19264207055618385,0,0,0.15943002570958503,0.5537646823969974,0.5156865498228294,0.00791537800962835,0.4055294405314707,0.19116469178113343
50A,2022-07-05,WLD132,Wild cicer,Fungicide,11,3,1,0.00338183552334703,0,0,0.00310450382821227,0.586326695161864,0.5953959840296779,0.2692701949386199,0.2857819402664408,0.361041427067281
51A,2022-07-05,CVR492,Cultivar,Fungicide,12,3,1,0.20489749801591353,0,0,0.21955522643318992,0.7062256596790484,0.6427426666158352,0.24334855739646233,0.46163289552872416,0.3629064275537533
52A,2022-07-05,WLD129,Wild cicer,Fungicide,13,3,1,0.03736580464140835,0,0,0.03414954211033507,0.6577679784371622,0.5864379826595025,0.12997957768364443,0.3838710328603714,0.3664163740329018
53A,2022-07-05,CVR498,Cultivar,Fungicide,14,3,1,0.23367787888012745,0,0,0.22191307744195873,0.6678837986517119,0.5473315304108174,0.1567377036516827,0.3985761039999073,0.36700547885420554
54A,2022-07-05,CVR482,Cultivar,Fungicide,15,3,1,0.2560456901329801,0,0,0.23943976994047364,0.6898558541779067,0.5594798652393802,0.1949817583706173,0.45540959233553846,0.34184160389267987
55A,2022-07-05,CVR493,Cultivar,Fungicide,16,3,1,0.33423531732605566,0,0,0.3783564918737699,0.6753542343109598,0.5743279133940536,0.12572798333103835,0.4866542716466864,0.2810812605457389
56A,2022-07-05,WLD131,Wild cicer,Fungicide,17,3,1,0.01762794187585987,0,0,0.02322483243637287,0.6605778800725475,0.5557664154515168,0.1631754085130157,0.41620687956597296,0.337034188909984
57A,2022-07-05,CVR504,Cultivar,Fungicide,18,3,1,0.2997578188319133,0,0,0.32491186900834335,0.6866789013101136,0.5626179288480874,0.14252571970574282,0.5082345625245384,0.2741055003410141
58A,2022-07-05,CVR481,Cultivar,Fungicide,10,4,1,0.19726932249165471,0,0,0.23774997671752263,0.631549015193623,0.6246923085091621,0.01370915673999915,0.4062447843470212,0.30305779830724333
59A,2022-07-05,CVR485,Cultivar,Fungicide,11,4,1,0.27235534548749607,0,0,0.2968927395208072,0.6580930389454578,0.6219811444714124,0.05584916472687998,0.4594145222248937,0.284777405199174
5A,2022-07-05,CVR015,Cultivar,Infected,5,1,1,0.2014229187171956,0,0,0.16390994262624578,0.6106790490265892,0.5486770068643367,0.12333985094500868,0.4258182158457755,0.24982485440124652
60A,2022-07-05,CVR010,Cultivar,Fungicide,12,4,1,0.19581523258494624,0,0,0.21134204541931187,0.6780298483237807,0.6442150363029094,0.12005364407054746,0.44594383936999105,0.3326745667485769
61A,2022-07-05,CVR493,Cultivar,Fungicide,1,5,2,0.2264769871781133,0,0,0.2347633654397488,0.5360185182692867,0.5525563873237502,-0.00235450371131407,0.4020420180808091,0.17077990577531005
62A,2022-07-05,CVR495,Cultivar,Fungicide,2,5,2,0.18357967879136747,0,0,0.17982543693543532,0.557570787242954,0.5825607048575144,0.07816692411197688,0.3517466426528946,0.2560395578479087
63A,2022-07-05,CVR501,Cultivar,Fungicide,3,5,2,0.1228457550341772,0,0,0.09859746968334948,0.5584730140710339,0.597383399127792,0.22220933133490736,0.3359634667634278,0.27390055866856927
64A,2022-07-05,WLD085,Wild cicer,Fungicide,4,5,2,0.01585256103304497,0,0,0.01764458504895333,0.5312359440242841,0.5686549483075538,0.05995344402805441,0.3306091889865015,0.2433702298103006
65A,2022-07-05,CVR485,Cultivar,Fungicide,5,5,2,0.29179510326078084,0,0,0.2327591920822953,0.5893009023763071,0.5712509655516667,0.10265491326156992,0.4001984298541364,0.24746362455714108
66A,2022-07-05,CVR491,Cultivar,Fungicide,6,5,2,0.1462801197037955,0,0,0.1285814750115263,0.5631021208427897,0.5629516499206803,0.16450064402240397,0.3540529616621445,0.26110516727804284
67A,2022-07-05,CVR016,Cultivar,Fungicide,7,5,2,0.2571023067166703,0,0,0.21566477226872136,0.5841040414458958,0.5820880769656417,0.0925427525570028,0.394975169693506,0.24584751410074224
68A,2022-07-05,CVR484,Cultivar,Fungicide,8,5,2,0.1175726089488016,0,0,0.10598540284415844,0.5888319965461299,0.618054754643049,0.16723915622148572,0.35258386840444167,0.29814727869144847
69A,2022-07-05,CVR481,Cultivar,Fungicide,9,5,2,0.15543194296629095,0,0,0.13357225964675362,0.5770450323819709,0.617253486780191,0.25194513017749265,0.3630408582431213,0.2707169096246335
6A,2022-07-05,CVR477,Cultivar,Infected,6,1,1,0.2325881395195191,0,0,0.1910252292270872,0.5887624726382967,0.5536136783618173,0.13224068729225477,0.41035888805543697,0.23523800792520255
70A,2022-07-05,Howzat,Cultivar,Fungicide,1,6,2,0.17076116412402856,0,0,0.1849734116379139,0.5898743364356647,0.5581374434234471,0.05096688034127674,0.3886105826665674,0.261120855560593
71A,2022-07-05,WLD132,Wild cicer,Fungicide,2,6,2,0.00305392003185697,0,0,0.00188628080701505,0.6135420096313213,0.6017806554407253,0.4508902980799136,0.4059891949245022,0.27640224395252383
72A,2022-07-05,CVR492,Cultivar,Fungicide,3,6,2,0.15657467876996847,0,0,0.15314242301953485,0.5984555698595144,0.5432504548906766,0.2602519435146931,0.3827533821725827,0.2797914723128568
73A,2022-07-05,CVR496,Cultivar,Fungicide,4,6,2,0.1444186196409933,0,0,0.13671606099177872,0.6443277045925359,0.5888497346719488,0.112279698767201,0.39182601598368955,0.3377787950780599
74A,2022-07-05,CVR498,Cultivar,Fungicide,5,6,2,0.1792074722381666,2,8.744400718472973e-4,0.17499184236745924,0.6431201359054433,0.5718395581244079,0.1606806839897416,0.373894023494126,0.3544588544006248
75A,2022-07-05,CVR019,Cultivar,Fungicide,6,6,2,0.1322128763466409,0,0,0.13184316890698983,0.6493134498470386,0.5703408234812732,0.2564723003621572,0.39183332557503026,0.34534327486939165
76A,2022-07-05,CVR499,Cultivar,Fungicide,7,6,2,0.00664774132748041,0,0,0.0049121896016017,0.5125763836310894,0.5400110580297025,0.1693775818779606,0.31731001098747463,0.2331944237982174
77A,2022-07-05,CVR502,Cultivar,Fungicide,8,6,2,0.15273906120284225,0,0,0.1312144086379848,0.642830152439888,0.6005804614268517,0.19966838527346575,0.3834805311970491,0.3441991288995942
78A,2022-07-05,CVR482,Cultivar,Fungicide,9,6,2,0.24606910972522175,0,0,0.2422298936341834,0.6504645046971808,0.5949071724588609,0.23462375088755785,0.40307315381755526,0.33530258519639033
79A,2022-07-05,CVR497,Cultivar,Fungicide,1,7,2,0.3056569854010427,0,0,0.30683501127444907,0.6117165147385254,0.5654521401743218,0.0658149741884525,0.3959638354418976,0.28471588182136437
7A,2022-07-05,WLD131,Wild cicer,Infected,7,1,1,0,0,0,0,NA,NA,NA,NA,NA
80A,2022-07-05,CVR503,Cultivar,Fungicide,2,7,2,0.1784489606467401,1,2.649811554177059e-4,0.1723196112241879,0.6374671566406176,0.5728124812038135,0.11777426865973883,0.3848998384824381,0.33468628051568056
81A,2022-07-05,CVR477,Cultivar,Fungicide,3,7,2,0.1658490563070612,0,0,0.1608447363148463,0.6278350121956722,0.5372101283043734,0.21589804932375375,0.38857922820079777,0.3164606863768951
82A,2022-07-05,WLD133,Wild cicer,Fungicide,4,7,2,0.04388436713890783,0,0,0.04157677278795685,0.6409084492576163,0.5731247902854362,0.10287174431301628,0.34952280305611727,0.37550283044744537
83A,2022-07-05,CVR500,Cultivar,Fungicide,5,7,2,0.2575759624266004,0,0,0.2361780760450101,0.627738081637436,0.5684532408019559,0.11303195535883968,0.39035626430925824,0.31443028321944605
84A,2022-07-05,CVR494,Cultivar,Fungicide,6,7,2,0.23005424708527764,0,0,0.2128746485750116,0.6499123610894687,0.5723119140804319,0.16741415179425037,0.4039625809746449,0.33350944018779655
85A,2022-07-05,WLD131,Wild cicer,Fungicide,7,7,2,0.00455769410394272,0,0,0.00302590879458665,0.5936451754465696,0.5820895840217419,0.1827945808029021,0.2261364052910877,0.42449501222742375
86A,2022-07-05,CVR504,Cultivar,Fungicide,8,7,2,0.2878468682521328,0,0,0.26738030439438415,0.6451668950576926,0.6033745623312083,0.1530780083550138,0.3848722489432961,0.34627778704667794
87A,2022-07-05,CVR010,Cultivar,Fungicide,9,7,2,0.2035030291076578,0,0,0.18819580801656463,0.6645363746364072,0.6102478059293894,0.20701371341568556,0.4102236701704022,0.34962289515991724
88A,2022-07-05,Genesis090,Cultivar,Fungicide,1,8,2,0.3534365911055295,0,0,0.3707720711288969,0.5834002613781603,0.5749723060280412,0.01344201854510073,0.40116441956118254,0.23791804473352532
89A,2022-07-05,CVR015,Cultivar,Fungicide,2,8,2,0.11739043367575155,0,0,0.12178300460290954,0.5970066154343093,0.5494823626539349,0.06886225991792186,0.3743266859246787,0.2867648499888687
8A,2022-07-05,CVR493,Cultivar,Infected,8,1,1,0.21602343878273303,0,0,0.2133855162935782,0.6205690457679383,0.5608997205722398,0.08528937997624832,0.48591141677747807,0.19279262150979484
90A,2022-07-05,WLD129,Wild cicer,Fungicide,3,8,2,0,0,0,0,NA,NA,NA,NA,NA
91A,2022-07-05,CVR503,Cultivar,Infected,10,5,2,0.15389835839497884,0,0,0.12331560775860928,0.5327448723207514,0.47387655315023336,-0.0351291147171898,0.42480824924797544,0.13950967340684703
92A,2022-07-05,CVR501,Cultivar,Infected,11,5,2,0.15666411026764757,0,0,0.11254808815189832,0.5511341970262573,0.4854776263143132,0.1044503846194526,0.3996760648168366,0.19424561322762088
93A,2022-07-05,CVR019,Cultivar,Infected,12,5,2,0.16353708647817167,0,0,0.12166511205247107,0.5828042243655767,0.5183135774486605,0.148690497709941,0.4287328366896639,0.20539217846431143
94A,2022-07-05,CVR499,Cultivar,Infected,13,5,2,0.00609790323063848,0,0,0.00424413181578387,0.5086107527043839,0.644635194299314,0.06937940105687987,0.3656126806783158,0.17566349691601504
95A,2022-07-05,WLD133,Wild cicer,Infected,14,5,2,0.04827975963595143,0,0,0.04770718541075578,0.6321497638323942,0.6801557650262214,0.19303290891682115,0.32877655285625657,0.382967691952751
96A,2022-07-05,CVR493,Cultivar,Infected,15,5,2,0.2487354932671359,0,0,0.2265108869090579,0.639113202157088,0.678930216733393,0.17864451470387813,0.36990001744078055,0.35256155027228075
97A,2022-07-05,CVR504,Cultivar,Infected,16,5,2,0.16768405814832885,0,0,0.1676825042402759,0.5622644357894282,0.5644005318951184,0.03559726786538842,0.39767823510769057,0.2119864378115116
98A,2022-07-05,CVR015,Cultivar,Infected,17,5,2,0.17434504858657654,0,0,0.16552114081557115,0.5807877984285618,0.5680291238486117,0.14110756963230314,0.389918850264216,0.24674738922002687
99A,2022-07-05,CVR010,Cultivar,Infected,18,5,2,0.16818089980210169,0,0,0.15278874536821951,0.5649796624356059,0.562047427200333,0.1908356842348428,0.3899610977432907,0.2244748932289447
9A,2022-07-05,CVR496,Cultivar,Infected,9,1,1,0.15241114571135217,0,0,0.16025527356265412,0.6419982441451224,0.5681179726832208,0.14808059104773136,0.4620948404063914,0.2557858878570055
100A,2022-07-08,CVR482,Cultivar,Infected,10,6,2,0.185745908401817,0,0,0.18685969244492895,0.6311996320512784,0.5945591002395617,0.03477754831318937,0.4243237512909675,0.2825528595815298
101A,2022-07-08,CVR498,Cultivar,Infected,11,6,2,0.23815939059715835,0,0,0.22191307744195873,0.6626470660653896,0.6040882431368562,0.1363202385611488,0.3942185435559965,0.3633440841970493
102A,2022-07-08,CVR484,Cultivar,Infected,12,6,2,0.08767599050244473,0,0,0.08130656228571147,0.6367826623403691,0.6108342597174727,0.2054932433147803,0.4014875331519085,0.3161125616028305
103A,2022-07-08,WLD131,Wild cicer,Infected,13,6,2,0.01904890900565015,0,0,0.01454008122074105,0.7252055774114683,0.7241040549959337,0.17218743181228963,0.3641568144255621,0.49061441345400886
104A,2022-07-08,CVR494,Cultivar,Infected,14,6,2,0.21033625798588007,0,0,0.1924792373491613,0.73507716561247,0.7234560497100543,0.2014499255564243,0.4163537788370149,0.459290117212189
105A,2022-07-08,Genesis090,Cultivar,Infected,15,6,2,0.2808480254893196,0,0,0.26077832156983144,0.7523982521639687,0.7281758835675569,0.2562959835301001,0.42074992746928686,0.485271435943946
106A,2022-07-08,Howzat,Cultivar,Infected,16,6,2,0.17373227721359005,0,0,0.1927150224500382,0.6136974441967146,0.602089771536648,0.01449378501482233,0.4077109021809487,0.2747260630706415
107A,2022-07-08,WLD129,Wild cicer,Infected,17,6,2,7.452624806592393e-4,0,0,3.5367765131532296e-4,0.5297741025088252,0.5249343553438391,0.2133549958839669,0.2910216637957325,0.28227192126675893
108A,2022-07-08,CVR495,Cultivar,Infected,18,6,2,0.22929573549385113,0,0,0.23869311712103017,0.659460260731582,0.5993973100289601,0.19823218578650337,0.39582697580354936,0.35675880721189224
109A,2022-07-08,CVR481,Cultivar,Infected,10,7,2,0.29271260418141465,0,0,0.29567451649960996,0.6703219981802107,0.6033155720401582,0.07247832414178723,0.42050321812795194,0.3478752728813782
10A,2022-07-08,CVR481,Cultivar,Infected,1,2,1,0.24076284086292796,0,0,0.19051436150852064,0.7924112754433951,0.769908303242132,0.1891892622532849,0.44927081679846587,0.5328328067111322
110A,2022-07-08,CVR477,Cultivar,Infected,11,7,2,0.2863894660677325,0,0,0.2638042303644181,0.6888266162954069,0.5936074007333764,0.1635986605168671,0.41005870928996824,0.3885046906397446
111A,2022-07-08,WLD132,Wild cicer,Infected,12,7,2,0.01284170061118164,0,0,0.00966718913595216,0.7093473143826089,0.5985824858368122,0.34098854357976144,0.3934016787059007,0.43824027675752486
112A,2022-07-08,WLD085,Wild cicer,Infected,13,7,2,0.02741903473287637,0,0,0.02035611370903747,0.7468869660644775,0.7345113437927415,0.20321060416220743,0.3669828521148596,0.5233521764712102
113A,2022-07-08,CVR500,Cultivar,Infected,14,7,2,0.3788351364463964,0,0,0.33843021479195123,0.7708202014642188,0.7414477580494591,0.20006795830145807,0.433385078786555,0.5067064942569474
114A,2022-07-08,CVR491,Cultivar,Infected,15,7,2,0.2372915738419018,0,0,0.20866981427604053,0.7828407724863824,0.7288913715595817,0.2911366100424523,0.3908127650919953,0.5648364133126137
115A,2022-07-08,CVR502,Cultivar,Infected,16,7,2,0.17831978181675914,0,0,0.17974684190180967,0.621802819411815,0.6278407965865873,-0.01824572240763466,0.40948934733058023,0.2848398623071974
116A,2022-07-08,CVR492,Cultivar,Infected,17,7,2,0.3796168339816656,0,0,0.36515252622466454,0.657115244805996,0.6281903292161233,0.05944614300897796,0.45188079632431266,0.2919150493856851
117A,2022-07-08,CVR485,Cultivar,Infected,18,7,2,0.32406993708986365,0,0,0.3326141823036548,0.6501686275585997,0.5986133423813352,0.1472951400703838,0.4523274128020151,0.2802637172022722
118A,2022-07-08,CVR016,Cultivar,Infected,10,8,2,0.4096227575918525,0,0,0.406807894046247,0.6861758631279022,0.603188905585217,0.11633348553154645,0.410532392859319,0.38374283702214257
119A,2022-07-08,CVR497,Cultivar,Infected,11,8,2,0.4054923473101544,0,0,0.3848012846310714,0.701481595041047,0.6087856321546236,0.1322229182315583,0.4418661299347483,0.3762330088038662
11A,2022-07-08,CVR499,Cultivar,Infected,2,2,1,0.07407577829983657,0,0,0.05918206032009737,0.7839181271086108,0.7499530092631311,0.3081075553164022,0.39414834253418185,0.5640499576973201
120A,2022-07-08,CVR496,Cultivar,Infected,12,8,2,0.22788801747482812,0,0,0.2085126242087893,0.7212760880969337,0.6182556131653794,0.1959520341522477,0.4418857523737971,0.4100971742792711
121A,2022-07-08,WLD085,Wild cicer,Infected,1,9,3,0.04769679876219131,0,0,0.0477464829275686,0.6863800559894053,0.7101592532612249,0.14643485811423004,0.391373140877509,0.4033624634133443
122A,2022-07-08,CVR019,Cultivar,Infected,2,9,3,0.23937830878774768,0,0,0.24144394329792712,0.7235171727596611,0.7403706907656333,0.2104748533537836,0.43209560594276,0.4239652145474851
123A,2022-07-08,CVR494,Cultivar,Infected,3,9,3,0.18445080782431583,0,0,0.1860737421086727,0.6847038088348194,0.7338240167566876,0.20342038683596592,0.3890560948176832,0.4030029369427405
124A,2022-07-08,CVR498,Cultivar,Infected,4,9,3,0.16809478058211438,0,0,0.16001948846177722,0.745215604889796,0.6959281213646534,0.1639658629753581,0.4205790267049835,0.4728328079525553
125A,2022-07-08,CVR485,Cultivar,Infected,5,9,3,0.27428971565951826,0,0,0.25193638028694837,0.7606355159368043,0.7258183596643675,0.2026998409019932,0.4685266747448978,0.4538515686880468
126A,2022-07-08,CVR502,Cultivar,Infected,6,9,3,0.09685099970878291,0,0,0.11085829492894732,0.6878480725255834,0.6843443451261241,0.22310797933545673,0.378060632030687,0.4186589893401595
127A,2022-07-08,Genesis090,Cultivar,Infected,7,9,3,0.2301006189729631,0,0,0.24399828189076003,0.6816075279194244,0.6700246514372666,0.09947758586326416,0.43385855779786825,0.351776868610879
128A,2022-07-08,CVR010,Cultivar,Infected,8,9,3,0.17124806894472594,0,0,0.1841481637848448,0.6771035422345135,0.674315300033536,0.1818429679208447,0.41077050587572195,0.3689508815742568
129A,2022-07-08,CVR491,Cultivar,Infected,9,9,3,0.22674528167115063,0,0,0.2358243983936948,0.6995588916448553,0.6699337653775944,0.23504505321973904,0.3943353441457056,0.42149844385459334
12A,2022-07-08,CVR500,Cultivar,Infected,3,2,1,0.20624890731417564,0,0,0.19452270822342763,0.7770998767145209,0.7263310836441851,0.3514365598407714,0.4036817038910357,0.5441042083536054
130A,2022-07-08,CVR484,Cultivar,Infected,1,10,3,0.10384984247159612,0,0,0.09254565209417616,0.7687057382522201,0.7580632889632664,0.16233036275334117,0.4775450237346563,0.4600361040019868
131A,2022-07-08,CVR481,Cultivar,Infected,2,10,3,0.2478941747334139,0,0,0.2413260507474887,0.7843189007182123,0.7680131527906382,0.2223665675273349,0.47126950484292046,0.4966086597637736
132A,2022-07-08,CVR492,Cultivar,Infected,3,10,3,0.2345125728584658,0,0,0.24600245524821351,0.7597272591476693,0.7280575782402835,0.2968903763304824,0.4607357131056412,0.46001068836016895
133A,2022-07-08,CVR496,Cultivar,Infected,4,10,3,0.32533853944583024,0,0,0.2983074501260685,0.8016741103459105,0.7298820850356017,0.24069111347752556,0.46529311289728886,0.5365043210810722
134A,2022-07-08,WLD131,Wild cicer,Infected,5,10,3,0.00805545934650342,0,0,0.00408694174853262,0.7723283028287969,0.7182459962999969,0.34814736460409035,0.3396812797833566,0.5865171340922466
135A,2022-07-08,Howzat,Cultivar,Infected,6,10,3,0.2360196592082434,0,0,0.2408151830289221,0.7958943676640582,0.7167029029872953,0.26779964781811205,0.4662669225139124,0.5241326681407705
136A,2022-07-08,CVR016,Cultivar,Infected,7,10,3,0.255810518416861,0,0,0.2678911721129507,0.7387404651023912,0.6876240966633083,0.1849393046164443,0.42559839984598546,0.4567461388438762
137A,2022-07-08,CVR482,Cultivar,Infected,8,10,3,0.2018104552071384,0,0,0.20929857454504555,0.7255615124893781,0.6811441209309728,0.20138446779837352,0.4352851828596397,0.4242727787798835
138A,2022-07-08,CVR497,Cultivar,Infected,9,10,3,0.2060501706526665,0,0,0.21480022689883943,0.7378800722133558,0.6601164373219954,0.25835578324879754,0.43727538346468586,0.4437996646143628
139A,2022-07-08,CVR493,Cultivar,Infected,1,11,3,0.2786884204342537,0,0,0.2898977815281264,0.7782732081078497,0.749698782036026,0.18578077477194643,0.4682863211893804,0.4877494738794771
13A,2022-07-08,WLD129,Wild cicer,Infected,4,2,1,0.0307114387585443,0,0,0.01709441981357394,0.7463822567945078,0.7454187094466366,0.2215823538373075,0.45875463872182626,0.43739413553096174
140A,2022-07-08,CVR495,Cultivar,Infected,2,11,3,0.22001473340137473,0,0,0.2034432445399363,0.7877141348123443,0.7510268296887672,0.24913947614339924,0.45275131542323416,0.5206448894310048
141A,2022-07-08,CVR504,Cultivar,Infected,3,11,3,0.2524783670588912,0,0,0.2344882828220591,0.8004599042243788,0.7412887061543192,0.31180003646909454,0.47296801564073065,0.5270158301962525
142A,2022-07-08,CVR015,Cultivar,Infected,4,11,3,0.31709096799320136,0,0,0.2762222456772672,0.7849255178010712,0.7297172174790391,0.19447197726282364,0.44811806202631255,0.5195555688434838
143A,2022-07-08,WLD132,Wild cicer,Infected,5,11,3,0.01847257268727368,0,0,0.01654425457819455,0.7770187068973049,0.7167744583671508,0.2087956729009186,0.3985888387641696,0.5482194550479719
144A,2022-07-08,WLD129,Wild cicer,Infected,6,11,3,0.04050915617094443,0,0,0.03725404593854735,0.7845758006596063,0.7100412459627791,0.2995214948236909,0.414966844593394,0.5480339985867422
145A,2022-07-08,CVR500,Cultivar,Infected,7,11,3,0.32424548780753004,0,0,0.3181526961165394,0.7069521551479971,0.6757543848265407,0.12401738257393462,0.42492348386166706,0.4031287909573392
146A,2022-07-08,CVR501,Cultivar,Infected,8,11,3,0.2261987558520005,0,0,0.21609704495366233,0.7288488354047201,0.693236270152666,0.13573728110653727,0.43271723759187813,0.4325523023670611
147A,2022-07-08,CVR503,Cultivar,Infected,9,11,3,0.19461618806050784,0,0,0.18744915519712116,0.7252755112115025,0.6693614791617718,0.18609598089049223,0.4434919063128384,0.4153979381324367
148A,2022-07-08,WLD133,Wild cicer,Infected,1,12,3,0.08454257580598411,0,0,0.0814244548361499,0.76252529190380125,0.745269936038313,0.17527085034776038,0.4055722070702301,0.51676839615060155
149A,2022-07-08,CVR499,Cultivar,Infected,2,12,3,0,0,0,0,NA,NA,NA,NA,NA
14A,2022-07-08,WLD085,Wild cicer,Infected,5,2,1,0.03447749849414232,0,0,0.02141714666298344,0.759298746044674,0.7325635799355732,0.3065065553583196,0.4337372587479637,0.4854316965786704
150A,2022-07-08,CVR477,Cultivar,Infected,3,12,3,0.25231275317430024,0,0,0.22399584583303783,0.7675428418388814,0.7346148709027444,0.20792419540624252,0.4755619823042308,0.4598226565143657
151A,2022-07-08,CVR499,Cultivar,Fungicide,10,9,3,0.0030075481441715,0,0,0.0017290907397638,0.4878472291932186,0.657966991483477,-0.01682597180749911,0.43666452702575065,0.0650373135904774
152A,2022-07-08,CVR498,Cultivar,Fungicide,11,9,3,0.19484142294355153,0,0,0.18678109741130333,0.6327295317894692,0.6945090720256489,0.08006123601833469,0.3888419732782441,0.32347194273145335
153A,2022-07-08,Howzat,Cultivar,Fungicide,12,9,3,0.17802498910218728,0,0,0.1725946938418776,0.62784871899146,0.6941673250098755,0.12245616672439794,0.4107016609920453,0.2925952280460363
154A,2022-07-08,CVR496,Cultivar,Fungicide,13,9,3,0.2657506637700093,0,0,0.25649489223723476,0.6651499802021866,0.660293489194912,0.06352980508513521,0.4300315717828265,0.32931386029172294
155A,2022-07-08,CVR492,Cultivar,Fungicide,14,9,3,0.19289711593845388,0,0,0.18481622157066263,0.5958896599405379,0.6478231438285581,0.09523216171817785,0.4119606638600822,0.24377054517296615
156A,2022-07-08,WLD129,Wild cicer,Fungicide,15,9,3,0.01068209555611576,0,0,0.01068892457308531,0.5695284090854059,0.6354444530538018,0.19041617613883027,0.3503945890002219,0.27376659151931115
157A,2022-07-08,CVR493,Cultivar,Fungicide,16,9,3,0.32057217184730297,0,0,0.3206677371925595,0.619047370126932,0.5952146066581839,0.06514019035512549,0.4167295003213537,0.2726565168793803
158A,2022-07-08,CVR481,Cultivar,Fungicide,17,9,3,0.20735852034093497,0,0,0.21138134293612468,0.6166479553936965,0.6102597907066531,0.12506848411480145,0.387177718532495,0.301439664754525
159A,2022-07-08,CVR477,Cultivar,Fungicide,18,9,3,0.14496845773783523,0,0,0.13734482126078373,0.5764245209983301,0.5899697872599211,0.16300873722685336,0.35703437899587026,0.276241593028469
15A,2022-07-08,CVR482,Cultivar,Infected,6,2,1,0.24947413119241152,0,0,0.202460806619616,0.7664547174002915,0.7261620333991523,0.28818362544418274,0.47213597317438954,0.4612212769305919
160A,2022-07-08,CVR010,Cultivar,Fungicide,10,10,3,0.2326742587395063,0,0,0.2543728263293428,0.6867830653390422,0.6986949873920264,0.06066397030938322,0.437631203463166,0.3562150325523906
161A,2022-07-08,CVR015,Cultivar,Fungicide,11,10,3,0.2310181198935969,0,0,0.2111455578352478,0.7296405747498191,0.7100269988940212,0.1956790550580075,0.4361199495710973,0.4305152234299566
162A,2022-07-08,CVR497,Cultivar,Fungicide,12,10,3,0.2468176844835728,0,0,0.24706348820215948,0.7158297901881169,0.6927741403608997,0.21091980884566155,0.4351512280466546,0.40766332998880705
163A,2022-07-08,CVR491,Cultivar,Fungicide,13,10,3,0.20540758878045365,0,0,0.19892403010646276,0.6610508897320794,0.6305848361643861,0.0822936438087846,0.41479451762695263,0.3392897062276901
164A,2022-07-08,CVR502,Cultivar,Fungicide,14,10,3,0.1398443641485915,0,0,0.12952461541503382,0.6622619516553295,0.6342355277229857,0.14274503345291892,0.42869868834326263,0.326165054718992
165A,2022-07-08,CVR016,Cultivar,Fungicide,15,10,3,0.23408528903622117,0,0,0.231344481477034,0.6945900972970328,0.6342560835229821,0.21187821527416156,0.41315139106833,0.3947085643244375
166A,2022-07-08,WLD133,Wild cicer,Fungicide,16,10,3,0.06881919360292008,0,0,0.0745080918770947,0.6519314683472355,0.59445639640858,0.1423625193742571,0.3752678225435369,0.36627158780411306
167A,2022-07-08,WLD085,Wild cicer,Fungicide,17,10,3,0.04529870971331447,0,0,0.04503495426748445,0.6803992496870972,0.6157625853346885,0.22590654913759184,0.38749967850887856,0.3977746416646902
168A,2022-07-08,CVR501,Cultivar,Fungicide,18,10,3,0.1681146542482653,0,0,0.17180874350562134,0.6723354170812224,0.5984905329278581,0.2476517592612543,0.4158117311628496,0.35606774994545165
169A,2022-07-08,Genesis090,Cultivar,Fungicide,10,11,3,0.34965396998147236,0,0,0.36432727837159545,0.6927553410821082,0.6987332199802266,0.02887305171367511,0.48453112600869097,0.31343091368981907
16A,2022-07-08,WLD133,Wild cicer,Infected,7,2,1,0.06491733048195748,0,0,0.06641280341365509,0.7960834435412056,0.7267687999279462,0.2869190873551884,0.4655894476412919,0.5251338242397543
170A,2022-07-08,CVR495,Cultivar,Fungicide,11,11,3,0.14356073971881222,0,0,0.15436064604073205,0.7068529857071635,0.6899385140121111,0.1440507728150166,0.4367809645216981,0.39069524259494104
171A,2022-07-08,CVR504,Cultivar,Fungicide,12,11,3,0.21557628129433748,0,0,0.21790473072705177,0.7352518353596765,0.6930869444869653,0.1998257103623112,0.44359436750991393,0.43282483382841264
172A,2022-07-08,WLD131,Wild cicer,Fungicide,13,11,3,0.01616060285838412,0,0,0.01595479182600234,0.6434076239898238,0.6502784428669037,0.0097731270542415,0.33345131364257985,0.3946201331538091
173A,2022-07-08,CVR484,Cultivar,Fungicide,14,11,3,0.05535478478567648,0,0,0.05505582105475194,0.6775174475755096,0.657566459274956,0.05642660987597067,0.4147721954759831,0.3654393318142029
174A,2022-07-08,WLD132,Wild cicer,Fungicide,15,11,3,0.0058726683475948,0,0,0.00613041262279893,0.6856672747816089,0.6284200453407643,0.2778642726008866,0.380892436550918,0.4125075772035338
175A,2022-07-08,CVR503,Cultivar,Fungicide,16,11,3,0.31220535839776853,0,0,0.32958827350906816,0.6456517250830143,0.6274723314346217,0.02735645311485662,0.4228650031311982,0.30645657417748373
176A,2022-07-08,CVR482,Cultivar,Fungicide,17,11,3,0.28720428637991996,0,0,0.3034947223453599,0.6321694379262598,0.6054656018679356,0.04567780344781746,0.4505582095765094,0.2539410314284886
177A,2022-07-08,CVR485,Cultivar,Fungicide,18,11,3,0.20686499096485397,0,0,0.18627022969273677,0.6731555500186821,0.6091941427627157,0.17977972665626102,0.4719037650755461,0.2949455594843187
178A,2022-07-08,CVR494,Cultivar,Fungicide,10,12,3,0.2806194783285841,0,0,0.2689129075500839,0.6836714196748842,0.7131094420810383,0.01848599275471037,0.4622216029951441,0.3237606863785739
179A,2022-07-08,CVR500,Cultivar,Fungicide,11,12,3,0.33266529770013353,0,0,0.33245699223640357,0.6898385315030728,0.6881469769966523,0.09112029584761334,0.4418211144787613,0.35674934897583377
17A,2022-07-08,Genesis090,Cultivar,Infected,8,2,1,0.31193706390473125,0,0,0.31111844060704574,0.8191331926907529,0.7555602149705833,0.3209815694410242,0.5332228215709373,0.5076357926844384
180A,2022-07-08,CVR019,Cultivar,Fungicide,12,12,3,0.2775158741313498,0,0,0.2679304696297635,0.7073354120152648,0.6851133193162843,0.1592131486105643,0.46895254792054736,0.35670397964833794
18A,2022-07-08,CVR019,Cultivar,Infected,9,2,1,0.2260728892997114,0,0,0.2284364652328858,0.822072851176586,0.7459345995031056,0.3662893721770422,0.5089909265545904,0.5383369922326999
19A,2022-07-08,CVR494,Cultivar,Infected,1,3,1,0.23513859334221957,0,0,0.20143907118248283,0.7961605783696833,0.7641252988984802,0.192263696231648,0.4323047641721156,0.5548138812445338
1A,2022-07-08,WLD132,Wild cicer,Infected,1,1,1,0.00402441739555989,0,0,0.00255433859283288,0.5825952995435905,0.7253858370979149,-0.07909478001563437,0.37304801102997937,0.26773595471442424
20A,2022-07-08,Howzat,Cultivar,Infected,2,3,1,0.22192922990724603,0,0,0.1843839488857217,0.7912924345810776,0.7500803149138199,0.243580024492126,0.4304885928367176,0.5472050728076907
21A,2022-07-08,CVR010,Cultivar,Infected,3,3,1,0.19944548893517972,0,0,0.16721093403852214,0.8098794508724235,0.748282637272727,0.2910141651603145,0.44518332772528546,0.5703232058853624
22A,2022-07-08,CVR501,Cultivar,Infected,4,3,1,0.3221322546401496,0,0,0.24167972839880403,0.7527738769131808,0.7494601355503068,0.13101968116032245,0.4643311245809672,0.443441763828656
23A,2022-07-08,CVR491,Cultivar,Infected,5,3,1,0.2612492783868275,0,0,0.21377849146170633,0.763514263455708,0.7291694708638137,0.2294009961962753,0.4542060498714355,0.4735223562439642
24A,2022-07-08,CVR502,Cultivar,Infected,6,3,1,0.18311264763682103,0,0,0.14166754811019325,0.7638589276362766,0.713044299488027,0.2819638640556336,0.4781433811014157,0.4501116745383023
25A,2022-07-08,CVR485,Cultivar,Infected,7,3,1,0.22448299600763835,0,0,0.21566477226872136,0.7995895173258641,0.7557271121561713,0.19618208444101515,0.5372017204324993,0.45995897075629216
26A,2022-07-08,CVR503,Cultivar,Infected,8,3,1,0.2289048867262165,0,0,0.21527179710059324,0.8061716671886792,0.7477170811922516,0.251902718616888,0.5154936157613487,0.4973755772122476
27A,2022-07-08,CVR504,Cultivar,Infected,9,3,1,0.2935439858820612,0,0,0.28950480635999826,0.8177551128416957,0.7397566381674835,0.3550743035617359,0.5146493311394702,0.5233696090257036
28A,2022-07-08,CVR495,Cultivar,Infected,1,4,1,0.2577647622550341,0,0,0.2134641113272038,0.7683802288129308,0.7592825979075183,0.11266661451344048,0.4083912143362169,0.5246121761963637
29A,2022-07-08,CVR492,Cultivar,Infected,2,4,1,0.32913440968065466,0,0,0.2860466248804706,0.774899568876181,0.7472069133631266,0.1725786014305516,0.4392727543771206,0.5088278960500079
2A,2022-07-08,CVR016,Cultivar,Infected,2,1,1,0.3058325361187091,0,0,0.29099811199888515,0.7611335363493834,0.7450909508787421,0.26364949927622444,0.37281000824839106,0.5421682008530743
30A,2022-07-08,CVR484,Cultivar,Infected,3,4,1,0.12993402929466952,0,0,0.10075883310805422,0.786789998827521,0.7398612243269406,0.2357680158458293,0.42673406642901646,0.5420489036238165
31A,2022-07-08,CVR491,Cultivar,Fungicide,10,1,1,0.28233523817294626,0,0,0.2720960064119218,0.690390378279583,0.6347713446084912,0.15712629021680857,0.4208914816603044,0.3798859346999876
32A,2022-07-08,CVR016,Cultivar,Fungicide,11,1,1,0.2397327225007723,0,0,0.2235635731480969,0.6728113258663557,0.6280050498789643,0.20786937589524884,0.39428809321165514,0.3790883592436429
33A,2022-07-08,Howzat,Cultivar,Fungicide,12,1,1,0.19545750659422984,0,0,0.18733126264668273,0.6733724030990966,0.6542800542458639,0.2019598770541172,0.4134617167786011,0.36019349294242636
34A,2022-07-08,CVR496,Cultivar,Fungicide,13,1,1,0.3289124870753028,0,0,0.30192282167284734,0.6715940766478599,0.63810110535103,0.0814165360888652,0.4181038008121002,0.3524595087648297
35A,2022-07-08,Genesis090,Cultivar,Fungicide,14,1,1,0.3292105920675665,0,0,0.30734587899301563,0.6072449768592559,0.6108055281421625,0.06704485639262596,0.4125601160603786,0.25976166769920084
36A,2022-07-08,CVR484,Cultivar,Fungicide,15,1,1,0.06252255371077245,0,0,0.05482003595387506,0.5598345800699636,0.6297010420068132,0.1275313169895524,0.35909531163217034,0.2512488161601849
37A,2022-07-08,WLD133,Wild cicer,Fungicide,16,1,1,0.03504721025713516,0,0,0.04212693802333624,0.5430550357599446,0.6748000104808096,-0.04610555413232681,0.3823279808010974,0.20284219264937617
38A,2022-07-08,CVR499,Cultivar,Fungicide,17,1,1,0.0056606825753184,0,0,0.00506937966885296,0.4729652264734242,0.6594985381555235,0.03220659690028794,0.38008367489616934,0.11323792051869958
39A,2022-07-08,CVR015,Cultivar,Fungicide,18,1,1,0.2549725121608308,0,0,0.2405008028944196,0.665876623029927,0.6881703953087775,0.17372476297928485,0.3922111138802746,0.3704009924855749
3A,2022-07-08,CVR497,Cultivar,Infected,3,1,1,0.21059792792353377,0,0,0.1918504770801563,0.7087906019513887,0.7403689243217615,0.26614661458592115,0.3706616304862318,0.4586176897619309
40A,2022-07-08,CVR497,Cultivar,Fungicide,10,2,1,0.3016590662270174,0,0,0.2865181950822244,0.7384574401976194,0.6547192679905798,0.17883215804804378,0.46982956022390376,0.4113429659348823
41A,2022-07-08,CVR503,Cultivar,Fungicide,11,2,1,0.23252851852106632,0,0,0.20906278944416867,0.7552719133380393,0.6658601566331902,0.27175247899444593,0.4440087209480952,0.4683095396752131
42A,2022-07-08,CVR477,Cultivar,Fungicide,12,2,1,0.19376824497140224,0,0,0.18882456828556965,0.7258195789950922,0.630360657144186,0.30100521475042397,0.43629805671909544,0.42369437609317206
43A,2022-07-08,CVR500,Cultivar,Fungicide,13,2,1,0.3811305448868269,0,0,0.3445606274147502,0.665868927376198,0.6260676927250093,0.06682614487806196,0.4378954441754809,0.3218059841070908
44A,2022-07-08,WLD085,Wild cicer,Fungicide,14,2,1,0.01695886178211246,0,0,0.01595479182600234,0.6820775387722244,0.6227512992225088,0.19286994824187928,0.3655289407433154,0.4216819552777032
45A,2022-07-08,CVR502,Cultivar,Fungicide,15,2,1,0.15729675530678497,0,0,0.16064824873078223,0.6968304388484932,0.6411481147842577,0.2119704951802792,0.4319176678272661,0.378973793974094
46A,2022-07-08,CVR495,Cultivar,Fungicide,16,2,1,0.2345986920784531,0,0,0.2335451424185516,0.6861113378633367,0.6988207666949026,0.0640578078117571,0.4086471033799,0.3855691005993499
47A,2022-07-08,CVR494,Cultivar,Fungicide,17,2,1,0.3129340594899687,0,0,0.2959495991172997,0.720300420607152,0.7138349941135322,0.1478013944922349,0.4329010201959095,0.41762168881139167
48A,2022-07-08,CVR019,Cultivar,Fungicide,18,2,1,0.1792604686812357,0,0,0.17483465230020798,0.7236111520527475,0.6859143433121945,0.2777272808769258,0.4274206653254988,0.4288180652513931
49A,2022-07-08,CVR501,Cultivar,Fungicide,10,3,1,0.1952587699327207,0,0,0.181790312776076,0.7440593538507692,0.6585005499379075,0.1377118784849702,0.4547712221687872,0.43723999353083415
4A,2022-07-08,CVR498,Cultivar,Infected,4,1,1,0.2443036657154823,0,0,0.20084960843029065,0.7080831976127833,0.7063499542073852,0.13990827136970552,0.4307898637989319,0.3990033447050969
50A,2022-07-08,WLD132,Wild cicer,Fungicide,11,3,1,0.00260013798807779,0,0,0.00161119818932536,0.7441989663208364,0.6573808735396917,0.4262294864872739,0.4153584774114027,0.4759660428050641
51A,2022-07-08,CVR492,Cultivar,Fungicide,12,3,1,0.2567280193374948,0,0,0.24694559565172103,0.7609396473491232,0.6402605957158113,0.32215005305934535,0.4721765182678184,0.4506979125220829
52A,2022-07-08,WLD129,Wild cicer,Fungicide,13,3,1,0.04767030054065677,0,0,0.03953330191369054,0.6676021772806923,0.6466462015700819,0.04050736625853567,0.4217263305694443,0.3422287954724647
53A,2022-07-08,CVR498,Cultivar,Fungicide,14,3,1,0.2879131138059692,0,0,0.2658084037218716,0.6803740913986194,0.6282940421728227,0.10285061193773776,0.4134289223025821,0.37142074690053695
54A,2022-07-08,CVR482,Cultivar,Fungicide,15,3,1,0.29968494872269336,0,0,0.2870683603176038,0.6827284126643482,0.6149906808742702,0.14343917265716397,0.4393401166806425,0.34767272223060086
55A,2022-07-08,CVR493,Cultivar,Fungicide,16,3,1,0.3709287295960248,0,0,0.37144012891471473,0.7275786191431431,0.7195093978262647,0.10782696163402744,0.4340726932788474,0.4289905996543961
56A,2022-07-08,WLD131,Wild cicer,Fungicide,17,3,1,0.0202512658077804,0,0,0.01941297330552995,0.7131207732797498,0.6982810573126785,0.20139830829124672,0.3509355284833038,0.4830807512049256
57A,2022-07-08,CVR504,Cultivar,Fungicide,18,3,1,0.34727244232105464,0,0,0.33265347982046767,0.7406782446256307,0.6975898524385142,0.17009318196401588,0.4517725992442802,0.4341952507516063
58A,2022-07-08,CVR481,Cultivar,Fungicide,10,4,1,0.25678764033594753,0,0,0.25539456176647596,0.6988965891292255,0.644937919753506,0.059349419534604,0.44478032639617526,0.3687415997853618
59A,2022-07-08,CVR485,Cultivar,Fungicide,11,4,1,0.3055013083495272,0,0,0.29587100408367406,0.7241478402942105,0.6399365385708587,0.1384011241379903,0.47055390641435746,0.3846707057817283
5A,2022-07-08,CVR015,Cultivar,Infected,5,1,1,0.2735775759557772,0,0,0.21377849146170633,0.7478415827753809,0.7423813407543631,0.2402644194378564,0.4570204110629111,0.44182898023769007
60A,2022-07-08,CVR010,Cultivar,Fungicide,12,4,1,0.2617461200406003,0,0,0.2347633654397488,0.7490121792963095,0.657953262513234,0.19666368911190216,0.48461399338067856,0.4150559261635065
61A,2022-07-08,CVR493,Cultivar,Fungicide,1,5,2,0.2844020994526412,0,0,0.27362860956762153,0.740829859127419,0.7318396976161906,0.15622557544861185,0.4954828283965,0.3876359774118986
62A,2022-07-08,CVR495,Cultivar,Fungicide,2,5,2,0.2720373668290815,0,0,0.2596779910990727,0.7599985858307097,0.7565776562768067,0.19504713247778024,0.4679410651157113,0.4532482610460926
63A,2022-07-08,CVR501,Cultivar,Fungicide,3,5,2,0.1594298621403163,0,0,0.14005634992086788,0.7252964911236544,0.7371701294047512,0.28980512750014786,0.4205351124142733,0.4385135570461856
64A,2022-07-08,WLD085,Wild cicer,Fungicide,4,5,2,0.02614049554383429,0,0,0.01768388256576614,0.7019196864961954,0.7200776335896828,0.14796066366677207,0.38395358522337775,0.4352745994580164
65A,2022-07-08,CVR485,Cultivar,Fungicide,5,5,2,0.3156468149195683,0,0,0.2695809653359017,0.7344256034127136,0.7460031268510895,0.21438669850548445,0.43250126790715093,0.4424707450132528
66A,2022-07-08,CVR491,Cultivar,Fungicide,6,5,2,0.19261888461234108,0,0,0.18418746130165764,0.7097779982673841,0.7196298404095534,0.29079926298570935,0.3582911858046509,0.4713560500685303
67A,2022-07-08,CVR016,Cultivar,Fungicide,7,5,2,0.2874063353191209,0,0,0.273314229433119,0.6455783989274488,0.6604999055166468,0.09809931694413132,0.429770806919967,0.29867526931814325
68A,2022-07-08,CVR484,Cultivar,Fungicide,8,5,2,0.13345498048107296,0,0,0.12461242581343213,0.6276074490908414,0.6865486172351293,0.14957620437752428,0.4113634372319422,0.2915026335951286
69A,2022-07-08,CVR481,Cultivar,Fungicide,9,5,2,0.1777467577760745,0,0,0.17452027216570548,0.62743169438035,0.6978444530112851,0.18279538673849505,0.4108340246447408,0.291820263039569
6A,2022-07-08,CVR477,Cultivar,Infected,6,1,1,0.3003275305949062,0,0,0.26301828002816185,0.7145454255073509,0.7207734386447061,0.2456391441550357,0.4290252274980159,0.4117434531871818
70A,2022-07-08,Howzat,Cultivar,Fungicide,1,6,2,0.21557628129433748,0,0,0.21248167340688345,0.7753207363881842,0.7341393284048862,0.17904203272169014,0.49195883132376833,0.458088848932589
71A,2022-07-08,WLD132,Wild cicer,Fungicide,2,6,2,0.00368656507099437,0,0,0.00168979322295098,0.7696596612118733,0.7476570106736019,0.4811715544981374,0.4661318540942607,0.4733472220667444
72A,2022-07-08,CVR492,Cultivar,Fungicide,3,6,2,0.17707436540463528,0,0,0.1993170052745909,0.7660122263488395,0.7078803469773062,0.3668313613466423,0.4647351424128297,0.4678163294628311
73A,2022-07-08,CVR496,Cultivar,Fungicide,4,6,2,0.23700009340502176,0,0,0.18627022969273677,0.8082499172740938,0.7735413758898555,0.24917914418154544,0.4684441418877148,0.5468565804964863
74A,2022-07-08,CVR498,Cultivar,Fungicide,5,6,2,0.249099843813236,0,0,0.21762964810936208,0.8025720567397444,0.7653299049329585,0.2924118961446673,0.42803387483532745,0.5705318695527355
75A,2022-07-08,CVR019,Cultivar,Fungicide,6,6,2,0.19110186142948807,0,0,0.1748739498170208,0.7902862160927694,0.7368808694923695,0.37360701764065257,0.4376952049039955,0.5390512613754744
76A,2022-07-08,CVR499,Cultivar,Fungicide,7,6,2,0.00665767816055587,0,0,0.00550165235379391,0.6549218900888072,0.6500332891368813,0.16392747213141112,0.44276072633109353,0.29880746852801493
77A,2022-07-08,CVR502,Cultivar,Fungicide,8,6,2,0.1683432014090008,0,0,0.15247436523371702,0.7124815979425118,0.6858091442421477,0.2126396709908524,0.4531864424254682,0.3829422205330114
78A,2022-07-08,CVR482,Cultivar,Fungicide,9,6,2,0.2785890521034991,0,0,0.2816453029974355,0.7062447934827781,0.6683681342007302,0.22750558164822765,0.4511823577076618,0.3743459830646896
79A,2022-07-08,CVR497,Cultivar,Fungicide,1,7,2,0.39337272323578926,0,0,0.3807536403993515,0.8001368583491388,0.750778112243134,0.21931309403455407,0.5082877518161375,0.49190795697521383
7A,2022-07-08,WLD131,Wild cicer,Infected,7,1,1,0,0,0,0,NA,NA,NA,NA,NA
80A,2022-07-08,CVR503,Cultivar,Fungicide,2,7,2,0.26031190380004277,0,0,0.2405793979280452,0.8180656305738946,0.7665469896885858,0.259825199069399,0.5119714450147542,0.5266827379476813
81A,2022-07-08,CVR477,Cultivar,Fungicide,3,7,2,0.22383047730235003,0,0,0.22399584583303783,0.7980489353760917,0.7202883278060391,0.31736380346880605,0.4979177220646156,0.49802960635691385
82A,2022-07-08,WLD133,Wild cicer,Fungicide,4,7,2,0.06501338653502023,0,0,0.05313024273092407,0.770759018938961,0.735590196674778,0.216696057148298,0.38683355472850595,0.5470235037537071
83A,2022-07-08,CVR500,Cultivar,Fungicide,5,7,2,0.34412909079151854,0,0,0.28848307092286507,0.7810772230901848,0.7472257794903571,0.23938046651299985,0.4453898623154783,0.5147662338927277
84A,2022-07-08,CVR494,Cultivar,Fungicide,6,7,2,0.26976845661018556,0,0,0.23743559658302013,0.7854404773084686,0.73206130287069,0.2985204544333074,0.4454241299181967,0.5229847161094872
85A,2022-07-08,WLD131,Wild cicer,Fungicide,7,7,2,0.00576005090607296,0,0,0.00589462752192204,0.6540296656940288,0.661089703972473,0.10945417090822634,0.3378825640591383,0.40582940134138146
86A,2022-07-08,CVR504,Cultivar,Fungicide,8,7,2,0.29562740855021524,0,0,0.3000758383826451,0.735302661818087,0.6885927047157173,0.18915718568637196,0.44968342921792753,0.4267135176191752
87A,2022-07-08,CVR010,Cultivar,Fungicide,9,7,2,0.23542676150140784,0,0,0.23087291127528023,0.7381746039397327,0.6824615358028012,0.22307558696661123,0.4635405987883415,0.41748724211954485
88A,2022-07-08,Genesis090,Cultivar,Fungicide,1,8,2,0.4227890614168324,0,0,0.4196581820440371,0.7704207755319517,0.7456213782240053,0.14288463120129105,0.5115878822231537,0.4272142248149115
89A,2022-07-08,CVR015,Cultivar,Fungicide,2,8,2,0.19345357859067944,0,0,0.18057208975487876,0.791708053108028,0.7454172429832294,0.22475338437155065,0.4866991885832821,0.49621052279207967
8A,2022-07-08,CVR493,Cultivar,Infected,8,1,1,0.2556051571999682,0,0,0.260660429019393,0.7768217604644037,0.7473093798382552,0.28055253358568083,0.4946963575212271,0.45821216676866405
90A,2022-07-08,WLD129,Wild cicer,Fungicide,3,8,2,0,0,0,0,NA,NA,NA,NA,NA
91A,2022-07-08,CVR503,Cultivar,Infected,10,5,2,0.17919422312739933,0,0,0.14131387045887792,0.5565655877430435,0.5748979071920253,-0.03323752314335863,0.4118497601870449,0.18775278436250323
92A,2022-07-08,CVR501,Cultivar,Infected,11,5,2,0.20133017494182465,0,0,0.15601114174687022,0.5803956175982877,0.5862491791442043,0.10963319052266109,0.37774322393041815,0.25955802871026273
93A,2022-07-08,CVR019,Cultivar,Infected,12,5,2,0.19702421394246017,0,0,0.17027614034992158,0.6033712043784776,0.6073792042190752,0.1654916712191113,0.38406888230974,0.28545181315220824
94A,2022-07-08,CVR499,Cultivar,Infected,13,5,2,0.01008257329389655,0,0,0.00408694174853262,0.5756889316948126,0.6674220417032672,-0.0701715105877221,0.4466688077048843,0.17368080324451837
95A,2022-07-08,WLD133,Wild cicer,Infected,14,5,2,0.05728253040231505,0,0,0.0517941271592884,0.6762831550002356,0.7140093975175139,0.22365976352411152,0.32416485624766467,0.4509869107368942
96A,2022-07-08,CVR493,Cultivar,Infected,15,5,2,0.2717756968914278,0,0,0.23519563812468977,0.7002278484732977,0.7279030676640088,0.23624949427044525,0.3555740973480208,0.4589159745023531
97A,2022-07-08,CVR504,Cultivar,Infected,16,5,2,0.19961772737515432,0,0,0.17876440398148935,0.5741790819636328,0.5983444250828793,-0.03678597023065848,0.40607656523568914,0.21921478206375025
98A,2022-07-08,CVR015,Cultivar,Infected,17,5,2,0.23809314504332196,0,0,0.2119708056883169,0.5942303729243317,0.6203212533316518,0.10078307007865048,0.3764709315138392,0.280513172932296
99A,2022-07-08,CVR010,Cultivar,Infected,18,5,2,0.20370839032455057,0,0,0.17679952814084865,0.555493911082687,0.6026497658581312,0.13657799883376504,0.35279284004587996,0.25210769333973354
9A,2022-07-08,CVR496,Cultivar,Infected,9,1,1,0.2096638656144409,0,0,0.21043820253261716,0.7935665781380574,0.7524536239841604,0.33414953429456695,0.47460265859138223,0.5116757455493582
100A,2022-07-11,CVR482,Cultivar,Infected,10,6,2,0.15327896246660871,0,0,0.10205565116287708,0.5299165585301022,0.5335812121929105,-0.05212937153603787,0.45221591119424953,0.10218884482160112
101A,2022-07-11,CVR498,Cultivar,Infected,11,6,2,0.23622502042513616,0,0,0.1420998207951342,0.5683446695276884,0.5395994507800784,0.0398338579113566,0.4079942537445385,0.20875735503550105
102A,2022-07-11,CVR484,Cultivar,Infected,12,6,2,0.08786810260857023,0,0,0.05643123414320042,0.5791577164861257,0.5647472862269803,0.12647600360579714,0.4485954429301554,0.1763896226116873
103A,2022-07-11,WLD131,Wild cicer,Infected,13,6,2,0.02330187356194555,0,0,0.01925578323827869,0.5232593146721672,0.4980815518074409,0.00893413430509453,0.3407987703561911,0.22205956791831016
104A,2022-07-11,CVR494,Cultivar,Infected,14,6,2,0.21864345043696173,0,0,0.14131387045887792,0.603168913799784,0.5104054353302266,0.10425743685445646,0.44420472997562693,0.21714356417660427
105A,2022-07-11,Genesis090,Cultivar,Infected,15,6,2,0.22948784759997665,0,0,0.1832443208981501,0.6335384505872038,0.49957349372300247,0.17109901911503522,0.4937730296768176,0.20339106956848557
106A,2022-07-11,Howzat,Cultivar,Infected,16,6,2,0.1536963094557779,0,0,0.13310068944499986,0.5726569901826618,0.5243560370413547,0.01271394763810232,0.44034017472189824,0.1769329024971137
107A,2022-07-11,WLD129,Wild cicer,Infected,17,6,2,0.00217285416583316,0,0,0.00161119818932536,0.5031435893541022,0.4917739931818848,0.13716417478816623,0.3594742494503012,0.17539199213581355
108A,2022-07-11,CVR495,Cultivar,Infected,18,6,2,0.2436014628448167,1,2.3848303987593532e-4,0.226078614224117,0.6202786931164438,0.5263735851568976,0.11380547232570788,0.46062998330084154,0.2235096576569982
109A,2022-07-11,CVR481,Cultivar,Infected,10,7,2,0.2351286565091441,0,0,0.1901213863403925,0.5454375348050219,0.5397578437544212,-0.04419838709222221,0.4348136202593324,0.1450165783531708
10A,2022-07-11,CVR481,Cultivar,Infected,1,2,1,0.26607526698380757,0,0,0.2266680769763092,0.7822913291684691,0.5101376396299017,0.0642470138553311,0.5195051055598416,0.4427024001560152
110A,2022-07-11,CVR477,Cultivar,Infected,11,7,2,0.3017551222800801,0,0,0.22623580429136825,0.5813266379475389,0.5371371180948161,0.01446850130902008,0.43712680716589153,0.1933267628530394
111A,2022-07-11,WLD132,Wild cicer,Infected,12,7,2,0.01429579051789012,0,0,0.01194644511109535,0.5615177540979135,0.4872657168703986,0.1412842456171371,0.3884330089833861,0.2213677047575722
112A,2022-07-11,WLD085,Wild cicer,Infected,13,7,2,0.03409989883727497,0,0,0.02813702203797458,0.563251278602651,0.5046093546317643,0.03647434597324174,0.38425610819808903,0.22843625622668903
113A,2022-07-11,CVR500,Cultivar,Infected,14,7,2,0.4168932071253949,0,0,0.3647595510565364,0.6171478183411516,0.5356213485845913,0.04753925557232393,0.4809843063886059,0.1936446969286172
114A,2022-07-11,CVR491,Cultivar,Infected,15,7,2,0.2783207576104618,0,0,0.23696402638126637,0.6161200889447909,0.492742205343366,0.10864856082496512,0.4502074882459716,0.22959928014417288
115A,2022-07-11,CVR502,Cultivar,Infected,16,7,2,0.18649779543785988,0,0,0.17062981800123692,0.5813063125240094,0.55069040269182,0.003900132659375,0.4329289763763957,0.19827644923970644
116A,2022-07-11,CVR492,Cultivar,Infected,17,7,2,0.41965564672037176,0,0,0.3545814942020177,0.592374206281664,0.5511047898207503,0.01398031854510594,0.4829964124561489,0.15321478258035376
117A,2022-07-11,CVR485,Cultivar,Infected,18,7,2,0.3170114733285977,0,0,0.26219303217509277,0.6090278124678122,0.5510258304022637,0.04201264997430715,0.5216388101980782,0.128078627067309
118A,2022-07-11,CVR016,Cultivar,Infected,10,8,2,0.47104894738663294,0,0,0.403231820016281,0.5655158473871215,0.5326767565608553,-0.00819880201178405,0.41940394911628504,0.19154167138043623
119A,2022-07-11,CVR497,Cultivar,Infected,11,8,2,0.43830045784762,0,0,0.3851942597991995,0.5692468678574331,0.5394933814336981,-0.0246539196821301,0.4536042522667568,0.15589729179371042
11A,2022-07-11,CVR499,Cultivar,Infected,2,2,1,0.08543026622739157,0,0,0.0710892079143799,0.7559377516913365,0.46627094869308383,0.17698405809526802,0.4566948340018008,0.45702189704083873
120A,2022-07-11,CVR496,Cultivar,Infected,12,8,2,0.284405411730333,0,0,0.22934030811958053,0.5944463324211169,0.543841721886422,0.02713829935848443,0.46307571354592714,0.1812692757844839
121A,2022-07-11,WLD085,Wild cicer,Infected,1,9,3,0.045113222162572623,0,0,0.04707842514175076,0.5186889896466673,0.5813374265751802,-0.07714648354954097,0.40047485529037025,0.14920787797648943
122A,2022-07-11,CVR019,Cultivar,Infected,2,9,3,0.2906656165678706,0,0,0.25079675229937676,0.6165447199044101,0.5990784733479326,0.06647502567829561,0.4396973244419478,0.24261999257415512
123A,2022-07-11,CVR494,Cultivar,Infected,3,9,3,0.1804860114272087,0,0,0.16206295933604353,0.5935944149052927,0.6154235423091441,0.0823841896758984,0.40529553896921144,0.24795128601046865
124A,2022-07-11,CVR498,Cultivar,Infected,4,9,3,0.16868105373356632,0,0,0.16025527356265412,0.5983336377983165,0.5752972045602108,-0.01441347107824141,0.3614737891270173,0.3022258346426004
125A,2022-07-11,CVR485,Cultivar,Infected,5,9,3,0.23610246615053884,0,0,0.18568076694054456,0.5990898688395333,0.5939370453286469,0.04553360943575346,0.4152702117036732,0.2446961997142062
126A,2022-07-11,CVR502,Cultivar,Infected,6,9,3,0.0832209770069484,0,0,0.07702313295311478,0.5919779236369016,0.6145803189525788,0.14725662571231435,0.37271478964915566,0.2813370357644273
127A,2022-07-11,Genesis090,Cultivar,Infected,7,9,3,0.2591824171071325,0,0,0.19078944412621032,0.57918929794658,0.5621719449409671,0.05595262408554097,0.4107878022899371,0.22097726906068207
128A,2022-07-11,CVR010,Cultivar,Infected,8,9,3,0.1906348302749416,0,0,0.13934899461823724,0.591410706389337,0.5986797116357092,0.09000052170019476,0.3897040577039167,0.26211843480119273
129A,2022-07-11,CVR491,Cultivar,Infected,9,9,3,0.28081159043470955,0,0,0.22945820067001896,0.5996246415900762,0.5636897579709801,0.15048521282479757,0.3620805989729134,0.30342038576398134
12A,2022-07-11,CVR500,Cultivar,Infected,3,2,1,0.2329624268986946,0,0,0.21668650770585451,0.7493811508498738,0.43837576922346094,0.22435598357078113,0.45691025244548183,0.4447549690282804
130A,2022-07-11,CVR484,Cultivar,Infected,1,10,3,0.1318120907459308,0,0,0.12378717796036304,0.6329710001756769,0.6390096846558532,-0.03745011170099512,0.4662091091279847,0.23657418770798191
131A,2022-07-11,CVR481,Cultivar,Infected,2,10,3,0.26438931763867174,0,0,0.2542549337789044,0.6623629756756774,0.6302621103750035,0.03964654086581755,0.4648851912595854,0.28534066272492203
132A,2022-07-11,CVR492,Cultivar,Infected,3,10,3,0.26154738337909117,0,0,0.2506395622321255,0.6422221814210497,0.5974454072288925,0.12395809260016316,0.456173775717285,0.2631388601057551
133A,2022-07-11,CVR496,Cultivar,Infected,4,10,3,0.31767061658926965,0,0,0.30125476388702954,0.6733113691106885,0.5971338521635506,0.07301532093039183,0.3989609160725042,0.37511594361632944
134A,2022-07-11,WLD131,Wild cicer,Infected,5,10,3,0.00847943089105623,3,8.479396973366587e-4,0.0069163629590552,0.6340739325734079,0.5559835374754342,0.22122673851156544,0.27778404540749385,0.43246181861197985
135A,2022-07-11,Howzat,Cultivar,Infected,6,10,3,0.2226744923879053,0,0,0.2206162593871359,0.6653129361050182,0.5802785253972499,0.12604826666584218,0.4015060521814284,0.35996270196324126
136A,2022-07-11,CVR016,Cultivar,Infected,7,10,3,0.3091183155889934,1,2.3848303987593532e-4,0.28934761629274697,0.6259482816743736,0.568629383668069,0.0829102019948575,0.39012538765339033,0.3120168941476064
137A,2022-07-11,CVR482,Cultivar,Infected,8,10,3,0.2197630002967965,0,0,0.19361886533673292,0.6401319058863297,0.5853341316250752,0.14057359176521045,0.4073603231361956,0.3148814313964484
138A,2022-07-11,CVR497,Cultivar,Infected,9,10,3,0.24960993457777608,0,0,0.2171580779076083,0.6400692416236892,0.5492062474546273,0.1903275427735888,0.40248592593210153,0.3200287606064576
139A,2022-07-11,CVR493,Cultivar,Infected,1,11,3,0.3208073435634221,0,0,0.33689761163625154,0.6587582828366787,0.6036833721961734,-0.01090963555083945,0.46757249158190145,0.27628693303749674
13A,2022-07-11,WLD129,Wild cicer,Infected,4,2,1,0.02665721086375803,0,0,0.02361780760450101,0.5986073812607863,0.5714470563083893,0.10423663757260782,0.35579151478517484,0.3085254373105334
140A,2022-07-11,CVR495,Cultivar,Infected,2,11,3,0.23982215399845144,1,2.086726598914434e-4,0.2413653482643015,0.6930607891237475,0.6135307185517844,0.1005620340870426,0.45255586205538145,0.3504108392965871
141A,2022-07-11,CVR504,Cultivar,Infected,3,11,3,0.2543796144539952,1,4.471556997673786e-4,0.2642365030493591,0.6829121055803107,0.5814805384394877,0.1567881419740458,0.46319616760571414,0.32137354834124543
142A,2022-07-11,CVR015,Cultivar,Infected,4,11,3,0.35815989909406315,0,0,0.34408905721299643,0.6625451011273686,0.5975478311691653,0.02381729255237909,0.3892253544728873,0.3682955693691544
143A,2022-07-11,WLD132,Wild cicer,Infected,5,11,3,0.01932714033176294,0,0,0.019609460889594012,0.6539146781409455,0.5761742660694744,0.05806459602527302,0.353249556144563,0.3909794465452654
144A,2022-07-11,WLD129,Wild cicer,Infected,6,11,3,0.03988313568719067,0,0,0.03862945902699583,0.6802935709829442,0.588067148727621,0.18747243446904896,0.3890138702256443,0.39610686001558176
145A,2022-07-11,CVR500,Cultivar,Infected,7,11,3,0.36250560742572946,0,0,0.3515162878906182,0.6112520261378993,0.5779516843073246,0.05123536516200126,0.4005099253033408,0.27905930879924196
146A,2022-07-11,CVR501,Cultivar,Infected,8,11,3,0.2504015689461208,0,0,0.226707374493122,0.6201716643969195,0.5874828368224739,0.03878496491664472,0.41320912829628625,0.2782729193963131
147A,2022-07-11,CVR503,Cultivar,Infected,9,11,3,0.2181664824493398,0,0,0.19778440211889112,0.6396646856340641,0.581238380581043,0.1193058089624222,0.4433831639657954,0.27398947067983864
148A,2022-07-11,WLD133,Wild cicer,Infected,1,12,3,0.09323068019162492,0,0,0.10964007190775012,0.6417366012798321,0.5925100618485044,-0.00618368934582489,0.39037803234735335,0.335377229413992
149A,2022-07-11,CVR499,Cultivar,Infected,2,12,3,0,0,0,0,NA,NA,NA,NA,NA
14A,2022-07-11,WLD085,Wild cicer,Infected,5,2,1,0.02252348830436812,0,0,0.02031681619222466,0.5716281277246139,0.5203055599072818,0.20546572691013812,0.3249925608141389,0.3029083279273136
150A,2022-07-11,CVR477,Cultivar,Infected,3,12,3,0.2717392618368178,0,0,0.25810609042656013,0.6516504310068908,0.5892148018207292,0.04860965009835147,0.48015932849914417,0.2495853769386046
151A,2022-07-11,CVR499,Cultivar,Fungicide,10,9,3,0.00247095915809685,0,0,0,NA,NA,NA,NA,NA
152A,2022-07-11,CVR498,Cultivar,Fungicide,11,9,3,0.229133433886952,0,0,0.09733994914533944,0.4941168302800086,0.5613428296780724,-0.03218256575526361,0.3982837278938078,0.11931392737083438
153A,2022-07-11,Howzat,Cultivar,Fungicide,12,9,3,0.1828244794776328,0,0,0.07894871127694264,0.5199477306318014,0.5625632334701289,0.05285299045864287,0.4110508388449962,0.13849719878813507
154A,2022-07-11,CVR496,Cultivar,Fungicide,13,9,3,0.32239723685549515,0,0,0.2983467476428813,0.6915180939715795,0.5666541522719463,0.10682063812626004,0.5329509035401959,0.2511140760553536
155A,2022-07-11,CVR492,Cultivar,Fungicide,14,9,3,0.22974951753763032,0,0,0.18214399042739132,0.6748910139899426,0.5614582432864128,0.15619550301675944,0.5310963646531169,0.22413007835365992
156A,2022-07-11,WLD129,Wild cicer,Fungicide,15,9,3,0.01136111248293862,0,0,0.0095099990687009,0.6457002927408857,0.5307884357879916,0.1291314894803396,0.47626309733189415,0.2446828552777383
157A,2022-07-11,CVR493,Cultivar,Fungicide,16,9,3,0.3663975337136166,0,0,0.22218816005964845,0.5408453885581566,0.5458467128966035,0.00669912507291936,0.3867429644149783,0.1948611755093843
158A,2022-07-11,CVR481,Cultivar,Fungicide,17,9,3,0.2265134222327233,0,0,0.1343975074998227,0.517670048434319,0.5645998457070868,0.04006102775829943,0.3332911458528894,0.22282376624442815
159A,2022-07-11,CVR477,Cultivar,Fungicide,18,9,3,0.18303315297221737,0,0,0.08016693429813987,0.5128949985607861,0.5602420149840588,0.034215927309565,0.3303325167515493,0.21980276156568676
15A,2022-07-11,CVR482,Cultivar,Infected,6,2,1,0.22747729504104255,0,0,0.18587725452460865,0.6108967651435077,0.5340036343260316,0.13573809828546313,0.4021115248678712,0.2767745224769991
160A,2022-07-11,CVR010,Cultivar,Fungicide,10,10,3,0.26859259802958985,0,0,0.1699617602154191,0.538074745895651,0.5423069493714939,-0.02364450398106462,0.411634264060797,0.16241343356617363
161A,2022-07-11,CVR015,Cultivar,Fungicide,11,10,3,0.3036232468982659,0,0,0.18717407257943147,0.5668325923168194,0.5412200699346194,0.05869223933676978,0.4107836836889371,0.20341264368951964
162A,2022-07-11,CVR497,Cultivar,Fungicide,12,10,3,0.31086719821027375,0,0,0.2010853935311675,0.5713412695981344,0.5276934082307024,0.08766820077954776,0.4200338457358852,0.199084176147663
163A,2022-07-11,CVR491,Cultivar,Fungicide,13,10,3,0.2753794550201267,0,0,0.26643716399087664,0.6909565406448689,0.5507313968378814,0.08823156051082695,0.5274082595738456,0.25731977059230843
164A,2022-07-11,CVR502,Cultivar,Fungicide,14,10,3,0.1591118834819017,1,2.5504436208954195e-4,0.1472477954976128,0.6928055522306689,0.5572198219086525,0.16086804073423583,0.5333437914902395,0.25291460119927595
165A,2022-07-11,CVR016,Cultivar,Fungicide,15,10,3,0.27555500573779307,0,0,0.26624067640681254,0.6993979705374687,0.5402583218526238,0.17746708402818048,0.5314535837827752,0.2672986375829823
166A,2022-07-11,WLD133,Wild cicer,Fungicide,16,10,3,0.08369794499457031,0,0,0.04672474749043544,0.520998951371987,0.537633700646337,0.06238112388098341,0.28253563532286274,0.27962421585815295
167A,2022-07-11,WLD085,Wild cicer,Fungicide,17,10,3,0.05151254266316663,0,0,0.03285272405551222,0.5528243123333231,0.5725646947100339,0.11974716697095791,0.29845724016651387,0.3046291878994519
168A,2022-07-11,CVR501,Cultivar,Fungicide,18,10,3,0.20217811803093028,0,0,0.16056965369715662,0.6014559534323258,0.5735618903707207,0.16388409441131552,0.394880523715632,0.2709197482057512
169A,2022-07-11,Genesis090,Cultivar,Fungicide,10,11,3,0.34140639852884347,0,0,0.2235635731480969,0.5523233058924786,0.5530474729381348,-0.01860723136765743,0.4386781618678616,0.1499854428222462
16A,2022-07-11,WLD133,Wild cicer,Infected,7,2,1,0.06931934753438472,1,3.279141798294111e-4,0.07144288556569524,0.5875641897223778,0.5382577806617894,0.06734067986448973,0.377633553316536,0.26979348022984734
170A,2022-07-11,CVR495,Cultivar,Fungicide,11,11,3,0.12691654431742255,0,0,0.0865724295386285,0.5363224199833412,0.5361154397335173,-0.00761778613517432,0.4118376158035134,0.15977570100227886
171A,2022-07-11,CVR504,Cultivar,Fungicide,12,11,3,0.23500941451223864,0,0,0.18917824593688495,0.5879557131527742,0.5428645785709896,0.05985521704359716,0.4390527782465315,0.20071665185841409
172A,2022-07-11,WLD131,Wild cicer,Fungicide,13,11,3,0.01745901571357711,0,0,0.02200660941517565,0.6713140123727882,0.5663434923335099,0.01969237196461053,0.4258827623387568,0.34369362331134995
173A,2022-07-11,CVR484,Cultivar,Fungicide,14,11,3,0.06566921751800035,0,0,0.06535177045970912,0.6861559773967574,0.5819271868516077,0.03113112332237162,0.5369230992255537,0.236282375568827
174A,2022-07-11,WLD132,Wild cicer,Fungicide,15,11,3,0.00779047713115791,0,0,0.00840966859794212,0.7024198228393287,0.5630943175176667,0.27730211583718195,0.5013039505905322,0.3104242802581182
175A,2022-07-11,CVR503,Cultivar,Fungicide,16,11,3,0.37738767109507154,0,0,0.30683501127444907,0.5621846751049826,0.5939437022533398,-0.02534868625469409,0.36542899888499975,0.2476280272529012
176A,2022-07-11,CVR482,Cultivar,Fungicide,17,11,3,0.2421937448257937,0,0,0.18120085002388375,0.5485727373378634,0.57315139219090006,0.00175397620777533,0.3865074333925706,0.20567379160639376
177A,2022-07-11,CVR485,Cultivar,Fungicide,18,11,3,0.2653432536139156,0,0,0.20320745943905943,0.5886814692645622,0.5631786894370839,0.07787748879992483,0.4459284714123341,0.1935659663292395
178A,2022-07-11,CVR494,Cultivar,Fungicide,10,12,3,0.2720605527729242,0,0,0.20273588923730568,0.5206591292802953,0.570137839319595,-0.06446737288579986,0.4186991964648431,0.13038347228183048
179A,2022-07-11,CVR500,Cultivar,Fungicide,11,12,3,0.3889442079618275,0,0,0.2795232370895436,0.5305670993886626,0.5364553637889192,-0.01858477741246373,0.4236997873989659,0.1378579371763627
17A,2022-07-11,Genesis090,Cultivar,Infected,8,2,1,0.3414593949719126,0,0,0.33846951230876404,0.6561954022952298,0.5801810096961589,0.14544529759846916,0.4779650475786356,0.2596741601386019
180A,2022-07-11,CVR019,Cultivar,Fungicide,12,12,3,0.3029806650260531,0,0,0.21527179710059324,0.556774407105354,0.550559540657801,0.02169332225773468,0.4491987628113459,0.14345377380090849
18A,2022-07-11,CVR019,Cultivar,Infected,9,2,1,0.28188145612916704,0,0,0.288718856023742,0.6709311848368392,0.5750870516776025,0.19169802135120448,0.4501604108176042,0.3163025873198253
19A,2022-07-11,CVR494,Cultivar,Infected,1,3,1,0.26710538534596323,0,0,0.240422207860794,0.7937865138044734,0.5017824587280039,0.07019518564898283,0.5153361269838849,0.4712045603629073
1A,2022-07-11,WLD132,Wild cicer,Infected,1,1,1,0.00343151968872432,0,0,0.00392975168128136,0.5910867902395012,0.4884512120247913,-0.1658981350240835,0.4433949722185742,0.20014744272063473
20A,2022-07-11,Howzat,Cultivar,Infected,2,3,1,0.2556581536430373,0,0,0.2089055993769174,0.7866141059870806,0.48151466855382,0.1280469729177063,0.5016549221674349,0.4707025833219239
21A,2022-07-11,CVR010,Cultivar,Infected,3,3,1,0.22618881901892504,0,0,0.20092820346391624,0.8067231340569108,0.47578051481855194,0.18321811897645365,0.5213925154838784,0.49247527553421266
22A,2022-07-11,CVR501,Cultivar,Infected,4,3,1,0.30459043198427704,0,0,0.28757922803617036,0.5857496381067834,0.5732135632003873,-0.0264318233325265,0.3812055398592233,0.2633471481538454
23A,2022-07-11,CVR491,Cultivar,Infected,5,3,1,0.2614447027706448,0,0,0.23653175369632545,0.594479248777506,0.5349400576833375,0.0469332231451615,0.3930614674254628,0.2628331956957584
24A,2022-07-11,CVR502,Cultivar,Infected,6,3,1,0.17401713309508648,0,0,0.15569676161236773,0.6100406719549254,0.5247560118726674,0.12454505857086191,0.41743347910962136,0.2584122286795885
25A,2022-07-11,CVR485,Cultivar,Infected,7,3,1,0.22576484747437223,0,0,0.20996663233086335,0.6248175484458166,0.5994560102132848,0.01549557802742711,0.4702410969732014,0.2188894231130592
26A,2022-07-11,CVR503,Cultivar,Infected,8,3,1,0.2462380358875045,0,0,0.26018885881763926,0.6427817056558007,0.5848871973360544,0.06524230130726039,0.45938159285718266,0.26024613335857144
27A,2022-07-11,CVR504,Cultivar,Infected,9,3,1,0.28390194552117654,0,0,0.2714672461429168,0.670682307813695,0.5857491995211395,0.16112399528869534,0.4725488656675971,0.2900632287362247
28A,2022-07-11,CVR495,Cultivar,Infected,1,4,1,0.3093004908620434,0,0,0.2813702203797458,0.773065400906472,0.5008075690512138,0.00918942021276839,0.49556043170938807,0.4498383041205659
29A,2022-07-11,CVR492,Cultivar,Infected,2,4,1,0.35766968199567395,0,0,0.318034803566101,0.7804382996699506,0.48808039789464785,0.08331593787434716,0.5152319117566861,0.44356810072828184
2A,2022-07-11,CVR016,Cultivar,Infected,2,1,1,0.34769641386560746,0,0,0.3129261263804352,0.7329463987354161,0.4667503846252703,0.12550459660695,0.43703194969283293,0.43537382541195696
30A,2022-07-11,CVR484,Cultivar,Infected,3,4,1,0.14161312043602275,2,7.022000618569206e-4,0.11580978204736186,0.7870865402954769,0.4869970039067939,0.15062531603153712,0.507743046723774,0.46529154470430706
31A,2022-07-11,CVR491,Cultivar,Fungicide,10,1,1,0.33351324078923916,0,0,0.2304013410735265,0.5876944963447294,0.6081338165465728,0.06111878278057924,0.3989344312226046,0.24656841766545431
32A,2022-07-11,CVR016,Cultivar,Fungicide,11,1,1,0.2880323558028747,0,0,0.19236134479872288,0.5728784845332766,0.6337157347669697,0.08706085094716504,0.3801065964972647,0.24643412379170207
33A,2022-07-11,Howzat,Cultivar,Fungicide,12,1,1,0.1947122441135706,0,0,0.1254376736665012,0.5922821070448944,0.6621185007395668,0.1783077089905976,0.39184479684438434,0.2610141746492337
34A,2022-07-11,CVR496,Cultivar,Fungicide,13,1,1,0.4073737210391075,0,0,0.3318675294842114,0.6850158390654666,0.6521836530779833,0.11074512875631956,0.4120045381627762,0.3803602293856918
35A,2022-07-11,Genesis090,Cultivar,Fungicide,14,1,1,0.3689082402040153,0,0,0.28730414541848065,0.6376891816723873,0.6494472317354383,0.11200362659337768,0.4199009162378776,0.2974299830847876
36A,2022-07-11,CVR484,Cultivar,Fungicide,15,1,1,0.07085624438338865,0,0,0.06008590320679208,0.5946640455299932,0.6712656166760215,0.15681572857842022,0.37691300500376873,0.28065641967064997
37A,2022-07-11,WLD133,Wild cicer,Fungicide,16,1,1,0.04386449347275692,0,0,0.02263536968418067,0.48464234762504393,0.5031839781060579,-0.05074895600096618,0.38723799188171504,0.11990765711247274
38A,2022-07-11,CVR499,Cultivar,Fungicide,17,1,1,0.00587929290297844,0,0,0.00204347087426631,0.4165294201739188,0.5343851605381245,-0.17084533387683645,0.40384348348888366,0.01525141891840389
39A,2022-07-11,CVR015,Cultivar,Fungicide,18,1,1,0.3241825545313855,0,0,0.21531109461740605,0.5682637474180857,0.5289915371013065,0.09555359771148264,0.4242883422016141,0.1897178322312442
3A,2022-07-11,CVR497,Cultivar,Infected,3,1,1,0.2368411040758145,0,0,0.19857035245514745,0.6953020506421949,0.4763321171129907,0.1414216774905425,0.4394308171060913,0.3684448101018583
40A,2022-07-11,CVR497,Cultivar,Fungicide,10,2,1,0.3667353860381821,0,0,0.3193316216209238,0.6188974163799804,0.632454882254834,0.07847025901527059,0.415053334145538,0.2743067476895253
41A,2022-07-11,CVR503,Cultivar,Fungicide,11,2,1,0.23722532828806545,0,0,0.21389638401214475,0.641298766913149,0.6547791941911526,0.16382909524721315,0.3937882441511569,0.3311336663006688
42A,2022-07-11,CVR477,Cultivar,Fungicide,12,2,1,0.19320847004148484,0,0,0.15915494309189532,0.615171283141115,0.6241354905040782,0.17857541221444057,0.37335440013196847,0.31391617972108266
43A,2022-07-11,CVR500,Cultivar,Fungicide,13,2,1,0.44433542780211394,0,0,0.36173364226194976,0.6856451787173136,0.6519757262892283,0.0834169864157785,0.4358851127996418,0.35622124790477966
44A,2022-07-11,WLD085,Wild cicer,Fungicide,14,2,1,0.02124494911532605,0,0,0.01823404780114554,0.6936154497150362,0.6301810200299794,0.24849068552959588,0.3618664573508904,0.4429202857268913
45A,2022-07-11,CVR502,Cultivar,Fungicide,15,2,1,0.162013438739935,0,0,0.1570721747008162,0.7208494376150324,0.6682968765976054,0.22592586871664116,0.4492075331092338,0.4017248188707217
46A,2022-07-11,CVR495,Cultivar,Fungicide,16,2,1,0.27407110533185824,0,0,0.20297167433818256,0.5700504305688285,0.5363768539244467,0.02584095133137816,0.4011079869530296,0.219022277333996
47A,2022-07-11,CVR494,Cultivar,Fungicide,17,2,1,0.32632228592030044,0,0,0.24116886068023743,0.6063400636880307,0.5600953372509155,0.07801472896272782,0.43676449903227976,0.2306610178158107
48A,2022-07-11,CVR019,Cultivar,Fungicide,18,2,1,0.22183317385418327,1,4.3059437755377206e-4,0.1892568409705106,0.6116511345552081,0.5252054314717157,0.16999136899546638,0.453147237577834,0.219281799641263
49A,2022-07-11,CVR501,Cultivar,Fungicide,10,3,1,0.23419790647774305,0,0,0.21955522643318992,0.6084346238261098,0.6369140976451773,0.03660839019267442,0.3862592210221548,0.2904304822518747
4A,2022-07-11,CVR498,Cultivar,Infected,4,1,1,0.22388347374541911,0,0,0.1645780004120636,0.5629968078985885,0.5341479544766036,0.03610367514179868,0.3668575118346371,0.2471948166163212
50A,2022-07-11,WLD132,Wild cicer,Fungicide,11,3,1,0.00362694407254163,0,0,0.00322239637865072,0.6057974306407186,0.595933549300541,0.3259482811515709,0.3189860833355712,0.3555105420839816
51A,2022-07-11,CVR492,Cultivar,Fungicide,12,3,1,0.24399562389014315,0,0,0.2519756778037612,0.6483171931026541,0.6189170178723649,0.2505751952221492,0.4165528940550028,0.31751074334831914
52A,2022-07-11,WLD129,Wild cicer,Fungicide,13,3,1,0.06022052071495835,0,0,0.04727491272581483,0.6796360399972763,0.6723611098216228,0.05850071380830904,0.40670418704020567,0.3771917293426089
53A,2022-07-11,CVR498,Cultivar,Fungicide,14,3,1,0.32210575641861505,0,0,0.29033005421306735,0.6997462983355509,0.6597085269673927,0.10070840829551791,0.42850321362454846,0.38740352944143497
54A,2022-07-11,CVR482,Cultivar,Fungicide,15,3,1,0.2880787276905601,0,0,0.26297898251134905,0.6878996639883916,0.6296769882182093,0.14266257541077687,0.4586429467303445,0.33492597141089314
55A,2022-07-11,CVR493,Cultivar,Fungicide,16,3,1,0.42019886026183006,0,0,0.3717152115324045,0.5924324240075163,0.5564767580591057,0.01458632437715938,0.4445453153317759,0.20075983214122187
56A,2022-07-11,WLD131,Wild cicer,Fungicide,17,3,1,0.02070173557386776,0,0,0.01768388256576614,0.5468611879217568,0.5186500004691484,0.06832812219951329,0.3493127096607356,0.24419619374108104
57A,2022-07-11,CVR504,Cultivar,Fungicide,18,3,1,0.3951216058570696,0,0,0.35599620480727895,0.6178994449879318,0.5425554750079549,0.06147513698624943,0.47674074120969034,0.20010528682214715
58A,2022-07-11,CVR481,Cultivar,Fungicide,10,4,1,0.22871939917547465,0,0,0.22281692032865347,0.5757426562763264,0.633564714323028,-0.00656019814231222,0.3745059937706517,0.2565547634539074
59A,2022-07-11,CVR485,Cultivar,Fungicide,11,4,1,0.24355177867943945,0,0,0.24411617444119849,0.607140437074987,0.6333296487266308,0.05045497148747521,0.4312798881310855,0.23824418309508105
5A,2022-07-11,CVR015,Cultivar,Infected,5,1,1,0.2682282474834898,0,0,0.19778440211889112,0.5748505514867432,0.5452515499148628,0.0924931642308476,0.3715209977220243,0.2585472429279925
60A,2022-07-11,CVR010,Cultivar,Fungicide,12,4,1,0.27493560980942294,0,0,0.25822398297699856,0.6412838352617156,0.6481033889439174,0.12020877134078402,0.4446544851945318,0.27506368720568597
61A,2022-07-11,CVR493,Cultivar,Fungicide,1,5,2,0.2764758189361187,0,0,0.1670144464544581,0.5489442849157626,0.5249376249517671,0.00339901330861794,0.4432117744194595,0.13972817598169196
62A,2022-07-11,CVR495,Cultivar,Fungicide,2,5,2,0.26127577660836204,0,0,0.17581709022052833,0.5662327079100724,0.5746942862324483,0.03132815931676194,0.40817649710444215,0.205567583381755
63A,2022-07-11,CVR501,Cultivar,Fungicide,3,5,2,0.1727882780714217,0,0,0.09407825524987593,0.5619211659324197,0.5920532623871083,0.1440655426342043,0.39340015417697016,0.2163465534536408
64A,2022-07-11,WLD085,Wild cicer,Fungicide,4,5,2,0.02227506747748171,0,0,0.01717301484719957,0.5265864587672527,0.5125096592181597,0.0987740587524614,0.3751345667052844,0.1887346906378594
65A,2022-07-11,CVR485,Cultivar,Fungicide,5,5,2,0.2758928580623586,0,0,0.16866494216059624,0.5899085001823486,0.5790239765981838,0.09916404355993784,0.46559350990208254,0.17138800239441593
66A,2022-07-11,CVR491,Cultivar,Fungicide,6,5,2,0.21696081336951775,0,0,0.1035882543185768,0.5345766267524849,0.5521913246451599,0.0779131502984055,0.40082971220267144,0.17022085029606945
67A,2022-07-11,CVR016,Cultivar,Fungicide,7,5,2,0.3393527863599158,0,0,0.23747489409983297,0.5742277402680385,0.5532674947866326,0.02618226992908658,0.4072943353986179,0.217894508397581
68A,2022-07-11,CVR484,Cultivar,Fungicide,8,5,2,0.13820478669114117,0,0,0.09293862726230433,0.5797752832340978,0.6187038876911978,0.031401047194839,0.400613723838256,0.23336408739902165
69A,2022-07-11,CVR481,Cultivar,Fungicide,9,5,2,0.16257983822523603,0,0,0.10610329539459688,0.5695900207313788,0.6229919502272101,0.09995870315787948,0.4011432974383176,0.21833303020264463
6A,2022-07-11,CVR477,Cultivar,Infected,6,1,1,0.24603929922599535,0,0,0.15722936476806745,0.5668435462160129,0.5493303556751348,0.101628853479993,0.35966525558843004,0.26023301855788505
70A,2022-07-11,Howzat,Cultivar,Fungicide,1,6,2,0.1827946689784064,0,0,0.14909477878781502,0.5521318949467896,0.5463383052827225,-0.02709790483709171,0.4285601385353835,0.16187486580849647
71A,2022-07-11,WLD132,Wild cicer,Fungicide,2,6,2,0.00312679014107698,0,0,0.00271152866008414,0.546509088846931,0.5828773742698687,0.1675478978857729,0.4324065702331725,0.14941027680094535
72A,2022-07-11,CVR492,Cultivar,Fungicide,3,6,2,0.19791521664155945,0,0,0.11789255043844098,0.5915603869588644,0.5565778816907315,0.12178134819568112,0.4518069703019803,0.19073004741055305
73A,2022-07-11,CVR496,Cultivar,Fungicide,4,6,2,0.27135172534687496,0,0,0.2088270043432918,0.6087709660335737,0.5793986073808168,0.06566660758127739,0.4515156394491054,0.2168648965597081
74A,2022-07-11,CVR498,Cultivar,Fungicide,5,6,2,0.26129565027451296,0,0,0.2041898973593798,0.6165182914274294,0.5769350113049864,0.11266161168509405,0.4204218801404168,0.2647081849745292
75A,2022-07-11,CVR019,Cultivar,Fungicide,6,6,2,0.21829897355701255,0,0,0.20175345131698533,0.6126412214317027,0.55522146579970455,0.20503348719429065,0.4409258092519992,0.2352682720061008
76A,2022-07-11,CVR499,Cultivar,Fungicide,7,6,2,0.00740294064121511,0,0,0.00451921443347357,0.5154071274409482,0.5164743909508398,0.0401101671005729,0.3968111541415775,0.1490871781878809
77A,2022-07-11,CVR502,Cultivar,Fungicide,8,6,2,0.15026478976705357,0,0,0.11981812876226886,0.6384904187778715,0.5852631534759457,0.07442447119000327,0.4390723631010007,0.2771017212278851
78A,2022-07-11,CVR482,Cultivar,Fungicide,9,6,2,0.26769497077510696,0,0,0.24297654645362687,0.6362897609628668,0.5601879094437279,0.12250469664409576,0.4430744271350343,0.26907355049499426
79A,2022-07-11,CVR497,Cultivar,Fungicide,1,7,2,0.42520039957647654,0,0,0.40083467149069935,0.6059152654007472,0.5662166900860683,0.02922158384042044,0.4444126625913451,0.22101736748945264
7A,2022-07-11,WLD131,Wild cicer,Infected,7,1,1,5.63087207609203e-4,0,0,0,NA,NA,NA,NA,NA
80A,2022-07-11,CVR503,Cultivar,Fungicide,2,7,2,0.29263642179450283,0,0,0.26730170936075853,0.6416764641539416,0.5898229739422202,0.07425637389772143,0.4646724787359255,0.2522032862191268
81A,2022-07-11,CVR477,Cultivar,Fungicide,3,7,2,0.2554163573715345,0,0,0.23566720832644353,0.6077364393902976,0.5205615333433438,0.14371014166088425,0.4518312951264361,0.2149213238869581
82A,2022-07-11,WLD133,Wild cicer,Fungicide,4,7,2,0.06830247828299633,0,0,0.0575315646139592,0.5570855048877645,0.5279554820956682,0.0296567821126774,0.36738987672296203,0.2385111208768113
83A,2022-07-11,CVR500,Cultivar,Fungicide,5,7,2,0.35219779924878925,0,0,0.2876185255529832,0.6011575595872738,0.5765818960644893,0.0680373764666651,0.4600406823711703,0.19506286511493995
84A,2022-07-11,CVR494,Cultivar,Fungicide,6,7,2,0.25492945255083715,0,0,0.23103010134253152,0.6067243392796867,0.5577431865191552,0.1414227756935008,0.45904041706013193,0.20469323986767304
85A,2022-07-11,WLD131,Wild cicer,Fungicide,7,7,2,0.0110762566014422,0,0,0.00609111510598611,0.5545618428576823,0.5900593729269369,-0.07750974399534856,0.34264961374608394,0.26162662546013216
86A,2022-07-11,CVR504,Cultivar,Fungicide,8,7,2,0.29255030257451553,0,0,0.27276406419773963,0.6519021946815083,0.5897685408836121,0.02446620553189284,0.4539896898408998,0.28110849727907483
87A,2022-07-11,CVR010,Cultivar,Fungicide,9,7,2,0.26102404350378383,0,0,0.23869311712103017,0.6582651230321973,0.5875530270179904,0.07827443254114846,0.4670917414209197,0.27605076682379653
88A,2022-07-11,Genesis090,Cultivar,Fungicide,1,8,2,0.4151641981702654,0,0,0.41380285203892786,0.5852590081944548,0.5754782820520866,-0.01513858716348076,0.4554175702446128,0.17702526185368284
89A,2022-07-11,CVR015,Cultivar,Fungicide,2,8,2,0.2396068559484832,0,0,0.2215201022738306,0.6049019065071966,0.5710024945415175,0.04581319376157623,0.439462012912886,0.22534319190913993
8A,2022-07-11,CVR493,Cultivar,Infected,8,1,1,0.28039424344554037,0,0,0.2436839017562575,0.6203988091874534,0.5844779007257123,0.1103673658005009,0.44162592176509535,0.24623828631534508
90A,2022-07-11,WLD129,Wild cicer,Fungicide,3,8,2,0,0,0,0,NA,NA,NA,NA,NA
91A,2022-07-11,CVR503,Cultivar,Infected,10,5,2,0.21546366385281565,0,0,0.09620032115776785,0.499983612757415,0.5164447393210007,-0.05327579897589635,0.41982359576173583,0.1014561650047636
92A,2022-07-11,CVR501,Cultivar,Infected,11,5,2,0.20134673633028377,0,0,0.09517858572063469,0.5077406088666871,0.5325053786376661,0.02063569345177744,0.3998361879051623,0.1353904522537202
93A,2022-07-11,CVR019,Cultivar,Infected,12,5,2,0.2395704208938732,0,0,0.12755973957439315,0.5497373177405674,0.5453615288544141,0.07193758332436347,0.4235503476335109,0.16448616410812178
94A,2022-07-11,CVR499,Cultivar,Infected,13,5,2,0.01565382437153584,0,0,0.00475499953435045,0.5596182830930286,0.5067953364527503,0.16998698507601193,0.4267847464731942,0.17451381317480777
95A,2022-07-11,WLD133,Wild cicer,Infected,14,5,2,0.06488751998273111,0,0,0.03179169110156625,0.5658848377692839,0.4934368947454177,0.1543889706194506,0.3876545930650781,0.22831527780387653
96A,2022-07-11,CVR493,Cultivar,Infected,15,5,2,0.31535533448268827,0,0,0.193383080235856,0.6062261023920167,0.5148612905263353,0.1198438749577622,0.4510990499269475,0.2135171699052318
97A,2022-07-11,CVR504,Cultivar,Infected,16,5,2,0.25030220061536623,0,0,0.1498807291240713,0.568562645924244,0.5126657666957833,0.00865712188463183,0.4491605173445856,0.16035221976657554
98A,2022-07-11,CVR015,Cultivar,Infected,17,5,2,0.293967957426614,0,0,0.1567577945663137,0.5911749136321723,0.5282862189200568,0.08503412148569443,0.452704614765725,0.1890708894100632
99A,2022-07-11,CVR010,Cultivar,Infected,18,5,2,0.22922617766232292,0,0,0.13479048266795085,0.5748833617496242,0.5434339338062039,0.08840770385969092,0.4580641148384283,0.15857818580951216
9A,2022-07-11,CVR496,Cultivar,Infected,9,1,1,0.2511402068713964,0,0,0.2171973754244211,0.643417533872523,0.5923606709887793,0.17101793177125665,0.42183696248797214,0.30412549022478796
100A,2022-07-14,CVR482,Cultivar,Infected,10,6,2,0.2406104760891043,0,0,0.2071372111203408,0.5742646342953144,0.5026910474653283,-0.04521228874925918,0.4676349713279036,0.14577771928657965
101A,2022-07-14,CVR498,Cultivar,Infected,11,6,2,0.29993005727188793,0,0,0.2586169581451267,0.6192725212484854,0.5095499658452759,0.06526952196296662,0.43426425147129777,0.25306433429234726
102A,2022-07-14,CVR484,Cultivar,Infected,12,6,2,0.11377011415859356,0,0,0.10571032022646874,0.5995789981852192,0.5143654442890012,0.1164860087593516,0.4425821236918171,0.21370671913534856
103A,2022-07-14,WLD131,Wild cicer,Infected,13,6,2,0.02126482278147696,0,0,0.0218887168647372,0.7572533715126714,0.7198370180281382,0.28120117080428475,0.35811600480821676,0.547652176992404
104A,2022-07-14,CVR494,Cultivar,Infected,14,6,2,0.2585166492910769,0,0,0.25103253740025366,0.775093428759588,0.730604486210849,0.2923559482331634,0.4425532525870218,0.5061649302535092
105A,2022-07-14,Genesis090,Cultivar,Infected,15,6,2,0.2635215008834152,0,0,0.264040015465295,0.7775181675276,0.7130522015602753,0.3250269853648637,0.4569748595736008,0.49720244790608775
106A,2022-07-14,Howzat,Cultivar,Infected,16,6,2,0.21057474197969103,0,0,0.21554687971828293,0.5690405505525593,0.5219289877589881,-0.05298718727105768,0.4533991491225254,0.1558514707313064
107A,2022-07-14,WLD129,Wild cicer,Infected,17,6,2,0.00428608733321358,0,0,0.00330099141227634,0.5437361361244952,0.4881206418746202,0.09245908463217724,0.3650547994358674,0.22293185843670893
108A,2022-07-14,CVR495,Cultivar,Infected,18,6,2,0.32648127524950776,0,0,0.30938934986728195,0.618061717588436,0.49948845614762055,0.0866375483260945,0.4427909836486463,0.2413107735856183
109A,2022-07-14,CVR481,Cultivar,Infected,10,7,2,0.35273107595717207,0,0,0.3161092252422731,0.6087511471599237,0.5106873128842514,-0.02009762688176113,0.4626776721809403,0.2033474021633314
10A,2022-07-14,CVR481,Cultivar,Infected,1,2,1,0.29651178669393086,0,0,0.3008224912020886,0.7731410566074902,0.49396205170143315,0.1322734294851747,0.535967345153868,0.40499478685089335
110A,2022-07-14,CVR477,Cultivar,Infected,11,7,2,0.42308054185371247,0,0,0.35803967568154527,0.6504831006138801,0.5135278236978167,0.07279842408412596,0.4516782595962141,0.281517127901782
111A,2022-07-14,WLD132,Wild cicer,Infected,12,7,2,0.01578300320151678,0,0,0.01591549430918953,0.6378697743328565,0.48106026346264313,0.20246273092492548,0.3953687126055707,0.32428327820182734
112A,2022-07-14,WLD085,Wild cicer,Infected,13,7,2,0.0339110990088413,0,0,0.02845140217247709,0.7614548239322458,0.7279731551033328,0.2594864642405288,0.38668492097936064,0.5311689278561158
113A,2022-07-14,CVR500,Cultivar,Infected,14,7,2,0.4860933126628741,0,0,0.47585363108636064,0.7824834585137066,0.7372554347539051,0.2589175574696733,0.4592470408171941,0.5045470049334128
114A,2022-07-14,CVR491,Cultivar,Infected,15,7,2,0.308942764871327,0,0,0.3075030690602669,0.779558594250171,0.716621841739217,0.3222453637067632,0.41373179483286976,0.5399882130310019
115A,2022-07-14,CVR502,Cultivar,Infected,16,7,2,0.18894888092980583,0,0,0.18080787485575567,0.5634415076988782,0.5214336893979294,-0.05367157423360173,0.4306291941076759,0.17536089174816633
116A,2022-07-14,CVR492,Cultivar,Infected,17,7,2,0.5794597962398637,0,0,0.5099638756798829,0.6181345658195563,0.5381510067740044,0.00533213502154317,0.47938959756841343,0.19717258386724315
117A,2022-07-14,CVR485,Cultivar,Infected,18,7,2,0.4082945342374332,0,0,0.3690822779059459,0.6047570010781522,0.5116130605719084,0.0476102872857316,0.48732751814156505,0.16649927010746243
118A,2022-07-14,CVR016,Cultivar,Infected,10,8,2,0.5665386009640783,0,0,0.5421485419495773,0.6392328086318307,0.5201167754985101,0.04885724683560621,0.44699045812935334,0.2691455758917024
119A,2022-07-14,CVR497,Cultivar,Infected,11,8,2,0.5639020279213905,0,0,0.5330708155658173,0.6436694012430992,0.5257653359177418,0.04370009792157561,0.46610492806850623,0.25366986759333315
11A,2022-07-14,CVR499,Cultivar,Infected,2,2,1,0.09096508225042084,0,0,0.0868475121563182,0.7465048443296424,0.4666883469862636,0.21620207750970305,0.4688421658956683,0.4271687170290038
120A,2022-07-14,CVR496,Cultivar,Infected,12,8,2,0.3304725698681495,0,0,0.3015298465047192,0.6571548479675562,0.5283710563628349,0.10102954184802512,0.4586602851225792,0.2841363298367454
121A,2022-07-14,WLD085,Wild cicer,Infected,1,9,3,0.03665697721535912,0,0,0.06366197723675814,0.4713582660797392,0.5641983334784162,-0.09220833342732453,0.35663565782429024,0.13790485005995895
122A,2022-07-14,CVR019,Cultivar,Infected,2,9,3,0.3171075293816604,0,0,0.3282128604206197,0.5583652993857263,0.590959158598289,0.02777643819904533,0.3887619548596138,0.21662677544234096
123A,2022-07-14,CVR494,Cultivar,Infected,3,9,3,0.16858168540281177,0,0,0.20065312084622655,0.5216875043155906,0.5811223778770284,0.06831467743778562,0.339242784073358,0.22167679619196937
124A,2022-07-14,CVR498,Cultivar,Infected,4,9,3,0.2018667639278993,0,0,0.19817737728701929,0.5526868419803836,0.5248554771868957,-0.07388520041825224,0.3763299868018073,0.22267072541552388
125A,2022-07-14,CVR485,Cultivar,Infected,5,9,3,0.2634420062188116,0,0,0.26745889942800977,0.5481230075934972,0.5479724028638989,-0.03779243108548027,0.39566093280647846,0.19468318453826025
126A,2022-07-14,CVR502,Cultivar,Infected,6,9,3,0.07311521776920911,0,0,0.07391862912490249,0.497941260289162,0.5339612134631042,0.06298431678234147,0.33196977451182424,0.19884003076253212
127A,2022-07-14,Genesis090,Cultivar,Infected,7,9,3,0.2937559716543376,0,0,0.2936703431421565,0.5678657111080885,0.5987007519964608,-0.05527394468587075,0.41029506443847663,0.20543560052271784
128A,2022-07-14,CVR010,Cultivar,Infected,8,9,3,0.2309584988951442,0,0,0.22053766435351027,0.5779264057637491,0.6008365710420127,0.00753174073740605,0.3881538950371835,0.24465447561441309
129A,2022-07-14,CVR491,Cultivar,Infected,9,9,3,0.28894654444581663,0,0,0.3187814563855444,0.5840778350450969,0.5730223532318796,0.08446656802157189,0.3477015241559441,0.29661411538889004
12A,2022-07-14,CVR500,Cultivar,Infected,3,2,1,0.25281953166114857,0,0,0.2768117084294594,0.752536904306956,0.44549166306023014,0.2796446274262525,0.4730229982152712,0.4340057421337393
130A,2022-07-14,CVR484,Cultivar,Infected,1,10,3,0.13909910166793224,0,0,0.14830882845155877,0.588365883441646,0.5870487011994419,-0.03486022433632638,0.4263617458445193,0.2162525363765706
131A,2022-07-14,CVR481,Cultivar,Infected,2,10,3,0.2588213788387243,0,0,0.28809009575473693,0.6115059982511346,0.6010077473809432,0.02497502382247684,0.4151524785421796,0.26316198802800633
132A,2022-07-14,CVR492,Cultivar,Infected,3,10,3,0.31909158371905993,0,0,0.3256585218277868,0.6042335773497141,0.5776998193587134,0.1075230831337846,0.4055287946777667,0.26319703504837816
133A,2022-07-14,CVR496,Cultivar,Infected,4,10,3,0.4063535395100273,0,0,0.4094801251895184,0.6528433431479167,0.5709059701199701,0.01642579451251279,0.4164560298601818,0.3246545772832289
134A,2022-07-14,WLD131,Wild cicer,Infected,5,10,3,0.01195732246746601,0,0,0.01202504014472098,0.5896846288781614,0.5111648511437615,0.07045557253844788,0.28921735093029344,0.3622475142730277
135A,2022-07-14,Howzat,Cultivar,Infected,6,10,3,0.22368473708391,0,0,0.2652582384864922,0.628490636728215,0.5469475647472865,0.06242590777016177,0.3877204860954907,0.318343737110012
136A,2022-07-14,CVR016,Cultivar,Infected,7,10,3,0.3340531420530056,0,0,0.34970860211722876,0.6455087151996817,0.5966215029714109,0.04913762447043737,0.3937907399458233,0.33751194338410195
137A,2022-07-14,CVR482,Cultivar,Infected,8,10,3,0.23551950527677873,0,0,0.25468720646384535,0.6302053678627102,0.5944225777958013,0.04518658701578973,0.40894469912937154,0.2980821438528148
138A,2022-07-14,CVR497,Cultivar,Infected,9,10,3,0.290622556957877,0,0,0.30247298690822677,0.6327417570484276,0.5654217019069963,0.12190393328234694,0.4013420485109612,0.3101647724316564
139A,2022-07-14,CVR493,Cultivar,Infected,1,11,3,0.3624426741495849,0,0,0.394154093632521,0.6191823263083536,0.5808810208459518,-0.01720655034530152,0.4290835034462147,0.2588776848064521
13A,2022-07-14,WLD129,Wild cicer,Infected,4,2,1,0.03522607325249338,0,0,0.0345425172784632,0.6095150443587879,0.5489807090499232,0.064949572944127,0.39738819932251246,0.27992978108965144
140A,2022-07-14,CVR495,Cultivar,Infected,2,11,3,0.2734517094034881,0,0,0.2796018321231692,0.6427702867773829,0.5816915154430627,0.07112048274460081,0.41136110733117376,0.3145901911296003
141A,2022-07-14,CVR504,Cultivar,Infected,3,11,3,0.2855613966447778,0,0,0.3045950528161187,0.6474732757511977,0.5627492934939472,0.1498908808710971,0.4126810001644225,0.3204042707961143
142A,2022-07-14,CVR015,Cultivar,Infected,4,11,3,0.41372335737432425,0,0,0.4124667364672922,0.6350811806043103,0.5699716789987178,-0.01096113683255388,0.3980440779377538,0.3172296928186963
143A,2022-07-14,WLD132,Wild cicer,Infected,5,11,3,0.01422623268636192,0,0,0.02236028706649097,0.58931549409247,0.5094513750213696,-0.01621053219904666,0.3203232378630013,0.33158627774859306
144A,2022-07-14,WLD129,Wild cicer,Infected,6,11,3,0.04411953885502697,0,0,0.04770718541075578,0.6155140486911683,0.523581253528776,0.09015337658654594,0.3613753037585637,0.32683778969276517
145A,2022-07-14,CVR500,Cultivar,Infected,7,11,3,0.4414338725440807,2,9.009359284202e-4,0.4714916067201383,0.6034658940157477,0.5824739460282194,-0.01230825390200575,0.3884615695768899,0.28083969482224924
146A,2022-07-14,CVR501,Cultivar,Infected,8,11,3,0.29617062209167355,0,0,0.300940383752527,0.6226642737947319,0.5965143413618331,0.00164443240103771,0.3924864672976505,0.30462405785738
147A,2022-07-14,CVR503,Cultivar,Infected,9,11,3,0.24032230792991605,0,0,0.25209357035419966,0.6162501410546039,0.5753338465710618,0.04446686350290153,0.41818368268836353,0.2668301139137925
148A,2022-07-14,WLD133,Wild cicer,Infected,1,12,3,0.08814633393468302,0,0,0.13070354091941824,0.5919359978496164,0.5607560442598263,-0.01039777756982683,0.34811882840370195,0.30709929985958484
149A,2022-07-14,CVR499,Cultivar,Infected,2,12,3,0,0,0,0,NA,NA,NA,NA,NA
14A,2022-07-14,WLD085,Wild cicer,Infected,5,2,1,0.0307644352016134,0,0,0.03238115385375845,0.62111860900638,0.5293708599011917,0.1660343450733231,0.35788641151133554,0.3384708529742248
150A,2022-07-14,CVR477,Cultivar,Infected,3,12,3,0.2948655846810969,0,0,0.306638523690385,0.604730867256081,0.5622527242094516,0.03900563973691223,0.4225295546701267,0.2447352462903312
151A,2022-07-14,CVR499,Cultivar,Fungicide,10,9,3,5.730240406846596e-4,0,0,0,NA,NA,NA,NA,NA
152A,2022-07-14,CVR498,Cultivar,Fungicide,11,9,3,0.24226661493501372,0,0,0.2625860073432209,0.5414345438851771,0.5454009425887372,0.007797483911715,0.3812937030233874,0.2018019650149192
153A,2022-07-14,Howzat,Cultivar,Fungicide,12,9,3,0.20317511361616775,0,0,0.18434465136890887,0.5620065991477831,0.5587961933162487,0.0947345022671238,0.3968823323295656,0.212528954149503
154A,2022-07-14,CVR496,Cultivar,Fungicide,13,9,3,0.39713878297138727,0,0,0.39737649001117176,0.6212330160393622,0.5524952233160572,0.05257514622122435,0.4208903287405418,0.27127259554027505
155A,2022-07-14,CVR492,Cultivar,Fungicide,14,9,3,0.2596428237062954,0,0,0.2813702203797458,0.587734733269902,0.5459031057995081,0.07577775110139592,0.4100465805540162,0.23410781172198597
156A,2022-07-14,WLD129,Wild cicer,Fungicide,15,9,3,0.01313980560344534,0,0,0.01567970920831265,0.5505879416793023,0.5304647145343137,0.12346029553345386,0.3510375459680756,0.24735926157748736
157A,2022-07-14,CVR493,Cultivar,Fungicide,16,9,3,0.4127329863444704,0,0,0.40896925747095175,0.5598248909938286,0.545257814916469,-0.01162110950007797,0.38447101534765,0.22344803649835696
158A,2022-07-14,CVR481,Cultivar,Fungicide,17,9,3,0.25343230303413505,0,0,0.24289795142000123,0.5596880335983954,0.5597246843303789,0.03784979973531562,0.3636986986443337,0.2460810555789214
159A,2022-07-14,CVR477,Cultivar,Fungicide,18,9,3,0.19939249249211063,0,0,0.2111848553520606,0.5224992216148359,0.5338216737150473,0.04329725868256178,0.3463514329055203,0.2150683549173391
15A,2022-07-14,CVR482,Cultivar,Infected,6,2,1,0.24202481866351097,0,0,0.25374406606033784,0.6254785967671834,0.5253313230123603,0.15538082645592383,0.4052721260212984,0.29498089478847705
160A,2022-07-14,CVR010,Cultivar,Fungicide,10,10,3,0.29697881784847735,0,0,0.3318282319673986,0.6087380528510787,0.5684589803849383,-0.01485420317977964,0.44631604519248574,0.22301205475920904
161A,2022-07-14,CVR015,Cultivar,Fungicide,11,10,3,0.347302252820281,0,0,0.34687918090670616,0.6518844689474628,0.5737904757286171,0.10484727426915132,0.4334858256371345,0.30442343163758845
162A,2022-07-14,CVR497,Cultivar,Fungicide,12,10,3,0.34799451885787114,0,0,0.3628339727327085,0.6364740386010025,0.5542283437829517,0.12394339822470948,0.4313514707789677,0.2827498447907864
163A,2022-07-14,CVR491,Cultivar,Fungicide,13,10,3,0.32077090850881207,0,0,0.337211991770754,0.6227335059670864,0.5247815556562756,0.03847186940210227,0.41895591041290137,0.2757096629136452
164A,2022-07-14,CVR502,Cultivar,Fungicide,14,10,3,0.1664253926254377,2,5.53148161934461e-4,0.19122171681115127,0.6141602154195428,0.5258962555749679,0.10973092024461352,0.4164927461720364,0.26560828131511294
165A,2022-07-14,CVR016,Cultivar,Fungicide,15,10,3,0.29625674131166085,0,0,0.3339110003584777,0.6570659715607259,0.5356558398719828,0.15184122637972078,0.4093024637037318,0.33890935680202483
166A,2022-07-14,WLD133,Wild cicer,Fungicide,16,10,3,0.08132635416722801,0,0,0.09419614780031436,0.5824293141467953,0.5232776340294911,0.03622895311356945,0.33080860308066684,0.3116712249980612
167A,2022-07-14,WLD085,Wild cicer,Fungicide,17,10,3,0.05979323689271373,0,0,0.06708086119947292,0.6156544635329969,0.5452625282893425,0.1185183059447836,0.33178017057467757,0.3567433911633742
168A,2022-07-14,CVR501,Cultivar,Fungicide,18,10,3,0.22141913914270592,0,0,0.2385359270537789,0.6071692452561338,0.5366537705960241,0.09420197843202616,0.39412749259168994,0.2800609157501477
169A,2022-07-14,Genesis090,Cultivar,Fungicide,10,11,3,0.3737242919679199,0,0,0.42901099104548673,0.61814555848171,0.5684858371650614,-0.0206424744089086,0.4690808346760555,0.2099385570408189
16A,2022-07-14,WLD133,Wild cicer,Infected,7,2,1,0.06819648539685813,0,0,0.09195618934198396,0.6041736357632891,0.5118288477394615,0.04583889348232153,0.3672156316538122,0.3045192563657646
170A,2022-07-14,CVR495,Cultivar,Fungicide,11,11,3,0.14820455304274224,0,0,0.173773619346262,0.5948761216587092,0.5456042848339574,0.00161108760764272,0.43849655719055675,0.21156707544402828
171A,2022-07-14,CVR504,Cultivar,Fungicide,12,11,3,0.3244243508028883,0,0,0.3325355872700292,0.64663913764426,0.5568605723899087,0.09203392705738896,0.43515545719100734,0.2942948937557415
172A,2022-07-14,WLD131,Wild cicer,Fungicide,13,11,3,0.01447134123555652,0,0,0.02255677465055504,0.581491716515217,0.510821484087726,-0.01473590878240912,0.3050458648496335,0.336056021001513
173A,2022-07-14,CVR484,Cultivar,Fungicide,14,11,3,0.07607970630338698,0,0,0.07875222369287857,0.596321061510428,0.5363364709743802,-0.02585732974730477,0.4127958683762045,0.2434534093885225
174A,2022-07-14,WLD132,Wild cicer,Fungicide,15,11,3,0.00437220655320087,0,0,0.00876334624925744,0.6210274841062665,0.5180220235318269,0.22335341664941943,0.320501048934506,0.37520777590756155
175A,2022-07-14,CVR503,Cultivar,Fungicide,16,11,3,0.4308544575964113,0,0,0.4602132193948608,0.5903309817887115,0.5658679222023628,-0.04679138023369043,0.3884836796945105,0.261912799492434
176A,2022-07-14,CVR482,Cultivar,Fungicide,17,11,3,0.2504512531114981,1,5.465236330490184e-4,0.2678518745961379,0.56319349189769,0.5408348912841473,-0.05259226093394868,0.40625696118255306,0.20349687564107144
177A,2022-07-14,CVR485,Cultivar,Fungicide,18,11,3,0.2976743961637593,0,0,0.2789337743373514,0.5976884666023186,0.5485327731161206,0.04221063827068107,0.4285000505119706,0.22743727035419992
178A,2022-07-14,CVR494,Cultivar,Fungicide,10,12,3,0.32858788386150456,0,0,0.3638557081698417,0.5929165810456176,0.5791253252704649,-0.02435205299079101,0.4330142469405177,0.2151368559552364
179A,2022-07-14,CVR500,Cultivar,Fungicide,11,12,3,0.4505360116411988,0,0,0.47215966450595614,0.607304817611998,0.5556084428618723,0.01922710236120987,0.4349962313277382,0.2341707038465652
17A,2022-07-14,Genesis090,Cultivar,Infected,8,2,1,0.37777851986270616,0,0,0.3986340105491818,0.6448864281605912,0.5621064184279458,0.07241179989276636,0.44819483067522686,0.27665431075999347
180A,2022-07-14,CVR019,Cultivar,Fungicide,12,12,3,0.3791862378817292,0,0,0.3932895482626391,0.6250304671030965,0.5611795434825738,0.06281586673122747,0.4475735969610635,0.24638134551148735
18A,2022-07-14,CVR019,Cultivar,Infected,9,2,1,0.3338047212261192,0,0,0.34856897412965715,0.6614507614640371,0.5441813430021422,0.1522052243562308,0.41934267652829127,0.3350395134033881
19A,2022-07-14,CVR494,Cultivar,Infected,1,3,1,0.2876282579244728,0,0,0.2841603440734556,0.7798376440787288,0.4987575950418746,0.13623988553098054,0.531532340484007,0.4240975064096791
1A,2022-07-14,WLD132,Wild cicer,Infected,1,1,1,0.00182506500819218,0,0,0.00455851195028638,0.6439674459233408,0.47206216487862096,-0.00287160700420477,0.4575618179803574,0.26427578780980454
20A,2022-07-14,Howzat,Cultivar,Infected,2,3,1,0.27286212397434434,0,0,0.25735943760711666,0.7792776395079549,0.48958832921441015,0.18141590858914108,0.5221419726870273,0.4335405100968002
21A,2022-07-14,CVR010,Cultivar,Infected,3,3,1,0.2393617473992886,0,0,0.2329949771831722,0.7869098566707377,0.479520293512436,0.23142225142679,0.5149179017225994,0.4572784105319711
22A,2022-07-14,CVR501,Cultivar,Infected,4,3,1,0.36184977644274935,0,0,0.3602796341398756,0.6094279894036687,0.5454487567099936,-0.00913646147419544,0.4009835561353939,0.27585537821873657
23A,2022-07-14,CVR491,Cultivar,Infected,5,3,1,0.31582567791492655,0,0,0.32750550511798904,0.6325947392420861,0.5243439652716035,0.0879603330198282,0.40074848090010984,0.3105824420782133
24A,2022-07-14,CVR502,Cultivar,Infected,6,3,1,0.19532170320886527,0,0,0.214053574079396,0.637011275308128,0.5169381905335897,0.14138068481028915,0.4185558673734468,0.297876734826984
25A,2022-07-14,CVR485,Cultivar,Infected,7,3,1,0.2564762862329165,0,0,0.2520542728373868,0.6233160253568802,0.5640679872318312,-0.01601737293230656,0.43947515856903,0.2532005869525217
26A,2022-07-14,CVR503,Cultivar,Infected,8,3,1,0.2934479298289985,0,0,0.2970499295880585,0.6398581592001301,0.5517136346088974,0.02685080011203961,0.43212102534785735,0.28712651331910477
27A,2022-07-14,CVR504,Cultivar,Infected,9,3,1,0.3045738705958179,0,0,0.3287630256559991,0.654404740598663,0.5401187612139012,0.1309253010170565,0.41521798369504,0.3284271976633354
28A,2022-07-14,CVR495,Cultivar,Infected,1,4,1,0.3382497978885401,0,0,0.35709653527803775,0.7509483591029389,0.4808888686490615,0.08482045376567983,0.5133745825291182,0.38662434275757074
29A,2022-07-14,CVR492,Cultivar,Infected,2,4,1,0.3946347010363722,0,0,0.3802820701975978,0.7738468830958937,0.5066423240789795,0.14931849371344316,0.5333136641209287,0.4095598424093748
2A,2022-07-14,CVR016,Cultivar,Infected,2,1,1,0.393998743719543,0,0,0.4042535554534141,0.7447036059142267,0.4804898764720756,0.21201916258604267,0.45867597622281303,0.4344136118488643
30A,2022-07-14,CVR484,Cultivar,Infected,3,4,1,0.17671663941391882,2,9.009359284202e-4,0.1567577945663137,0.7617539143335891,0.4761566853075844,0.18773181729878596,0.5145200639225513,0.4065929417256981
31A,2022-07-14,CVR491,Cultivar,Fungicide,10,1,1,0.3633701119032942,0,0,0.37961401241177994,0.5814867113987938,0.560668544118527,0.03252158164857799,0.41385834025479346,0.2207533562330589
32A,2022-07-14,CVR016,Cultivar,Fungicide,11,1,1,0.33414588582837657,0,0,0.3033768297949215,0.589377024360729,0.5640754494834602,0.08036531351903535,0.4010017311851772,0.24667468629227143
33A,2022-07-14,Howzat,Cultivar,Fungicide,12,1,1,0.21941521113915552,0,0,0.19837386487108336,0.5554902145419258,0.5713902025741568,0.0912316431099398,0.39869270998820106,0.201401980930298
34A,2022-07-14,CVR496,Cultivar,Fungicide,13,1,1,0.4223717144276633,0,0,0.30510592053468527,0.6704657388163177,0.5596569818282116,0.14671286030704483,0.45571402317692394,0.3092358282907158
35A,2022-07-14,Genesis090,Cultivar,Fungicide,14,1,1,0.3670401155858295,0,0,0.34597533802001146,0.6115463533202008,0.5218240461610373,0.11718541818541772,0.43829905793140767,0.2366896285152483
36A,2022-07-14,CVR484,Cultivar,Fungicide,15,1,1,0.0881794567116012,0,0,0.10767519606710944,0.5917092042790346,0.5317606626082072,0.15078489734808828,0.4266224923916994,0.22083301560389884
37A,2022-07-14,WLD133,Wild cicer,Fungicide,16,1,1,0.05213193859153674,0,0,0.05218710232741654,0.5021685251872697,0.4952136016711792,-0.08777216886136728,0.4111766051419581,0.11466870934894596
38A,2022-07-14,CVR499,Cultivar,Fungicide,17,1,1,0.00488560959543279,0,0,0.01391132095173603,0.33061767832324507,0.35763727947693247,-0.09995005811092736,0.2680004740254184,0.06870484478645701
39A,2022-07-14,CVR015,Cultivar,Fungicide,18,1,1,0.37149844135901766,0,0,0.26572980868824597,0.5716622071069544,0.5208433816334628,0.01480979138409869,0.42505942376353817,0.1936604039877396
3A,2022-07-14,CVR497,Cultivar,Infected,3,1,1,0.2746441293725429,0,0,0.28019129487536143,0.6947279256421458,0.4773006476336404,0.20957637028893705,0.44895436389385224,0.35717768749443307
40A,2022-07-14,CVR497,Cultivar,Fungicide,10,2,1,0.4139717782012106,0,0,0.41462809989199695,0.6402759733489404,0.5900902801014852,0.05326972014243269,0.4608112343839685,0.2545766546843293
41A,2022-07-14,CVR503,Cultivar,Fungicide,11,2,1,0.29444823769192774,1,2.3185851099049264e-4,0.2936310456253437,0.6493116935279984,0.5976100429979815,0.11786536300957512,0.4347207823047076,0.29898527044632844
42A,2022-07-14,CVR477,Cultivar,Fungicide,12,2,1,0.23560893677445785,0,0,0.2648652633183641,0.609092790641577,0.5504749165849192,0.16305535489892253,0.412657627967082,0.2623847183890512
43A,2022-07-14,CVR500,Cultivar,Fungicide,13,2,1,0.4586941515961486,0,0,0.33874459492645376,0.6423552714919457,0.5298856447408815,0.10568504482353024,0.4526110898489787,0.2675230677647485
44A,2022-07-14,WLD085,Wild cicer,Fungicide,14,2,1,0.02300045629199003,0,0,0.04381673124628723,0.4869666457594889,0.4139454713540112,0.09819914453107864,0.2880832364990666,0.23133696066030296
45A,2022-07-14,CVR502,Cultivar,Fungicide,15,2,1,0.18955171546971689,0,0,0.26572980868824597,0.6472905270052732,0.5217171983402856,0.16758908738572273,0.44381353093587034,0.2854921120921126
46A,2022-07-14,CVR495,Cultivar,Fungicide,16,2,1,0.3266667628002496,0,0,0.2405401004112324,0.6280991771390078,0.5323702805486519,-0.04692325414449979,0.46334312366283825,0.2323864092469463
47A,2022-07-14,CVR494,Cultivar,Fungicide,17,2,1,0.3736481095810081,0,0,0.2923342275705208,0.6613632962656731,0.5646162257709412,0.02457219601994046,0.47511738455190816,0.27158465372943075
48A,2022-07-14,CVR019,Cultivar,Fungicide,18,2,1,0.259649448261679,0,0,0.20690142601946393,0.6413699566863618,0.5201340285147075,0.09085213570111604,0.45449079824565786,0.2637661249241812
49A,2022-07-14,CVR501,Cultivar,Fungicide,10,3,1,0.27959929679950385,0,0,0.31045038282122794,0.619990510147522,0.5802324957559797,0.0070150384516548,0.42981650126173554,0.2592629605060574
4A,2022-07-14,CVR498,Cultivar,Infected,4,1,1,0.2559065744699237,0,0,0.2511111324338793,0.5656756977919776,0.5096289620513738,0.00361091877287917,0.3890376308943585,0.22647913352926183
50A,2022-07-14,WLD132,Wild cicer,Fungicide,11,3,1,0.00370643873714528,0,0,0.00365466906359167,0.6217480243563296,0.5543498331790663,0.2039277919450136,0.38336903980512765,0.31298074387019714
51A,2022-07-14,CVR492,Cultivar,Fungicide,12,3,1,0.28835364673898106,0,0,0.32573711686141243,0.6478330287588379,0.5648365328449245,0.1814857074957501,0.44758876262738834,0.282019394960386
52A,2022-07-14,WLD129,Wild cicer,Fungicide,13,3,1,0.05314218328754149,0,0,0.04806086306207111,0.539417788563877,0.487535711090127,0.02959209900911888,0.3493686875027159,0.23418203726283476
53A,2022-07-14,CVR498,Cultivar,Fungicide,14,3,1,0.32888598885376824,0,0,0.2807414601107408,0.6453992230919661,0.5295641900657283,0.10940971540788257,0.4365709713916626,0.29075099924507986
54A,2022-07-14,CVR482,Cultivar,Fungicide,15,3,1,0.31987659353202097,0,0,0.34389256962893233,0.615076836440014,0.501045378587878,0.12441851177019678,0.440514680220653,0.2394379620434856
55A,2022-07-14,CVR493,Cultivar,Fungicide,16,3,1,0.47879305263010535,0,0,0.34959070956679034,0.6577415855389479,0.5519123591109063,-0.01496664179774107,0.4733989682136009,0.2676963513396565
56A,2022-07-14,WLD131,Wild cicer,Fungicide,17,3,1,0.02159273827296702,0,0,0.04841454071338643,0.5358960873269565,0.46751887489336014,0.00288432118531135,0.32905025772124463,0.25112912165558177
57A,2022-07-14,CVR504,Cultivar,Fungicide,18,3,1,0.44049981023498774,0,0,0.3863731853035839,0.6534412580141228,0.5327217123674862,0.03346358636856908,0.4649159485840294,0.2707900409534515
58A,2022-07-14,CVR481,Cultivar,Fungicide,10,4,1,0.2544789827847498,0,0,0.3123759611450558,0.5651910069975558,0.5582321467270491,-0.04585578483842009,0.41238945520627274,0.19924022712530945
59A,2022-07-14,CVR485,Cultivar,Fungicide,11,4,1,0.31856493156606075,0,0,0.35717513031166337,0.6003510485164255,0.5753823160005899,0.01375542526546725,0.44628641453676393,0.2104502600326442
5A,2022-07-14,CVR015,Cultivar,Infected,5,1,1,0.3204595544057811,0,0,0.2815667079638099,0.6034393451350466,0.5331319107016936,0.1019336540975028,0.3840636313500354,0.2855558921077861
60A,2022-07-14,CVR010,Cultivar,Fungicide,12,4,1,0.3041267131074224,0,0,0.29850393771013256,0.5965469037870327,0.5691287019036387,0.05574321922378339,0.4383449441918093,0.21421872505499903
61A,2022-07-14,CVR493,Cultivar,Fungicide,1,5,2,0.29659459363622637,0,0,0.202460806619616,0.5190305711236469,0.4695085559540963,-0.07200737321890464,0.39227193487935014,0.15916476083234518
62A,2022-07-14,CVR495,Cultivar,Fungicide,2,5,2,0.2984030972559594,0,0,0.24564877759689815,0.5603590557993559,0.5119345183807108,-0.01477167958914502,0.37875598270006106,0.23053077341539688
63A,2022-07-14,CVR501,Cultivar,Fungicide,3,5,2,0.1876438435192292,0,0,0.09081656135441236,0.4877329473611398,0.5097209859952323,0.06160174670101478,0.3221667820634372,0.19643175258018905
64A,2022-07-14,WLD085,Wild cicer,Fungicide,4,5,2,0.02713749112907177,0,0,0.0356821452660348,0.5242360673058483,0.5255869563054301,0.01943251014021526,0.38871926619873975,0.170200338269421
65A,2022-07-14,CVR485,Cultivar,Fungicide,5,5,2,0.32118494322028945,0,0,0.29217703750326957,0.6016947032146235,0.5713296758592818,0.0807973286897514,0.4617003458632925,0.1938450173641902
66A,2022-07-14,CVR491,Cultivar,Fungicide,6,5,2,0.22372117213852,0,0,0.21330692125995257,0.5627521050724558,0.53481955539359,0.12410689643604748,0.3984419162707816,0.21180107988380695
67A,2022-07-14,CVR016,Cultivar,Fungicide,7,5,2,0.3614788013412656,0,0,0.3581182707151709,0.5645473989459006,0.5325279587246639,0.00219116988207965,0.3993910769039692,0.21323567777722
68A,2022-07-14,CVR484,Cultivar,Fungicide,8,5,2,0.17278165351603805,0,0,0.17078700806848818,0.5399597434384275,0.5431586649758271,-0.00459796494803958,0.387463092736282,0.1928419847489302
69A,2022-07-14,CVR481,Cultivar,Fungicide,9,5,2,0.19134696997868267,0,0,0.20662634340177424,0.5321114806807091,0.5506241299800355,0.04909945166543344,0.3726572266173337,0.1988939717016552
6A,2022-07-14,CVR477,Cultivar,Infected,6,1,1,0.2846836430564458,0,0,0.28184179058149955,0.5818293049586699,0.5257641094321075,0.12452720925948352,0.37400759168771414,0.2656237110910626
70A,2022-07-14,Howzat,Cultivar,Fungicide,1,6,2,0.17659408513932154,0,0,0.1380914740802272,0.531666667986275,0.49527952635506134,-0.08093028677053511,0.3931519169006432,0.17511917047918787
71A,2022-07-14,WLD132,Wild cicer,Fungicide,2,6,2,0.00299761131109605,0,0,0.02538619586107762,0.4469446655482596,0.4433810112325296,0.01587039788918163,0.2843005577614566,0.1863190377242669
72A,2022-07-14,CVR492,Cultivar,Fungicide,3,6,2,0.22236313828487428,0,0,0.1626131245714229,0.5578751523050939,0.4650460699739446,0.09208397711388164,0.3730567084361699,0.2333917087899035
73A,2022-07-14,CVR496,Cultivar,Fungicide,4,6,2,0.3521050554734183,0,0,0.3273876125675506,0.6415842732994034,0.5689467523758742,0.05199132008489052,0.48883096534076337,0.22255121223599217
74A,2022-07-14,CVR498,Cultivar,Fungicide,5,6,2,0.312672389552315,0,0,0.3049094329506212,0.6517103110082544,0.5653252337201861,0.1126330070687314,0.4466222261566265,0.28929174378718114
75A,2022-07-14,CVR019,Cultivar,Fungicide,6,6,2,0.25603244102221284,0,0,0.2843175341407068,0.6430178237983002,0.5473580058866184,0.19345714218884988,0.4593503825534851,0.2606581712871461
76A,2022-07-14,CVR499,Cultivar,Fungicide,7,6,2,0.00523008647538195,0,0,0.05709929192901825,0.42415875997524255,0.4327542278854922,-0.00585109271475109,0.25536124571368435,0.18930145728076775
77A,2022-07-14,CVR502,Cultivar,Fungicide,8,6,2,0.19467249678126877,0,0,0.25464790894703254,0.5868183506164424,0.518257639963234,0.05199408743433125,0.3954325590237717,0.24921552757119783
78A,2022-07-14,CVR482,Cultivar,Fungicide,9,6,2,0.3052628243557163,0,0,0.3614192621274472,0.6070874462466771,0.5174425010823882,0.0878117215047643,0.419533687387113,0.2516465277093898
79A,2022-07-14,CVR497,Cultivar,Fungicide,1,7,2,0.48676239275662153,0,0,0.4169073558671401,0.600930242104867,0.5078687245390491,-0.04384069280071533,0.4217007138136809,0.2400650683228261
7A,2022-07-14,WLD131,Wild cicer,Infected,7,1,1,9.241254760174568e-4,0,0,0,NA,NA,NA,NA,NA
80A,2022-07-14,CVR503,Cultivar,Fungicide,2,7,2,0.3416647561888053,0,0,0.22242394516052533,0.6270129655358548,0.5330712104496186,0.01063567626893393,0.4243280464060194,0.2761597603882343
81A,2022-07-14,CVR477,Cultivar,Fungicide,3,7,2,0.271990994941396,0,0,0.16446010786162518,0.6007790385975671,0.46480565723011474,0.11147973814128424,0.3909053730692752,0.2742900732298371
82A,2022-07-14,WLD133,Wild cicer,Fungicide,4,7,2,0.07556630326115506,0,0,0.08696540470675664,0.5948929437141941,0.5257359566390294,0.0309231829708699,0.414871053351476,0.23901063922893667
83A,2022-07-14,CVR500,Cultivar,Fungicide,5,7,2,0.41586640104093103,0,0,0.4280678506419792,0.6346368047082156,0.5657884825981077,0.07107845289374827,0.4763506549397013,0.22687163651653636
84A,2022-07-14,CVR494,Cultivar,Fungicide,6,7,2,0.3034278225144486,0,0,0.3302170337780732,0.6395284218969876,0.551749536084585,0.12902575490468216,0.47058326115606264,0.2416786952752426
85A,2022-07-14,WLD131,Wild cicer,Fungicide,7,7,2,0.0098970857431547,0,0,0.10016937035586204,0.4738005456731115,0.4572731763555246,-0.00621565630590475,0.2797864951329065,0.22366356197968465
86A,2022-07-14,CVR504,Cultivar,Fungicide,8,7,2,0.2948788337918642,0,0,0.43191900728963495,0.6167201171200742,0.532561466328886,0.03808987802474563,0.4001424231466204,0.28753419973856736
87A,2022-07-14,CVR010,Cultivar,Fungicide,9,7,2,0.3100689392865454,0,0,0.3187028613519188,0.6530374913440448,0.5497919026439344,0.08190530083298485,0.44091708067088753,0.29789489041011896
88A,2022-07-14,Genesis090,Cultivar,Fungicide,1,8,2,0.44433211552442214,0,0,0.31508748980513995,0.5652014341442471,0.5135520159062371,-0.07986225585202406,0.4121654016421712,0.1995141445514375
89A,2022-07-14,CVR015,Cultivar,Fungicide,2,8,2,0.2833786056458692,0,0,0.2180226232774902,0.6020242498751669,0.5142242895685233,-0.0240890380124819,0.41005017399648314,0.2548983106839399
8A,2022-07-14,CVR493,Cultivar,Infected,8,1,1,0.3222084370270615,0,0,0.3179562085324753,0.5981519911537937,0.5593039171113279,0.04066694519497088,0.411969546910731,0.24706407315680493
90A,2022-07-14,WLD129,Wild cicer,Fungicide,3,8,2,0,0,0,0,NA,NA,NA,NA,NA
91A,2022-07-14,CVR503,Cultivar,Infected,10,5,2,0.30712101214082665,0,0,0.2479673310888542,0.5344917062813309,0.4889061396729733,-0.05220209061738937,0.43640030801578467,0.12793178780301592
92A,2022-07-14,CVR501,Cultivar,Infected,11,5,2,0.26925836584564544,0,0,0.21935873884912585,0.5412968874615396,0.4893340803978702,0.03306572935528866,0.3988679957963772,0.1816477265565913
93A,2022-07-14,CVR019,Cultivar,Infected,12,5,2,0.2899899119187396,0,0,0.25449071887978125,0.5697444837675026,0.5076799111100233,0.10813300944926069,0.4076691100630403,0.21110909854679244
94A,2022-07-14,CVR499,Cultivar,Infected,13,5,2,0.02099652828843963,0,0,0.01646565954456892,0.6799105314465467,0.6911904193676617,0.16999762567920118,0.4111481947357198,0.3730447550993656
95A,2022-07-14,WLD133,Wild cicer,Infected,14,5,2,0.06785200851690897,0,0,0.0779269758398095,0.7220009353208002,0.7074259167345188,0.32522674928910217,0.34954302314445,0.49818507322037553
96A,2022-07-14,CVR493,Cultivar,Infected,15,5,2,0.3510881862220299,0,0,0.3483724865455931,0.7479092547699573,0.7232810225293842,0.3016468508229024,0.4089248964731196,0.4883365947019142
97A,2022-07-14,CVR504,Cultivar,Infected,16,5,2,0.3451492723205988,0,0,0.26557261862099474,0.5499700759000876,0.5200724755059608,-0.05975282951805603,0.4457488394318432,0.13806853354782225
98A,2022-07-14,CVR015,Cultivar,Infected,17,5,2,0.3827866837327362,0,0,0.2916268722678902,0.5723680821155458,0.5256339217355771,0.03878681483952794,0.4376729086199233,0.17971577217683152
99A,2022-07-14,CVR010,Cultivar,Infected,18,5,2,0.31623308807102024,0,0,0.2474171658534748,0.5466334165036993,0.5076923852385569,0.05732761201378752,0.4222409892166811,0.16171894406980425
9A,2022-07-14,CVR496,Cultivar,Infected,9,1,1,0.3007216916402326,0,0,0.3097823250354101,0.6131497437143745,0.5564163501780851,0.105772258315468,0.38471236515179585,0.2989573083219979
100A,2022-07-18,CVR482,Cultivar,Infected,10,6,2,0.17875369019438742,0,0,0.11011164210950387,0.5401378034754645,0.46995737742327987,-0.02900238440158055,0.48435221886829466,0.07555100855070664
101A,2022-07-18,CVR498,Cultivar,Infected,11,6,2,0.22669559750577337,0,0,0.158172505171575,0.5895201044186825,0.4809074270414515,0.0610319721826135,0.4543811611624172,0.18458246220110203
102A,2022-07-18,CVR484,Cultivar,Infected,12,6,2,0.08911683129838593,0,0,0.06727734878353699,0.5966167316338488,0.5014346770833846,0.12481317638350414,0.4893631144088117,0.15148007711249853
103A,2022-07-18,WLD131,Wild cicer,Infected,13,6,2,0.018740867180311,0,0,0.02232098954967816,0.7618542388777787,0.6870968451629103,0.17410750114851295,0.4145696353493983,0.5076085023403262
104A,2022-07-18,CVR494,Cultivar,Infected,14,6,2,0.26544593422236196,0,0,0.24761365343753888,0.7785419039564636,0.7058133290143888,0.19136153863047828,0.5050367121101847,0.450727909915231
105A,2022-07-18,Genesis090,Cultivar,Infected,15,6,2,0.254694280834718,0,0,0.23327005980086188,0.7621306120198257,0.6732534380275103,0.23907344636301975,0.4904413736035401,0.4338561609568036
106A,2022-07-18,Howzat,Cultivar,Infected,16,6,2,0.1889588177628813,0,0,0.12645940910363437,0.5869577868224792,0.5064460456738781,-0.01833415241361147,0.4604888315112508,0.17331340253479977
107A,2022-07-18,WLD129,Wild cicer,Infected,17,6,2,0.00426290138937084,0,0,0.00235785100876881,0.577413075611512,0.4708497986845141,0.12583806625625937,0.40335365100297055,0.22690627563258647
108A,2022-07-18,CVR495,Cultivar,Infected,18,6,2,0.33464935203753304,0,0,0.2913517896502005,0.6252609757078139,0.47822754413258073,0.11036527272699805,0.4614558315242657,0.23023489206355827
109A,2022-07-18,CVR481,Cultivar,Infected,10,7,2,0.2097367357236609,0,0,0.1892175434536978,0.5864508814720059,0.4998929203468264,0.00358803300554208,0.47100406717221743,0.15950555968385788
10A,2022-07-18,CVR481,Cultivar,Infected,1,2,1,0.2870055497184108,0,0,0.2632933626458515,0.6617712477613171,0.5113498038121352,0.02421078360634514,0.4387734719428214,0.31424410327222635
110A,2022-07-18,CVR477,Cultivar,Infected,11,7,2,0.3517672031488528,0,0,0.28490699689289906,0.6017818085912926,0.4756231589528178,0.06687660643491365,0.47154525630038946,0.18183554407146765
111A,2022-07-18,WLD132,Wild cicer,Infected,12,7,2,0.01828708513653182,0,0,0.01780177511620459,0.6252061127618228,0.4771217166026926,0.25360741114165847,0.43573466587894255,0.26041463819880284
112A,2022-07-18,WLD085,Wild cicer,Infected,13,7,2,0.04058865083554808,0,0,0.03536776513153229,0.7628547757683375,0.7005057822467725,0.1287829075746802,0.44838066366738366,0.47796001546324113
113A,2022-07-18,CVR500,Cultivar,Infected,14,7,2,0.32553396382964755,0,0,0.3124152586618686,0.7733046060473819,0.7076494116130445,0.12130441358179936,0.5186369012593929,0.4252004125788052
114A,2022-07-18,CVR491,Cultivar,Infected,15,7,2,0.3601936375968399,0,0,0.33984492539721256,0.7912422301801828,0.7032723252715131,0.23339283191086424,0.46932979030767075,0.5120723100539357
115A,2022-07-18,CVR502,Cultivar,Infected,16,7,2,0.15152345528994474,0,0,0.11891428587557414,0.545283264227676,0.5079009364857956,-0.07948942961988088,0.4420977638721902,0.13596154851754372
116A,2022-07-18,CVR492,Cultivar,Infected,17,7,2,0.4372637149300808,0,0,0.3662135591786105,0.5857837082395057,0.5073364275561464,-0.00684398364930004,0.4666364007541429,0.1639674943268352
117A,2022-07-18,CVR485,Cultivar,Infected,18,7,2,0.303219149019864,0,0,0.2725282790968627,0.6108195189177831,0.49715162652177647,0.05240300139278611,0.5211090382288235,0.13159887159261754
118A,2022-07-18,CVR016,Cultivar,Infected,10,8,2,0.4708137756705138,0,0,0.429168181112738,0.5884492672708164,0.482696308780976,0.02797205020778891,0.44863967615785216,0.1899591194261316
119A,2022-07-18,CVR497,Cultivar,Infected,11,8,2,0.4899653652846103,0,0,0.45121408804472646,0.6106324368802405,0.49742963056910067,0.0356896848395494,0.482660213784131,0.181450872749557
11A,2022-07-18,CVR499,Cultivar,Infected,2,2,1,0.09426411083147242,0,0,0.08272127289097275,0.6262423622489792,0.47187121540943266,0.11488910743730713,0.37727007790129513,0.3259919617793215
120A,2022-07-18,CVR496,Cultivar,Infected,12,8,2,0.3410089252058252,0,0,0.3215715800792542,0.649481988126488,0.5142022288543517,0.0966842708083025,0.5076810670359788,0.21155781919952635
121A,2022-07-18,WLD085,Wild cicer,Infected,1,9,3,0.02477252485711311,0,0,0.03497478996340416,0.4767522009921874,0.5185450235775556,0.01225966984267256,0.3584459916483705,0.14269059265968037
122A,2022-07-18,CVR019,Cultivar,Infected,2,9,3,0.32085702772879937,0,0,0.2531546033081456,0.5582548973482673,0.5598160282418969,0.08830182406153529,0.3945491159885045,0.20994891428362605
123A,2022-07-18,CVR494,Cultivar,Infected,3,9,3,0.17330830566903724,0,0,0.097850816863906,0.531495943028069,0.5937029016127005,0.12596539135122273,0.4019087360065555,0.16478805523069673
124A,2022-07-18,CVR498,Cultivar,Infected,4,9,3,0.16993971925645748,0,0,0.10846114640336572,0.5060451222362987,0.5172788463338219,-0.05179575208042926,0.38322867428386287,0.152364683611363
125A,2022-07-18,CVR485,Cultivar,Infected,5,9,3,0.2613254607737393,0,0,0.14048862260580883,0.5225603246724602,0.551298847432239,0.01119132631726975,0.4071398945395754,0.14661312923925676
126A,2022-07-18,CVR502,Cultivar,Infected,6,9,3,0.11602246298903038,0,0,0.06778821650210357,0.504984336043529,0.530350974735913,0.14003763190099275,0.3826687343622752,0.15161369175905623
127A,2022-07-18,Genesis090,Cultivar,Infected,7,9,3,0.3067036651516575,0,0,0.19994576554359592,0.5544198459545845,0.4993934386822895,0.02057715737814805,0.44094208480725694,0.15019564673647368
128A,2022-07-18,CVR010,Cultivar,Infected,8,9,3,0.20700741890560215,0,0,0.13706973864309405,0.5584040083891353,0.5290330809339211,0.05602520590595642,0.4308682980061477,0.1679424186109406
129A,2022-07-18,CVR491,Cultivar,Infected,9,9,3,0.3405153958297442,0,0,0.24498071981108036,0.5720482738469133,0.49211264141603533,0.10268716129510844,0.4059588504998818,0.21632650872614032
12A,2022-07-18,CVR500,Cultivar,Infected,3,2,1,0.2827260869405809,0,0,0.2814881129301843,0.6547304085840423,0.4666689919193488,0.15097806069356837,0.4154918159881299,0.32864029747434526
130A,2022-07-18,CVR484,Cultivar,Infected,1,10,3,0.1395495714340196,0,0,0.12791341722570845,0.5506635399204225,0.5733564700994913,-0.01012551490830566,0.42145501757013537,0.16825777102497377
131A,2022-07-18,CVR481,Cultivar,Infected,2,10,3,0.202549093132414,0,0,0.16359556249174326,0.5840549945275555,0.5819918757129717,0.09144304331972186,0.4126551466451003,0.22582720850111793
132A,2022-07-18,CVR492,Cultivar,Infected,3,10,3,0.3038120467266996,0,0,0.2289866304682652,0.6074317088356823,0.5657543888009138,0.13915577841019838,0.4181004709948989,0.25378416311479196
133A,2022-07-18,CVR496,Cultivar,Infected,4,10,3,0.3545958882976661,0,0,0.3221610428314464,0.5756949819981187,0.5433212708213937,0.03216431261661585,0.4017678275969847,0.22626016199112697
134A,2022-07-18,WLD131,Wild cicer,Infected,5,10,3,0.01675681284291152,0,0,0.01418640356942573,0.5261303927751452,0.5155491734717264,0.11467177405776464,0.29366765947445134,0.27494357204060776
135A,2022-07-18,Howzat,Cultivar,Infected,6,10,3,0.13534960332079332,0,0,0.12936742534778256,0.5678677018965348,0.5409445056282639,0.08065212628227578,0.4217801342084952,0.1920979747115614
136A,2022-07-18,CVR016,Cultivar,Infected,7,10,3,0.3274517726132107,0,0,0.3018442266392217,0.5856132304256502,0.5042957463239538,0.06634881392222967,0.42168697593297433,0.2176817859027585
137A,2022-07-18,CVR482,Cultivar,Infected,8,10,3,0.24660238643360455,0,0,0.23719981148214325,0.615730726975022,0.539974102495723,0.10728453840026828,0.4535030879624785,0.2250772664204038
138A,2022-07-18,CVR497,Cultivar,Infected,9,10,3,0.2930670178944393,0,0,0.25441212384615564,0.6099011591617649,0.5054524260714754,0.11939976894859292,0.4567769199275809,0.21225652372874668
139A,2022-07-18,CVR493,Cultivar,Infected,1,11,3,0.3674342766311559,0,0,0.3773347564366368,0.6117427364363046,0.5779286959359247,0.02676834389713426,0.4262585008811557,0.25091224972801335
13A,2022-07-18,WLD129,Wild cicer,Infected,4,2,1,0.0357924727377944,0,0,0.04263780574190282,0.5567587955357695,0.5349064054770725,0.05944192611231389,0.3617907081750104,0.244146569693856
140A,2022-07-18,CVR495,Cultivar,Infected,2,11,3,0.23381036998780025,0,0,0.21039890501580436,0.6129953874417975,0.5708251943723999,0.08483259552801255,0.42291811554708825,0.25660001978490155
141A,2022-07-18,CVR504,Cultivar,Infected,3,11,3,0.2199385510144629,0,0,0.22961539073727025,0.6215619511203135,0.5443523969938336,0.16350768739857194,0.43525034349728714,0.25540858175609626
142A,2022-07-18,CVR015,Cultivar,Infected,4,11,3,0.4434113023260965,0,0,0.43250847004182713,0.5694221828296431,0.5558870339001105,-0.00218667921277512,0.3893435413238845,0.2313745830430515
143A,2022-07-18,WLD132,Wild cicer,Infected,5,11,3,0.02128469644762787,0,0,0.02754755928578237,0.5471241395208274,0.523563286620633,0.01792442064599528,0.32024256273487167,0.27507880434521537
144A,2022-07-18,WLD129,Wild cicer,Infected,6,11,3,0.05551046183719196,0,0,0.05085098675578087,0.593781438214304,0.55567553387356206,0.12633136113466528,0.3941219763847248,0.2606596320896629
145A,2022-07-18,CVR500,Cultivar,Infected,7,11,3,0.45871402526229954,0,0,0.44539805555643,0.5633302155634065,0.5147610758735865,0.01516790798895911,0.430737929445025,0.17507345588133105
146A,2022-07-18,CVR501,Cultivar,Infected,8,11,3,0.2199617369583056,0,0,0.22996906838858555,0.5804593036661712,0.5215570428354537,0.02958695146720573,0.4253227170288354,0.2059925475614071
147A,2022-07-18,CVR503,Cultivar,Infected,9,11,3,0.3313602602895569,1,4.7696607975187047e-4,0.3027087720091036,0.5964490476843388,0.517847030892346,0.07921170151307218,0.4629171624371009,0.1844634402366513
148A,2022-07-18,WLD133,Wild cicer,Infected,1,12,3,0.11674453952584687,0,0,0.13184316890698983,0.562007635133638,0.5553871442143843,-0.0039159690994557,0.3490541447770845,0.26492390219300904
149A,2022-07-18,CVR499,Cultivar,Infected,2,12,3,5.63087207609203e-4,0,0,0,NA,NA,NA,NA,NA
14A,2022-07-18,WLD085,Wild cicer,Infected,5,2,1,0.03210921994449185,0,0,0.03701826083767047,0.574914725734255,0.5288798716310459,0.15079635063184588,0.34687789462078605,0.28484138379318963
150A,2022-07-18,CVR477,Cultivar,Infected,3,12,3,0.35412885714311965,0,0,0.3345790581442955,0.6159898348119776,0.5657067167305762,0.09014859883263356,0.44430286021070053,0.23638121439072105
151A,2022-07-18,CVR499,Cultivar,Fungicide,10,9,3,0,0,0,4.715702017537639e-4,0.0948571329708493,0.5756154991098923,-0.3433858797977281,0.3719270605545219,-0.28720240983050604
152A,2022-07-18,CVR498,Cultivar,Fungicide,11,9,3,0.21932577964147645,0,0,0.11427717889166213,0.5333265365355107,0.49990880342180904,0.03938846940958467,0.4307820030296058,0.13313105767469388
153A,2022-07-18,Howzat,Cultivar,Fungicide,12,9,3,0.14078173873537622,0,0,0.06488020025795535,0.5248696451140094,0.5178740756712678,0.04853715998478856,0.4457953663542088,0.10322803414562973
154A,2022-07-18,CVR496,Cultivar,Fungicide,13,9,3,0.33516606735745674,0,0,0.3255406292773484,0.6743638679715278,0.5126026798851375,0.16454136321729268,0.5054021895949469,0.25632293713433635
155A,2022-07-18,CVR492,Cultivar,Fungicide,14,9,3,0.22796088758404817,0,0,0.1863881222431752,0.657278087693838,0.5112296861841088,0.20807675111505364,0.49411694405113293,0.24163867857383944
156A,2022-07-18,WLD129,Wild cicer,Fungicide,15,9,3,0.01607117136070502,0,0,0.01681933719588424,0.6093352041033336,0.5491749326905853,0.19295676425489275,0.4252943764148602,0.2484174146055261
157A,2022-07-18,CVR493,Cultivar,Fungicide,16,9,3,0.4102057184656126,0,0,0.17699601572491272,0.5559909888887485,0.43811250536019136,-0.01730169846758921,0.46047904221978775,0.12838010276401748
158A,2022-07-18,CVR481,Cultivar,Fungicide,17,9,3,0.23902058279703128,0,0,0.08724048732444632,0.541110269203499,0.4568762388122295,0.06062313689571724,0.43418730863265903,0.13975820118496263
159A,2022-07-18,CVR477,Cultivar,Fungicide,18,9,3,0.2508288527683654,0,0,0.10028726290630048,0.543198439542846,0.4435364710346997,0.04042244083954236,0.4120474877646426,0.16897053779315752
15A,2022-07-18,CVR482,Cultivar,Infected,6,2,1,0.23462187802229584,0,0,0.23165886161153657,0.6005525892033161,0.5302754683203169,0.11979121394293372,0.4312162788818211,0.22851418344221627
160A,2022-07-18,CVR010,Cultivar,Fungicide,10,10,3,0.29019527313563237,0,0,0.2125602684405091,0.5699097781152618,0.5026180859892911,0.04513179438140156,0.4604555253083152,0.14839606792949575
161A,2022-07-18,CVR015,Cultivar,Fungicide,11,10,3,0.3570403492342284,0,0,0.24435195954207536,0.6086727161826766,0.5309992635625876,0.10130628443102434,0.46720909855664655,0.1976790891773501
162A,2022-07-18,CVR497,Cultivar,Fungicide,12,10,3,0.4191124331789135,0,0,0.32058914215893386,0.6054310005381701,0.4905980257739924,0.1284076185082513,0.4875411082265088,0.16726063110724315
163A,2022-07-18,CVR491,Cultivar,Fungicide,13,10,3,0.33681226937029074,0,0,0.3283307529710581,0.6906352401127438,0.5059574895744325,0.16461789414821143,0.49269881271358945,0.30002876387942223
164A,2022-07-18,CVR502,Cultivar,Fungicide,14,10,3,0.16192069496456407,1,2.6829341986042726e-4,0.15982300087771317,0.692687348813353,0.5246306457459305,0.23231000521225725,0.5043100115574235,0.2895124955506123
165A,2022-07-18,CVR016,Cultivar,Fungicide,15,10,3,0.3222283106932124,0,0,0.3173274482634703,0.7059577987613409,0.49599706689072715,0.279190263290629,0.4751382980507049,0.34732031633446436
166A,2022-07-18,WLD133,Wild cicer,Fungicide,16,10,3,0.0936645885692532,0,0,0.03080925318124591,0.5373777328235427,0.4484995564451599,0.00641280164077155,0.3707694090191456,0.20806358295690872
167A,2022-07-18,WLD085,Wild cicer,Fungicide,17,10,3,0.0718300540247834,0,0,0.03379586445901975,0.5729764749372963,0.4337778659525042,0.1098763798686942,0.36352224409993183,0.26455918187021116
168A,2022-07-18,CVR501,Cultivar,Fungicide,18,10,3,0.24464814259543147,0,0,0.18878527076875684,0.6157582456048079,0.42346192693974954,0.12652785988533238,0.48151386725860384,0.19082251691911883
169A,2022-07-18,Genesis090,Cultivar,Fungicide,10,11,3,0.30016522898800707,0,0,0.23657105121313823,0.5741594894936978,0.524341309149237,0.0087299438055404,0.5000749699191417,0.10392325421103556
16A,2022-07-18,WLD133,Wild cicer,Infected,7,2,1,0.06029007854648655,0,0,0.07002817496043394,0.5900454892945635,0.4869145584250435,0.08273325145017224,0.32721498988450304,0.3257173020134189
170A,2022-07-18,CVR495,Cultivar,Fungicide,11,11,3,0.15747230602445136,0,0,0.11482734412704151,0.5578286570398705,0.5016036860240891,0.04321513556566338,0.47500729818388454,0.11267793314123573
171A,2022-07-18,CVR504,Cultivar,Fungicide,12,11,3,0.2886782499527793,0,0,0.2859287323300322,0.6050742077264555,0.5051238934463624,0.09244700452992188,0.5016196930994289,0.14853849294541116
172A,2022-07-18,WLD131,Wild cicer,Fungicide,13,11,3,0.02244730591745629,0,0,0.02554338592832888,0.6870820163836459,0.5309567706429787,0.1122689511997229,0.431789035017361,0.3629798356645897
173A,2022-07-18,CVR484,Cultivar,Fungicide,14,11,3,0.08451607758444957,0,0,0.08103147966802177,0.7085212311377159,0.5461510714847254,0.14459296569230756,0.5043120235457819,0.31774423566440624
174A,2022-07-18,WLD132,Wild cicer,Fungicide,15,11,3,0.00935718447938822,0,0,0.01108189974121345,0.7099137754862084,0.5104639967270883,0.3669681258723697,0.4359257331855548,0.39677916463057294
175A,2022-07-18,CVR503,Cultivar,Fungicide,16,11,3,0.34414565217997767,0,0,0.2585776606283139,0.5466217435245596,0.48408939226818487,-0.03125740954917484,0.4314682394593215,0.15069487955228686
176A,2022-07-18,CVR482,Cultivar,Fungicide,17,11,3,0.18157575078781707,0,0,0.0972613541117138,0.5146384739125334,0.48904467564594867,-0.07051538106859696,0.46984059965175473,0.0590843563680348
177A,2022-07-18,CVR485,Cultivar,Fungicide,18,11,3,0.29521006156104607,0,0,0.2234849781144713,0.5786442700954683,0.4657733031287363,0.04791681846450976,0.49404834411118154,0.11846148812964148
178A,2022-07-18,CVR494,Cultivar,Fungicide,10,12,3,0.3640358797193498,0,0,0.3224361254491361,0.5542582801442896,0.5418648066889153,-0.0123190091013799,0.48219200013534685,0.09835162905976812
179A,2022-07-18,CVR500,Cultivar,Fungicide,11,12,3,0.44133119193563425,0,0,0.371165046297025,0.5675285268114058,0.5169865043471548,0.02984366320098362,0.4784087681114736,0.12233501484046366
17A,2022-07-18,Genesis090,Cultivar,Infected,8,2,1,0.2914141913262217,0,0,0.2933166654908412,0.6465277029354753,0.5371366739663289,0.11929593324436603,0.4322096845207997,0.2974307347668322
180A,2022-07-18,CVR019,Cultivar,Fungicide,12,12,3,0.3819288038105552,0,0,0.3576467005134171,0.5861951473796208,0.5234490269063127,0.05626235054339751,0.5052381520999613,0.1150232056540422
18A,2022-07-18,CVR019,Cultivar,Infected,9,2,1,0.289469884321124,0,0,0.2962246817349894,0.6643000005467938,0.5216908275012536,0.1834333763934066,0.41914487736436656,0.33975611737550226
19A,2022-07-18,CVR494,Cultivar,Infected,1,3,1,0.2536774115833296,0,0,0.23146237402747247,0.6614512806449608,0.4989900761402677,-0.00199640851264967,0.4415375533201366,0.31063699513979387
1A,2022-07-18,WLD132,Wild cicer,Infected,1,1,1,0.0029545517011024,0,0,0.00542305732016828,0.4357724655489033,0.5055635997704095,-0.14280044115352372,0.2987746571809971,0.15750454929383204
20A,2022-07-18,Howzat,Cultivar,Infected,2,3,1,0.20719953101172764,0,0,0.1886673782183184,0.6787642845473479,0.509987431769317,0.05349679695771541,0.4603083774596252,0.31772672748804875
21A,2022-07-18,CVR010,Cultivar,Infected,3,3,1,0.13602199569223256,0,0,0.1196609386950176,0.6962666263476037,0.48215252160464767,0.1696355763243003,0.4786324043012851,0.3264133562154897
22A,2022-07-18,CVR501,Cultivar,Infected,4,3,1,0.30770397301458674,1,3.974717331265588e-4,0.338901784993705,0.5466868992858606,0.5567867081175474,-0.0568180511073594,0.4066999107390136,0.18000995407711232
23A,2022-07-18,CVR491,Cultivar,Infected,5,3,1,0.3374714126309627,0,0,0.3523808332605001,0.5768941184106581,0.5444882973677255,0.02793830695504601,0.4094931348316552,0.21917841754326375
24A,2022-07-18,CVR502,Cultivar,Infected,6,3,1,0.18515632297267323,0,0,0.1918897745969691,0.5777666670540906,0.5424843279943251,0.06496348589283471,0.4261316050748971,0.20116210507588592
25A,2022-07-18,CVR485,Cultivar,Infected,7,3,1,0.209478378063699,0,0,0.22600001919049137,0.6295553750734268,0.5475412598438115,0.00722170970121971,0.43328907389736104,0.2698855324442088
26A,2022-07-18,CVR503,Cultivar,Infected,8,3,1,0.2554925397584463,0,0,0.2668694366758176,0.6313011980436218,0.5321499634099913,0.01559194646710828,0.44122955614364534,0.2634573593385545
27A,2022-07-18,CVR504,Cultivar,Infected,9,3,1,0.21744440591252331,0,0,0.21043820253261716,0.6628757085056618,0.5445014082973985,0.12846047368510438,0.45681664515363823,0.2955576654016373
28A,2022-07-18,CVR495,Cultivar,Infected,1,4,1,0.29893306168665046,0,0,0.28899393864143164,0.6230352190748064,0.5131267285927457,-0.1044278947067525,0.4445091446494968,0.2469051980301932
29A,2022-07-18,CVR492,Cultivar,Infected,2,4,1,0.32090671189417663,0,0,0.31677728302809094,0.6661494229605207,0.506349113809846,0.00112569310964607,0.48192066769346953,0.2713361032220728
2A,2022-07-18,CVR016,Cultivar,Infected,2,1,1,0.3744397439493527,1,2.649811554177059e-4,0.3062848460390697,0.6123158115518144,0.4766781559150816,0.07581522576087471,0.3814800011592945,0.3011895419760593
30A,2022-07-18,CVR484,Cultivar,Infected,3,4,1,0.1827913567007146,0,0,0.15785812503707247,0.6907467995056249,0.5298397544298332,0.05395455213042696,0.4814299034210235,0.3136050541631318
31A,2022-07-18,CVR491,Cultivar,Fungicide,10,1,1,0.34748111581563923,0,0,0.253272495858584,0.5329803296840196,0.5052499444368976,0.02781726186542124,0.3669569785503988,0.20638910874280292
32A,2022-07-18,CVR016,Cultivar,Fungicide,11,1,1,0.34336395464470837,0,0,0.2372391089989561,0.5548937971549068,0.5077695915113657,0.07141073758153538,0.36910332827842146,0.23364378857902252
33A,2022-07-18,Howzat,Cultivar,Fungicide,12,1,1,0.17446097830579022,0,0,0.11588837708098748,0.5195962565852131,0.5421239359810188,0.06557266670905998,0.3726267602614962,0.18225733605713185
34A,2022-07-18,CVR496,Cultivar,Fungicide,13,1,1,0.4683361919570333,0,0,0.3970228123598564,0.6375165806113636,0.46686252281194246,0.09125892454617374,0.4669857679782771,0.2428214793506515
35A,2022-07-18,Genesis090,Cultivar,Fungicide,14,1,1,0.27078863813926574,0,0,0.13710903615990686,0.5817098882382752,0.4600660842980538,0.10963884199343506,0.4737413295002253,0.14904138634836447
36A,2022-07-18,CVR484,Cultivar,Fungicide,15,1,1,0.10651622601351032,0,0,0.04927908608326833,0.5900119704444465,0.5105425120149449,0.1724592300623536,0.4386215300236399,0.20424824187508311
37A,2022-07-18,WLD133,Wild cicer,Fungicide,16,1,1,0.06039938371031658,1,4.3721890643921466e-4,0.02982681526092557,0.5734948331910568,0.42416027398505474,0.02260807180369301,0.4747995974936118,0.1356253583870856
38A,2022-07-18,CVR499,Cultivar,Fungicide,17,1,1,0.00282206059342965,0,0,0.00165049570613817,0.4036208661018388,0.4144695130044462,-0.05302481159541536,0.41800040728820986,-0.01729794049471915
39A,2022-07-18,CVR015,Cultivar,Fungicide,18,1,1,0.3715812483013131,0,0,0.2686378249323942,0.6215747488022928,0.44097540384377065,0.13136719068461866,0.4914164519081193,0.187400017994694
3A,2022-07-18,CVR497,Cultivar,Infected,3,1,1,0.3304063243143131,0,0,0.22969398577089584,0.5902960964815239,0.4866740079028778,0.08821519944562209,0.3882084269886784,0.2621648123435696
40A,2022-07-18,CVR497,Cultivar,Fungicide,10,2,1,0.4093279648772806,0,0,0.33489343827879803,0.5921818092650152,0.5489964946351547,0.07760531052307622,0.3907884194009478,0.2620323344632547
41A,2022-07-18,CVR503,Cultivar,Fungicide,11,2,1,0.30255669348150027,5,0.00138452653705751,0.25818468546018575,0.5979364124087774,0.5584842724532155,0.12601182137703038,0.3818598426764392,0.28001086336645586
42A,2022-07-18,CVR477,Cultivar,Fungicide,12,2,1,0.1955436258142171,0,0,0.15695428215037777,0.5629939455586812,0.5173880109159329,0.1536956435032242,0.3656174115796891,0.24853509454836903
43A,2022-07-18,CVR500,Cultivar,Fungicide,13,2,1,0.43366326907907365,0,0,0.3488833542641597,0.6454825289850601,0.4691307859404075,0.08504549039234377,0.4776236311211012,0.2426750642949521
44A,2022-07-18,WLD085,Wild cicer,Fungicide,14,2,1,0.03037358643397877,0,0,0.02538619586107762,0.6143918846020747,0.4482086685831727,0.20470936617165175,0.3737002277145888,0.31242361501167
45A,2022-07-18,CVR502,Cultivar,Fungicide,15,2,1,0.1838844083390148,0,0,0.14430048173665178,0.6612077497625105,0.5023603651758999,0.2278876804725214,0.4896386325836755,0.2537077151778265
46A,2022-07-18,CVR495,Cultivar,Fungicide,16,2,1,0.2790262727588192,6,0.00158988693250623,0.22195237495877157,0.6115539959024429,0.46410733364785206,0.02861335197207493,0.488689028091801,0.17523593023647932
47A,2022-07-18,CVR494,Cultivar,Fungicide,17,2,1,0.34648743250809355,2,3.08041044967366e-4,0.26478666828473846,0.6405573345829702,0.4778787438497638,0.11716473748890097,0.5013457946566764,0.20506686031053592
48A,2022-07-18,CVR019,Cultivar,Fungicide,18,2,1,0.3132156030937733,0,0,0.2935131530749052,0.6602877233276905,0.43690813770457265,0.18819720432848636,0.516429213531071,0.2182955007291185
49A,2022-07-18,CVR501,Cultivar,Fungicide,10,3,1,0.24564182590297712,0,0,0.2173938630084852,0.5709011869050153,0.5498684860067985,0.01415454098813073,0.3690104452522705,0.2557743380990703
4A,2022-07-18,CVR498,Cultivar,Infected,4,1,1,0.284753200887974,0,0,0.2852213770274016,0.5478324629162967,0.518374076253064,0.0171228432866255,0.3892702914718339,0.20154198857009228
50A,2022-07-18,WLD132,Wild cicer,Fungicide,11,3,1,0.00545200908073381,0,0,0.00420483429897106,0.5711564414036058,0.5125677186894337,0.22992368392372536,0.30197537070412,0.3252845879461283
51A,2022-07-18,CVR492,Cultivar,Fungicide,12,3,1,0.2417565241704736,0,0,0.2214808047570178,0.6105748514707442,0.5264564903704025,0.21980186186773512,0.4200117407179439,0.2562877460025246
52A,2022-07-18,WLD129,Wild cicer,Fungicide,13,3,1,0.06545723174572395,0,0,0.06102904361029961,0.6476371135207829,0.48169626636407087,0.05840794410122249,0.4545573031628301,0.27363460307338644
53A,2022-07-18,CVR498,Cultivar,Fungicide,14,3,1,0.33284084841779993,0,0,0.2962639792518022,0.6439210126688487,0.4831588863808764,0.06747524020159651,0.48472320218158466,0.23143369503393296
54A,2022-07-18,CVR482,Cultivar,Fungicide,15,3,1,0.1783628414267528,1,0.00112617750888781,0.16332047987405357,0.6623480558830203,0.47744208086469087,0.15769446013507937,0.5139078798332657,0.22504093332603717
55A,2022-07-18,CVR493,Cultivar,Fungicide,16,3,1,0.4926184997157572,0,0,0.4296397513144918,0.6301935756815388,0.4733484812830292,0.06108313642709503,0.49314436753780067,0.1988457890744108
56A,2022-07-18,WLD131,Wild cicer,Fungicide,17,3,1,0.02892280880496212,0,0,0.02577917102920576,0.6165275371941997,0.46238571277078894,0.09963684034059515,0.43754664430472817,0.2450985755720019
57A,2022-07-18,CVR504,Cultivar,Fungicide,18,3,1,0.3487497181716058,0,0,0.3289595132400632,0.6615779957715373,0.48272977954218305,0.08168649608250379,0.5597514803747711,0.16171133931095227
58A,2022-07-18,CVR481,Cultivar,Fungicide,10,4,1,0.2138538968945917,0,0,0.21161712803700156,0.5204412018057859,0.5359743267099943,-0.06511267114826717,0.3728981934370799,0.18307210098220528
59A,2022-07-18,CVR485,Cultivar,Fungicide,11,4,1,0.27625720860845865,0,0,0.27170303124379364,0.5692169985563418,0.5583929969933185,0.01160844118393699,0.43096793150975127,0.18318759981725985
5A,2022-07-18,CVR015,Cultivar,Infected,5,1,1,0.3751353222646347,0,0,0.33206401706827543,0.5959682717939664,0.5452851540226209,0.1192544058537132,0.38854069141365233,0.2699326168649484
60A,2022-07-18,CVR010,Cultivar,Fungicide,12,4,1,0.24616185350059264,0,0,0.22344568059765849,0.573751727924236,0.5585538552630082,0.05887497855755095,0.42898029028556295,0.19203720623986092
61A,2022-07-18,CVR493,Cultivar,Fungicide,1,5,2,0.22449624511840563,0,0,0.18308713083089884,0.5292236122442305,0.6017226276040093,-0.02158496545683627,0.4434151663001702,0.11211891910349028
62A,2022-07-18,CVR495,Cultivar,Fungicide,2,5,2,0.24675475120742824,0,0,0.18548427935648049,0.5575863448175848,0.6312895835369137,0.05063202377170175,0.412004099627497,0.1890010525146948
63A,2022-07-18,CVR501,Cultivar,Fungicide,3,5,2,0.20401643214988976,0,0,0.14874110113649971,0.548012279250627,0.6303306126071954,0.07032400756242262,0.3861938285256248,0.20525931972315592
64A,2022-07-18,WLD085,Wild cicer,Fungicide,4,5,2,0.01321267571266535,0,0,0.01945227082234276,0.4494779956989974,0.4045319269620505,-0.04774267140993282,0.35513385251140517,0.11226431842746816
65A,2022-07-18,CVR485,Cultivar,Fungicide,5,5,2,0.2606464438469165,0,0,0.15774023248663405,0.5489259481334882,0.4726523765483936,0.019695500935719,0.4499302333543369,0.1314646381215377
66A,2022-07-18,CVR491,Cultivar,Fungicide,6,5,2,0.2866113886730844,0,0,0.12461242581343213,0.5168235127381081,0.4465552496145626,0.05666103713191393,0.3986980100110906,0.1487832618164808
67A,2022-07-18,CVR016,Cultivar,Fungicide,7,5,2,0.43616403873639686,0,0,0.378552979457834,0.603994521052044,0.495928127097101,0.07112131815076861,0.46768340098070194,0.1899748862112885
68A,2022-07-18,CVR484,Cultivar,Fungicide,8,5,2,0.22145888647500775,0,0,0.1670144464544581,0.6271488058104936,0.54747300006387,0.0759834301709407,0.4724063519530308,0.21988866674231097
69A,2022-07-18,CVR481,Cultivar,Fungicide,9,5,2,0.24942444702703423,0,0,0.20686212850265112,0.616889992134926,0.5207799179299807,0.16432058001792468,0.4680897035558453,0.20921244297125224
6A,2022-07-18,CVR477,Cultivar,Infected,6,1,1,0.24677131259588733,0,0,0.1826548581459579,0.5730357489617329,0.528833665093647,0.12629556888419052,0.3869926105233789,0.2390564375657469
70A,2022-07-18,Howzat,Cultivar,Fungicide,1,6,2,0.14595220421230545,0,0,0.14791585328343065,0.5353104090934591,0.6131455781531605,-0.0123403525300215,0.40506315558406136,0.16630872711030972
71A,2022-07-18,WLD132,Wild cicer,Fungicide,2,6,2,0.00381243162328348,0,0,0.00389045416446855,0.5223349863524418,0.6105188881634043,0.11297666177779664,0.3515687705886445,0.2091791844104205
72A,2022-07-18,CVR492,Cultivar,Fungicide,3,6,2,0.30252688298227387,0,0,0.2626646023768465,0.577466780335956,0.5949956580312195,0.13509030235493072,0.40435045151784105,0.2258526972379217
73A,2022-07-18,CVR496,Cultivar,Fungicide,4,6,2,0.36521173829994547,0,0,0.2928057977722746,0.5792426081125273,0.4978693133701433,0.00641069106847683,0.455583365624387,0.1679909202975824
74A,2022-07-18,CVR498,Cultivar,Fungicide,5,6,2,0.25207095690279746,0,0,0.1820653953937657,0.5739815047069059,0.4956664866936392,0.070270425676261,0.41945219634498176,0.20353097988229651
75A,2022-07-18,CVR019,Cultivar,Fungicide,6,6,2,0.21188971622334313,0,0,0.18257626311233227,0.5756516619764434,0.45611824414929225,0.14694285152570974,0.4312080636319056,0.19213690402250752
76A,2022-07-18,CVR499,Cultivar,Fungicide,7,6,2,0.00352757574178706,0,0,0.00279012369370977,0.516090889919823,0.5006950520722783,-0.03432062575427695,0.5509589118553536,-0.04872182245854859
77A,2022-07-18,CVR502,Cultivar,Fungicide,8,6,2,0.2206440661628203,0,0,0.21275675602457317,0.6656163915548394,0.5428689468828053,0.1167931178043618,0.4970106249709943,0.2519581699645924
78A,2022-07-18,CVR482,Cultivar,Fungicide,9,6,2,0.27089131874771216,0,0,0.3124938536954942,0.6583799465090197,0.5047374343065716,0.15397086034899873,0.5144370516403085,0.21766492504635448
79A,2022-07-18,CVR497,Cultivar,Fungicide,1,7,2,0.414952212397989,0,0,0.4322333874241374,0.6024631361705786,0.6236681126503821,-0.00341046788661952,0.4322960531936844,0.2300930870716826
7A,2022-07-18,WLD131,Wild cicer,Infected,7,1,1,0.0023384680504241,0,0,0,NA,NA,NA,NA,NA
80A,2022-07-18,CVR503,Cultivar,Fungicide,2,7,2,0.2663799965314549,1,5.962075996898381e-4,0.2672231143271329,0.6345667573593746,0.6377160684984853,0.06671718581764013,0.44633935307939027,0.262605800947014
81A,2022-07-18,CVR477,Cultivar,Fungicide,3,7,2,0.3032423349637068,0,0,0.2943384009279743,0.6191646107096754,0.5919315536696352,0.13426694235347306,0.4289166108545168,0.25904170081387373
82A,2022-07-18,WLD133,Wild cicer,Fungicide,4,7,2,0.08808340065853845,0,0,0.06998887744362113,0.506387866267639,0.4508499048566314,-0.00681357582269612,0.33882634222671654,0.20226579293277153
83A,2022-07-18,CVR500,Cultivar,Fungicide,5,7,2,0.3468948426641873,0,0,0.27826571655153354,0.5423574732963464,0.4849483493155872,-0.01512309512400086,0.4560991483894993,0.11460901808045752
84A,2022-07-18,CVR494,Cultivar,Fungicide,6,7,2,0.3231259379476953,0,0,0.29382753320940774,0.5779496609114387,0.4877016745666096,0.0708138394172242,0.4600050857882323,0.16065674165246138
85A,2022-07-18,WLD131,Wild cicer,Fungicide,7,7,2,0.01184801730363599,0,0,0.01387202343492322,0.5379784780522583,0.4493658732703752,-0.05186481373823008,0.4115456494571137,0.16238539350610826
86A,2022-07-18,CVR504,Cultivar,Fungicide,8,7,2,0.29017539946948145,0,0,0.29488856616335374,0.6429991347906922,0.5365133507971462,0.01894768696126297,0.5292983702078303,0.17236225901910787
87A,2022-07-18,CVR010,Cultivar,Fungicide,9,7,2,0.3482065046301475,0,0,0.3381551321742616,0.664744762252909,0.5464649352588167,0.09148170760517814,0.5402660146347417,0.19423673509327896
88A,2022-07-18,Genesis090,Cultivar,Fungicide,1,8,2,0.3014007085670555,0,0,0.2968141444871816,0.5675815172676584,0.6276512556217216,-0.08598242479379248,0.4522380161598176,0.15517381753288617
89A,2022-07-18,CVR015,Cultivar,Fungicide,2,8,2,0.3562155920889655,0,0,0.3528917009790667,0.6283506456416607,0.6336604567900629,0.03286952954730747,0.4319317146447862,0.26958573082744236
8A,2022-07-18,CVR493,Cultivar,Infected,8,1,1,0.3360868805557824,0,0,0.31477310967063743,0.6202589718312599,0.5296018819246024,0.09678545067661148,0.4040425792107512,0.2885235874142971
90A,2022-07-18,WLD129,Wild cicer,Fungicide,3,8,2,0,0,0,0,NA,NA,NA,NA,NA
91A,2022-07-18,CVR503,Cultivar,Infected,10,5,2,0.27551525840549124,0,0,0.1626131245714229,0.5245436567419773,0.45023113185807245,-0.04782764588935234,0.4647513408367597,0.07906760350341303
92A,2022-07-18,CVR501,Cultivar,Infected,11,5,2,0.201707774598692,0,0,0.1013089983434336,0.5529928794758361,0.48000104110390857,0.06590478896461201,0.4562010993169927,0.12944853304191853
93A,2022-07-18,CVR019,Cultivar,Infected,12,5,2,0.31262932994232134,0,0,0.19668407164813237,0.5761765790545118,0.4557286763480567,0.11393719673043053,0.4526934153159489,0.16705681800158592
94A,2022-07-18,CVR499,Cultivar,Infected,13,5,2,0.02088059856922598,0,0,0.0181161552507071,0.6038248691985436,0.6371036730661331,-0.08759188421246734,0.5038685122272856,0.14366671687734664
95A,2022-07-18,WLD133,Wild cicer,Infected,14,5,2,0.06340030729910445,0,0,0.07407581919215375,0.6673780231064349,0.6496988354503147,0.21070998894533552,0.3363743082714292,0.4268200430195546
96A,2022-07-18,CVR493,Cultivar,Infected,15,5,2,0.3770531310481978,0,0,0.36664583186355143,0.7244000589774077,0.6864711304238568,0.21748741057019513,0.4179802756842503,0.4394910541549686
97A,2022-07-18,CVR504,Cultivar,Infected,16,5,2,0.3050773368049744,0,0,0.14249279596326234,0.5679705385677034,0.4861678535746959,-0.00800959534731429,0.456769501120189,0.15015633989169874
98A,2022-07-18,CVR015,Cultivar,Infected,17,5,2,0.4020111434560528,0,0,0.20065312084622655,0.5843954152426577,0.4781710393990407,0.0475837203129715,0.4357570933928122,0.19942202829132535
99A,2022-07-18,CVR010,Cultivar,Infected,18,5,2,0.24373395395248945,0,0,0.15098105959483007,0.5576237333507894,0.48038242021265026,0.07759431920084682,0.4288768300803569,0.16921498933152404
9A,2022-07-18,CVR496,Cultivar,Infected,9,1,1,0.353665138266265,0,0,0.3474686436588984,0.642340563501603,0.5365578593736792,0.15290145411340875,0.3973023525630889,0.32900018144555704
100A,2022-07-22,CVR482,Cultivar,Infected,10,6,2,0.1828642268099346,0,0,0.20277518675411849,0.5978720577341122,0.6369598273890972,-0.00867294964207461,0.42928174459082985,0.226799723073404
101A,2022-07-22,CVR498,Cultivar,Infected,11,6,2,0.16623659279700403,0,0,0.18878527076875684,0.6485222743849925,0.6513857932608471,0.1251255147575413,0.41101473492960217,0.3238233762798692
102A,2022-07-22,CVR484,Cultivar,Infected,12,6,2,0.09596993384275912,0,0,0.08904817309783576,0.650252371614514,0.6866416418068247,0.161745651680788,0.43794769420204904,0.2968368424235163
103A,2022-07-22,WLD131,Wild cicer,Infected,13,6,2,0.02232143936516717,0,0,0.01292888303141569,0.8183163170566635,0.7839696236542006,0.2474908822848647,0.4546949954034852,0.579092609653587
104A,2022-07-22,CVR494,Cultivar,Infected,14,6,2,0.29685626357388006,0,0,0.2917447648183286,0.8214369308331815,0.7838003764035981,0.2543608905829434,0.5389630744344717,0.5068833835339384
105A,2022-07-22,Genesis090,Cultivar,Infected,15,6,2,0.28303412876592,0,0,0.2449021247774547,0.8249944302811492,0.7674981450674219,0.317753540828541,0.5669109034917358,0.4848444878891066
106A,2022-07-22,Howzat,Cultivar,Infected,16,6,2,0.2559430095245337,0,0,0.2530367107577072,0.6834735349573967,0.5861198414975785,0.01181303794516247,0.4579724920826549,0.3282460079407486
107A,2022-07-22,WLD129,Wild cicer,Infected,17,6,2,0.00571699129607932,0,0,0.00440132188303513,0.6491977074551741,0.5132019646599604,0.0905276154040661,0.3912767318739212,0.3457459688444125
108A,2022-07-22,CVR495,Cultivar,Infected,18,6,2,0.3384120994954392,0,0,0.34302802425905043,0.7321616718418941,0.6093776445287487,0.12971189568931257,0.4797059735278704,0.38912513337384974
109A,2022-07-22,CVR481,Cultivar,Infected,10,7,2,0.23560893677445785,0,0,0.261289189288398,0.6412545882974618,0.6584672824353432,0.01322872085864042,0.418403629484227,0.30456737432606795
10A,2022-07-22,CVR481,Cultivar,Infected,1,2,1,0.34004505239750593,2,4.504679642101e-4,0.3133191015485633,0.8138568832298254,0.6005245520373,0.16027813869122295,0.5112245515480535,0.5182625062019712
110A,2022-07-22,CVR477,Cultivar,Infected,11,7,2,0.34171444035418264,0,0,0.3811073180506669,0.6921033839909233,0.6684542240088738,0.09708001479756272,0.4267028027901466,0.37662698722339266
111A,2022-07-22,WLD132,Wild cicer,Infected,12,7,2,0.01607448363839684,0,0,0.02212450196561409,0.6750387295240953,0.639794083222987,0.25784697825389974,0.3449170734112728,0.43031229265809606
112A,2022-07-22,WLD085,Wild cicer,Infected,13,7,2,0.04953180060345896,0,0,0.03210607123606876,0.8001357044222139,0.7590118902117301,0.22411218490869525,0.4536968718052734,0.5438762986272786
113A,2022-07-22,CVR500,Cultivar,Infected,14,7,2,0.4248824209180619,0,0,0.4068864890798726,0.8251545888246639,0.7769757690662482,0.21239630127656173,0.5579560915111739,0.4951788580595248
114A,2022-07-22,CVR491,Cultivar,Infected,15,7,2,0.39090507635538424,0,0,0.36342343548490075,0.8479386242881474,0.7748114977527897,0.32907617609906054,0.5309453395350555,0.5765705873607323
115A,2022-07-22,CVR502,Cultivar,Infected,16,7,2,0.16632602429468313,0,0,0.17330204914450825,0.657391718077226,0.571675380035018,-0.03436840331841542,0.4320934308837863,0.3146864281732086
116A,2022-07-22,CVR492,Cultivar,Infected,17,7,2,0.503337030326483,0,0,0.5288266837500334,0.7068180780717781,0.5988085888495033,0.03033985990444158,0.4849502094096298,0.3375810604263668
117A,2022-07-22,CVR485,Cultivar,Infected,18,7,2,0.35144259993505456,0,0,0.36511322870785173,0.7003892395761545,0.581781395359296,0.06591014500576582,0.5002736634036928,0.3080531911578893
118A,2022-07-22,CVR016,Cultivar,Infected,10,8,2,0.47024406390752094,0,0,0.5260365600563237,0.6520333470921524,0.6479389434153005,0.04020171790647,0.3863808298909645,0.3551187034987326
119A,2022-07-22,CVR497,Cultivar,Infected,11,8,2,0.5360755830324204,0,0,0.578262959900553,0.6902555455615851,0.6736236193715732,0.05980683690294756,0.4403930747077379,0.3589894275851921
11A,2022-07-22,CVR499,Cultivar,Infected,2,2,1,0.09056098437201895,0,0,0.09097375142166364,0.8029930981421156,0.5783263022734159,0.2519841738346904,0.4679788217510646,0.5366958708205463
120A,2022-07-22,CVR496,Cultivar,Infected,12,8,2,0.364453226708519,0,0,0.3867268629548992,0.704189923819625,0.6788844246548994,0.11579190312095852,0.4467617505245973,0.37559103804091737
121A,2022-07-22,WLD085,Wild cicer,Infected,1,9,3,0.05272814857606413,0,0,0.06767032395166513,0.5365138558828945,0.5816997038208933,-0.02917207226129402,0.34539346254442477,0.23459231477051895
122A,2022-07-22,CVR019,Cultivar,Infected,2,9,3,0.38686740984905704,0,0,0.40602194370999073,0.6087567960254282,0.62630543079528,0.05057383693093087,0.3918121006788624,0.28489809982154324
123A,2022-07-22,CVR494,Cultivar,Infected,3,9,3,0.23384018048702657,0,0,0.20607617816639484,0.5582000953290815,0.6536348224827543,0.05063005661288419,0.3759967059994138,0.230602581268644
124A,2022-07-22,CVR498,Cultivar,Infected,4,9,3,0.20417542147909704,0,0,0.2033253519894979,0.6080091197435551,0.5950253573670463,-0.07985702927694914,0.3900449841272391,0.28572379222535454
125A,2022-07-22,CVR485,Cultivar,Infected,5,9,3,0.31567331314110286,0,0,0.29496716119697935,0.6315218574422616,0.61858947203540815,-0.01736585569534183,0.4292252261106765,0.27752359597131426
126A,2022-07-22,CVR502,Cultivar,Infected,6,9,3,0.13300119843729377,0,0,0.12901374769646726,0.6016123023131752,0.6248429811720998,0.05032204017679061,0.38779284127789326,0.27888316723388007
127A,2022-07-22,Genesis090,Cultivar,Infected,7,9,3,0.3726014298303933,0,0,0.3537562463489486,0.5951920904792777,0.5941509625563728,-0.03809271455275603,0.4126750426302095,0.24194341148275908
128A,2022-07-22,CVR010,Cultivar,Infected,8,9,3,0.21636791566268215,0,0,0.23629596859544855,0.6074878227160124,0.6234290940185088,0.04668011654717104,0.3988052786983768,0.2754046495808911
129A,2022-07-22,CVR491,Cultivar,Infected,9,9,3,0.33368879150690556,0,0,0.35972946890449625,0.6383289974940815,0.6005533816529659,0.1240570571908108,0.37707288826138785,0.3440733902130832
12A,2022-07-22,CVR500,Cultivar,Infected,3,2,1,0.31076451760182733,0,0,0.32864513310556065,0.8141519270694916,0.5831731390594651,0.30223789553378727,0.49099006313241333,0.5383702668689885
130A,2022-07-22,CVR484,Cultivar,Infected,1,10,3,0.22788801747482812,0,0,0.204779360111572,0.6256670619408051,0.633873949237602,-0.03640451331543739,0.4322510028139034,0.2651151950350853
131A,2022-07-22,CVR481,Cultivar,Infected,2,10,3,0.2671583817890323,0,0,0.27370720460124714,0.6602639954500306,0.6594806089853105,0.03942793208923716,0.44497171034002336,0.30485969849125
132A,2022-07-22,CVR492,Cultivar,Infected,3,10,3,0.3730883346510907,0,0,0.3614192621274472,0.6502137564489046,0.6295265539187627,0.10793699362319216,0.42513993889010265,0.31106097389188764
133A,2022-07-22,CVR496,Cultivar,Infected,4,10,3,0.4150714543948945,0,0,0.4108948357947797,0.718256469493052,0.6379470743576449,0.02751785473493472,0.4475609131928076,0.3989403146842587
134A,2022-07-22,WLD131,Wild cicer,Infected,5,10,3,0.0204632515800568,0,0,0.01619057692687922,0.6874557721681526,0.6058013774916028,0.1143205473200816,0.3453612066642369,0.4486018705970226
135A,2022-07-22,Howzat,Cultivar,Infected,6,10,3,0.154169965165708,0,0,0.17966824686818406,0.681309771192211,0.6007861991729401,0.09829494908385658,0.41921416697205,0.3668826993239603
136A,2022-07-22,CVR016,Cultivar,Infected,7,10,3,0.42643919143321674,0,0,0.40606124122680354,0.6577728772807362,0.6013536872391072,0.05467411185559535,0.39657526627156375,0.35337873462653985
137A,2022-07-22,CVR482,Cultivar,Infected,8,10,3,0.23279681301410363,0,0,0.23519563812468977,0.6755324007460597,0.6180717541410243,0.0997887349064181,0.4117304227025008,0.36544616649227607
138A,2022-07-22,CVR497,Cultivar,Infected,9,10,3,0.3621578182680885,0,0,0.36896438535550746,0.6792149410898799,0.5948317605681728,0.1320654733593479,0.43311785157939,0.3486683998354799
139A,2022-07-22,CVR493,Cultivar,Infected,1,11,3,0.5019823087505291,0,0,0.47565714350229654,0.6739973213003785,0.6410967477625474,0.02007594221178222,0.4314583150891576,0.3419904176868098
13A,2022-07-22,WLD129,Wild cicer,Infected,4,2,1,0.04152271314464099,0,0,0.04483846668342039,0.6486722669513846,0.6392465547461762,0.0197449398206972,0.38660660719188095,0.3497851152597779
140A,2022-07-22,CVR495,Cultivar,Infected,2,11,3,0.344668992055285,1,2.649811554177059e-4,0.3118257959096764,0.679882962936774,0.6382418610384348,0.07268377666534971,0.41770149583745175,0.3661691632623584
141A,2022-07-22,CVR504,Cultivar,Infected,3,11,3,0.3145901983358781,0,0,0.3198031918226776,0.6856038033798943,0.623755634110997,0.13663845284660542,0.44287868312212,0.34856235223862697
142A,2022-07-22,CVR015,Cultivar,Infected,4,11,3,0.5015384635398253,0,0,0.5103961483648238,0.710516108310821,0.6404728385747399,0.01677725162935712,0.4115150075899554,0.4225495304531347
143A,2022-07-22,WLD132,Wild cicer,Infected,5,11,3,0.02098327917767236,0,0,0.02625074123095952,0.696911870455373,0.6040441985798186,0.02917899905877383,0.33096800214498623,0.4756567211589794
144A,2022-07-22,WLD129,Wild cicer,Infected,6,11,3,0.0507705924601992,0,0,0.04597809467099198,0.7186873301224218,0.6216417256196178,0.14662103330626322,0.3952479264348788,0.4517686646365579
145A,2022-07-22,CVR500,Cultivar,Infected,7,11,3,0.5589302991059705,0,0,0.5604611847843485,0.6323855527622811,0.6044655005503591,0.00968567532792758,0.3873336937308271,0.3245480260152269
146A,2022-07-22,CVR501,Cultivar,Infected,8,11,3,0.271315290292265,1,3.875349397983949e-4,0.2778727413834054,0.6564591409110484,0.6136243106752538,0.01308566108356436,0.3942626996407298,0.353754155425458
147A,2022-07-22,CVR503,Cultivar,Infected,9,11,3,0.3520520590303492,1,2.3185851099049264e-4,0.36625285669542335,0.6507186085706053,0.6032056877775658,0.04900290151898818,0.42860971057647407,0.3080158465181558
148A,2022-07-22,WLD133,Wild cicer,Infected,1,12,3,0.15073513319929183,0,0,0.14936986140550473,0.6156231728259797,0.6072160307425672,-0.00126685851478149,0.32048004712965683,0.367685644041746
149A,2022-07-22,CVR499,Cultivar,Infected,2,12,3,0,0,0,0,NA,NA,NA,NA,NA
14A,2022-07-22,WLD085,Wild cicer,Infected,5,2,1,0.0450734748302708,0,0,0.04593879715417917,0.6712271181157944,0.6465158536225529,0.0914185249279676,0.3859345331299716,0.385036073811658
150A,2022-07-22,CVR477,Cultivar,Infected,3,12,3,0.44909185856756584,0,0,0.3983982254483049,0.6707909184013842,0.6358287922506242,0.05291130745589014,0.4372589855517277,0.3304585040099383
151A,2022-07-22,CVR499,Cultivar,Fungicide,10,9,3,0,0,0,3.5367765131532296e-4,0.6789237693468448,0.5560887943530646,0.373440913112552,0.3370370787878803,0.44333072922798394
152A,2022-07-22,CVR498,Cultivar,Fungicide,11,9,3,0.2494211347493424,0,0,0.2278470024806936,0.5939052996666577,0.603952844820733,0.0148539687847235,0.3774946837237628,0.2789501497255173
153A,2022-07-22,Howzat,Cultivar,Fungicide,12,9,3,0.1677436791467816,0,0,0.1484267210019972,0.54006333742433,0.6050479220952254,0.05314616343796122,0.3905926318808197,0.1894299638758183
154A,2022-07-22,CVR496,Cultivar,Fungicide,13,9,3,0.3446292447229832,0,0,0.3739551699907348,0.6497873802208955,0.6031634846870115,0.0446395111542636,0.455130949630359,0.2763978840489337
155A,2022-07-22,CVR492,Cultivar,Fungicide,14,9,3,0.2592817854378871,0,0,0.28085935266117923,0.6285535700544723,0.6231605917058747,0.0681153648864421,0.4690135529349199,0.22623376275364432
156A,2022-07-22,WLD129,Wild cicer,Fungicide,15,9,3,0.013918190861022771,0,0,0.01850913041883523,0.586709062301377,0.5854632899956657,0.11331023945199552,0.38237012281706506,0.2634388053459912
157A,2022-07-22,CVR493,Cultivar,Fungicide,16,9,3,0.4351537940403921,0,0,0.4570694180498357,0.6527453479724945,0.6320641066837537,0.01375339819970085,0.44337369374993624,0.29464485625172177
158A,2022-07-22,CVR481,Cultivar,Fungicide,17,9,3,0.2513356312552137,0,0,0.279012369370977,0.6559987897849645,0.6519193655080232,0.07032249785484647,0.4266072152375597,0.31853473632663404
159A,2022-07-22,CVR477,Cultivar,Fungicide,18,9,3,0.22616894535277415,0,0,0.27822641903472073,0.6403468201561606,0.6341789826206508,0.09956694764911073,0.40951049067896805,0.31288333140279845
15A,2022-07-22,CVR482,Cultivar,Infected,6,2,1,0.2699903792155374,0,0,0.2819203856151252,0.6727509768183978,0.6535644809266752,0.09557622110621408,0.435380959131164,0.33569652554083423
160A,2022-07-22,CVR010,Cultivar,Fungicide,10,10,3,0.33216183149097706,0,0,0.3254227367269099,0.6598913757082069,0.6072852229693123,0.00771954161750952,0.4347222108954112,0.31574746161170875
161A,2022-07-22,CVR015,Cultivar,Fungicide,11,10,3,0.4248294244749928,0,0,0.3966298371917283,0.7056728844965071,0.6224768222729721,0.12963510319447158,0.4334279457968569,0.3922037212466396
162A,2022-07-22,CVR497,Cultivar,Fungicide,12,10,3,0.445103876226616,0,0,0.4578160708692792,0.6940365729604148,0.6061502257089748,0.15833824972626137,0.440014826077448,0.36570222679101394
163A,2022-07-22,CVR491,Cultivar,Fungicide,13,10,3,0.3566031285789083,0,0,0.3980052502801767,0.6790887573749713,0.6079379146599804,0.0395873457309843,0.46045768559488537,0.31809749992824216
164A,2022-07-22,CVR502,Cultivar,Fungicide,14,10,3,0.1605527242778429,1,2.9810379984491917e-4,0.1988061375560243,0.6665755389404573,0.6100874353418326,0.10982461394005602,0.44721927746020945,0.31252024326212746
165A,2022-07-22,CVR016,Cultivar,Fungicide,15,10,3,0.3017551222800801,0,0,0.3768238887180702,0.7085877972342799,0.6035721557006057,0.17739491971924415,0.44759835408119447,0.38221323775625365
166A,2022-07-22,WLD133,Wild cicer,Fungicide,16,10,3,0.08792109905163933,0,0,0.118521310707446,0.6571778576488898,0.6027850073968736,0.06101384910254649,0.3674401894088105,0.3819743803515496
167A,2022-07-22,WLD085,Wild cicer,Fungicide,17,10,3,0.06500676197963659,0,0,0.08967693336684078,0.6926205847695206,0.6245875054489264,0.14882708983005777,0.3664969198510913,0.43707128770875464
168A,2022-07-22,CVR501,Cultivar,Fungicide,18,10,3,0.2336149456039829,0,0,0.2860859223972835,0.7149902766547435,0.6442578973233486,0.1467602740092588,0.45552578682786504,0.3847888866643503
169A,2022-07-22,Genesis090,Cultivar,Fungicide,10,11,3,0.33618293660884513,0,0,0.3225540179995745,0.6268832537530558,0.5898648383242707,-0.062504348545799407,0.4620968421737465,0.2319892311468671
16A,2022-07-22,WLD133,Wild cicer,Infected,7,2,1,0.07041239917268494,0,0,0.0975364367294035,0.6084762935053903,0.5525290162192928,0.0726357155314524,0.31922852352187,0.35897642335539637
170A,2022-07-22,CVR495,Cultivar,Fungicide,11,11,3,0.19801789725000585,0,0,0.1870168825121802,0.6623268668762982,0.591424245179901,0.03384632875709185,0.443195152046308,0.3101827879085679
171A,2022-07-22,CVR504,Cultivar,Fungicide,12,11,3,0.3542845341946351,0,0,0.34393186714574514,0.7116498790977944,0.6097620011604417,0.11765126927504224,0.4611133900158207,0.3729061092210807
172A,2022-07-22,WLD131,Wild cicer,Fungicide,13,11,3,0.01494830922317843,0,0,0.02837280713885146,0.6229903337148113,0.5811578557874184,0.00754549458022509,0.3220899040815786,0.3764355773022489
173A,2022-07-22,CVR484,Cultivar,Fungicide,14,11,3,0.09599311978660184,0,0,0.09910833740191605,0.6747305700983822,0.6171405230270127,0.01468725570887902,0.4503618323769444,0.3223100155176687
174A,2022-07-22,WLD132,Wild cicer,Fungicide,15,11,3,0.00686635165514045,0,0,0.01174995752703128,0.6892969868533686,0.5957896125382446,0.18376709139511407,0.38434517317100314,0.414859770396156
175A,2022-07-22,CVR503,Cultivar,Fungicide,16,11,3,0.3651885523561027,0,0,0.4288538009782355,0.6567004919912212,0.6410433061069516,-0.03062240205866716,0.4246869453790661,0.3217459619687436
176A,2022-07-22,CVR482,Cultivar,Fungicide,17,11,3,0.20029343202428537,0,0,0.23947906745728645,0.6447738820350923,0.6300393501533786,-0.04403843605331713,0.4710500511681263,0.24950310653102428
177A,2022-07-22,CVR485,Cultivar,Fungicide,18,11,3,0.32294707495233704,0,0,0.32577641437822524,0.6795318689360258,0.6332639079189476,0.04236471165473758,0.4921268095858227,0.2815647871711479
178A,2022-07-22,CVR494,Cultivar,Fungicide,10,12,3,0.4090994177165451,0,0,0.38802368100972207,0.6463161118174952,0.6222674145771458,-0.03579547629132951,0.4461914978381873,0.2812242854682193
179A,2022-07-22,CVR500,Cultivar,Fungicide,11,12,3,0.47988279199071376,0,0,0.47487119316604026,0.6550624379744037,0.5962061804540243,0.02126703451138461,0.4339035907767758,0.30898202750736903
17A,2022-07-22,Genesis090,Cultivar,Infected,8,2,1,0.3144146476182117,0,0,0.32746620760117623,0.6709493672124192,0.6112990920339871,0.11403936832457516,0.437227206578944,0.3307501322079586
180A,2022-07-22,CVR019,Cultivar,Fungicide,12,12,3,0.44437517513441577,0,0,0.41832206647240144,0.6738115748066644,0.6048364683729428,0.08004170793651061,0.45383010974773985,0.31688301856563816
18A,2022-07-22,CVR019,Cultivar,Infected,9,2,1,0.2825571607782981,0,0,0.3501408748021697,0.6703210665641661,0.58680961672241,0.18226553172625015,0.4111414533407268,0.35778362820268594
19A,2022-07-22,CVR494,Cultivar,Infected,1,3,1,0.31413641629209893,0,0,0.29009426911219044,0.8186658898428251,0.5948964255193162,0.16035926700779132,0.5108007471738725,0.5291371479333584
1A,2022-07-22,WLD132,Wild cicer,Infected,1,1,1,0.00289493070264966,0,0,0.00581603248829642,0.6941013494340924,0.5309467140065426,0.00253601219956976,0.41020653425237186,0.3969029800456325
20A,2022-07-22,Howzat,Cultivar,Infected,2,3,1,0.24694686331355373,0,0,0.2301655559726496,0.831662438608304,0.6080720575883127,0.21610019069217384,0.5204373018795379,0.5487316407095265
21A,2022-07-22,CVR010,Cultivar,Infected,3,3,1,0.18663028654553265,1,2.9810379984491917e-4,0.17110138820299067,0.8277769003240156,0.5796521784795674,0.2900408937319553,0.514714900189721,0.5454698512654041
22A,2022-07-22,CVR501,Cultivar,Infected,4,3,1,0.3743900597839755,0,0,0.4231163635235647,0.661432050636211,0.6540560881064265,-0.0491425245018529,0.4110873841861261,0.34383581541604197
23A,2022-07-22,CVR491,Cultivar,Infected,5,3,1,0.3836246899887664,0,0,0.46308193812219617,0.68283311822999615,0.6369519837074077,0.02247670461546496,0.41879436626942257,0.3697849081895525
24A,2022-07-22,CVR502,Cultivar,Infected,6,3,1,0.24550602251761253,0,0,0.2614070818388365,0.6807730876477677,0.6391508983941174,0.05317468774157941,0.4395726611867584,0.34420287422068985
25A,2022-07-22,CVR485,Cultivar,Infected,7,3,1,0.262209838917455,0,0,0.27138865110929117,0.6041820604226549,0.5856778387592473,-0.01707501373025123,0.3911206918622524,0.27898864724134503
26A,2022-07-22,CVR503,Cultivar,Infected,8,3,1,0.2882145310759247,0,0,0.3254227367269099,0.6376379841387524,0.5979642210312979,0.01335723239564282,0.41178797237782067,0.30626705978566837
27A,2022-07-22,CVR504,Cultivar,Infected,9,3,1,0.2559827568568355,0,0,0.26745889942800977,0.6639866954771875,0.6039908730463347,0.10008244130132564,0.43952048877974137,0.31696913378077884
28A,2022-07-22,CVR495,Cultivar,Infected,1,4,1,0.3701967162261328,0,0,0.3466826933226421,0.797210711339818,0.5935284178310677,0.11120445907998316,0.4756086642260177,0.5180114259204663
29A,2022-07-22,CVR492,Cultivar,Infected,2,4,1,0.373538804417178,0,0,0.37183310408284287,0.8177645495682853,0.5882667886948028,0.1901375929341028,0.5082948997660389,0.5296104819294986
2A,2022-07-22,CVR016,Cultivar,Infected,2,1,1,0.3871522657305535,0,0,0.4210728926492984,0.7867878590345133,0.5801659590704386,0.2289434604617348,0.4480832356596635,0.523133471418615
30A,2022-07-22,CVR484,Cultivar,Infected,3,4,1,0.2258476544166677,0,0,0.2057225005150795,0.8195708353042234,0.5938752384612167,0.2097326881238942,0.5279479482577997,0.5140457032821503
31A,2022-07-22,CVR491,Cultivar,Fungicide,10,1,1,0.37990831441854567,0,0,0.3982017378642409,0.6039543068894963,0.6359786613894742,-0.00139968288380337,0.40922366504174906,0.25865877841687207
32A,2022-07-22,CVR016,Cultivar,Fungicide,11,1,1,0.37878545228101906,0,0,0.3648774436069748,0.6349397708898628,0.650600898450277,0.09452215408809896,0.39022279344022986,0.3253211350165857
33A,2022-07-22,Howzat,Cultivar,Fungicide,12,1,1,0.19821332163382313,0,0,0.17385221437988763,0.5610882788346357,0.6626946832716383,0.07685124953284923,0.3863044339552179,0.2231523057449499
34A,2022-07-22,CVR496,Cultivar,Fungicide,13,1,1,0.4944038173916476,0,0,0.4781328870615038,0.6648493552093074,0.6087401791429609,0.05405007234093638,0.42636638123043846,0.33283013805690587
35A,2022-07-22,Genesis090,Cultivar,Fungicide,14,1,1,0.30707132797544934,0,0,0.2722924939959859,0.5909380188760565,0.5988017028075514,0.03802225470550157,0.4140614010384656,0.2341758468887706
36A,2022-07-22,CVR484,Cultivar,Fungicide,15,1,1,0.12473375331851394,0,0,0.11875709580832287,0.5686498251485299,0.6213063084361179,0.05507152824114571,0.40358772393524145,0.21422728125123977
37A,2022-07-22,WLD133,Wild cicer,Fungicide,16,1,1,0.05226774197690132,0,0,0.08857660289608199,0.5595449254891823,0.5648760680085566,0.07355402912041564,0.37354813516717017,0.23514637069250136
38A,2022-07-22,CVR499,Cultivar,Fungicide,17,1,1,0,0,0,3.5367765131532296e-4,0.30353429126582476,0.5448460724428341,0.10387324908262524,0.2227378262973789,0.08665509164559336
39A,2022-07-22,CVR015,Cultivar,Fungicide,18,1,1,0.3743933720616673,0,0,0.4366740068239854,0.6725304985877916,0.6358754964893455,0.20391217551668356,0.42528365597752704,0.3462919644963055
3A,2022-07-22,CVR497,Cultivar,Infected,3,1,1,0.3101948058388345,0,0,0.3241652161888999,0.7460045495094891,0.5732265602278451,0.2045335769384308,0.4562276569452384,0.4392874606838635
40A,2022-07-22,CVR497,Cultivar,Fungicide,10,2,1,0.4788394245177908,0,0,0.46956602839631045,0.6731983592150605,0.6647269917236984,0.04881539533030079,0.446782182319303,0.32380927406741855
41A,2022-07-22,CVR503,Cultivar,Fungicide,11,2,1,0.33901493403535027,1,3.5772455981390294e-4,0.3348148432451724,0.6926476308724687,0.6772408447911378,0.11674908128591344,0.4323673933802268,0.37155197215375946
42A,2022-07-22,CVR477,Cultivar,Fungicide,12,2,1,0.2013069889979819,0,0,0.2361780760450101,0.6358962560965788,0.6296317930680276,0.15266558941438496,0.3943893592783472,0.32234904492136573
43A,2022-07-22,CVR500,Cultivar,Fungicide,13,2,1,0.4833374976232808,0,0,0.4685835904759901,0.6700602887782858,0.6078011976102744,0.03174667938320487,0.44698176413637974,0.3184582882734473
44A,2022-07-22,WLD085,Wild cicer,Fungicide,14,2,1,0.02984362200328776,0,0,0.03155590600068937,0.6691996526403036,0.58060479976205015,0.18918825105433776,0.3535329278185668,0.41349247505525794
45A,2022-07-22,CVR502,Cultivar,Fungicide,15,2,1,0.1876272821307701,0,0,0.2115385330033759,0.6962984861841233,0.6308740602798739,0.1617073506046771,0.4319062731958549,0.3781005365412858
46A,2022-07-22,CVR495,Cultivar,Fungicide,16,2,1,0.30110591585248364,0,0,0.3696717406581381,0.6732347270635468,0.6226586049769403,0.09662251136953716,0.43950942438374546,0.33194572007549256
47A,2022-07-22,CVR494,Cultivar,Fungicide,17,2,1,0.3947870658101959,1,1.8548680879239412e-4,0.4239416113766338,0.7141292478256649,0.6567404282177862,0.16355889266077425,0.4801859099039986,0.35603197099457917
48A,2022-07-22,CVR019,Cultivar,Fungicide,18,2,1,0.3260076195395777,0,0,0.3690822779059459,0.7240166658440017,0.6259665055292991,0.27317286126266965,0.4544368301110324,0.4017702031009786
49A,2022-07-22,CVR501,Cultivar,Fungicide,10,3,1,0.2762307103869241,0,0,0.29496716119697935,0.6581508058644655,0.6525043153045578,0.00878169716281419,0.4124545997160896,0.3372433974241411
4A,2022-07-22,CVR498,Cultivar,Infected,4,1,1,0.34239345728100545,0,0,0.32518695162603306,0.6167148793008355,0.6267378101469266,-0.04078652526925686,0.3991563171767078,0.2886026077604259
50A,2022-07-22,WLD132,Wild cicer,Fungicide,11,3,1,0.00618733472831759,0,0,0.00558024738741954,0.6689985211131975,0.6181953723056894,0.1916462511974893,0.34149077080813967,0.4244840199075017
51A,2022-07-22,CVR492,Cultivar,Fungicide,12,3,1,0.24559876629298347,0,0,0.27634013822770565,0.6783448825081158,0.6313872362285669,0.20303493986410953,0.4447126199863918,0.33455783183667315
52A,2022-07-22,WLD129,Wild cicer,Fungicide,13,3,1,0.06744791063850707,0,0,0.06715945623309855,0.6384205981434552,0.5905595034436081,0.02602537343498688,0.35933148961524175,0.3621733498707996
53A,2022-07-22,CVR498,Cultivar,Fungicide,14,3,1,0.3429101726009292,0,0,0.34243856150685825,0.6698840773334747,0.6017640444434907,0.02919128821414549,0.42291425130282806,0.3445947258916425
54A,2022-07-22,CVR482,Cultivar,Fungicide,15,3,1,0.15909863437113442,0,0,0.17349853672857232,0.6693225303300733,0.590822347898413,0.10745884310293696,0.4568241774253538,0.3060889371648356
55A,2022-07-22,CVR493,Cultivar,Fungicide,16,3,1,0.4785843791355208,0,0,0.4988426784218566,0.7098408757381016,0.6478746646500599,0.14328031788601442,0.4567059081883958,0.37456446912179975
56A,2022-07-22,WLD131,Wild cicer,Fungicide,17,3,1,0.02119526494994876,0,0,0.03065206311399465,0.6842542708768389,0.6140825840086295,0.20593288726244968,0.34699649507638985,0.4422669018381116
57A,2022-07-22,CVR504,Cultivar,Fungicide,18,3,1,0.3823792735766426,0,0,0.4370669819921135,0.7083204386452052,0.6349625113682548,0.16151063450511663,0.4824091673726224,0.343173879648679
58A,2022-07-22,CVR481,Cultivar,Fungicide,10,4,1,0.2558668271376219,0,0,0.2631754700954131,0.5823529584739326,0.6252951217641736,-0.06008262427475713,0.3772985634735671,0.2627962277993465
59A,2022-07-22,CVR485,Cultivar,Fungicide,11,4,1,0.3356827826773805,0,0,0.34707566849077026,0.6313119478472641,0.6478802840655296,-0.00402923876910066,0.4427335338634448,0.26173378381554324
5A,2022-07-22,CVR015,Cultivar,Infected,5,1,1,0.376976948661286,0,0,0.39796595276336394,0.6603983826865549,0.6607088256672884,0.03352277517609277,0.4075609781992161,0.3459510264940824
60A,2022-07-22,CVR010,Cultivar,Fungicide,12,4,1,0.28397481563039656,0,0,0.28321720366994807,0.6597664854657008,0.6564246023233574,0.06931618932242856,0.4423776110069234,0.30698829657968507
61A,2022-07-22,CVR493,Cultivar,Fungicide,1,5,2,0.2576687062019713,0,0,0.29646046683586624,0.5905975729025393,0.6005780231318134,0.0372285658647774,0.461146559585335,0.17790335468191376
62A,2022-07-22,CVR495,Cultivar,Fungicide,2,5,2,0.2709873748007749,0,0,0.2999972433490195,0.611218103772054,0.6398243777499129,0.06369797544682199,0.4436438167644212,0.2299201569852196
63A,2022-07-22,CVR501,Cultivar,Fungicide,3,5,2,0.2043840949736816,0,0,0.21829770589517988,0.5899360306613726,0.644262964934306,0.12196226110502048,0.40541910368207457,0.24252099835263868
64A,2022-07-22,WLD085,Wild cicer,Fungicide,4,5,2,0.02387820988032202,0,0,0.0420090454728978,0.5660414605784228,0.6047244199789038,0.05644058956079151,0.3499236841069586,0.2694975002645355
65A,2022-07-22,CVR485,Cultivar,Fungicide,5,5,2,0.2989198125758832,0,0,0.29854323522694537,0.6168257092775377,0.6484722903835053,0.05197022001874101,0.4435522782223271,0.23853538939111144
66A,2022-07-22,CVR491,Cultivar,Fungicide,6,5,2,0.26443900180404906,0,0,0.3253834392100971,0.5920253887132811,0.6375194209749949,0.1352715556597672,0.3828173097828257,0.2705175088721418
67A,2022-07-22,CVR016,Cultivar,Fungicide,7,5,2,0.3778845127488444,0,0,0.41360636445486376,0.6363328604711387,0.601188693168221,0.02017154979620073,0.3827295765998579,0.33525160064903897
68A,2022-07-22,CVR484,Cultivar,Fungicide,8,5,2,0.2007770245672909,0,0,0.18898175835282088,0.6481672036441333,0.6473546766380843,0.04991377216327822,0.3871491332464179,0.3484596084807891
69A,2022-07-22,CVR481,Cultivar,Fungicide,9,5,2,0.2457113837345053,0,0,0.23940047242366083,0.6468294164536159,0.6490973647195907,0.09656779738488593,0.4047549600643002,0.32792859368314387
6A,2022-07-22,CVR477,Cultivar,Infected,6,1,1,0.2813813021977024,0,0,0.29131249213338767,0.622467141403062,0.6506563446393585,0.04087667218057263,0.4075042041622333,0.28802202025051155
70A,2022-07-22,Howzat,Cultivar,Fungicide,1,6,2,0.1973653785447175,0,0,0.26195724707421586,0.6295121480876473,0.6207123056633252,0.03588273382197023,0.4601672434382467,0.2384067913596771
71A,2022-07-22,WLD132,Wild cicer,Fungicide,2,6,2,0.00391179995403805,0,0,0.00455851195028638,0.6757438467093967,0.6495962905679163,0.26816783946309314,0.3957265372032268,0.3822291084331222
72A,2022-07-22,CVR492,Cultivar,Fungicide,3,6,2,0.28289501310286364,0,0,0.34994438721810567,0.6430318839295822,0.6124164009828333,0.18351104126231835,0.4373004705353919,0.28621436085750634
73A,2022-07-22,CVR496,Cultivar,Fungicide,4,6,2,0.43580300046798864,0,0,0.4442977250856712,0.6960715878264608,0.6704776834313085,0.08024461771723769,0.463719660301201,0.34309772489746065
74A,2022-07-22,CVR498,Cultivar,Fungicide,5,6,2,0.286654448283078,0,0,0.2991326979791376,0.7013440889643743,0.6693641120082057,0.13943995543636073,0.4328642953173277,0.3855179645789057
75A,2022-07-22,CVR019,Cultivar,Fungicide,6,6,2,0.2444990900992996,0,0,0.28777571562023446,0.6923273953597756,0.6413694482982398,0.20327816654956513,0.44579844894080833,0.356584708483875
76A,2022-07-22,CVR499,Cultivar,Fungicide,7,6,2,0.00300092358878787,0,0,0.00243644604239444,0.50044781945815,0.5363195813846483,0.01435982356871308,0.37445916308656735,0.15504335879635464
77A,2022-07-22,CVR502,Cultivar,Fungicide,8,6,2,0.20323142233692867,0,0,0.2065084508513358,0.7069595382088711,0.6398203009738009,0.06800475745312046,0.427598047179608,0.4004003096230461
78A,2022-07-22,CVR482,Cultivar,Fungicide,9,6,2,0.2519351535174329,0,0,0.2992112930127632,0.6991096432381505,0.6180151202711354,0.11801537908550738,0.42727673295890595,0.3876202189635448
79A,2022-07-22,CVR497,Cultivar,Fungicide,1,7,2,0.45092686040883345,0,0,0.5452137482609767,0.6825874305247025,0.6270211403070707,0.06313221760140417,0.4814840937507019,0.2995528884490665
7A,2022-07-22,WLD131,Wild cicer,Infected,7,1,1,0.00231528210658137,0,0,0,NA,NA,NA,NA,NA
80A,2022-07-22,CVR503,Cultivar,Fungicide,2,7,2,0.3448577918837187,3,9.837425394882333e-4,0.4033104150499066,0.7172746746049813,0.6556125171510554,0.1145285455602106,0.4817077061776084,0.3599281787293904
81A,2022-07-22,CVR477,Cultivar,Fungicide,3,7,2,0.32048605262731567,0,0,0.3726976494527248,0.6922457462458165,0.6109769176965578,0.18653535840597923,0.458730464118606,0.3421741131537772
82A,2022-07-22,WLD133,Wild cicer,Fungicide,4,7,2,0.10988150014839825,0,0,0.12579135131781652,0.6285172468304565,0.612854197893037,0.05491792480042178,0.3482191314946744,0.35883290582018523
83A,2022-07-22,CVR500,Cultivar,Fungicide,5,7,2,0.41040445512712176,0,0,0.435927354004542,0.6723589995791428,0.6477215501188706,0.07482646193271629,0.46001421120382424,0.3074318190234055
84A,2022-07-22,CVR494,Cultivar,Fungicide,6,7,2,0.38772528977123816,0,0,0.4001666137048815,0.7005989005555532,0.6553467815998449,0.1362021642023455,0.4658073193195683,0.3485333977885027
85A,2022-07-22,WLD131,Wild cicer,Fungicide,7,7,2,0.01160953330982504,0,0,0.0115141724261544,0.5877335317261367,0.5647184482023652,-0.04885021372155951,0.27540130376367344,0.3726503802908227
86A,2022-07-22,CVR504,Cultivar,Fungicide,8,7,2,0.3065877354324438,0,0,0.3201961669908057,0.6890883211202723,0.6382706640369407,-0.00680760391168813,0.43405950038447494,0.3638618361929614
87A,2022-07-22,CVR010,Cultivar,Fungicide,9,7,2,0.3443145783422604,0,0,0.34247785902367106,0.6980448248202415,0.6407335463037356,0.05054786455320345,0.4421101084452594,0.3701755968827025
88A,2022-07-22,Genesis090,Cultivar,Fungicide,1,8,2,0.4672795753733431,0,0,0.525761477438634,0.6520206417351333,0.6207507140569632,0.02162359639914094,0.4709247155296341,0.2613415324340447
89A,2022-07-22,CVR015,Cultivar,Fungicide,2,8,2,0.4123686357983703,0,0,0.4745961105483506,0.7088160176872065,0.6417813256416474,0.12449143461883291,0.46292146022031994,0.36598322137299977
8A,2022-07-22,CVR493,Cultivar,Infected,8,1,1,0.4126799899014013,0,0,0.4263387599022154,0.6446324929267897,0.6252984757184722,0.07763117463389682,0.4129653553154953,0.31571351134245984
90A,2022-07-22,WLD129,Wild cicer,Fungicide,3,8,2,0,0,0,0,NA,NA,NA,NA,NA
91A,2022-07-22,CVR503,Cultivar,Infected,10,5,2,0.3080881972268377,0,0,0.31964600175542635,0.5773304417520582,0.6437804896449485,-0.03793457491054921,0.41091651316100214,0.21817184054706343
92A,2022-07-22,CVR501,Cultivar,Infected,11,5,2,0.21125044662882209,0,0,0.213424813810391,0.587322196364073,0.6577574688443643,0.06227760532815763,0.3876520300332025,0.25853182373174954
93A,2022-07-22,CVR019,Cultivar,Infected,12,5,2,0.3542812219169433,0,0,0.34621112312088836,0.6193218940614128,0.6591464349014322,0.11295072350117918,0.39385022593468905,0.2982114172785827
94A,2022-07-22,CVR499,Cultivar,Infected,13,5,2,0.0309929823623489,0,0,0.02047400625947591,0.7227750580631953,0.7162840767293333,0.09193788897493407,0.5410065119293308,0.2984832686382736
95A,2022-07-22,WLD133,Wild cicer,Infected,14,5,2,0.07530463332350136,0,0,0.07183586073382338,0.765629168301087,0.7551056261465624,0.289254540299038,0.42970787391007315,0.5006255342738721
96A,2022-07-22,CVR493,Cultivar,Infected,15,5,2,0.3883115629226901,0,0,0.34955141204997753,0.78835706103967,0.7716588484952392,0.25582161039372553,0.5125915319069415,0.4627754893374434
97A,2022-07-22,CVR504,Cultivar,Infected,16,5,2,0.3502071203560061,0,0,0.3271518274666737,0.6365936260371827,0.5806242318967944,-0.03925366286418945,0.4524043173622363,0.2586920153530497
98A,2022-07-22,CVR015,Cultivar,Infected,17,5,2,0.4559184628904045,0,0,0.40291743988177847,0.6607091583575069,0.5957503860245624,0.05485019702478882,0.4418082232376201,0.30914139037701754
99A,2022-07-22,CVR010,Cultivar,Infected,18,5,2,0.28854244656741473,0,0,0.27205670889510897,0.6463561829129216,0.6017091093562152,0.07020271313813047,0.4354695912297975,0.2934966396795121
9A,2022-07-22,CVR496,Cultivar,Infected,9,1,1,0.3857147372123041,0,0,0.41282041411860754,0.657007059128533,0.6202834954105549,0.15644595401447223,0.3965130723800425,0.3522625751206324
100A,2022-07-26,CVR482,Cultivar,Infected,10,6,2,0.2295574054315048,0,0,0.1872526676130571,0.5470592579708023,0.524332809150217,0.00906257834596581,0.4399990952580752,0.14099953811019247
101A,2022-07-26,CVR498,Cultivar,Infected,11,6,2,0.21839834188776713,0,0,0.1746381647161439,0.5734262279334154,0.5367259810796006,0.10884939410815428,0.4100459970406895,0.21360554359663847
102A,2022-07-26,CVR484,Cultivar,Infected,12,6,2,0.1055854759821092,0,0,0.07659086026817383,0.5739145408135115,0.5630745406510399,0.12027727233272492,0.4638598257600802,0.1499824197456586
103A,2022-07-26,WLD131,Wild cicer,Infected,13,6,2,0.05274470996452323,0,0,0.03183098861837907,0.7519466468587744,0.758812933988075,0.21385108243675352,0.34311661263688803,0.5509878733659553
104A,2022-07-26,CVR494,Cultivar,Infected,14,6,2,0.3519493784219028,0,0,0.32974546357631945,0.7869113097115796,0.7769043423611651,0.23076830861188088,0.48443207841207625,0.4888198369984368
105A,2022-07-26,Genesis090,Cultivar,Infected,15,6,2,0.3420158576241381,0,0,0.30593116838775436,0.7853794499580015,0.7536285321221073,0.280534793668006,0.5073025516726668,0.4622480951182501
106A,2022-07-26,Howzat,Cultivar,Infected,16,6,2,0.2921362678630382,0,0,0.2513076200179434,0.5728899630057459,0.5883809975535649,0.03097009441012502,0.4262841399537036,0.1939779311296183
107A,2022-07-26,WLD129,Wild cicer,Infected,17,6,2,0.010056075072362,0,0,0.006326900206863,0.5504000188488288,0.5669938647536612,0.15884047995375727,0.3513752276599311,0.24674440138739304
108A,2022-07-26,CVR495,Cultivar,Infected,18,6,2,0.4232859030706052,0,0,0.394586366317462,0.62744859170999,0.6094093472323616,0.11617130633754486,0.4529086143566915,0.24383115128211497
109A,2022-07-26,CVR481,Cultivar,Infected,10,7,2,0.2593910906017171,1,2.1198492433416473e-4,0.2503644796144358,0.566864603073512,0.5479783994411492,0.00378541187608826,0.4234576505575775,0.18870407324097352
10A,2022-07-26,CVR481,Cultivar,Infected,1,2,1,0.46827988323627234,0,0,0.38814157356016055,0.7332358547578424,0.5965895700834276,0.0417743267335245,0.4522944184635093,0.42034352635395605
110A,2022-07-26,CVR477,Cultivar,Infected,11,7,2,0.3819288038105552,5,0.00246101995608802,0.37717756636938554,0.6123629502108477,0.5523071865282411,0.08844784924064478,0.42689062739683997,0.25111743464693564
111A,2022-07-26,WLD132,Wild cicer,Infected,12,7,2,0.02312963512197097,0,0,0.02373570015493945,0.605902644342563,0.5142656657176037,0.23680665728936529,0.3429059159154612,0.33196916565148654
112A,2022-07-26,WLD085,Wild cicer,Infected,13,7,2,0.07904750711525665,0,0,0.0457423095701151,0.7398763270605986,0.7488346088383828,0.19319012085264164,0.34248218960111093,0.5322678691459943
113A,2022-07-26,CVR500,Cultivar,Infected,14,7,2,0.4742883549692318,0,0,0.4315653296383196,0.7631545576604263,0.7550039372072133,0.16319747626777387,0.4728875454392707,0.4541711524322043
114A,2022-07-26,CVR491,Cultivar,Infected,15,7,2,0.5180269818896995,0,0,0.4884681339832738,0.7882180165658632,0.7476702173133021,0.2763564441320488,0.44597747053333103,0.5277641442459153
115A,2022-07-26,CVR502,Cultivar,Infected,16,7,2,0.2091173397952907,0,0,0.1855628743901061,0.5396647633002197,0.5771571511812705,-0.00403697270799306,0.4046627984781568,0.172721212385349
116A,2022-07-26,CVR492,Cultivar,Infected,17,7,2,0.5545349066089268,0,0,0.5190808995804557,0.6121967258561459,0.6093311222381229,0.06902425892517677,0.45041766745111533,0.2233728237436311
117A,2022-07-26,CVR485,Cultivar,Infected,18,7,2,0.41508139122796994,0,0,0.39262149047682127,0.614360073717343,0.595525303248866,0.09947489261859035,0.49239741049393754,0.17485919865125846
118A,2022-07-26,CVR016,Cultivar,Infected,10,8,2,0.5216671750730084,0,0,0.5124396192390901,0.5901511796133918,0.5518781862860871,0.05291024493297873,0.3960520214655044,0.2533040598450823
119A,2022-07-26,CVR497,Cultivar,Infected,11,8,2,0.5565587082786282,0,0,0.5459604010804202,0.6201936745235352,0.5671242328059826,0.05266396087168349,0.4462737299976095,0.24047871650167377
11A,2022-07-26,CVR499,Cultivar,Infected,2,2,1,0.131076765098347,0,0,0.11140846016432672,0.6950422482010474,0.5585178495364395,0.11548480456568212,0.4034288996044969,0.40524374794759555
120A,2022-07-26,CVR496,Cultivar,Infected,12,8,2,0.4185228477497697,0,0,0.3869626480557761,0.6410681054543432,0.570531518151488,0.10961345028838348,0.4616831120796541,0.25479748646434347
121A,2022-07-26,WLD085,Wild cicer,Infected,1,9,3,0.05229092792074405,0,0,0.09565015592238846,0.5165850617874393,0.579405106788754,-0.01853686816265409,0.3978796062858696,0.14941627700922477
122A,2022-07-26,CVR019,Cultivar,Infected,2,9,3,0.4179100763767832,0,0,0.4424114442786562,0.643827107631079,0.6379836497646018,0.1155856612288741,0.4497126487487475,0.27322254904568916
123A,2022-07-26,CVR494,Cultivar,Infected,3,9,3,0.26472716996323725,1,4.3721890643921466e-4,0.2574380326407423,0.6107083475169038,0.6580886800230741,0.11688698274100248,0.44575474798287634,0.2266550227420121
124A,2022-07-26,CVR498,Cultivar,Infected,4,9,3,0.24768550123882935,0,0,0.2381429518856508,0.5984621344374117,0.5235722138189296,0.00248981028941406,0.42785945661579367,0.2293224542698652
125A,2022-07-26,CVR485,Cultivar,Infected,5,9,3,0.35616922020128006,0,0,0.3227898031004514,0.6247720792501212,0.5538701116199167,0.06281563288444039,0.4665217978628152,0.2233500844038316
126A,2022-07-26,CVR502,Cultivar,Infected,6,9,3,0.1458925832138527,0,0,0.1329434993777486,0.6057560960107425,0.580470308258121,0.1370097861714859,0.4449634626877018,0.22012497035407955
127A,2022-07-26,Genesis090,Cultivar,Infected,7,9,3,0.39289575524816733,0,0,0.26286108996091057,0.5556715140560304,0.5146634274063662,0.02033055321918451,0.4420688382277209,0.15059578707994933
128A,2022-07-26,CVR010,Cultivar,Infected,8,9,3,0.2629617259534978,0,0,0.16359556249174326,0.5554675983341599,0.5549311568618613,0.03378735854035172,0.4484757285985196,0.14248745095960488
129A,2022-07-26,CVR491,Cultivar,Infected,9,9,3,0.4687767248900452,0,0,0.30962513496815885,0.5900247716514673,0.507514947888868,0.11276023620897148,0.4050728383354821,0.2430389810853684
12A,2022-07-26,CVR500,Cultivar,Infected,3,2,1,0.40691000216225287,0,0,0.3727762444863504,0.7130370712929529,0.5609034358060946,0.16235555296551954,0.4213785726487157,0.4169281117944236
130A,2022-07-26,CVR484,Cultivar,Infected,1,10,3,0.21730529024946693,0,0,0.23397741510349257,0.63585836308125665,0.6413040882840455,0.00283928783466606,0.49295729608638594,0.2081440232586702
131A,2022-07-26,CVR481,Cultivar,Infected,2,10,3,0.2793541882503093,0,0,0.2991326979791376,0.6703356038514772,0.6656610170849012,0.09411002297601284,0.48626674990767127,0.2730837591496739
132A,2022-07-26,CVR492,Cultivar,Infected,3,10,3,0.3985531255457939,0,0,0.39446847376702354,0.6611351983637531,0.6372684238167384,0.13915596611054937,0.49114881524023146,0.2517256814511456
133A,2022-07-26,CVR496,Cultivar,Infected,4,10,3,0.4708336493366647,0,0,0.4782114820951294,0.6821660742106324,0.5654488453668386,0.0793113379071706,0.4677983203519746,0.3148374746742513
134A,2022-07-26,WLD131,Wild cicer,Infected,5,10,3,0.02070504785155957,0,0,0.02161363424704751,0.6263894745423064,0.4903389006849502,0.14220179588890822,0.33871548387270123,0.3651462783165127
135A,2022-07-26,Howzat,Cultivar,Infected,6,10,3,0.1995647309320852,0,0,0.2220309699923972,0.6762360567751948,0.5612480129656447,0.12912967099405687,0.484645258559159,0.2849927986955085
136A,2022-07-26,CVR016,Cultivar,Infected,7,10,3,0.460916689927359,0,0,0.40091326652432496,0.5923079210257787,0.506040274402121,0.07025113640675767,0.4238766536079982,0.22489452321740797
137A,2022-07-26,CVR482,Cultivar,Infected,8,10,3,0.247801430958043,4,7.022009654444678e-4,0.20980944226361217,0.6039656362107048,0.5388999890492274,0.1075505000442256,0.4589754598340148,0.2005966529091166
138A,2022-07-26,CVR497,Cultivar,Infected,9,10,3,0.4451535603919932,0,0,0.37902454965958776,0.6101734856372879,0.49010597625378866,0.14323729502944668,0.4485575118928037,0.22251894062365815
139A,2022-07-26,CVR493,Cultivar,Infected,1,11,3,0.5635741124299004,0,0,0.5935103964239247,0.6801508432450475,0.6506264547134232,0.06690757057601988,0.4850790710758562,0.2911201532946789
13A,2022-07-26,WLD129,Wild cicer,Infected,4,2,1,0.05720966029309503,0,0,0.05941784542097425,0.5693994093007623,0.5438898917107424,0.09934916294338526,0.3559652958071813,0.2676915598838222
140A,2022-07-26,CVR495,Cultivar,Infected,2,11,3,0.3714752554151749,0,0,0.3926607879936341,0.6764415283551714,0.645406354163259,0.0943444031674563,0.4791890112077194,0.291855552955906
141A,2022-07-26,CVR504,Cultivar,Infected,3,11,3,0.3267826925194633,0,0,0.35595690729046614,0.6750496792924303,0.6252720453041839,0.15464089138928733,0.5016715430553221,0.2621591878463472
142A,2022-07-26,CVR015,Cultivar,Infected,4,11,3,0.5500997667795814,0,0,0.5719753572105029,0.6911363121679296,0.5861202109460502,0.09015469684846392,0.4433293101474106,0.3572770382881072
143A,2022-07-26,WLD132,Wild cicer,Infected,5,11,3,0.02627961120689069,0,0,0.03434602969439914,0.663524968175275,0.5493299456370654,0.08955585962723568,0.35812280327351786,0.40059227102791073
144A,2022-07-26,WLD129,Wild cicer,Infected,6,11,3,0.07411221335444658,0,0,0.07089272033031585,0.695845221480904,0.580326875848163,0.18648752638576988,0.44136493965923407,0.3672799047327261
145A,2022-07-26,CVR500,Cultivar,Infected,7,11,3,0.5509609589794543,0,0,0.49400908385388054,0.5929414626986802,0.5238352091466066,0.05129980069719077,0.42893048667039446,0.21995135037135824
146A,2022-07-26,CVR501,Cultivar,Infected,8,11,3,0.3009403019678927,0,0,0.2787372867532873,0.6040071759585103,0.5195737708618786,0.0621244355264637,0.43324479839459135,0.2312859787495432
147A,2022-07-26,CVR503,Cultivar,Infected,9,11,3,0.4150018965633663,2,6.293302441170515e-4,0.3668030219308027,0.6126330996737089,0.5091598440758142,0.10739804918950974,0.4606544588160839,0.211731983032223
148A,2022-07-26,WLD133,Wild cicer,Infected,1,12,3,0.1801547836580268,0,0,0.2318553491956006,0.6209733325006462,0.6128023768025779,0.02784438739326537,0.3965636779074326,0.29772641160264357
149A,2022-07-26,CVR499,Cultivar,Infected,2,12,3,0,0,0,0,NA,NA,NA,NA,NA
14A,2022-07-26,WLD085,Wild cicer,Infected,5,2,1,0.04207917579686656,0,0,0.05383759803355471,0.5757501011063859,0.5155049599767297,0.17643571252357526,0.3435669510946672,0.2894361382234417
150A,2022-07-26,CVR477,Cultivar,Infected,3,12,3,0.44654802930024895,1,2.1198492433416473e-4,0.4605668970461761,0.6701982123311181,0.6428015063796552,0.09949543895918266,0.48632185185258486,0.27278608423030193
151A,2022-07-26,CVR499,Cultivar,Fungicide,10,9,3,0,0,0,0,NA,NA,NA,NA,NA
152A,2022-07-26,CVR498,Cultivar,Fungicide,11,9,3,0.31044653894341273,1,3.279141798294111e-4,0.1801398170699378,0.5158344193868751,0.5195316440475393,-0.00501750003713188,0.40637928022918834,0.13848497086294984
153A,2022-07-26,Howzat,Cultivar,Fungicide,12,9,3,0.1852192562488178,0,0,0.07721962053717885,0.5188063470057359,0.559890394935528,0.03668880785940945,0.4159762412162402,0.1311292567958122
154A,2022-07-26,CVR496,Cultivar,Fungicide,13,9,3,0.42179206583159495,0,0,0.3958045893386592,0.7023360781637057,0.5860150674032634,0.12496690362774496,0.5020817982926248,0.3093352019931893
155A,2022-07-26,CVR492,Cultivar,Fungicide,14,9,3,0.34776265941944384,0,0,0.3273483150507378,0.6838143115259243,0.5970710725005046,0.1422862966837231,0.5034448690883135,0.27506361426257414
156A,2022-07-26,WLD129,Wild cicer,Fungicide,15,9,3,0.02448766897561669,0,0,0.02652582384864922,0.6382640897788298,0.584186523740453,0.1786863624734526,0.419518002780445,0.2987368427253208
157A,2022-07-26,CVR493,Cultivar,Fungicide,16,9,3,0.5504309945487633,0,0,0.4222518181536828,0.5758695778471505,0.5239628761335787,0.03183062184341534,0.4489214712536206,0.17120912761050108
158A,2022-07-26,CVR481,Cultivar,Fungicide,17,9,3,0.3512935474389227,0,0,0.24329092658812937,0.5721816137562213,0.5535400831794074,0.05664353921139279,0.44099503157998426,0.17546036403133594
159A,2022-07-26,CVR477,Cultivar,Fungicide,18,9,3,0.3583917585324905,0,0,0.2506395622321255,0.5624865963324318,0.5347016741587642,0.08359833156351433,0.4038179379867138,0.20530122581610663
15A,2022-07-26,CVR482,Cultivar,Infected,6,2,1,0.29631636231011355,0,0,0.2764187332613313,0.6240578227592224,0.568258592198863,0.1756703451808463,0.4285993709771792,0.2668268366511784
160A,2022-07-26,CVR010,Cultivar,Fungicide,10,10,3,0.4215668309485512,0,0,0.3000365408658323,0.5446823524850348,0.5275432216262793,-0.01773621395219625,0.4232723902077576,0.15778777657444762
161A,2022-07-26,CVR015,Cultivar,Fungicide,11,10,3,0.5039696753656204,0,0,0.4037819852516604,0.602451477446722,0.5493402355539313,0.08399169091647891,0.4228629383589772,0.2409790001617104
162A,2022-07-26,CVR497,Cultivar,Fungicide,12,10,3,0.4771965347826487,0,0,0.3831114914081204,0.5944049645636824,0.5312810505704672,0.11407526250560164,0.4233599581396089,0.22856201025382472
163A,2022-07-26,CVR491,Cultivar,Fungicide,13,10,3,0.4629769266516704,0,0,0.4554189223436975,0.718748551268654,0.5887655336658792,0.11619583616239654,0.5035929044699147,0.3372116545330118
164A,2022-07-26,CVR502,Cultivar,Fungicide,14,10,3,0.1969844666101583,3,0.00108642273721259,0.1915753944624666,0.7169537811590535,0.5959577351279359,0.18231981195074257,0.5096530435398392,0.32666243092728836
165A,2022-07-26,CVR016,Cultivar,Fungicide,15,10,3,0.3823792735766426,0,0,0.4079082245170058,0.7361434080075888,0.5812752888035428,0.22396020173153583,0.4885008386505744,0.38670385620594194
166A,2022-07-26,WLD133,Wild cicer,Fungicide,16,10,3,0.15713776597757767,0,0,0.11309825338727772,0.5314803128495432,0.4903208555063642,0.02898510934745954,0.3580574695362768,0.21418173339733948
167A,2022-07-26,WLD085,Wild cicer,Fungicide,17,10,3,0.1090468061700599,0,0,0.0946284204852553,0.5841444915335972,0.5072832030122337,0.12727047395809182,0.3518342916845227,0.2924061061395159
168A,2022-07-26,CVR501,Cultivar,Fungicide,18,10,3,0.31951886754130454,0,0,0.30247298690822677,0.6356669607997413,0.5503701757215637,0.15144803431957837,0.4489069535911088,0.2613326764198706
169A,2022-07-26,Genesis090,Cultivar,Fungicide,10,11,3,0.36096539829903374,0,0,0.25649489223723476,0.565313879845608,0.5529398065870365,-0.03120974060786012,0.4588100916374017,0.1438019450241261
16A,2022-07-26,WLD133,Wild cicer,Infected,7,2,1,0.12252446409807076,0,0,0.13007478065041322,0.5932776723413753,0.5673429139943031,0.10943997516285248,0.3373516549894579,0.31996479724146165
170A,2022-07-26,CVR495,Cultivar,Fungicide,11,11,3,0.24278001797724563,5,0.00155013975919357,0.18709547754580583,0.5675457138535005,0.5397767920811785,0.01033092309375628,0.4314263309707373,0.18025575534060476
171A,2022-07-26,CVR504,Cultivar,Fungicide,12,11,3,0.377434042982757,0,0,0.31229736611143016,0.6047610920409652,0.5423748365569344,0.092955588361838,0.452872863962443,0.2091778281848508
172A,2022-07-26,WLD131,Wild cicer,Fungicide,13,11,3,0.03432513372031865,0,0,0.03572144278284762,0.6873165960342322,0.5876066059046393,0.09151620157486044,0.37325051798722775,0.42243915861559106
173A,2022-07-26,CVR484,Cultivar,Fungicide,14,11,3,0.1283143255033701,0,0,0.13742341629440938,0.6966103791658084,0.6028911346087127,0.05075517718163023,0.49802388101389566,0.3040808394712209
174A,2022-07-26,WLD132,Wild cicer,Fungicide,15,11,3,0.01364658409029362,0,0,0.01587619679237672,0.7331172588423303,0.5827419697809489,0.28309897291076264,0.4477332936560851,0.42483088024706617
175A,2022-07-26,CVR503,Cultivar,Fungicide,16,11,3,0.4451535603919932,0,0,0.37906384717640057,0.5890035520110019,0.548414743455276,0.00773522938341262,0.4365454236181721,0.20522766125453584
176A,2022-07-26,CVR482,Cultivar,Fungicide,17,11,3,0.2556912764199555,0,0,0.22399584583303783,0.5751990853731718,0.5568838396820771,-0.01832147020732976,0.48309448342307576,0.12754670779012045
177A,2022-07-26,CVR485,Cultivar,Fungicide,18,11,3,0.3364479188241907,0,0,0.2836101788380762,0.6114696088481822,0.5419249046985801,0.07844919126352366,0.5077185079458554,0.1504630100438111
178A,2022-07-26,CVR494,Cultivar,Fungicide,10,12,3,0.389043576292582,0,0,0.3305314139125757,0.5587610385332891,0.5753484509647367,-0.03239313020951611,0.43991978210971167,0.1575746984606102
179A,2022-07-26,CVR500,Cultivar,Fungicide,11,12,3,0.5555451513049315,0,0,0.4763644988049272,0.5735804949955399,0.5471481132833763,0.0166237151918386,0.4252619207849405,0.1961683358518809
17A,2022-07-26,Genesis090,Cultivar,Infected,8,2,1,0.36028969364990265,0,0,0.37324781468810414,0.6845598147941548,0.6337373651234024,0.15316009603003172,0.46743749554936487,0.31929232824109177
180A,2022-07-26,CVR019,Cultivar,Fungicide,12,12,3,0.4825193650334016,0,0,0.43081867681887615,0.5928126158086303,0.5445295512986794,0.04452043533308388,0.45744890948791744,0.18573033404952233
18A,2022-07-26,CVR019,Cultivar,Infected,9,2,1,0.4276316114022715,0,0,0.4709807390015717,0.6895333506986008,0.6108830054143808,0.22384557157660487,0.4472217576731506,0.3503507735574733
19A,2022-07-26,CVR494,Cultivar,Infected,1,3,1,0.44709455511939905,0,0,0.3766666986508189,0.7406782692920385,0.6003969525114615,0.03482171170953351,0.46303542485682503,0.4225662996620677
1A,2022-07-26,WLD132,Wild cicer,Infected,1,1,1,0.00507109714617464,0,0,0.00506937966885296,0.44561748148389985,0.5556530084437482,-0.1816285972318577,0.31650210999065764,0.15031573310539634
20A,2022-07-26,Howzat,Cultivar,Infected,2,3,1,0.3412739074211707,0,0,0.2914303846838261,0.7379393785753964,0.5985298194245396,0.07741996911216889,0.4702314799798683,0.4099676144419567
21A,2022-07-26,CVR010,Cultivar,Infected,3,3,1,0.21452960154372272,1,3.279141798294111e-4,0.18186890780970164,0.7482505985511757,0.5756045480086587,0.1702315050518379,0.4906246393781387,0.4070628900383503
22A,2022-07-26,CVR501,Cultivar,Infected,4,3,1,0.4232991521813725,2,9.771180106027905e-4,0.4306614867516249,0.5973572923259284,0.5827423269391855,0.03180807909404171,0.411502638163661,0.24643082638609293
23A,2022-07-26,CVR491,Cultivar,Infected,5,3,1,0.4631591019247204,0,0,0.4623352853027527,0.6166306027854503,0.5652163591545227,0.08803872713370033,0.4246849426648353,0.26004447814861836
24A,2022-07-26,CVR502,Cultivar,Infected,6,3,1,0.2596196377624526,0,0,0.2572022475398654,0.6229705667380683,0.5691330170249015,0.13409833503385443,0.4399187026587736,0.252157144116124
25A,2022-07-26,CVR485,Cultivar,Infected,7,3,1,0.28785349280751643,0,0,0.2957138140164228,0.6293493033939425,0.6341259894387,0.01663453907118208,0.44365346370499686,0.2576292847387301
26A,2022-07-26,CVR503,Cultivar,Infected,8,3,1,0.3158024919710838,0,0,0.35717513031166337,0.6543217032994768,0.609632048804023,0.06527616289694263,0.4551994804746498,0.28358804177629005
27A,2022-07-26,CVR504,Cultivar,Infected,9,3,1,0.2969622564600182,0,0,0.29763939234025066,0.6738469350622156,0.6200063091424417,0.1415661732427279,0.47032303279171034,0.29795281778480154
28A,2022-07-26,CVR495,Cultivar,Infected,1,4,1,0.5005845275645815,0,0,0.4598988392603583,0.710853103509555,0.5795379531539796,-0.00716994709614527,0.43292069551112977,0.401487332044572
29A,2022-07-26,CVR492,Cultivar,Infected,2,4,1,0.4291883819174264,0,0,0.3991055807509355,0.7260706344457325,0.5825150266325683,0.04688486065926077,0.46099269947877464,0.3984416338710396
2A,2022-07-26,CVR016,Cultivar,Infected,2,1,1,0.5396992148272702,0,0,0.4566764428817075,0.6821021643176154,0.5596033362087568,0.0960417167668778,0.38852679524247513,0.39943040506339406
30A,2022-07-26,CVR484,Cultivar,Infected,3,4,1,0.22348268814470904,0,0,0.20187134386742375,0.7118180528924319,0.5699700709444527,0.06542615386684962,0.47818594423609767,0.3541927173010181
31A,2022-07-26,CVR491,Cultivar,Fungicide,10,1,1,0.4282675687191008,0,0,0.35481727930289453,0.5577616015515904,0.5707704068574166,0.00611871332408145,0.3886840568333093,0.2158785018432515
32A,2022-07-26,CVR016,Cultivar,Fungicide,11,1,1,0.5429717451867873,0,0,0.4032711175330938,0.5697898487399454,0.572064622980592,0.07046381953632301,0.3603113094659691,0.2635950602442369
33A,2022-07-26,Howzat,Cultivar,Fungicide,12,1,1,0.24402874666706137,0,0,0.1427285810641392,0.5336310643937475,0.6134415787384624,0.09617333242768691,0.37329644870911927,0.20021869692926111
34A,2022-07-26,CVR496,Cultivar,Fungicide,13,1,1,0.5988763680693057,0,0,0.5770447368793558,0.6905073220949305,0.5769502467721406,0.14925526131324168,0.4579302503168619,0.3401264948787065
35A,2022-07-26,Genesis090,Cultivar,Fungicide,14,1,1,0.38183937231287607,0,0,0.3426350490909223,0.6527372435114142,0.5740337774137757,0.15102347818964357,0.4650991216247489,0.269435323031343
36A,2022-07-26,CVR484,Cultivar,Fungicide,15,1,1,0.14735992223132843,0,0,0.1348690777015765,0.6294921453815179,0.5903457036449263,0.1878978959419673,0.4417342128844654,0.26007711117757387
37A,2022-07-26,WLD133,Wild cicer,Fungicide,16,1,1,0.10870895384549438,0,0,0.08008833926451424,0.4908941257125275,0.510888217899345,-0.04746516248714648,0.4393084698866054,0.06576900035973048
38A,2022-07-26,CVR499,Cultivar,Fungicide,17,1,1,5.796485960682973e-4,0,0,0,NA,NA,NA,NA,NA
39A,2022-07-26,CVR015,Cultivar,Fungicide,18,1,1,0.4923502052227199,0,0,0.37179380656603006,0.6050234570182469,0.5790527987794225,0.10599706200191468,0.4641977613989609,0.1958225686650299
3A,2022-07-26,CVR497,Cultivar,Infected,3,1,1,0.4587040884292241,1,2.5504436208954195e-4,0.37124364133065063,0.6397857930413954,0.5607681864381621,0.08654117393428867,0.3870203563282406,0.3359500776290904
40A,2022-07-26,CVR497,Cultivar,Fungicide,10,2,1,0.5430379907406236,0,0,0.4672081773875416,0.6153897225402511,0.6034799535327644,0.04493010619596424,0.4081552327334345,0.2767460504624846
41A,2022-07-26,CVR503,Cultivar,Fungicide,11,2,1,0.4284563685475344,1,2.9810379984491917e-4,0.3717545090492173,0.6376057420901963,0.6312027894005621,0.08548107095635696,0.42083419067834815,0.2962680636989357
42A,2022-07-26,CVR477,Cultivar,Fungicide,12,2,1,0.2866776342269207,0,0,0.25735943760711666,0.589010505485153,0.5733565550668561,0.1369368960749839,0.3718434148301549,0.2780698622775801
43A,2022-07-26,CVR500,Cultivar,Fungicide,13,2,1,0.531842492142276,0,0,0.498135323119226,0.6854838447877254,0.5740333184210477,0.12539407626108423,0.4602182874420555,0.32908167895209894
44A,2022-07-26,WLD085,Wild cicer,Fungicide,14,2,1,0.04762061637527948,0,0,0.04841454071338643,0.6771995193283655,0.5377176957972847,0.2749363259629368,0.3649086866768357,0.414792753397526
45A,2022-07-26,CVR502,Cultivar,Fungicide,15,2,1,0.27910245514573107,0,0,0.2807414601107408,0.7174708602801296,0.5823936875283958,0.2171482277943696,0.492074785517677,0.34839761611130554
46A,2022-07-26,CVR495,Cultivar,Fungicide,16,2,1,0.40817197996283583,0,0,0.35890422105142716,0.6024052116563481,0.5722966285489437,0.02980855204872792,0.4796450885004317,0.172644002178973
47A,2022-07-26,CVR494,Cultivar,Fungicide,17,2,1,0.4683262551239578,0,0,0.406179133777242,0.6492343022203707,0.6212551502825929,0.06989045797067187,0.515356583375084,0.20119497727129737
48A,2022-07-26,CVR019,Cultivar,Fungicide,18,2,1,0.44477927301281767,0,0,0.4205620249307318,0.6584059807660373,0.5837709838160817,0.1729734893428579,0.5036101901585158,0.2315846049134819
49A,2022-07-26,CVR501,Cultivar,Fungicide,10,3,1,0.37737773426199606,1,3.974717331265588e-4,0.34672199083945493,0.6096418211464265,0.6089290214397617,0.0048340884632089,0.3928870884404312,0.2850237307286009
4A,2022-07-26,CVR498,Cultivar,Infected,4,1,1,0.3778381408611589,0,0,0.3127689363131839,0.5577236873365896,0.5318183934916885,0.05346539447596039,0.3916617455367996,0.21247471252048145
50A,2022-07-26,WLD132,Wild cicer,Fungicide,11,3,1,0.01103319699144856,0,0,0.00730933812718334,0.6182574861328404,0.5783007155938054,0.1635404571969185,0.3007018489644633,0.39007492199919047
51A,2022-07-26,CVR492,Cultivar,Fungicide,12,3,1,0.31176482546475665,1,5.167132530645264e-4,0.2897798889776879,0.6243041526560846,0.5793711552472235,0.15580419220011682,0.4224536212185935,0.27415642310556143
52A,2022-07-26,WLD129,Wild cicer,Fungicide,13,3,1,0.096794690988022,0,0,0.09659329632589596,0.643133644522102,0.5479862158441059,0.0788381126338103,0.3853805199002237,0.3426889960903078
53A,2022-07-26,CVR498,Cultivar,Fungicide,14,3,1,0.38784784404583544,1,2.649811554177059e-4,0.3822862435550513,0.67182969539775,0.5684206094036823,0.09516407098319302,0.4482458715529789,0.3199287231319749
54A,2022-07-26,CVR482,Cultivar,Fungicide,15,3,1,0.20264183690778492,0,0,0.19452270822342763,0.6656981276291923,0.5467462830709149,0.14848100543678777,0.5024526131974767,0.2452908208356211
55A,2022-07-26,CVR493,Cultivar,Fungicide,16,3,1,0.5874191995333042,0,0,0.5127539993735927,0.6228668236802242,0.5847043459646333,0.04875431617844108,0.4895639789913734,0.19178420999135276
56A,2022-07-26,WLD131,Wild cicer,Fungicide,17,3,1,0.0410490574347109,0,0,0.04130169017026716,0.5915055999435582,0.5487189281052882,0.09965784106728864,0.38938259401029607,0.2626072227113429
57A,2022-07-26,CVR504,Cultivar,Fungicide,18,3,1,0.38868916257955743,0,0,0.3625588901150189,0.6268871057258345,0.579043121868288,0.05324684908336719,0.537088441311633,0.13538041242150906
58A,2022-07-26,CVR481,Cultivar,Fungicide,10,4,1,0.3218805215355714,0,0,0.30039021851714764,0.5399500012127633,0.592680267729161,-0.08102114504270624,0.37987916856923176,0.20137628108724817
59A,2022-07-26,CVR485,Cultivar,Fungicide,11,4,1,0.3613098751789829,0,0,0.33760496693888215,0.5964942951243966,0.6151536973222514,-0.02114824735585418,0.44243548225454526,0.20929351483628855
5A,2022-07-26,CVR015,Cultivar,Infected,5,1,1,0.4667098636103502,0,0,0.4077117369329417,0.6080060180058307,0.5770249744943403,0.13850749189671793,0.37578756412599934,0.300988678338812
60A,2022-07-26,CVR010,Cultivar,Fungicide,12,4,1,0.34006492606365685,0,0,0.31029319275397665,0.6126793379071989,0.6158692853808034,0.04248511977174007,0.44036651199875165,0.23598143400988356
61A,2022-07-26,CVR493,Cultivar,Fungicide,1,5,2,0.3024871356499721,0,0,0.2928057977722746,0.5810381260573068,0.6125166359811565,0.02860266334267002,0.4672035678617694,0.15625091321923884
62A,2022-07-26,CVR495,Cultivar,Fungicide,2,5,2,0.31298043137765413,0,0,0.3097430275185973,0.6139764878889136,0.6556251559466774,0.06590456576273052,0.4551247173687347,0.22045473140248803
63A,2022-07-26,CVR501,Cultivar,Fungicide,3,5,2,0.2629286031765796,0,0,0.2312265889265956,0.6131233006717666,0.6634705955312665,0.12240426857430237,0.4202416216274094,0.2598292708065947
64A,2022-07-26,WLD085,Wild cicer,Fungicide,4,5,2,0.03146332579458717,0,0,0.02825491458841302,0.4349079771161858,0.4978886721446448,-0.00874430748851853,0.31022169803983124,0.14413230582516873
65A,2022-07-26,CVR485,Cultivar,Fungicide,5,5,2,0.31939631326670725,0,0,0.2237993582489738,0.5374104150281052,0.5688170665743632,0.02641525780472366,0.4220048950842562,0.14925504577705934
66A,2022-07-26,CVR491,Cultivar,Fungicide,6,5,2,0.37734461148507786,0,0,0.23916468732278395,0.5131907386435729,0.5395369501216,0.07705963231170067,0.3632198818721092,0.1843302061824223
67A,2022-07-26,CVR016,Cultivar,Fungicide,7,5,2,0.4962719420098334,0,0,0.35414922151707673,0.5621021721713968,0.5749898964859174,0.03614520526090584,0.4155056611638256,0.1912685498271882
68A,2022-07-26,CVR484,Cultivar,Fungicide,8,5,2,0.29100346889243617,0,0,0.20965225219636088,0.5795224813801105,0.6153684077827646,0.054911323745405,0.4241016910219993,0.2060672771525383
69A,2022-07-26,CVR481,Cultivar,Fungicide,9,5,2,0.3119536252931903,0,0,0.23248410946460565,0.5842922223631863,0.6393648376302238,0.10750557336290952,0.4261264744634427,0.2106019149121205
6A,2022-07-26,CVR477,Cultivar,Infected,6,1,1,0.3497599628676106,0,0,0.2556696443841657,0.5860339671202074,0.568571898487843,0.1458150398274866,0.38954882058006784,0.2546096997240564
70A,2022-07-26,Howzat,Cultivar,Fungicide,1,6,2,0.2533064364818459,0,0,0.28207757568237646,0.6145462085982181,0.6425741622626866,0.02123235297023345,0.4686483080349795,0.2049145202598094
71A,2022-07-26,WLD132,Wild cicer,Fungicide,2,6,2,0.00454775727086726,0,0,0.00679847040861676,0.5826618321078376,0.6435610724334756,0.18583959432736144,0.3797668031318239,0.2605479352158142
72A,2022-07-26,CVR492,Cultivar,Fungicide,3,6,2,0.3924982819251491,0,0,0.3853514498664507,0.6281938262139464,0.6323814059886015,0.15175830046965727,0.4451839352642848,0.2540610658492842
73A,2022-07-26,CVR496,Cultivar,Fungicide,4,6,2,0.5616927387009474,0,0,0.4734957800775918,0.586678034728877,0.5809539693835589,0.02750556816449586,0.4171125642047213,0.22450402561791835
74A,2022-07-26,CVR498,Cultivar,Fungicide,5,6,2,0.3347752185898221,2,7.949434662531177e-4,0.27476823755519314,0.5817637437959544,0.5762017776888093,0.05497951607187582,0.3953929708295073,0.2420479163165468
75A,2022-07-26,CVR019,Cultivar,Fungicide,6,6,2,0.33714018486178077,0,0,0.31233666362824297,0.5760206690936234,0.5383627263583585,0.15315745880158543,0.4093773361102137,0.2180652598299583
76A,2022-07-26,CVR499,Cultivar,Fungicide,7,6,2,0.00228878388504681,0,0,8.645453698819006e-4,0.3797264416021822,0.5014118333945209,-0.225033867892573,0.44492437134100377,-0.07845243282925525
77A,2022-07-26,CVR502,Cultivar,Fungicide,8,6,2,0.25853652295722784,0,0,0.20721580615396645,0.6276907985872398,0.6068618526794383,0.1218543224624918,0.43278699185194025,0.26759871314762035
78A,2022-07-26,CVR482,Cultivar,Fungicide,9,6,2,0.32108888716722667,0,0,0.3089177796655282,0.6216856342006407,0.5718025728944351,0.16812637451686202,0.42968180397083167,0.2619878635028772
79A,2022-07-26,CVR497,Cultivar,Fungicide,1,7,2,0.4964839277821098,0,0,0.5560598629013133,0.6600234736239516,0.6543167689196452,0.05831182484689055,0.4661344905088416,0.28004867647286186
7A,2022-07-26,WLD131,Wild cicer,Infected,7,1,1,0.00261338709884506,0,0,7.073553026306459e-4,0.4391143508647608,0.7249394586910806,-0.0388170022736406,0.534099566134048,-0.12408757049747174
80A,2022-07-26,CVR503,Cultivar,Fungicide,2,7,2,0.42859879648828264,1,2.9810379984491917e-4,0.4413111138078974,0.6916434755201876,0.6743233567523309,0.09187564106536622,0.489262082419083,0.30589456066521514
81A,2022-07-26,CVR477,Cultivar,Fungicide,3,7,2,0.4119479765315094,0,0,0.4196188845272243,0.6627987651477266,0.6317692784759651,0.1418757561177632,0.472028737437537,0.27762907931187747
82A,2022-07-26,WLD133,Wild cicer,Fungicide,4,7,2,0.16221217540144414,0,0,0.1270881693726394,0.4862619286796559,0.5297074081402405,-0.02302342707019928,0.29526891672917915,0.22301274289288964
83A,2022-07-26,CVR500,Cultivar,Fungicide,5,7,2,0.4341170511228528,0,0,0.3740730625411732,0.5469880742124292,0.5644439544544981,-0.00525332410355777,0.4250056296205468,0.15892919248486398
84A,2022-07-26,CVR494,Cultivar,Fungicide,6,7,2,0.4531924583500375,0,0,0.3969835148430436,0.5834246887640558,0.58186956865515,0.06349437341723747,0.4470358918637218,0.18451159324006353
85A,2022-07-26,WLD131,Wild cicer,Fungicide,7,7,2,0.01755838404433168,0,0,0.01599408934281516,0.5135034921676773,0.5340862621398843,-0.00841493401275544,0.3031440942484311,0.24914226604754777
86A,2022-07-26,CVR504,Cultivar,Fungicide,8,7,2,0.3955190791800879,0,0,0.3800462850967209,0.6224639112055136,0.6085036860091053,0.05541570258795913,0.4523338116540884,0.236805367882288
87A,2022-07-26,CVR010,Cultivar,Fungicide,9,7,2,0.401057207480809,0,0,0.3817360783196719,0.6443145539294387,0.6099313298215835,0.11128718273830689,0.4678863647272478,0.2525692203707691
88A,2022-07-26,Genesis090,Cultivar,Fungicide,1,8,2,0.4615526472441883,0,0,0.5230106512617371,0.6361757128341338,0.6589640896186083,0.02180714364146209,0.4809265764357997,0.2236870371093211
89A,2022-07-26,CVR015,Cultivar,Fungicide,2,8,2,0.48676239275662153,0,0,0.5150725528655486,0.6861717504856611,0.6632904116445729,0.11145519789035312,0.4594551514598039,0.3311012978986046
8A,2022-07-26,CVR493,Cultivar,Infected,8,1,1,0.5025089609035283,0,0,0.4980174305687875,0.6645767528713717,0.6393165035509483,0.11848135396688377,0.4364971776823262,0.3212776979549488
90A,2022-07-26,WLD129,Wild cicer,Fungicide,3,8,2,0.00134809702057026,0,0,0,NA,NA,NA,NA,NA
91A,2022-07-26,CVR503,Cultivar,Infected,10,5,2,0.3682888442756452,0,0,0.2597958836495111,0.5260524130570832,0.5217176236636744,-0.02039310040355723,0.4358792475131813,0.11700093310545544
92A,2022-07-26,CVR501,Cultivar,Infected,11,5,2,0.2576653939242795,0,0,0.17754618096029212,0.5494161180552899,0.5671435018161821,0.05429479705589565,0.4326102327731756,0.1532248272074075
93A,2022-07-26,CVR019,Cultivar,Infected,12,5,2,0.4546664219228969,0,0,0.33229980216915234,0.5701927864124475,0.5537711254232529,0.12343481751008072,0.40827685421968857,0.21104692015755547
94A,2022-07-26,CVR499,Cultivar,Infected,13,5,2,0.04737882010377671,0,0,0.03371726942539412,0.6501778169591178,0.7242427084423078,0.07640051022050243,0.44939365799559705,0.2836678826459683
95A,2022-07-26,WLD133,Wild cicer,Infected,14,5,2,0.13579344853149705,0,0,0.11301965835365207,0.7078359378245018,0.7291895315214451,0.29445912782745615,0.3114307972614427,0.5084998101813698
96A,2022-07-26,CVR493,Cultivar,Infected,15,5,2,0.5053707688292598,0,0,0.4590735914072892,0.755636540876621,0.7549132711476433,0.26330706306507334,0.43844729943170657,0.4743419579810411
97A,2022-07-26,CVR504,Cultivar,Infected,16,5,2,0.403031324985133,0,0,0.27013113057128113,0.5450338022443174,0.5768287615130702,-0.00384779086709532,0.4358340136733167,0.14322115267799695
98A,2022-07-26,CVR015,Cultivar,Infected,17,5,2,0.5155626472869863,0,0,0.3712043438138378,0.5742034179238032,0.58697553991832,0.09634610160169924,0.4053803596269032,0.22004253183914363
99A,2022-07-26,CVR010,Cultivar,Infected,18,5,2,0.3246860207405419,0,0,0.2069407235362767,0.5463777960801534,0.6011842370450505,0.10276541915603234,0.41532755237266816,0.16951831491997424
9A,2022-07-26,CVR496,Cultivar,Infected,9,1,1,0.46916094910229617,0,0,0.4709414414847589,0.6759693246261947,0.6320039389600466,0.21089921843703285,0.42330275264481754,0.35394399075310223
100A,2022-07-29,CVR482,Cultivar,Infected,10,6,2,0.230047622529894,0,0,0.197823699635704,0.5505203913726866,0.5464863071710064,-0.01065814155565995,0.44763221507528295,0.13653445163050043
101A,2022-07-29,CVR498,Cultivar,Infected,11,6,2,0.2264504889565787,3,4.869031605851632e-4,0.17279118142594166,0.566673202985205,0.5510246896730125,0.07442961908346724,0.4073803867385756,0.20710282384875067
102A,2022-07-29,CVR484,Cultivar,Infected,12,6,2,0.1208418270306268,0,0,0.08177813248746522,0.5701344904613389,0.5847617735434968,0.1049379717978286,0.45128748076016634,0.1600190371088397
103A,2022-07-29,WLD131,Wild cicer,Infected,13,6,2,0.03903188032039323,0,0,0.04350235111178472,0.760453041790199,0.7432935774536927,0.192801700102711,0.3603185688517257,0.551153474579548
104A,2022-07-29,CVR494,Cultivar,Infected,14,6,2,0.39648626426609895,0,0,0.4002452087385072,0.7964584833456196,0.777729134133453,0.1880182214357556,0.5017956664887416,0.4908260818198371
105A,2022-07-29,Genesis090,Cultivar,Infected,15,6,2,0.3566793109658201,0,0,0.3694359555572612,0.790489670015087,0.7503312115371604,0.24557522624387249,0.5141827127357301,0.4655206934956745
106A,2022-07-29,Howzat,Cultivar,Infected,16,6,2,0.3219500793670996,0,0,0.23778927423433543,0.5687616558781579,0.5550123666984711,0.02469679003291641,0.43126847467630824,0.18217990205738832
107A,2022-07-29,WLD129,Wild cicer,Infected,17,6,2,0.01198382068900057,0,0,0.00813458598025242,0.5469357213994551,0.5350034911937638,0.14148752461761696,0.3532837338037691,0.24003176357899264
108A,2022-07-29,CVR495,Cultivar,Infected,18,6,2,0.4285259263790626,0,0,0.3635020305185264,0.6015654867791851,0.5564323035346741,0.09929865353878815,0.4402869911375107,0.2193851722628685
109A,2022-07-29,CVR481,Cultivar,Infected,10,7,2,0.31524602931885826,0,0,0.27736187366483883,0.5858200744313076,0.5663972458892937,-9.511863698128984e-4,0.4438999007632349,0.19179580429796383
10A,2022-07-29,CVR481,Cultivar,Infected,1,2,1,0.4790083506800736,2,0.00104667843895122,0.44280441944678434,0.7544742737028853,0.5192527431092239,0.08294276068714351,0.436873611880456,0.4737550007186864
110A,2022-07-29,CVR477,Cultivar,Infected,11,7,2,0.4386151242283428,2,9.27436919013257e-4,0.3991055807509355,0.6211986989165668,0.5618637228118,0.08735447981458565,0.4229480785726915,0.2689000095219081
111A,2022-07-29,WLD132,Wild cicer,Infected,12,7,2,0.02686588435834262,1,1.1592954300037496e-4,0.0293552450591718,0.6366870956028702,0.54075253565789,0.2478890607588657,0.3518926342149531,0.3670246916666443
112A,2022-07-29,WLD085,Wild cicer,Infected,13,7,2,0.0781962517484592,0,0,0.071914455767449,0.7635955535646815,0.747649635857081,0.20406527757019183,0.37053202734628665,0.5481572911082614
113A,2022-07-29,CVR500,Cultivar,Infected,14,7,2,0.4681341430178323,0,0,0.4993142486236104,0.7768907846504556,0.7529471953955817,0.1504802373023767,0.4849703512313438,0.4683984459591218
114A,2022-07-29,CVR491,Cultivar,Infected,15,7,2,0.5232703174758487,0,0,0.527647758245649,0.8076307242843074,0.753446189738398,0.2620023832028758,0.4685315203951013,0.5455267857347788
115A,2022-07-29,CVR502,Cultivar,Infected,16,7,2,0.24181945744661815,0,0,0.20155696373292128,0.5362152441170671,0.5355664905448535,-0.00655774707160256,0.4033089057374498,0.1695797118777695
116A,2022-07-29,CVR492,Cultivar,Infected,17,7,2,0.5919338340272534,0,0,0.5383759803355471,0.6090216229635528,0.570991686575966,0.06648348092582429,0.4483652217891673,0.22100491185191612
117A,2022-07-29,CVR485,Cultivar,Infected,18,7,2,0.4685647391177688,0,0,0.42622086735177694,0.6039999661468205,0.555967894782312,0.08857080649114762,0.4842714109280289,0.16922761974686848
118A,2022-07-29,CVR016,Cultivar,Infected,10,8,2,0.5251450666494183,0,0,0.522814163677673,0.5962314254909261,0.5553444371152471,0.04365427882465083,0.39822236531466426,0.2596610911574228
119A,2022-07-29,CVR497,Cultivar,Infected,11,8,2,0.5695825841628598,2,6.757019463151501e-4,0.5630548208939942,0.6364675383269556,0.5807088049995477,0.06126953633272294,0.4476046442062355,0.26410173507723167
11A,2022-07-29,CVR499,Cultivar,Infected,2,2,1,0.12988765740698405,1,1.5898902182791342e-4,0.11404139379078523,0.7213633180286813,0.483481571524178,0.1427401705068381,0.3830049205456948,0.4675303467488795
120A,2022-07-29,CVR496,Cultivar,Infected,12,8,2,0.459711020847537,0,0,0.4332944203780834,0.6479438984348486,0.5819075924568272,0.11179902180761926,0.4557351068499896,0.27274908092161776
121A,2022-07-29,WLD085,Wild cicer,Infected,1,9,3,0.0495914216019117,0,0,0.10370614686901523,0.5183403318372591,0.5538147167824738,0.00861299741694294,0.35322541847664596,0.20212154529429768
122A,2022-07-29,CVR019,Cultivar,Infected,2,9,3,0.4369059889393643,0,0,0.47105933403519734,0.6034401107625281,0.5948781073660464,0.10430959166296572,0.3863069190445652,0.28313586904574795
123A,2022-07-29,CVR494,Cultivar,Infected,3,9,3,0.29913179834815956,0,0,0.27292125426499086,0.5699174543657533,0.6049718793056073,0.09881274453950568,0.3887569888650258,0.2327222706253013
124A,2022-07-29,CVR498,Cultivar,Infected,4,9,3,0.31777992175309966,0,0,0.2716637337269808,0.5645934622713795,0.5461538630016778,-0.03705415048859644,0.40080060928644,0.2116978283139204
125A,2022-07-29,CVR485,Cultivar,Infected,5,9,3,0.4628444355439976,0,0,0.35226294071006164,0.5848279743409907,0.5691195260722304,0.01017091867617305,0.4339838085657657,0.20215137059689528
126A,2022-07-29,CVR502,Cultivar,Infected,6,9,3,0.1648090011118301,0,0,0.15058808442670196,0.5791322507182526,0.5817917549940607,0.07766945330138329,0.4066375166595304,0.22562986875399227
127A,2022-07-29,Genesis090,Cultivar,Infected,7,9,3,0.4360679826833342,0,0,0.3115507132919867,0.5794299607901486,0.5047303521895818,0.00114359388926372,0.46312385889101937,0.15896365535702908
128A,2022-07-29,CVR010,Cultivar,Infected,8,9,3,0.29476621635034234,0,0,0.23000836590539836,0.5786396168800123,0.5453012757303294,0.02532133141865395,0.45310283985742256,0.17014628313293784
129A,2022-07-29,CVR491,Cultivar,Infected,9,9,3,0.4626456988824885,0,0,0.34955141204997753,0.5942773852152989,0.5125061501853162,0.06696565252384241,0.434547770385228,0.21533922928857896
12A,2022-07-29,CVR500,Cultivar,Infected,3,2,1,0.4130012808375077,0,0,0.3965905396749155,0.7425705955923436,0.4850149489517729,0.20788077399222296,0.4041273840600164,0.4835546234345519
130A,2022-07-29,CVR484,Cultivar,Infected,1,10,3,0.2942892483627204,0,0,0.3152053823555784,0.601914171499018,0.6128517110948839,-0.01314901919429111,0.4384243106372864,0.2221009171342547
131A,2022-07-29,CVR481,Cultivar,Infected,2,10,3,0.3380908085593328,2,5.763340130335103e-4,0.3772168638861983,0.6413954906294353,0.6332304507150084,0.06616292550461353,0.4392157604930185,0.2814740758144743
132A,2022-07-29,CVR492,Cultivar,Infected,3,10,3,0.4298442129004066,0,0,0.41282041411860754,0.6275484327422242,0.5822593293494274,0.13131444960819816,0.437596742116971,0.2618626055100272
133A,2022-07-29,CVR496,Cultivar,Infected,4,10,3,0.4737749519269998,0,0,0.4945199515724471,0.650667678661614,0.5910354823934721,0.0424009517642025,0.43893370427168193,0.296380132720994
134A,2022-07-29,WLD131,Wild cicer,Infected,5,10,3,0.02031751136161677,0,0,0.0256219809619545,0.6071158203956549,0.5362592991636066,0.12600671004540617,0.3211279996917221,0.3552475551043231
135A,2022-07-29,Howzat,Cultivar,Infected,6,10,3,0.23924912995776676,0,0,0.24486282726064193,0.634515106937067,0.5739967759297063,0.0842107286102204,0.4535686896138737,0.2540654987561671
136A,2022-07-29,CVR016,Cultivar,Infected,7,10,3,0.5013496637113917,0,0,0.48579590284000246,0.6150481212156751,0.5184841251738983,0.04100770855974197,0.4507443212115552,0.22732497820915032
137A,2022-07-29,CVR482,Cultivar,Infected,8,10,3,0.2673504938951578,6,0.00266306307627761,0.23712121644851764,0.6182364331570456,0.5406869340768286,0.05805919807600748,0.4831319301430186,0.19264584423024783
138A,2022-07-29,CVR497,Cultivar,Infected,9,10,3,0.45810125388931305,0,0,0.45144987314560336,0.6220181249152595,0.5030463898727621,0.07954583504757133,0.4796164439063683,0.202946834821549
139A,2022-07-29,CVR493,Cultivar,Infected,1,11,3,0.6094491584615914,0,0,0.6381523755232811,0.6292660210567851,0.6022407924694841,0.03701848979165444,0.4257076945112344,0.2780408516174076
13A,2022-07-29,WLD129,Wild cicer,Infected,4,2,1,0.06946177547513292,0,0,0.07572631489829193,0.6003345646064863,0.5420309020874232,0.0516295155782021,0.42859508665471535,0.23123681269944513
140A,2022-07-29,CVR495,Cultivar,Infected,2,11,3,0.4402845121850195,2,7.783821440395111e-4,0.4694088383290592,0.6468478682990373,0.6164799515678934,0.04601509681464016,0.442340773705216,0.28647553280618826
141A,2022-07-29,CVR504,Cultivar,Infected,3,11,3,0.3971652811929218,0,0,0.42158376036786493,0.6349071389712695,0.5850257409154032,0.0944637526388126,0.47366639321977955,0.23058576564471223
142A,2022-07-29,CVR015,Cultivar,Infected,4,11,3,0.580788019594283,0,0,0.6403137389479858,0.660971100554689,0.613297897287869,0.04575336110652908,0.41940968912949667,0.3342104614534653
143A,2022-07-29,WLD132,Wild cicer,Infected,5,11,3,0.01831027108037455,0,0,0.03906173171193677,0.6311243234673644,0.5580394222009281,0.05171055578386159,0.3307753896728684,0.3795928964212179
144A,2022-07-29,WLD129,Wild cicer,Infected,6,11,3,0.0777921538700573,0,0,0.08555069410149534,0.6594204598822091,0.5858233706276378,0.13524577261861537,0.4110161035159055,0.34076187461205326
145A,2022-07-29,CVR500,Cultivar,Infected,7,11,3,0.57495509857899,0,0,0.5667487874743986,0.5942482546433855,0.5295900063687441,0.00851707446130389,0.4501826630132006,0.1966820160480964
146A,2022-07-29,CVR501,Cultivar,Infected,8,11,3,0.35810359037330225,0,0,0.37238326931822224,0.6239026031030327,0.5401348617053601,0.01100080812124131,0.46490077161780935,0.22396289730121208
147A,2022-07-29,CVR503,Cultivar,Infected,9,11,3,0.4009247163731362,3,0.00155676634168708,0.3952544241032798,0.6281318145081355,0.527084480620074,0.047603376710245,0.49218300318056096,0.19678649960434577
148A,2022-07-29,WLD133,Wild cicer,Infected,1,12,3,0.1820924661077408,0,0,0.25468720646384535,0.586378038382659,0.5833124361355906,0.00993929754552552,0.34871215898981095,0.2987543097162552
149A,2022-07-29,CVR499,Cultivar,Infected,2,12,3,0,0,0,0,NA,NA,NA,NA,NA
14A,2022-07-29,WLD085,Wild cicer,Infected,5,2,1,0.06394352084056273,0,0,0.07631577765048413,0.6222906229262964,0.5345469254408521,0.1297160585322103,0.4108511448361581,0.2840663972013341
150A,2022-07-29,CVR477,Cultivar,Infected,3,12,3,0.48057174575061207,0,0,0.48131598592334174,0.615854752397284,0.5976149006103283,0.05320170775636993,0.4431319614969605,0.2375518645401556
151A,2022-07-29,CVR499,Cultivar,Fungicide,10,9,3,0,0,0,0,NA,NA,NA,NA,NA
152A,2022-07-29,CVR498,Cultivar,Fungicide,11,9,3,0.28896641811196755,1,9.00942705339536e-4,0.20450427749388228,0.5390362698282032,0.5301493814278894,0.01461821509208694,0.41338956820722783,0.16167250440749337
153A,2022-07-29,Howzat,Cultivar,Fungicide,12,9,3,0.19296667376998208,0,0,0.10221284123012832,0.5357849556732448,0.586712972457017,0.04601999636512887,0.43509805508433624,0.13129403331045264
154A,2022-07-29,CVR496,Cultivar,Fungicide,13,9,3,0.4552659441851161,0,0,0.45930937650816606,0.7093231764714606,0.5925390172812699,0.1427860316038309,0.4921909350780819,0.33359921113180674
155A,2022-07-29,CVR492,Cultivar,Fungicide,14,9,3,0.39428691187873127,0,0,0.3863731853035839,0.6943582836478022,0.6056209785145346,0.1458168021440676,0.49680067773460546,0.3015951727558234
156A,2022-07-29,WLD129,Wild cicer,Fungicide,15,9,3,0.02203989576136257,0,0,0.0302197904290537,0.6649762909319827,0.5812251558684719,0.22886718633402356,0.4174849757030841,0.34260430331918706
157A,2022-07-29,CVR493,Cultivar,Fungicide,16,9,3,0.5035026442110739,0,0,0.41065905069390274,0.6014212360975532,0.5430501062740639,0.07336722311855268,0.4471208945752763,0.21105461659345712
158A,2022-07-29,CVR481,Cultivar,Fungicide,17,9,3,0.34796139608095294,0,0,0.303258937244483,0.6197802551296393,0.5943784835134989,0.10548005150080496,0.4527555071628552,0.23217517353049733
159A,2022-07-29,CVR477,Cultivar,Fungicide,18,9,3,0.32851501375228453,0,0,0.27657592332858255,0.594169437633616,0.5575489030898437,0.13269770411522883,0.40583296974419714,0.24818130679734063
15A,2022-07-29,CVR482,Cultivar,Infected,6,2,1,0.34462262016759954,0,0,0.31952810920498786,0.6307312844556838,0.5511240594131948,0.10175623436711936,0.4722574642403895,0.2257036002230171
160A,2022-07-29,CVR010,Cultivar,Fungicide,10,10,3,0.43201375478854787,0,0,0.34609323057044994,0.5856517774326299,0.5487128154266998,0.00550515986970129,0.4459091109753946,0.18913471841532367
161A,2022-07-29,CVR015,Cultivar,Fungicide,11,10,3,0.5088718463495123,0,0,0.43797082487880823,0.6310532662636118,0.5694716504640348,0.08772913226661339,0.4497839009584583,0.25311209476750857
162A,2022-07-29,CVR497,Cultivar,Fungicide,12,10,3,0.473808074703918,0,0,0.41718243848482983,0.6171614384770899,0.5534738031483282,0.1086131338505061,0.4561097760085121,0.2241477736288112
163A,2022-07-29,CVR491,Cultivar,Fungicide,13,10,3,0.4988455817763766,0,0,0.5205349077025297,0.7175415339293572,0.5925018386136005,0.12165824755441872,0.4867081985313912,0.35470984024466967
164A,2022-07-29,CVR502,Cultivar,Fungicide,14,10,3,0.2226744923879053,7,0.00305722303782739,0.23774997671752263,0.7269541569867728,0.605521550257437,0.17783076426510425,0.4944276518068076,0.3629972355128391
165A,2022-07-29,CVR016,Cultivar,Fungicide,15,10,3,0.4008154112093062,0,0,0.4762466062544888,0.7324696438972981,0.5824834756915651,0.2321062662331374,0.4788644515154512,0.3906147518036011
166A,2022-07-29,WLD133,Wild cicer,Fungicide,16,10,3,0.17232455919456705,0,0,0.1671323390048965,0.5959817804455713,0.529840386994737,0.11538739074067632,0.3711502383751401,0.2886892524843208
167A,2022-07-29,WLD085,Wild cicer,Fungicide,17,10,3,0.10531718148907188,0,0,0.11498453419429278,0.6448861418057534,0.5657420495162567,0.19464066720732,0.373033549053042,0.3579665070544076
168A,2022-07-29,CVR501,Cultivar,Fungicide,18,10,3,0.31002919195424355,0,0,0.3379586445901975,0.6608235695799973,0.5769135185012992,0.1828687456937164,0.4650184198430168,0.2826674949413161
169A,2022-07-29,Genesis090,Cultivar,Fungicide,10,11,3,0.4021800696183356,0,0,0.33501133082923645,0.596170440423219,0.5577157996090383,-0.0022960248552223,0.4731012266125416,0.17141728069357218
16A,2022-07-29,WLD133,Wild cicer,Infected,7,2,1,0.13848964257263757,0,0,0.14406469663577487,0.5819839805990297,0.5275558559370173,0.1109122502231294,0.3682347092672073,0.27205179406150426
170A,2022-07-29,CVR495,Cultivar,Fungicide,11,11,3,0.2710238098553849,0,0,0.2306764236912162,0.61013428428868,0.5514878107168145,0.05874703967192884,0.4553454784960883,0.21433605247855209
171A,2022-07-29,CVR504,Cultivar,Fungicide,12,11,3,0.3882817524234637,1,5.465236330490184e-4,0.34872616419690844,0.6362270354626555,0.5604604306407898,0.09485960786657402,0.48246832619055663,0.22186103915376496
172A,2022-07-29,WLD131,Wild cicer,Fungicide,13,11,3,0.03762416230137022,0,0,0.04621387977186887,0.6763407588377732,0.5851902566021906,0.09313684591427585,0.3690727631857933,0.4094826178853271
173A,2022-07-29,CVR484,Cultivar,Fungicide,14,11,3,0.1345215338978386,0,0,0.1452436221401593,0.7042487073804679,0.6018829479189325,0.07987015580314127,0.48974402778929554,0.32743886888730017
174A,2022-07-29,WLD132,Wild cicer,Fungicide,15,11,3,0.01294769349731985,0,0,0.01831264283477116,0.7385517787890163,0.5855574658946503,0.28359981453469185,0.4297648147862243,0.45237119580105734
175A,2022-07-29,CVR503,Cultivar,Fungicide,16,11,3,0.4900514845045976,0,0,0.49499152177420086,0.6400374352821249,0.59256951692220206,0.04955797014398454,0.4621572955364359,0.25259816388068057
176A,2022-07-29,CVR482,Cultivar,Fungicide,17,11,3,0.27375312667344365,3,0.00148058508094771,0.2744538574206906,0.6291725465779735,0.5908413300157306,0.05701340730276527,0.488421876832355,0.20319186109118983
177A,2022-07-29,CVR485,Cultivar,Fungicide,18,11,3,0.372021781234325,0,0,0.36165504722832414,0.6477283403034194,0.5758627467259506,0.1270425556582218,0.5115407908926538,0.20367218160461772
178A,2022-07-29,CVR494,Cultivar,Fungicide,10,12,3,0.4103680200725117,0,0,0.38153959073560784,0.6061353484181874,0.590763070945101,-0.00856484246678573,0.4724775564298576,0.1872968718724808
179A,2022-07-29,CVR500,Cultivar,Fungicide,11,12,3,0.5687412656291378,0,0,0.5373149473816012,0.6061573232079618,0.5520963638501156,0.03441413192621438,0.4528857440869803,0.2112692028844819
17A,2022-07-29,Genesis090,Cultivar,Infected,8,2,1,0.4112722718823783,0,0,0.4296397513144918,0.6584299158801739,0.5765610905211117,0.14620633592620347,0.4762917200056271,0.26535467306102345
180A,2022-07-29,CVR019,Cultivar,Fungicide,12,12,3,0.5008594466130025,0,0,0.4890182992186532,0.6387700442470088,0.572916924777199,0.07285059973402797,0.4917140683774704,0.21439613248344636
18A,2022-07-29,CVR019,Cultivar,Infected,9,2,1,0.4493535285052195,0,0,0.5250148246191905,0.6585818752412498,0.5582611850210613,0.19684692137963591,0.46831238254944374,0.27512371077392983
19A,2022-07-29,CVR494,Cultivar,Infected,1,3,1,0.4412318236048797,0,0,0.3976515726288614,0.7632988373319785,0.5282440694257269,0.0764964924225528,0.4437072717229939,0.4832640281406583
1A,2022-07-29,WLD132,Wild cicer,Infected,1,1,1,0.00169919845590306,0,0,0.00377256161403011,0.5660170661752996,0.5047872333458953,-0.02881214074633602,0.27526934222473415,0.3444091268940202
20A,2022-07-29,Howzat,Cultivar,Infected,2,3,1,0.36098527196518465,1,2.086726598914434e-4,0.32550133176053553,0.7631824816052999,0.5184225621152532,0.11535837415739326,0.4579843188287443,0.4691932026685854
21A,2022-07-29,CVR010,Cultivar,Infected,3,3,1,0.24027593604223055,0,0,0.21020241743174028,0.7862718337624076,0.5212036875151486,0.1820433222810827,0.4883528433441794,0.4836175199011936
22A,2022-07-29,CVR501,Cultivar,Infected,4,3,1,0.47716672428342233,1,7.651353452374937e-4,0.5560598629013133,0.6162223849221363,0.5697442821311329,-7.456052188861441e-5,0.4589615911073416,0.2192773382596338
23A,2022-07-29,CVR491,Cultivar,Infected,5,3,1,0.5296067047002982,0,0,0.5364111044949065,0.6245087656678728,0.5476186152746075,0.04197861806414232,0.4734340157388065,0.21449235029272665
24A,2022-07-29,CVR502,Cultivar,Infected,6,3,1,0.3186609876191235,0,0,0.3160699277254603,0.6130423400007567,0.5379620451495868,0.05977977461936611,0.4830942058366772,0.18462664476324733
25A,2022-07-29,CVR485,Cultivar,Infected,7,3,1,0.36332374001560874,0,0,0.3400021154644638,0.5962687666683248,0.5700722318890917,0.03634621617073042,0.458721579104037,0.18933410858705985
26A,2022-07-29,CVR503,Cultivar,Infected,8,3,1,0.3412937810873216,2,6.624528885442648e-4,0.41525686016100194,0.6374960770961247,0.5675994757285447,0.07346806548964412,0.4741035866545624,0.23416690213746805
27A,2022-07-29,CVR504,Cultivar,Infected,9,3,1,0.3303003314281749,0,0,0.35693934521078646,0.6511430498358404,0.5647372933915433,0.1356786130082458,0.4950994271883903,0.23028208956481075
28A,2022-07-29,CVR495,Cultivar,Infected,1,4,1,0.47951181688923006,1,7.154515839574798e-4,0.4567157403985203,0.7331968011203024,0.49953825824492826,0.03101242039619444,0.417087065557351,0.4553628328917887
29A,2022-07-29,CVR492,Cultivar,Infected,2,4,1,0.4353425938688258,0,0,0.4151782651273763,0.7501938623202333,0.501819559979287,0.09806656689206884,0.4384412373659156,0.46455077193584143
2A,2022-07-29,CVR016,Cultivar,Infected,2,1,1,0.4912637781398033,0,0,0.44563384065730693,0.704533081701691,0.4927717673487364,0.12267221433301952,0.3706803543875847,0.4518585600739584
30A,2022-07-29,CVR484,Cultivar,Infected,3,4,1,0.2483810795541113,0,0,0.20749088877165617,0.7385111944087149,0.4902648042591829,0.10771265274475048,0.4560679213161155,0.4258867171824022
31A,2022-07-29,CVR491,Cultivar,Fungicide,10,1,1,0.416525544301603,0,0,0.38267921872317945,0.6099179198783033,0.5827028839454604,0.07612728209487667,0.3983442200273774,0.2794739236285621
32A,2022-07-29,CVR016,Cultivar,Fungicide,11,1,1,0.5292556032649655,0,0,0.4857173078063768,0.6362193731228899,0.5955529973361189,0.14386962464139263,0.37985361292975767,0.3380663261404454
33A,2022-07-29,Howzat,Cultivar,Fungicide,12,1,1,0.2174907778002088,1,7.28700436367559e-4,0.1878421303652493,0.5903552618063832,0.625678959756082,0.1495975354165959,0.3806729221636137,0.2704644209149534
34A,2022-07-29,CVR496,Cultivar,Fungicide,13,1,1,0.5860644779573504,0,0,0.5870263061498104,0.665514314726542,0.5677073518163221,0.10332347414697109,0.4828410250468345,0.2691666628690695
35A,2022-07-29,Genesis090,Cultivar,Fungicide,14,1,1,0.4021800696183356,0,0,0.35693934521078646,0.6300775626891736,0.5620443457468697,0.10996555729288617,0.480266752745212,0.2148149548889016
36A,2022-07-29,CVR484,Cultivar,Fungicide,15,1,1,0.157515365634445,0,0,0.15054878690988913,0.6215035257279053,0.5881487418446935,0.1256975477388449,0.4755452507311614,0.20719555247000815
37A,2022-07-29,WLD133,Wild cicer,Fungicide,16,1,1,0.10929853927463812,0,0,0.10115180827618236,0.5171602324987209,0.5204298854402732,0.01758175902235261,0.40535596118289224,0.1414588544160934
38A,2022-07-29,CVR499,Cultivar,Fungicide,17,1,1,0,0,0,0,NA,NA,NA,NA,NA
39A,2022-07-29,CVR015,Cultivar,Fungicide,18,1,1,0.4866828980920178,0,0,0.4134098768707997,0.6172666336854562,0.5851598071244786,0.11718031548295826,0.4430147025241269,0.23983744603041984
3A,2022-07-29,CVR497,Cultivar,Infected,3,1,1,0.4254024485156775,0,0,0.37588074831456264,0.6603713947983164,0.4879797103223615,0.12640035371494995,0.36737077758872466,0.38685115285622673
40A,2022-07-29,CVR497,Cultivar,Fungicide,10,2,1,0.5376886622683362,0,0,0.5381794927514831,0.6728339267125093,0.614730878574019,0.1270190349665644,0.4201622318766706,0.35225356895149906
41A,2022-07-29,CVR503,Cultivar,Fungicide,11,2,1,0.4048033935502561,0,0,0.40570756357548826,0.6962829380417975,0.6437795948245442,0.16418678032047548,0.43345548021872454,0.37643990199771
42A,2022-07-29,CVR477,Cultivar,Fungicide,12,2,1,0.29713449489999283,0,0,0.3037698049630496,0.6452693523267643,0.5872086093075383,0.20075828064975948,0.3862063338825836,0.3450525733730684
43A,2022-07-29,CVR500,Cultivar,Fungicide,13,2,1,0.5708280005749837,0,0,0.5219103207909782,0.6497220524741284,0.566800660220649,0.06956436474020292,0.4822687627510088,0.2438666127760186
44A,2022-07-29,WLD085,Wild cicer,Fungicide,14,2,1,0.05216174909076312,0,0,0.05945714293778707,0.6449842979495204,0.5447716847363689,0.1885458991220596,0.39423676907206334,0.3362473323258546
45A,2022-07-29,CVR502,Cultivar,Fungicide,15,2,1,0.29446811135807865,0,0,0.32974546357631945,0.6825290630770893,0.5759861783484854,0.16935362399376055,0.4979907887965558,0.27955820256060376
46A,2022-07-29,CVR495,Cultivar,Fungicide,16,2,1,0.4231103523529388,2,6.293322977276597e-4,0.4118772737151,0.6194348319395933,0.5818495037688517,0.04802549210303196,0.4555537114599296,0.22830577725816337
47A,2022-07-29,CVR494,Cultivar,Fungicide,17,2,1,0.4459716929818725,1,2.9810379984491917e-4,0.42378442130938254,0.6683978798605743,0.6265042536889496,0.1011996495329022,0.4996691722955793,0.2533379690119836
48A,2022-07-29,CVR019,Cultivar,Fungicide,18,2,1,0.4204804038656347,0,0,0.4526287986499878,0.6712210122981036,0.587234211183015,0.18540144681423443,0.4773582804950692,0.28526547098984223
49A,2022-07-29,CVR501,Cultivar,Fungicide,10,3,1,0.4072876018191202,1,1.6230095769334486e-4,0.43455194091609345,0.6766578639510309,0.6197037300763735,0.0952203678658827,0.4103570182026577,0.368669896405554
4A,2022-07-29,CVR498,Cultivar,Infected,4,1,1,0.45184104905177547,0,0,0.363580625552152,0.5716306728561846,0.5213171280783823,0.01534258101030088,0.4331570093183172,0.1840440417457811
50A,2022-07-29,WLD132,Wild cicer,Fungicide,11,3,1,0.01915821416948018,0,0,0.03214536875288158,0.6356750925558005,0.5596865393394561,0.22487324564588584,0.3904240918605273,0.326210977572737
51A,2022-07-29,CVR492,Cultivar,Fungicide,12,3,1,0.33136688484494053,0,0,0.3500229822517313,0.6876916488940091,0.5961653386826076,0.2460172199673561,0.4462222941017111,0.34837193087615814
52A,2022-07-29,WLD129,Wild cicer,Fungicide,13,3,1,0.1101531069191274,0,0,0.1280313097761469,0.6002207040171823,0.558063470505506,0.01388196168731062,0.41222876894709776,0.24979934876654344
53A,2022-07-29,CVR498,Cultivar,Fungicide,14,3,1,0.4285954842105909,1,1.8548680879239412e-4,0.4404072709212027,0.6271453268079267,0.5649551182277359,0.03190829341119584,0.46630653449634,0.2273153354513325
54A,2022-07-29,CVR482,Cultivar,Fungicide,15,3,1,0.23754330694648004,0,0,0.21998749911813087,0.628950532961024,0.5564506378290135,0.06289858472922859,0.5122913539786171,0.17211596035539672
55A,2022-07-29,CVR493,Cultivar,Fungicide,16,3,1,0.5711989756764674,0,0,0.5342104435533889,0.6476951387112856,0.5941214670396643,0.07093602734504846,0.4809362964785749,0.2422060519364548
56A,2022-07-29,WLD131,Wild cicer,Fungicide,17,3,1,0.03888945237964502,1,4.7696607975187047e-4,0.04570301205330229,0.6301608264135559,0.5554157922879795,0.1650895826225193,0.38266835254515025,0.32613831741131116
57A,2022-07-29,CVR504,Cultivar,Fungicide,18,3,1,0.40632704128849273,0,0,0.41120921592928217,0.655507405716912,0.5876377760276986,0.0960051637706348,0.5151107940765258,0.21197026755390455
58A,2022-07-29,CVR481,Cultivar,Fungicide,10,4,1,0.31463657022356356,0,0,0.3245974888738408,0.6234558475609336,0.6077610397371708,0.03157197465579341,0.3861150995466016,0.31258894607262683
59A,2022-07-29,CVR485,Cultivar,Fungicide,11,4,1,0.38900382896028024,0,0,0.3940754985988954,0.662958682757909,0.623324628393372,0.07762092285048008,0.4582239127748102,0.29406768776845005
5A,2022-07-29,CVR015,Cultivar,Infected,5,1,1,0.4642885886176306,0,0,0.3940754985988954,0.6048132094249874,0.5508017342473585,0.08215565829704129,0.4168179041624722,0.25136320995923406
60A,2022-07-29,CVR010,Cultivar,Fungicide,12,4,1,0.34687165672034453,0,0,0.35454219668520487,0.6724011860289005,0.6202913797269473,0.14469002182420532,0.4452436071855532,0.3242247354327941
61A,2022-07-29,CVR493,Cultivar,Fungicide,1,5,2,0.31417616362440076,0,0,0.3180741010829138,0.5807602040761798,0.5715610840010342,0.05196314654936589,0.4397200656019335,0.18941017847983216
62A,2022-07-29,CVR495,Cultivar,Fungicide,2,5,2,0.35316498433480037,1,2.3185851099049264e-4,0.34876546171372125,0.632952784294013,0.6307740792388209,0.09922772367608122,0.44046729843538623,0.26689427644289604
63A,2022-07-29,CVR501,Cultivar,Fungicide,3,5,2,0.31561700442034196,0,0,0.3009010862357142,0.6193791096911248,0.6322830463738242,0.1349782804038275,0.4118200237802492,0.2786299970411447
64A,2022-07-29,WLD085,Wild cicer,Fungicide,4,5,2,0.044722373394938,0,0,0.04637106983912012,0.5089381393019121,0.5078049782453933,0.06381411220221928,0.3232807621010735,0.22221905885067655
65A,2022-07-29,CVR485,Cultivar,Fungicide,5,5,2,0.35489399328992977,0,0,0.26470807325111284,0.5703232595898774,0.5444420575521709,0.10348615683173708,0.4023407313742363,0.2180074502518116
66A,2022-07-29,CVR491,Cultivar,Fungicide,6,5,2,0.40604880996238,0,0,0.29960426818089136,0.560401056077163,0.5318814485526219,0.14370872241745294,0.36855431351178736,0.2417844803316314
67A,2022-07-29,CVR016,Cultivar,Fungicide,7,5,2,0.5274934715329178,0,0,0.5197882548830863,0.6601986292633473,0.5636865582502505,0.05220693839497089,0.48481372465305345,0.2579468039348993
68A,2022-07-29,CVR484,Cultivar,Fungicide,8,5,2,0.2880654785797928,0,0,0.2867539801831013,0.6862004703621956,0.6174428867730057,0.07371766260364819,0.509916139128291,0.27116690390867815
69A,2022-07-29,CVR481,Cultivar,Fungicide,9,5,2,0.33051231720045127,0,0,0.3447178174820014,0.6920158300712024,0.6328321319702828,0.10612273409026517,0.5262365926307122,0.26072643121658545
6A,2022-07-29,CVR477,Cultivar,Infected,6,1,1,0.35891509840779784,0,0,0.243369521621755,0.5753667078893008,0.5525454915261625,0.05843991615028686,0.4308777177300436,0.1921173100483952
70A,2022-07-29,Howzat,Cultivar,Fungicide,1,6,2,0.3483389957378203,1,1.6230095769334486e-4,0.38971347423267305,0.6528907058977923,0.6213564231688736,0.06323139106527298,0.464009523183226,0.27097124550279866
71A,2022-07-29,WLD132,Wild cicer,Fungicide,2,6,2,0.0055348160230292796,0,0,0.00742723067762178,0.6628254457939371,0.6218359880928638,0.26170075156872175,0.37493773228368577,0.3830934297448446
72A,2022-07-29,CVR492,Cultivar,Fungicide,3,6,2,0.4213449083431994,0,0,0.41270252156816906,0.6364258413601165,0.5964665381811202,0.17598132141203462,0.4331329524714381,0.2806583206110805
73A,2022-07-29,CVR496,Cultivar,Fungicide,4,6,2,0.6406706879846757,0,0,0.5569244082711952,0.6273838832226529,0.5751716655416923,0.08823775464581257,0.4226580588801004,0.2786025409077425
74A,2022-07-29,CVR498,Cultivar,Fungicide,5,6,2,0.40132218969615446,1,9.90369738064156e-4,0.3607119068248166,0.6249451298450854,0.5635914662743833,0.11392294974330242,0.4070306058499683,0.2922562779711785
75A,2022-07-29,CVR019,Cultivar,Fungicide,6,6,2,0.37225695295044414,0,0,0.36342343548490075,0.617161247637111,0.5248234826326985,0.20340471221446005,0.4212949911570701,0.2646866135558443
76A,2022-07-29,CVR499,Cultivar,Fungicide,7,6,2,0.00397804550787442,0,0,0.00129681805482285,0.4928171827796924,0.5100128703213069,0.05588483723968333,0.3608246733579647,0.16053979126873869
77A,2022-07-29,CVR502,Cultivar,Fungicide,8,6,2,0.2745348242087129,0,0,0.27806922896746944,0.7157397296940323,0.6047434793795295,0.10171616511430896,0.5264361157337973,0.3037563447039998
78A,2022-07-29,CVR482,Cultivar,Fungicide,9,6,2,0.335874894783506,0,0,0.38275781375680507,0.709131709915202,0.5804654672607379,0.1464206412003022,0.5259215405838441,0.2921768283072749
79A,2022-07-29,CVR497,Cultivar,Fungicide,1,7,2,0.5448100593057467,0,0,0.6099760559684937,0.6613346527732207,0.6173263757196548,0.07817467873279343,0.45298767292133274,0.29745855700913837
7A,2022-07-29,WLD131,Wild cicer,Infected,7,1,1,0.00181844045280854,0,0,9.038428866947142e-4,0.31391578529520336,0.537702596467299,-0.2147001778925544,0.527313222996363,-0.25572870799903735
80A,2022-07-29,CVR503,Cultivar,Fungicide,2,7,2,0.45834305016081583,1,3.5772455981390294e-4,0.4870534233780125,0.7044172750734105,0.645847508742025,0.11619345311670054,0.4835835331986924,0.3349236847205556
81A,2022-07-29,CVR477,Cultivar,Fungicide,3,7,2,0.45041345736660154,0,0,0.46960532591312326,0.6703290928551409,0.5977384921394122,0.16400022472985137,0.46138792545629104,0.30249840257629423
82A,2022-07-29,WLD133,Wild cicer,Fungicide,4,7,2,0.18952852952587412,0,0,0.16705374397127087,0.5353065884032714,0.532062532174698,0.02926411031948705,0.31381578636597196,0.2662109572813858
83A,2022-07-29,CVR500,Cultivar,Fungicide,5,7,2,0.524618414496419,0,0,0.4532968564358056,0.582686812225155,0.5455258064234565,0.0545448768139462,0.4290588967872722,0.20483912171643945
84A,2022-07-29,CVR494,Cultivar,Fungicide,6,7,2,0.5056158773784544,0,0,0.4590735914072892,0.6156641487641517,0.5638346185461703,0.1116652637294706,0.4519218438745923,0.2268628180106441
85A,2022-07-29,WLD131,Wild cicer,Fungicide,7,7,2,0.01955568749249844,0,0,0.02735107170171831,0.6355622653551625,0.5400820159851065,-0.00413011504659894,0.3971625778569288,0.31889587877209546
86A,2022-07-29,CVR504,Cultivar,Fungicide,8,7,2,0.4397545477543285,1,2.6829341986042726e-4,0.4853243326382487,0.7125996452457414,0.6141979242034359,0.02993446015673707,0.5426843408158278,0.2770584096626607
87A,2022-07-29,CVR010,Cultivar,Fungicide,9,7,2,0.4296852235711992,2,0.00127191447466433,0.45950586409223015,0.7227965518874532,0.6154850208359721,0.07871000643284576,0.5594390403734995,0.2742557226479731
88A,2022-07-29,Genesis090,Cultivar,Fungicide,1,8,2,0.5482448912721628,0,0,0.6098188659012423,0.6473304559758144,0.6165278699646082,0.06939392768309505,0.4615298872797421,0.26496091492874596
89A,2022-07-29,CVR015,Cultivar,Fungicide,2,8,2,0.5342472057465364,0,0,0.5870263061498104,0.707613648928902,0.6409505860549735,0.14143180063798355,0.46416431790022966,0.3625180119672732
8A,2022-07-29,CVR493,Cultivar,Infected,8,1,1,0.49511595709538864,0,0,0.4581304510037816,0.6388638334307319,0.5846547206744008,0.1173762060378762,0.4534900692997386,0.26098629782876054
90A,2022-07-29,WLD129,Wild cicer,Fungicide,3,8,2,0.00227884705197136,0,0,0,NA,NA,NA,NA,NA
91A,2022-07-29,CVR503,Cultivar,Infected,10,5,2,0.38288936434118265,0,0,0.2687557174828326,0.5509775244287516,0.5557872061834789,-0.01116302941281501,0.44030435187781425,0.14612206409343856
92A,2022-07-29,CVR501,Cultivar,Infected,11,5,2,0.29665090235698727,0,0,0.20407200480894133,0.5688244022686014,0.5722164958956236,0.03857417945324196,0.4314815306783611,0.18201649474137796
93A,2022-07-29,CVR019,Cultivar,Infected,12,5,2,0.48650072281896783,0,0,0.3581182707151709,0.5771919232743932,0.5581861553831147,0.11885803605375445,0.4029706214199999,0.22702547134629208
94A,2022-07-29,CVR499,Cultivar,Infected,13,5,2,0.04058865083554808,0,0,0.04047644231719807,0.6414896246420402,0.6995330759217483,-0.00570905540180111,0.4822281187593089,0.23059465654055025
95A,2022-07-29,WLD133,Wild cicer,Infected,14,5,2,0.12393880667247742,0,0,0.13302209441137425,0.7101568984384693,0.7332179320981186,0.24619777270456225,0.34579966094474546,0.4829582738075055
96A,2022-07-29,CVR493,Cultivar,Infected,15,5,2,0.48443386153927287,0,0,0.48654255565944593,0.7392892327145615,0.7415865555415161,0.2041452516585052,0.431971143059831,0.45150785102205393
97A,2022-07-29,CVR504,Cultivar,Infected,16,5,2,0.3791630519378864,0,0,0.2013604761488572,0.5373056721448766,0.5210100179421616,7.530813421749966e-4,0.4271043744407149,0.1430230221927961
98A,2022-07-29,CVR015,Cultivar,Infected,17,5,2,0.49757697942041,0,0,0.3436960820448683,0.5630212743247214,0.5500023241405012,0.07925643192545835,0.4080066154330846,0.20124361963322424
99A,2022-07-29,CVR010,Cultivar,Infected,18,5,2,0.3331356411323718,1,6.5583061862769e-4,0.17931456921686872,0.5437277889906036,0.5639225467182858,0.06232391667262473,0.43150630996602407,0.14662228976747288
9A,2022-07-29,CVR496,Cultivar,Infected,9,1,1,0.5062187119183654,0,0,0.4944020590220087,0.6578756213995516,0.5842468091970432,0.1912722839333864,0.4506725224888036,0.29452610196118795
100A,2022-08-02,CVR482,Cultivar,Infected,10,6,2,0.2296236509853412,0,0,0.1979022946693296,0.5571715375931646,0.5043786001952353,-0.08542699282693891,0.5111025018952561,0.06441165709430624
101A,2022-08-02,CVR498,Cultivar,Infected,11,6,2,0.2818847684068589,0,0,0.2041898973593798,0.5847890179225652,0.5204122990253571,0.00777487197376107,0.4783903237436163,0.14772619017884822
102A,2022-08-02,CVR484,Cultivar,Infected,12,6,2,0.126360081665197,1,2.1198492433416473e-4,0.08790854511026416,0.5721558167608635,0.5066428558698177,0.03773311639927337,0.4917677838372672,0.1118625531974422
103A,2022-08-02,WLD131,Wild cicer,Infected,13,6,2,0.05626566115092666,0,0,0.04503495426748445,0.7215934246400666,0.7158847455144404,0.10872874533540731,0.33640653199092296,0.5086645790557923
104A,2022-08-02,CVR494,Cultivar,Infected,14,6,2,0.4692073209899816,0,0,0.4316046271551324,0.7650030005631143,0.7565567744213766,0.08339473445871733,0.5049251357847784,0.42376540886738734
105A,2022-08-02,Genesis090,Cultivar,Infected,15,6,2,0.3547681267376407,0,0,0.35434570910114077,0.7621460935466642,0.7105690332296032,0.17163623897592367,0.5184695319077263,0.40287074751024793
106A,2022-08-02,Howzat,Cultivar,Infected,16,6,2,0.3685438896579152,0,0,0.3390982725777691,0.6125451562276717,0.5844455008535517,0.03384086468296133,0.4544413288724769,0.21909138311002185
107A,2022-08-02,WLD129,Wild cicer,Infected,17,6,2,0.01105307065759947,0,0,0.00872404873244463,0.5619503024510837,0.537160486364937,0.13408008590609846,0.35800269588559114,0.25531100360954334
108A,2022-08-02,CVR495,Cultivar,Infected,18,6,2,0.4944005051139558,0,0,0.45655855033126913,0.6343222596280519,0.5777790839004301,0.10720829178195876,0.4526730011817715,0.2548177782376997
109A,2022-08-02,CVR481,Cultivar,Infected,10,7,2,0.34641125012118174,0,0,0.2988576153614479,0.54696647398248055,0.5090148268216725,-0.08137550355529928,0.48299745717998144,0.0869360900553796
10A,2022-08-02,CVR481,Cultivar,Infected,1,2,1,0.5241315096757216,2,0.0020635501944252,0.47829007712875504,0.7806640593325406,0.5168918519455084,0.04935323953650619,0.4863074022479824,0.4744953628695499
110A,2022-08-02,CVR477,Cultivar,Infected,11,7,2,0.47610679542204026,6,0.00227552854720083,0.44229355172821777,0.5882925638863737,0.5139024490698103,-0.01130608604555067,0.4779745403439193,0.15347289239463174
111A,2022-08-02,WLD132,Wild cicer,Infected,12,7,2,0.03164881334532903,0,0,0.03226326130332001,0.5669974855795978,0.47792784769840463,0.09221583667680368,0.4223404973883511,0.1902044986890957
112A,2022-08-02,WLD085,Wild cicer,Infected,13,7,2,0.0975664516902158,0,0,0.07399722415852812,0.7409994460423519,0.7361675333413541,0.10722693351915089,0.3835249237011154,0.4993998397484422
113A,2022-08-02,CVR500,Cultivar,Infected,14,7,2,0.5260691921254357,0,0,0.524268171799747,0.75304029797163885,0.7365866204973763,0.07485422027147783,0.4869854250961371,0.4201217876360709
114A,2022-08-02,CVR491,Cultivar,Infected,15,7,2,0.5694202825559607,0,0,0.5818783314473319,0.7681119721337377,0.7177340491035228,0.16941857776135072,0.4602268272921124,0.4762380147167789
115A,2022-08-02,CVR502,Cultivar,Infected,16,7,2,0.2669099609621459,0,0,0.25366547102671216,0.5957625792741736,0.5827317961100271,-0.01755999356410084,0.452898946246884,0.1956554285778044
116A,2022-08-02,CVR492,Cultivar,Infected,17,7,2,0.5928645840586545,0,0,0.61327704738077,0.6566576752601815,0.603320837203477,0.08258602784808786,0.4761484712521516,0.26262246299555436
117A,2022-08-02,CVR485,Cultivar,Infected,18,7,2,0.5380165777598263,0,0,0.5370791622807243,0.6260298397745391,0.5650830054482401,0.09074765470450358,0.4902305024870931,0.19593006240945465
118A,2022-08-02,CVR016,Cultivar,Infected,10,8,2,0.5788967090322544,0,0,0.5361360218772168,0.5722797607098284,0.510965709922794,-0.0043909199017953,0.45781927504348485,0.15509565722924704
119A,2022-08-02,CVR497,Cultivar,Infected,11,8,2,0.6451290137578639,0,0,0.6182285344991845,0.6007893978032229,0.5289193831638369,-0.01841434940321388,0.5043349935580222,0.13838490970032333
11A,2022-08-02,CVR499,Cultivar,Infected,2,2,1,0.1576710426859605,0,0,0.129485317898221,0.7515407238249892,0.47946493337741886,0.10970451205313536,0.44418945221967976,0.4613681785221922
120A,2022-08-02,CVR496,Cultivar,Infected,12,8,2,0.4878256338956954,0,0,0.4326263625922656,0.6040959587684481,0.5253308083362687,-0.0027129604670034,0.5154586285064819,0.12871854380705922
121A,2022-08-02,WLD085,Wild cicer,Infected,1,9,3,0.07985570287206045,0,0,0.1435538289172083,0.5427268415260731,0.5429846731450755,-0.03189306299832356,0.4272082465838161,0.1503869103038602
122A,2022-08-02,CVR019,Cultivar,Infected,2,9,3,0.5088354112949023,0,0,0.5444670954415333,0.6492202680635745,0.600372140991627,0.0773729998433715,0.4751985320352719,0.2516614313359327
123A,2022-08-02,CVR494,Cultivar,Infected,3,9,3,0.3497599628676106,2,6.260179796743301e-4,0.34711496600758307,0.6044508228357222,0.5938447594523132,0.06648269070684397,0.4750724737830027,0.1814965161391748
124A,2022-08-02,CVR498,Cultivar,Infected,4,9,3,0.35597379581746275,2,7.551962929404617e-4,0.27775484883296697,0.5500386845989141,0.5476579331564473,-0.00242010342180994,0.4045096826498568,0.18717459593281272
125A,2022-08-02,CVR485,Cultivar,Infected,5,9,3,0.5217566065706876,0,0,0.4002452087385072,0.572410357553888,0.5576696621432137,0.04841136768453541,0.4249604853434804,0.19484667286753649
126A,2022-08-02,CVR502,Cultivar,Infected,6,9,3,0.1884553515537248,0,0,0.16017667852902848,0.5439772065093728,0.5606405761669929,0.10802484410055244,0.3948303436180086,0.1899424586299018
127A,2022-08-02,Genesis090,Cultivar,Infected,7,9,3,0.5189080477557234,0,0,0.3972585974607333,0.6111103496755563,0.5220811127393131,0.08925070889976933,0.48938658381278466,0.17366017724904145
128A,2022-08-02,CVR010,Cultivar,Infected,8,9,3,0.35909064912546423,1,4.3059437755377206e-4,0.30208001174009863,0.60964445037748,0.551156104722692,0.11404482032434209,0.473664797951375,0.19118864632438312
129A,2022-08-02,CVR491,Cultivar,Infected,9,9,3,0.5281857375705079,0,0,0.41274181908498186,0.6185001326375924,0.49927698976780394,0.17004925201922477,0.4528906949946632,0.23004919837884777
12A,2022-08-02,CVR500,Cultivar,Infected,3,2,1,0.4755801432690411,2,3.941594686838375e-4,0.45691222798258446,0.7567626116607686,0.4639053117751064,0.16173503626571498,0.436258126942067,0.478467622781676
130A,2022-08-02,CVR484,Cultivar,Infected,1,10,3,0.34634500456734535,0,0,0.36523112125829016,0.6352631937470747,0.5977333512951212,-0.04709526736324523,0.5168682494223826,0.17627407367398232
131A,2022-08-02,CVR481,Cultivar,Infected,2,10,3,0.4593301089129779,5,0.00122222557936416,0.5287480887164078,0.6780539465116445,0.6304428973678305,0.02872670063442687,0.5214677871519852,0.24223717795866975
132A,2022-08-02,CVR492,Cultivar,Infected,3,10,3,0.4684786198977815,0,0,0.4918477204291758,0.6662828237011325,0.5894071092436157,0.08821754006857031,0.5166109566162658,0.22823105023754808
133A,2022-08-02,CVR496,Cultivar,Infected,4,10,3,0.5052449022769706,0,0,0.5232071388458011,0.6260612450692504,0.5773796757408004,0.07375507113791199,0.43353733465793715,0.26424573066446766
134A,2022-08-02,WLD131,Wild cicer,Infected,5,10,3,0.025597282002376,1,1.788626495564026e-4,0.02291045230187036,0.5758930841936846,0.5159938687545824,0.15280353825769455,0.32237192475936577,0.31131787066817124
135A,2022-08-02,Howzat,Cultivar,Infected,6,10,3,0.30105291940941453,2,7.551962929404618e-4,0.2729998492986165,0.5955362044425321,0.5612041761030252,0.08825873224310815,0.42698867456313655,0.22602204652634897
136A,2022-08-02,CVR016,Cultivar,Infected,7,10,3,0.5613250758771554,0,0,0.5331887081162557,0.6342388568335213,0.5098067591669293,0.1324169086106837,0.47253285298902903,0.2309091858538557
137A,2022-08-02,CVR482,Cultivar,Infected,8,10,3,0.30124503151554,11,0.00387535165695281,0.27913026192141543,0.6325448568922567,0.5533663158055264,0.12394533086137668,0.5012890841469991,0.19220007915277287
138A,2022-08-02,CVR497,Cultivar,Infected,9,10,3,0.5079543454288784,0,0,0.4969956951316544,0.6395045422629791,0.4996098906912696,0.17528944523617562,0.49162109108054886,0.21569740361540252
139A,2022-08-02,CVR493,Cultivar,Infected,1,11,3,0.6939884219898836,0,0,0.7327022009749107,0.6806093437634969,0.6099850429752385,0.03218322950961178,0.512276030437299,0.2584414826509888
13A,2022-08-02,WLD129,Wild cicer,Infected,4,2,1,0.0811309297834107,0,0,0.07148218308250805,0.5527261865502345,0.515164934598597,0.02140754154008727,0.3924089689530562,0.2047198764379925
140A,2022-08-02,CVR495,Cultivar,Infected,2,11,3,0.5152844159608736,0,0,0.5855330005109235,0.678180219766134,0.6134255319849452,0.01077478453032368,0.5239057250392543,0.2392974917160148
141A,2022-08-02,CVR504,Cultivar,Infected,3,11,3,0.4561337609403726,2,6.856387396433141e-4,0.4785258622296319,0.6627364381022399,0.580576692403523,0.04528236014660194,0.5447426358616201,0.18465984677540775
142A,2022-08-02,CVR015,Cultivar,Infected,4,11,3,0.644416874054123,0,0,0.6564650183580522,0.6373116759097923,0.5947548438913083,0.09433124273528014,0.4121395329130392,0.3053849663957298
143A,2022-08-02,WLD132,Wild cicer,Infected,5,11,3,0.03344075557660302,1,1.1924201280441175e-4,0.04189115292245936,0.585472008012009,0.5462791318278859,0.0765929692382678,0.30921336893505186,0.33732686927794564
144A,2022-08-02,WLD129,Wild cicer,Infected,6,11,3,0.09326711524623496,0,0,0.08991271846771766,0.6258985419032047,0.5674231306532966,0.15703063697332542,0.39917192814267166,0.3022381286960595
145A,2022-08-02,CVR500,Cultivar,Infected,7,11,3,0.6291075265625362,0,0,0.5935496939407375,0.6118919498432055,0.5242546323951548,0.09658884035371282,0.47321585408322897,0.1951966452290815
146A,2022-08-02,CVR501,Cultivar,Infected,8,11,3,0.40831109562589224,4,0.00135140758912481,0.3946649613510876,0.6331709670527952,0.5436918258782769,0.09382218293860106,0.48100764691560755,0.21880153136945313
147A,2022-08-02,CVR503,Cultivar,Infected,9,11,3,0.4548552217513306,2,8.744396611256848e-4,0.44924921220408576,0.6361171798399136,0.5287226766047558,0.12122906283166074,0.5012298171046624,0.1980262207191143
148A,2022-08-02,WLD133,Wild cicer,Infected,1,12,3,0.2057355042719437,0,0,0.28030918742579986,0.6193333145387817,0.5620066098131449,-0.00766333003425028,0.4321141391698405,0.2556321322162032
149A,2022-08-02,CVR499,Cultivar,Infected,2,12,3,0,0,0,0,NA,NA,NA,NA,NA
14A,2022-08-02,WLD085,Wild cicer,Infected,5,2,1,0.07597371341724878,0,0,0.07372214154083843,0.568352772990147,0.4973028945939658,0.0923772249747642,0.39253992979942287,0.2263008175556803
150A,2022-08-02,CVR477,Cultivar,Infected,3,12,3,0.5145954622009752,7,0.00375943131412929,0.5415983767141979,0.6342628181313421,0.5814987519745536,0.02171016255382816,0.5016700212367534,0.19447195206435117
151A,2022-08-02,CVR499,Cultivar,Fungicide,10,9,3,0,0,0,0,NA,NA,NA,NA,NA
152A,2022-08-02,CVR498,Cultivar,Fungicide,11,9,3,0.3501673730237043,0,0,0.19483708835793012,0.5178395217826666,0.5372277318949951,0.00168061371371052,0.39046802962525096,0.15965336760048926
153A,2022-08-02,Howzat,Cultivar,Fungicide,12,9,3,0.22077986954818488,2,4.272821131110508e-4,0.11801044298887944,0.5028660256242815,0.5422516590192097,0.04652813850449482,0.40546739498415896,0.12234406988374198
154A,2022-08-02,CVR496,Cultivar,Fungicide,13,9,3,0.5268707633268559,0,0,0.4312902470206299,0.5749368499721036,0.5163668227444679,0.0443480512676958,0.409021378455634,0.21692875485285812
155A,2022-08-02,CVR492,Cultivar,Fungicide,14,9,3,0.4834501150648027,0,0,0.31422294443525806,0.5626113317257123,0.5189723385489944,0.04874604013888202,0.4129085926815895,0.1950034055542669
156A,2022-08-02,WLD129,Wild cicer,Fungicide,15,9,3,0.02936996629335767,0,0,0.03234185633694564,0.5353806299922201,0.48062877492706174,0.16838975104459272,0.33087829417507875,0.2485280419910877
157A,2022-08-02,CVR493,Cultivar,Fungicide,16,9,3,0.5731200967377224,0,0,0.4516070632128546,0.5853576394142801,0.5080350649172339,0.03568219449613936,0.45127683493357945,0.18221420759783405
158A,2022-08-02,CVR481,Cultivar,Fungicide,17,9,3,0.412027471196113,0,0,0.33320364505584704,0.5952414485679224,0.544322307988884,0.05934462818054387,0.44928775436553486,0.19923642705114103
159A,2022-08-02,CVR477,Cultivar,Fungicide,18,9,3,0.3802991631861803,0,0,0.2873434429352935,0.5604190597299826,0.510583886370262,0.07196291969431944,0.4088765330735642,0.1965894709647188
15A,2022-08-02,CVR482,Cultivar,Infected,6,2,1,0.40423699406495506,0,0,0.33143525679927044,0.6098508914847958,0.550659471829587,0.09147723928661332,0.4479178281083166,0.22279146866651975
160A,2022-08-02,CVR010,Cultivar,Fungicide,10,10,3,0.4730661245009506,0,0,0.40641491887811887,0.5823871902657598,0.5823594954510212,0.0030398035937929,0.441939604782983,0.1891244227277271
161A,2022-08-02,CVR015,Cultivar,Fungicide,11,10,3,0.5639384629760005,0,0,0.4999823064094282,0.6113101994994271,0.5741190224363505,0.1004175663515852,0.4275803445107277,0.24874889134887385
162A,2022-08-02,CVR497,Cultivar,Fungicide,12,10,3,0.5560519297917799,0,0,0.4691337557113695,0.5940762519043501,0.5484073357128755,0.11775584067682655,0.42878914718642003,0.22178253483777297
163A,2022-08-02,CVR491,Cultivar,Fungicide,13,10,3,0.5982072879755582,0,0,0.49290875338312173,0.5667320094789573,0.5152955402202963,0.03620651857994669,0.38637539172384405,0.2309218832227675
164A,2022-08-02,CVR502,Cultivar,Fungicide,14,10,3,0.25929172227096253,5,0.00214966249837742,0.21295324360863724,0.5580840076034115,0.5292189802493618,0.03227455171076026,0.39951769329368986,0.20406571015528296
165A,2022-08-02,CVR016,Cultivar,Fungicide,15,10,3,0.5055529441023098,0,0,0.43647751923992134,0.572544877404888,0.4896185687618892,0.10718416472292436,0.3936091391646545,0.23099179399613629
166A,2022-08-02,WLD133,Wild cicer,Fungicide,16,10,3,0.1873656121931164,0,0,0.17888229653192778,0.5651209668013712,0.5011445044880786,0.05937553200950216,0.37824437654226134,0.2376820350379625
167A,2022-08-02,WLD085,Wild cicer,Fungicide,17,10,3,0.14091091756535715,0,0,0.14174614314381886,0.6158331177008247,0.5264279626528734,0.13921512015343085,0.3899515260209685,0.2972693615381122
168A,2022-08-02,CVR501,Cultivar,Fungicide,18,10,3,0.3893019339525439,0,0,0.3842511193956919,0.6314238482293526,0.5170643375608818,0.1575417729913797,0.448523189162139,0.25516568241203186
169A,2022-08-02,Genesis090,Cultivar,Fungicide,10,11,3,0.46296698981859497,0,0,0.39273938302725975,0.5667462619723487,0.5679914428041538,-0.01332842370426926,0.4610815611136486,0.14304457223271286
16A,2022-08-02,WLD133,Wild cicer,Infected,7,2,1,0.1668659255584496,0,0,0.16618919860138898,0.6111781631964773,0.5626634479481645,0.09302242100102048,0.35997902400358556,0.32205485183157523
170A,2022-08-02,CVR495,Cultivar,Fungicide,11,11,3,0.28689293227688895,3,8.943113995347573e-4,0.24187621598286807,0.5805606980440279,0.5691505549242809,0.0081104564731694,0.456766192024516,0.16846927156805178
171A,2022-08-02,CVR504,Cultivar,Fungicide,12,11,3,0.442927709783091,1,4.3059437755377206e-4,0.38621599523633265,0.5914717674059289,0.5537840485766311,0.07473137355174388,0.4555340929454767,0.18607211917235708
172A,2022-08-02,WLD131,Wild cicer,Fungicide,13,11,3,0.04691510122692207,0,0,0.03638950056866545,0.4924691379070484,0.5114320943674436,-0.05111577135803065,0.29001021373310404,0.23619214079611164
173A,2022-08-02,CVR484,Cultivar,Fungicide,14,11,3,0.16186107396611132,1,2.1198492433416473e-4,0.11671362493405656,0.5053574304235576,0.5307773169057233,-0.03657682406749823,0.3917519586754144,0.14164825062283756
174A,2022-08-02,WLD132,Wild cicer,Fungicide,15,11,3,0.01532259660235396,0,0,0.0143828911534898,0.5490846252703924,0.4861981014483419,0.1000647935037726,0.32792673182501214,0.2697243283339543
175A,2022-08-02,CVR503,Cultivar,Fungicide,16,11,3,0.5677078349892903,0,0,0.5621509780072994,0.624452509049418,0.5580378319214259,0.03375096085278883,0.4576222483356755,0.23357841315315395
176A,2022-08-02,CVR482,Cultivar,Fungicide,17,11,3,0.35339684377322766,5,0.00257032008260303,0.3144194320193221,0.6036880457977561,0.5557396609692153,0.00449420955201897,0.4966949657966142,0.1528142521606166
177A,2022-08-02,CVR485,Cultivar,Fungicide,18,11,3,0.43462382960970114,0,0,0.3821683510046128,0.6060676906001392,0.5245976081130553,0.06528970333960747,0.502850556162722,0.14846290987765828
178A,2022-08-02,CVR494,Cultivar,Fungicide,10,12,3,0.46621302195657743,0,0,0.43922834541681827,0.580318013197159,0.6059645056512017,0.00162663566198623,0.4545773795726531,0.17079671051155115
179A,2022-08-02,CVR500,Cultivar,Fungicide,11,12,3,0.6575964269898701,0,0,0.5733900678157642,0.5673031769901831,0.5603498128060318,0.04282973503847326,0.4218404574319045,0.19122506320861757
17A,2022-08-02,Genesis090,Cultivar,Infected,8,2,1,0.43384875662981554,0,0,0.43569156890366506,0.6941608111643487,0.6168820989740652,0.14735766916131132,0.4676589313221545,0.3353747554291874
180A,2022-08-02,CVR019,Cultivar,Fungicide,12,12,3,0.5331409049974689,0,0,0.48972565452128386,0.592019182424436,0.5638430529636895,0.06050261968034405,0.4587614571797817,0.18294469679118144
18A,2022-08-02,CVR019,Cultivar,Infected,9,2,1,0.5531172517568284,0,0,0.5829786619180907,0.7034776289222867,0.6026602122486431,0.207177175455156,0.4611312448315518,0.3587104428355962
19A,2022-08-02,CVR494,Cultivar,Infected,1,3,1,0.5456944374494623,0,0,0.46410367355932935,0.7856661654558109,0.5165051778207402,0.03586984320910418,0.5073055332155331,0.4628334551523035
1A,2022-08-02,WLD132,Wild cicer,Infected,1,1,1,0.00281212376035419,0,0,0.0043227268494095,0.5724352931127346,0.3896548113881869,-0.13760559511344225,0.3503486745268155,0.27779993650460205
20A,2022-08-02,Howzat,Cultivar,Infected,2,3,1,0.4052969229263371,1,3.974717331265588e-4,0.3650739311910389,0.7933333838741479,0.5170890286658516,0.0882385751016223,0.5085824941968611,0.4773498420970865
21A,2022-08-02,CVR010,Cultivar,Infected,3,3,1,0.28291488676901455,0,0,0.2557875369346041,0.7937951769765856,0.49469238183490105,0.1370593876493386,0.5185130542354291,0.46784317380435503
22A,2022-08-02,CVR501,Cultivar,Infected,4,3,1,0.5762435746011075,2,7.022000618569206e-4,0.556963705788008,0.6094859830130207,0.564366035325875,0.0024088882294603102,0.45088013268863014,0.21870790168795265
23A,2022-08-02,CVR491,Cultivar,Infected,5,3,1,0.6057294706136789,0,0,0.5895020497090178,0.5982057112566814,0.533816581632212,0.03614990245596912,0.43885665958412334,0.2160742924013675
24A,2022-08-02,CVR502,Cultivar,Infected,6,3,1,0.3670798629181314,0,0,0.32031405954124414,0.5954900621312164,0.5343812682001604,0.04768191128543358,0.4514660344012045,0.19698113193800557
25A,2022-08-02,CVR485,Cultivar,Infected,7,3,1,0.4133888173274506,0,0,0.39340744081307755,0.646393000319113,0.6081329186452109,0.03398219735185182,0.4569626480290037,0.2688394718520584
26A,2022-08-02,CVR503,Cultivar,Infected,8,3,1,0.3941312348272158,5,0.00168594260134515,0.427046115204846,0.6880662559283935,0.6076639185189945,0.09050668094385995,0.468714328983538,0.32376979454048926
27A,2022-08-02,CVR504,Cultivar,Infected,9,3,1,0.3877517879927727,0,0,0.3866089704044608,0.6868816185128728,0.5983610448562919,0.14874886218844158,0.4716583923456851,0.31836506375753726
28A,2022-08-02,CVR495,Cultivar,Infected,1,4,1,0.5313125277115849,0,0,0.4784079696791935,0.7635600815431187,0.49171279471366136,0.0107577329137727,0.4678572136475612,0.460049676651645
29A,2022-08-02,CVR492,Cultivar,Infected,2,4,1,0.47311249638863606,0,0,0.4381280149460595,0.7762252864717692,0.4841513459121253,0.07627335635896283,0.4878196212099267,0.4641656777614225
2A,2022-08-02,CVR016,Cultivar,Infected,2,1,1,0.5727822444131568,1,3.312264442721324e-4,0.4659113593327188,0.722411130376964,0.4647716337583568,0.10095539363151398,0.4087353760098583,0.44510376060769713
30A,2022-08-02,CVR484,Cultivar,Infected,3,4,1,0.247235031472742,0,0,0.21499671448290353,0.7551378585326007,0.4613093290327944,0.07332509266568629,0.4986347300118332,0.41141739668779126
31A,2022-08-02,CVR491,Cultivar,Fungicide,10,1,1,0.4750303051721992,0,0,0.3695538481076997,0.5824483898306501,0.5692460224054267,0.05831837695764082,0.4149294737230173,0.22090649386615224
32A,2022-08-02,CVR016,Cultivar,Fungicide,11,1,1,0.6560197828085643,0,0,0.5155441230673025,0.5944899741708001,0.5719800098107001,0.10811582486840036,0.3966447188011993,0.25889242889992514
33A,2022-08-02,Howzat,Cultivar,Fungicide,12,1,1,0.28178871235379616,0,0,0.17970754438499686,0.564802837474561,0.6283403457085361,0.08813790892259954,0.4150105722594807,0.1956532114340538
34A,2022-08-02,CVR496,Cultivar,Fungicide,13,1,1,0.620207436404619,0,0,0.5377865175833549,0.6566772112875784,0.45101310799389016,0.06644963045257801,0.4854114171023182,0.2514025103799754
35A,2022-08-02,Genesis090,Cultivar,Fungicide,14,1,1,0.42983096378963925,0,0,0.3008617887189014,0.611976842368293,0.44062132542448895,0.06076993218459387,0.4815738203849882,0.18489330143760524
36A,2022-08-02,CVR484,Cultivar,Fungicide,15,1,1,0.1891542421466986,0,0,0.11537750936242092,0.5840248899262643,0.46210432351616904,0.09909408261619009,0.4728952536327444,0.15353269492481125
37A,2022-08-02,WLD133,Wild cicer,Fungicide,16,1,1,0.1302652570638514,0,0,0.12406226057805272,0.5591712171247631,0.4956082622692896,0.04079270384592958,0.3929521398540088,0.2130269654208427
38A,2022-08-02,CVR499,Cultivar,Fungicide,17,1,1,6.591432606719495e-4,0,0,3.143801345025093e-4,0.3490099613338803,0.3065386903362774,0.21516170185438505,0.3482032455211,9.183153755940032e-4
39A,2022-08-02,CVR015,Cultivar,Fungicide,18,1,1,0.5193088333564334,0,0,0.44771660904838606,0.6265063345966347,0.5443357732466688,0.14270492634772466,0.408103664241245,0.2934255866908714
3A,2022-08-02,CVR497,Cultivar,Infected,3,1,1,0.4810718996820767,0,0,0.40287814236496566,0.6889425078190079,0.4734386193882426,0.09603812896445964,0.41148013040351056,0.3872393793377584
40A,2022-08-02,CVR497,Cultivar,Fungicide,10,2,1,0.6031326449032929,0,0,0.5493399875263222,0.6483544581694397,0.6116081736080072,0.09470462349647164,0.4480375088654363,0.28233024925409594
41A,2022-08-02,CVR503,Cultivar,Fungicide,11,2,1,0.47822665314480434,3,6.790147446959675e-4,0.43537718876916254,0.6562482223546128,0.6310473732215182,0.11886071063013602,0.4443336286426197,0.2991424982513255
42A,2022-08-02,CVR477,Cultivar,Fungicide,12,2,1,0.3268191275740733,5,0.00246764214384754,0.26910939513414794,0.6083008603631795,0.583430654391809,0.16154265996890407,0.3918834058682451,0.2841552357355857
43A,2022-08-02,CVR500,Cultivar,Fungicide,13,2,1,0.6224796589012067,0,0,0.5397120959071828,0.6610830585679922,0.4569050957171478,0.05581040342719923,0.4895688741212196,0.25358629578776265
44A,2022-08-02,WLD085,Wild cicer,Fungicide,14,2,1,0.0595945002312046,0,0,0.0558024738741954,0.6430200407635076,0.40115541150027745,0.17007066644342791,0.41114677701361785,0.31520606060335726
45A,2022-08-02,CVR502,Cultivar,Fungicide,15,2,1,0.35760012416414577,0,0,0.3216894726296926,0.6776424446164246,0.4550829735745674,0.12694499722634844,0.5010609159648047,0.2673614861621303
46A,2022-08-02,CVR495,Cultivar,Fungicide,16,2,1,0.46926031743305074,4,0.00107648594388443,0.4706270613502564,0.6371253893278638,0.5582182887313927,0.03198779350237531,0.4461259552569861,0.2668477513719537
47A,2022-08-02,CVR494,Cultivar,Fungicide,17,2,1,0.530471209177863,0,0,0.4956988770768315,0.6813781895023143,0.5979131275869206,0.09805518686423915,0.48379798836554866,0.294741588013295
48A,2022-08-02,CVR019,Cultivar,Fungicide,18,2,1,0.45421263987911775,0,0,0.4818661511587211,0.6903019394941462,0.5523896001927563,0.2178599138651935,0.44912491103990193,0.34954803346533675
49A,2022-08-02,CVR501,Cultivar,Fungicide,10,3,1,0.4422718788001108,1,1.3911539409942425e-4,0.46465383879470873,0.6380497512503924,0.6085454920944586,0.06227083380797871,0.429818386302496,0.2869170898666451
4A,2022-08-02,CVR498,Cultivar,Infected,4,1,1,0.4895215200739066,0,0,0.33689761163625154,0.5485080647281685,0.5070292204284575,-0.00325031686555083,0.4185326361892415,0.16870472323127317
50A,2022-08-02,WLD132,Wild cicer,Fungicide,11,3,1,0.04158564642078555,0,0,0.04126239265345434,0.5837516725906274,0.5493341932724686,0.16084309811145292,0.3938863923758773,0.24655646105863752
51A,2022-08-02,CVR492,Cultivar,Fungicide,12,3,1,0.36766613606958326,0,0,0.3581182707151709,0.6443202205248038,0.5753533851146968,0.20014823339911292,0.4605824503142433,0.26127416792865643
52A,2022-08-02,WLD129,Wild cicer,Fungicide,13,3,1,0.11610526993132586,0,0,0.10402052700351776,0.643103816292917,0.4431449107556036,0.02966856651077765,0.443731825474904,0.2789846098813062
53A,2022-08-02,CVR498,Cultivar,Fungicide,14,3,1,0.4685117426746997,7,0.00267631254477011,0.4241773964775107,0.6330938446258341,0.4449775385674533,0.02269117320220268,0.4658179030117035,0.2372393577125666
54A,2022-08-02,CVR482,Cultivar,Fungicide,15,3,1,0.26596927409766935,0,0,0.23154096906109808,0.6317559802111966,0.40884164262020567,0.07968808047297446,0.50642757942672,0.1842898455040957
55A,2022-08-02,CVR493,Cultivar,Fungicide,16,3,1,0.6176271720826921,0,0,0.6175604767133667,0.6747549060871872,0.5719662463616902,0.09521116939865534,0.4555672211459199,0.31646908446940697
56A,2022-08-02,WLD131,Wild cicer,Fungicide,17,3,1,0.0366702263261264,0,0,0.04153747527114404,0.6598672792733855,0.5389047187270034,0.1639037759124931,0.38073796501665896,0.3727870330358787
57A,2022-08-02,CVR504,Cultivar,Fungicide,18,3,1,0.5196599347917662,0,0,0.49955003372448725,0.671858194160305,0.551808302278431,0.09409120939976802,0.4922902303965939,0.2683119251024742
58A,2022-08-02,CVR481,Cultivar,Fungicide,10,4,1,0.36271096864262226,0,0,0.37548777314643456,0.5614310362442145,0.5862384289540283,-0.02804747380031723,0.4173586948273002,0.18816214152522895
59A,2022-08-02,CVR485,Cultivar,Fungicide,11,4,1,0.4600654345605617,0,0,0.4334516104453347,0.6216174634148843,0.6119621159969708,0.0429659550499079,0.4775294991229543,0.2049151015478896
5A,2022-08-02,CVR015,Cultivar,Infected,5,1,1,0.4732284261078497,12,0.00387203713354122,0.3379979421070103,0.564973345528361,0.5216688850115335,0.06385153710161313,0.37748919664733754,0.23830852625855944
60A,2022-08-02,CVR010,Cultivar,Fungicide,12,4,1,0.4282907546629435,1,1.6230095769334486e-4,0.430229214066684,0.6293296112741864,0.603617545687944,0.08950345076310225,0.4643257433908233,0.23312675554590737
61A,2022-08-02,CVR493,Cultivar,Fungicide,1,5,2,0.3771425625458769,0,0,0.3088784821487154,0.5276223197054762,0.5827361663198244,0.00341510992625787,0.42060358130080905,0.1375420471142411
62A,2022-08-02,CVR495,Cultivar,Fungicide,2,5,2,0.411404762990051,8,0.00369317793404636,0.35395273393301263,0.5560361946179674,0.6274300956916138,0.02514746505712722,0.4095457321397837,0.18968623990273983
63A,2022-08-02,CVR501,Cultivar,Fungicide,3,5,2,0.32419249136446093,0,0,0.2360208859777589,0.5383771467505032,0.6221891568970728,0.07646891279126346,0.3577059113446429,0.2237638271763232
64A,2022-08-02,WLD085,Wild cicer,Fungicide,4,5,2,0.04900514845045976,0,0,0.0457423095701151,0.4375623692699922,0.47290502918722566,-0.00494614401555039,0.34028681433083957,0.11429347704029354
65A,2022-08-02,CVR485,Cultivar,Fungicide,5,5,2,0.3769835732166696,0,0,0.27221389896236026,0.5587173471772054,0.5600346429148746,0.09243243244807894,0.4305710573121953,0.16873954308821337
66A,2022-08-02,CVR491,Cultivar,Fungicide,6,5,2,0.4396286812020394,2,9.20809515076528e-4,0.2764187332613313,0.5315752185457727,0.5394196088063503,0.09623995529751062,0.3916833761450227,0.1766777767676464
67A,2022-08-02,CVR016,Cultivar,Fungicide,7,5,2,0.6127978712080202,0,0,0.5543700696783623,0.6441482725202963,0.534042834982549,0.02732550006843703,0.514214986557582,0.19428715559852297
68A,2022-08-02,CVR484,Cultivar,Fungicide,8,5,2,0.34608002235199986,0,0,0.288915343607806,0.6621897097498486,0.5840042516420622,0.05825632431838604,0.5175270311676754,0.2200865891946988
69A,2022-08-02,CVR481,Cultivar,Fungicide,9,5,2,0.35474825307148977,0,0,0.35536744453827396,0.6740994975835698,0.5981122565279425,0.08648154067479819,0.5537370391596383,0.1920495264534264
6A,2022-08-02,CVR477,Cultivar,Infected,6,1,1,0.4031605038151139,2,0.00103011424168633,0.23209113429647749,0.544267036939301,0.547328108758505,0.0492565409107779,0.3890074238444048,0.1969609590155835
70A,2022-08-02,Howzat,Cultivar,Fungicide,1,6,2,0.414604423240348,4,0.00116922934828062,0.38503706973194823,0.5755271005483977,0.6174598890178561,-0.02013728782184442,0.43045541583599933,0.1928474796991344
71A,2022-08-02,WLD132,Wild cicer,Fungicide,2,6,2,0.00722738992354871,0,0,0.00738793316080896,0.5679783357051983,0.6117376693291774,0.12757349020494235,0.3557515827665828,0.26596804021727644
72A,2022-08-02,CVR492,Cultivar,Fungicide,3,6,2,0.44755164944087006,0,0,0.37254045938547353,0.5780612483854712,0.6015664583022319,0.12318214368908705,0.38614035298788474,0.24707009731538343
73A,2022-08-02,CVR496,Cultivar,Fungicide,4,6,2,0.6145600029400679,0,0,0.5314989148933048,0.6009077861505392,0.5756224853863358,0.08016680962449291,0.44390435042058024,0.21411863542726892
74A,2022-08-02,CVR498,Cultivar,Fungicide,5,6,2,0.43127511686327225,6,0.00154020337658702,0.3556818246727764,0.5915309437567436,0.5836871642916298,0.08359052528430913,0.427237988191681,0.21985593458701316
75A,2022-08-02,CVR019,Cultivar,Fungicide,6,6,2,0.4135974908220351,0,0,0.3978873577297383,0.5854730804472302,0.5354072634150311,0.1727399125270965,0.4362212325661092,0.20044453903634968
76A,2022-08-02,CVR499,Cultivar,Fungicide,7,6,2,0.0026730080972978,0,0,0,NA,NA,NA,NA,NA
77A,2022-08-02,CVR502,Cultivar,Fungicide,8,6,2,0.32126112560720127,0,0,0.2917054673015158,0.6857369815291845,0.5736961808411858,0.06840878733022766,0.5426373741159527,0.22790427171134817
78A,2022-08-02,CVR482,Cultivar,Fungicide,9,6,2,0.3971553443598464,0,0,0.41364566197167657,0.6881264572141502,0.5497964008827309,0.10922461397448766,0.5604562024224733,0.20781853706200107
79A,2022-08-02,CVR497,Cultivar,Fungicide,1,7,2,0.5998402408776249,0,0,0.6155563033559132,0.59673816176784,0.6106573275822765,0.04463459891199444,0.4004422917457556,0.2579308090531633
7A,2022-08-02,WLD131,Wild cicer,Infected,7,1,1,0.00194430700509766,0,0,7.073553026306459e-4,0.3592493365797138,0.6239316069437123,-0.3306930696645235,0.5868625365400533,-0.2884209907906861
80A,2022-08-02,CVR503,Cultivar,Fungicide,2,7,2,0.554640899495065,1,3.5772455981390294e-4,0.5330315180490045,0.6356023610358412,0.6465790339051533,0.05311144230726294,0.4328110146035703,0.2797491299273499
81A,2022-08-02,CVR477,Cultivar,Fungicide,3,7,2,0.5261387499569639,6,0.00144746058827324,0.47514627578373,0.6094062084247113,0.6085595882241955,0.10348475594516302,0.4179641627848815,0.2568691841572566
82A,2022-08-02,WLD133,Wild cicer,Fungicide,4,7,2,0.2161923649450158,0,0,0.17385221437988763,0.4948130022289161,0.5129070310752809,0.03778214611932204,0.33025204123612295,0.19670513859624264
83A,2022-08-02,CVR500,Cultivar,Fungicide,5,7,2,0.5512822499155607,0,0,0.4500351625403421,0.5460410022974035,0.5522951937205974,0.04991410771149982,0.43142840691358864,0.14993359083071472
84A,2022-08-02,CVR494,Cultivar,Fungicide,6,7,2,0.5875848134178953,0,0,0.5053660662127837,0.5795322779818382,0.5753200547036667,0.08005602610025597,0.4572910249652739,0.16631800369796562
85A,2022-08-02,WLD131,Wild cicer,Fungicide,7,7,2,0.03156600640303356,0,0,0.03210607123606876,0.5958569816314402,0.5051829362406529,-0.03507812092467705,0.4261189071618342,0.22750224180529488
86A,2022-08-02,CVR504,Cultivar,Fungicide,8,7,2,0.5129492601881412,0,0,0.5119680490373364,0.6756685907206854,0.5804370446940185,-0.00352668319720976,0.550570656898791,0.19920157827233256
87A,2022-08-02,CVR010,Cultivar,Fungicide,9,7,2,0.49164469007436246,0,0,0.5136185447434746,0.6923923876389388,0.5861029036775306,0.0403228547743903,0.5700673750442634,0.20209333613628427
88A,2022-08-02,Genesis090,Cultivar,Fungicide,1,8,2,0.6293062632240454,0,0,0.6538713822484065,0.5789871503832789,0.6115375152471525,0.02018940798191778,0.4209850077235229,0.20892704689726596
89A,2022-08-02,CVR015,Cultivar,Fungicide,2,8,2,0.5860677902350422,2,8.744378128784293e-4,0.5924100659531659,0.6329867022155479,0.6271657403839588,0.09052233533355772,0.4111836059736228,0.2998448380955661
8A,2022-08-02,CVR493,Cultivar,Infected,8,1,1,0.5417958866061916,0,0,0.50568044634728615,0.6775365703064029,0.6306003549782395,0.12178898881644126,0.4499820381253437,0.32735973459499745
90A,2022-08-02,WLD129,Wild cicer,Fungicide,3,8,2,0.00140109346363937,0,0,0,NA,NA,NA,NA,NA
91A,2022-08-02,CVR503,Cultivar,Infected,10,5,2,0.4329710030414835,0,0,0.3143015394688837,0.5383539850448567,0.4898281756352194,-0.08735487685989864,0.4905799606889508,0.0649196805180726
92A,2022-08-02,CVR501,Cultivar,Infected,11,5,2,0.3570502860673038,1,2.086726598914434e-4,0.19853105493833464,0.5489377891650967,0.5039260973585808,-0.01622299690586767,0.4642747276519819,0.11362002811150784
93A,2022-08-02,CVR019,Cultivar,Infected,12,5,2,0.5449160521918849,0,0,0.3454251727846321,0.5644620004549095,0.4977837228176472,0.0354442209824793,0.4608147005507115,0.14008519426844682
94A,2022-08-02,CVR499,Cultivar,Infected,13,5,2,0.05858756781289167,0,0,0.05332673031498813,0.6158471084758368,0.7021924372647007,-0.09463174710635748,0.4692268801041092,0.2062088018271921
95A,2022-08-02,WLD133,Wild cicer,Infected,14,5,2,0.14359386249573042,0,0,0.12952461541503382,0.680609562971723,0.7017153035128492,0.17607550409292635,0.34893186933226056,0.43497936210666394
96A,2022-08-02,CVR493,Cultivar,Infected,15,5,2,0.5418985672146379,0,0,0.5387689555036753,0.7240248835739485,0.7186796285144391,0.15170156272311647,0.4377575777210291,0.41909993045000704
97A,2022-08-02,CVR504,Cultivar,Infected,16,5,2,0.4201624252072201,0,0,0.3187421588687316,0.5671250581911651,0.5590938025292955,0.00241623046463527,0.4492067468082972,0.15822787577959244
98A,2022-08-02,CVR015,Cultivar,Infected,17,5,2,0.5438428742197357,0,0,0.4589556988568507,0.6013404837149002,0.5636590080566956,0.09919364329737108,0.4134503869966183,0.2500615013967354
99A,2022-08-02,CVR010,Cultivar,Infected,18,5,2,0.3735189307510272,0,0,0.27928745198866667,0.5724158668615401,0.5765385223702051,0.0831259616809109,0.4354732687396176,0.18241302204237855
9A,2022-08-02,CVR496,Cultivar,Infected,9,1,1,0.5547071450489014,0,0,0.5296912291199153,0.6884936744680639,0.6284062081996666,0.20478456463613917,0.4341110192484112,0.3628246683836909
100A,2022-08-05,CVR482,Cultivar,Infected,10,6,2,0.25570452553072276,0,0,0.3125724487291199,0.690935290075823,0.6210906985993858,-3.2201303946812257e-4,0.5096063276416785,0.2798739938762822
101A,2022-08-05,CVR498,Cultivar,Infected,11,6,2,0.29018864858024873,1,5.597726908199036e-4,0.3261300920295406,0.707883970365373,0.63866239095353206,0.05066965755426846,0.5038403227752383,0.31716324556639836
102A,2022-08-05,CVR484,Cultivar,Infected,12,6,2,0.14537918017162077,0,0,0.1593907281927722,0.7015516341860808,0.6445842990796178,0.06539198387490384,0.5183360608291827,0.28791161046178443
103A,2022-08-05,WLD131,Wild cicer,Infected,13,6,2,0.04291055749751309,0,0,0.04240202064102594,0.8011168028762428,0.7548503485603641,0.30851610098388066,0.3965131449075891,0.59295909752964715
104A,2022-08-05,CVR494,Cultivar,Infected,14,6,2,0.5212200175846129,3,0.00102348971280088,0.5134613546762233,0.847391396720185,0.8145775466577955,0.29633777941862466,0.5618974395406113,0.5449887425606246
105A,2022-08-05,Genesis090,Cultivar,Infected,15,6,2,0.3840056019233256,0,0,0.3771382688525727,0.8431374689946809,0.7871962160921709,0.35698464554929626,0.5444033880938792,0.5521957267136207
106A,2022-08-05,Howzat,Cultivar,Infected,16,6,2,0.3965127624876335,0,0,0.4021314895455222,0.7089149669508321,0.6402022649998387,-0.03599406683602223,0.46049754504569446,0.3688200584486187
107A,2022-08-05,WLD129,Wild cicer,Infected,17,6,2,0.01237798173432701,0,0,0.01159276745978003,0.6640824235032822,0.5929451845975529,0.06067692510291359,0.3865341047856635,0.37339536305099624
108A,2022-08-05,CVR495,Cultivar,Infected,18,6,2,0.534455879241121,0,0,0.5613650276710431,0.7299256055130863,0.6464686593884725,0.02507473576003159,0.4797963154096608,0.3849419842660228
109A,2022-08-05,CVR481,Cultivar,Infected,10,7,2,0.3724855001111797,0,0,0.43557367635322664,0.6776763318631251,0.612503250842072,-0.03815743390263207,0.49242187100034,0.2780357149902859
10A,2022-08-05,CVR481,Cultivar,Infected,1,2,1,0.4626556357155639,0,0,0.5372756498647884,0.8559248752905235,0.6828499098646291,0.1901142644468444,0.5908104012400456,0.5363316720469691
110A,2022-08-05,CVR477,Cultivar,Infected,11,7,2,0.5085074958034121,0,0,0.5845112650737904,0.7508420634680572,0.6549183040118013,0.05457508528113804,0.5178783954050176,0.38118582597913536
111A,2022-08-05,WLD132,Wild cicer,Infected,12,7,2,0.02619680426459521,0,0,0.0428735908427797,0.7206245839092194,0.6014893066670701,0.18978749579595597,0.4405778308733475,0.4103196319558418
112A,2022-08-05,WLD085,Wild cicer,Infected,13,7,2,0.09585069184585364,0,0,0.08393949591216998,0.7936396037361573,0.7566436568798949,0.304453459807004,0.39208073086711903,0.5829585483107594
113A,2022-08-05,CVR500,Cultivar,Infected,14,7,2,0.5395899096634402,0,0,0.5280014358969644,0.8472599149014777,0.7987915936126417,0.3197429474261466,0.5296463028249915,0.5761678125626057
114A,2022-08-05,CVR491,Cultivar,Infected,15,7,2,0.5758295398896301,0,0,0.5855330005109235,0.8541197231168951,0.7842917833176231,0.3927502059999309,0.5025876868080122,0.6159341032337989
115A,2022-08-05,CVR502,Cultivar,Infected,16,7,2,0.2998041907195988,0,0,0.3014512514710936,0.6771886975674722,0.6350381431678026,-0.08808901830251986,0.4342476765805163,0.34414205575813955
116A,2022-08-05,CVR492,Cultivar,Infected,17,7,2,0.6233971598218405,0,0,0.6712015871628574,0.7368035522182946,0.662083860342822,0.00641269558752088,0.4706975963460396,0.4073954478168769
117A,2022-08-05,CVR485,Cultivar,Infected,18,7,2,0.553617405688293,0,0,0.5733114727821385,0.7085286708992662,0.622927081662087,0.00143081318602536,0.4889149216517243,0.3360116124219843
118A,2022-08-05,CVR016,Cultivar,Infected,10,8,2,0.6039408406600967,1,5.564604263771823e-4,0.6795719582439866,0.7104626594226241,0.6264161692196979,0.02985378479332212,0.4717929879237212,0.35900503681888346
119A,2022-08-05,CVR497,Cultivar,Infected,11,8,2,0.6890431913959981,0,0,0.7277114163396834,0.7425266282013262,0.6504839592907934,0.04559680113544082,0.516897468843505,0.3661682414000473
11A,2022-08-05,CVR499,Cultivar,Infected,2,2,1,0.17295720423370445,0,0,0.2096915497131737,0.8368671550233298,0.6599654214653334,0.2369697806197541,0.5626104901119365,0.5182772822071747
120A,2022-08-05,CVR496,Cultivar,Infected,12,8,2,0.5156620156177409,0,0,0.5303199893889203,0.7368954704936743,0.639146245724824,0.06944483820415197,0.5226838042776021,0.34840417939753937
121A,2022-08-05,WLD085,Wild cicer,Infected,1,9,3,0.08238959530630187,0,0,0.17169085095518288,0.624552604009691,0.6338460732941773,0.04577262404092601,0.4032916293022109,0.2957547443069817
122A,2022-08-05,CVR019,Cultivar,Infected,2,9,3,0.5265262864469067,0,0,0.657565348828811,0.7233073422732729,0.6997394602133555,0.13758567759998502,0.4531759811137077,0.4018529308412327
123A,2022-08-05,CVR494,Cultivar,Infected,3,9,3,0.39525078468705055,0,0,0.4692123507449951,0.680705066282785,0.7061933870681293,0.10554332071674252,0.4595719824965663,0.32180398116124703
124A,2022-08-05,CVR498,Cultivar,Infected,4,9,3,0.3927433904743437,0,0,0.4104625631098387,0.6568740387001819,0.6081015689392262,-2.4246298056774824e-4,0.425672387226848,0.3209409615341351
125A,2022-08-05,CVR485,Cultivar,Infected,5,9,3,0.5221573921713977,0,0,0.5278442458297131,0.6817949598732915,0.6328800610894891,0.03746172142083972,0.4476317371590397,0.3370191199885747
126A,2022-08-05,CVR502,Cultivar,Infected,6,9,3,0.1947453668904888,0,0,0.213424813810391,0.6371268903470212,0.6295175431146588,0.10064503905751114,0.3912153320762012,0.3275561846137933
127A,2022-08-05,Genesis090,Cultivar,Infected,7,9,3,0.5030886094995966,0,0,0.4985282982873541,0.6378476615204627,0.6040259584774866,-0.01707950228568833,0.4300968849575476,0.28629070788263816
128A,2022-08-05,CVR010,Cultivar,Infected,8,9,3,0.43175208485089417,0,0,0.4452408654891788,0.6538491668507229,0.6410862052358043,0.01598734117246547,0.4386839842121882,0.30170385082794
129A,2022-08-05,CVR491,Cultivar,Infected,9,9,3,0.5351481452787111,0,0,0.5990513462945315,0.6628838594727409,0.6141674289302126,0.08394438204093445,0.4003145808856674,0.35741318196406596
12A,2022-08-05,CVR500,Cultivar,Infected,3,2,1,0.4151906963917999,0,0,0.5107105284993263,0.8592748777916187,0.6607171386000308,0.33273079178368464,0.5550683096675041,0.5816082697187229
130A,2022-08-05,CVR484,Cultivar,Infected,1,10,3,0.32509343089663567,0,0,0.3972585974607333,0.7020753936098101,0.6898474596927984,0.00843985072407184,0.5064876300360348,0.30351565468493275
131A,2022-08-05,CVR481,Cultivar,Infected,2,10,3,0.460168115169008,2,5.63084955262625e-4,0.5519729211527807,0.7541188839009181,0.731326010764917,0.09725628680686996,0.5183960921743638,0.3870223046370307
132A,2022-08-05,CVR492,Cultivar,Infected,3,10,3,0.4906245085452823,1,4.968396664081986e-4,0.5590464741790871,0.7395748041427813,0.7058212036370178,0.16560151877269405,0.4903770036118871,0.3910030703178723
133A,2022-08-05,CVR496,Cultivar,Infected,4,10,3,0.4766367598527313,0,0,0.5356251541586502,0.7541811620710024,0.6497910589325244,0.1174185676749336,0.45947761044766666,0.4509820836149946
134A,2022-08-05,WLD131,Wild cicer,Infected,5,10,3,0.01976104870939121,0,0,0.03532846761471948,0.697764799020662,0.5692859953677064,0.2227644607954857,0.32028244569697845,0.4861217177814384
135A,2022-08-05,Howzat,Cultivar,Infected,6,10,3,0.34186680512800627,0,0,0.3659384765609208,0.7042969278526766,0.62418082966277455,0.13776979482581037,0.4541969895502361,0.3677342940927238
136A,2022-08-05,CVR016,Cultivar,Infected,7,10,3,0.5370560172291988,0,0,0.607578907442912,0.6837438410050253,0.6050075012714289,0.06910744510819448,0.4065053366303627,0.3839578759669475
137A,2022-08-05,CVR482,Cultivar,Infected,8,10,3,0.3036795556190269,13,0.00475310193963477,0.33587587619911835,0.6698506321153368,0.6289780046282814,0.05359879718133951,0.4452923745917259,0.3200109141362352
138A,2022-08-05,CVR497,Cultivar,Infected,9,10,3,0.49500665193155863,0,0,0.5675740353274678,0.7007208645650651,0.6024430396562851,0.12794255922108896,0.4323449374098563,0.3850184746728383
139A,2022-08-05,CVR493,Cultivar,Infected,1,11,3,0.667397456679962,0,0,0.7472029846788389,0.7646149678378837,0.7161316103806897,0.13185683948125143,0.4882292332484845,0.44102280055428
13A,2022-08-05,WLD129,Wild cicer,Infected,4,2,1,0.06387396300903454,0,0,0.08841941282883074,0.6331920780812704,0.563569056545454,0.02589903632046601,0.3842655666695894,0.3289693250448412
140A,2022-08-05,CVR495,Cultivar,Infected,2,11,3,0.5129823829650595,0,0,0.5748047784210254,0.7665821157190968,0.7236023027721392,0.11938838728427484,0.5123197365895356,0.418700964043039
141A,2022-08-05,CVR504,Cultivar,Infected,3,11,3,0.5156156437300554,0,0,0.5637621761966248,0.744890415427801,0.6941165048435834,0.135162798396732,0.5150346134672897,0.3729272229610457
142A,2022-08-05,CVR015,Cultivar,Infected,4,11,3,0.6389218053633955,0,0,0.6632241912498562,0.7632713420873687,0.6664219283174204,0.13695655654319258,0.4254770005568609,0.5002540440870628
143A,2022-08-05,WLD132,Wild cicer,Infected,5,11,3,0.02282159329663181,0,0,0.04251991319146438,0.7386883522786031,0.6158313127532623,0.19098551252044269,0.31151052448368327,0.5548550854254868
144A,2022-08-05,WLD129,Wild cicer,Infected,6,11,3,0.06907755126288194,0,0,0.09109164397210208,0.7471671895124478,0.6207821719461267,0.26919886511527497,0.3985586174700923,0.4964448432163494
145A,2022-08-05,CVR500,Cultivar,Infected,7,11,3,0.6358148888884694,1,9.572514062266048e-4,0.7107741865933607,0.6681510707649708,0.6145512142722702,0.02780199038459142,0.411810496905582,0.35364716609638547
146A,2022-08-05,CVR501,Cultivar,Infected,8,11,3,0.4337924479090546,4,0.00181181111449823,0.46646152456809814,0.6987317391971912,0.6357814349723134,0.03110301318338476,0.4400598461545979,0.373524671610683
147A,2022-08-05,CVR503,Cultivar,Infected,9,11,3,0.5021214244135854,4,0.00269287982245983,0.5237180065643676,0.6881789894108039,0.6132025476836745,0.05594111348183901,0.4524614100583514,0.34230152298779365
148A,2022-08-05,WLD133,Wild cicer,Infected,1,12,3,0.18418582560897032,0,0,0.2841996415902684,0.7049319857018427,0.6706655996035662,0.10139662139416358,0.3731045699658635,0.4502488798895342
149A,2022-08-05,CVR499,Cultivar,Infected,2,12,3,4.968416537728263e-4,0,0,3.5367765131532296e-4,0.2550607052021361,0.7262512885878146,-0.43327241225404595,0.48817804276358806,-0.26627223437032677
14A,2022-08-05,WLD085,Wild cicer,Infected,5,2,1,0.065218747751913,0,0,0.08928395819871264,0.6457154572542376,0.5665589729334487,0.11488467328995353,0.3666482717338858,0.3656303339751226
150A,2022-08-05,CVR477,Cultivar,Infected,3,12,3,0.5407127718009668,1,7.949465466652102e-4,0.5906023801797765,0.7397100110977735,0.7024971070668786,0.11813766590997413,0.4949155679754842,0.38616836444246366
151A,2022-08-05,CVR499,Cultivar,Fungicide,10,9,3,0,0,0,0,NA,NA,NA,NA,NA
152A,2022-08-05,CVR498,Cultivar,Fungicide,11,9,3,0.3772088080997133,4,0.00162963595406614,0.39619756450678734,0.685933136825748,0.6523055736699143,0.05614068261554972,0.4201857384028344,0.37335573510836656
153A,2022-08-05,Howzat,Cultivar,Fungicide,12,9,3,0.2110086503573193,0,0,0.19574093124462488,0.652651534428997,0.655269176844465,0.12922303451114986,0.4152927599099463,0.32561354386459535
154A,2022-08-05,CVR496,Cultivar,Fungicide,13,9,3,0.5135719683942032,0,0,0.5191594946140813,0.6339888850663695,0.5916217479959825,0.05187447204480189,0.41632145095859113,0.2957209633578427
155A,2022-08-05,CVR492,Cultivar,Fungicide,14,9,3,0.46104586875734,0,0,0.43565227138685225,0.6099191677405645,0.6062969175152559,0.06034565332262587,0.41258631632331344,0.2636885803396789
156A,2022-08-05,WLD129,Wild cicer,Fungicide,15,9,3,0.03224502332985642,0,0,0.04212693802333624,0.5458130261720311,0.5571871879440444,0.10155803737777148,0.3279499763735396,0.2653628287021857
157A,2022-08-05,CVR493,Cultivar,Fungicide,16,9,3,0.5871045331525815,0,0,0.5963791151512601,0.7083375607972164,0.6438592935423377,0.05096852570348458,0.4217379816567291,0.4086881589382741
158A,2022-08-05,CVR481,Cultivar,Fungicide,17,9,3,0.41398833958966974,0,0,0.45121408804472646,0.7157237849733458,0.6755935905153287,0.07268928979012286,0.4341966137553771,0.40846316194626225
159A,2022-08-05,CVR477,Cultivar,Fungicide,18,9,3,0.3726113666634688,0,0,0.4058647536427395,0.6898411757329651,0.6444583586158129,0.07323412266973428,0.3924523588965874,0.4077896169110957
15A,2022-08-05,CVR482,Cultivar,Infected,6,2,1,0.385698175823845,2,8.115047884667243e-4,0.3903422345016781,0.6864928266424151,0.6159881212788207,0.06007062975361644,0.4697307821584455,0.31992830528843375
160A,2022-08-05,CVR010,Cultivar,Fungicide,10,10,3,0.5222070763367749,0,0,0.5594394493472152,0.7511127588054869,0.6735644582429465,0.07422146801863656,0.48347216003652693,0.42025167953768505
161A,2022-08-05,CVR015,Cultivar,Fungicide,11,10,3,0.5954812834351914,0,0,0.6426715899567547,0.7899441138120524,0.6962615088645887,0.201537793857274,0.47071357887140025,0.5081973131997688
162A,2022-08-05,CVR497,Cultivar,Fungicide,12,10,3,0.5851635384251757,0,0,0.6266775006139395,0.7741937961628654,0.6780336514386046,0.2042005086694842,0.48624394623290024,0.4617889280416274
163A,2022-08-05,CVR491,Cultivar,Fungicide,13,10,3,0.5321372848568479,0,0,0.5586927965277718,0.664921536001419,0.5954069698070876,0.06258200627890462,0.4149264109359762,0.34524635161415107
164A,2022-08-05,CVR502,Cultivar,Fungicide,14,10,3,0.29009259252718594,3,0.00227884389205564,0.26651575902450225,0.6636770560723929,0.6144964743388486,0.06522500899534645,0.4383082308373728,0.3178215668989829
165A,2022-08-05,CVR016,Cultivar,Fungicide,15,10,3,0.4866928349250933,0,0,0.5379437076506062,0.6690946030055586,0.5807178194503841,0.15525729290420362,0.3997679445509129,0.36767269822074566
166A,2022-08-05,WLD133,Wild cicer,Fungicide,16,10,3,0.1699430315341493,0,0,0.261289189288398,0.6888176934814345,0.6073213787316989,0.08310078707035996,0.34583609155172473,0.45023590796520746
167A,2022-08-05,WLD085,Wild cicer,Fungicide,17,10,3,0.12431640632934476,0,0,0.17943246176730718,0.7346360636656718,0.6352453134028432,0.1771253538073957,0.3615840331792936,0.5079910497959126
168A,2022-08-05,CVR501,Cultivar,Fungicide,18,10,3,0.3767782119997769,0,0,0.42295917345631345,0.7561053742771829,0.6575019517740448,0.14761498378704763,0.44410490892839455,0.469731735836592
169A,2022-08-05,Genesis090,Cultivar,Fungicide,10,11,3,0.5267978932176358,0,0,0.5159763957522434,0.7412374302549991,0.6624279908287166,0.0636951667029864,0.48552049834227406,0.3994865266825189
16A,2022-08-05,WLD133,Wild cicer,Infected,7,2,1,0.12502523375539398,0,0,0.17330204914450825,0.661832050867155,0.5973270748493076,0.08965180431385325,0.34298058930880077,0.4124833437255479
170A,2022-08-05,CVR495,Cultivar,Fungicide,11,11,3,0.36722229085887953,3,9.870551735804054e-4,0.3647202535397236,0.7600470645054316,0.672565124666232,0.10596721125812668,0.4932593929796566,0.4267922291970169
171A,2022-08-05,CVR504,Cultivar,Fungicide,12,11,3,0.45718044069098746,0,0,0.4850099525037462,0.7688082746084907,0.6704813645175065,0.16524482383898628,0.4876956654812197,0.4497402111293304
172A,2022-08-05,WLD131,Wild cicer,Fungicide,13,11,3,0.03607732861929082,0,0,0.04369883869584879,0.6113060501124247,0.5619449260846773,0.04303563716395356,0.28454115931957485,0.3955712369568539
173A,2022-08-05,CVR484,Cultivar,Fungicide,14,11,3,0.18309277397067011,0,0,0.18120085002388375,0.631479932088041,0.5868505104454527,-0.01421217372277629,0.4275570878161471,0.27934395919059196
174A,2022-08-05,WLD132,Wild cicer,Fungicide,15,11,3,0.01131142831756134,0,0,0.02133855162935781,0.6246119464814642,0.5361806618406039,0.24367349900491575,0.31313046540654677,0.38721492326454215
175A,2022-08-05,CVR503,Cultivar,Fungicide,16,11,3,0.6002211528121841,4,0.00158326240362079,0.6561113407067369,0.7264598151651334,0.6672010911369725,0.01754737419248575,0.4282495264600512,0.4328827363889947
176A,2022-08-05,CVR482,Cultivar,Fungicide,17,11,3,0.302762054698393,0,0,0.3080925318124591,0.7048261915148577,0.6501002643058099,8.729168146677404e-4,0.46454251417382136,0.3572575690267215
177A,2022-08-05,CVR485,Cultivar,Fungicide,18,11,3,0.4152503173902527,4,9.174977435002508e-4,0.4369097919248623,0.7168077578615947,0.6345810819150531,0.06026113261741916,0.4728149340412973,0.3690806996393678
178A,2022-08-05,CVR494,Cultivar,Fungicide,10,12,3,0.48276447358259617,0,0,0.49868548835460536,0.7292706663142394,0.6800029771989966,0.03336095260553878,0.4854339387286936,0.3774636740456637
179A,2022-08-05,CVR500,Cultivar,Fungicide,11,12,3,0.7058364392935197,0,0,0.7139572854551985,0.7473396707737855,0.6621219802082041,0.11446978428289808,0.4629981243241137,0.43478421931790107
17A,2022-08-05,Genesis090,Cultivar,Infected,8,2,1,0.4630497967608904,0,0,0.499392843657236,0.7483367130458911,0.6749082480961306,0.12481560634052442,0.4712392807847137,0.4280459908270235
180A,2022-08-05,CVR019,Cultivar,Fungicide,12,12,3,0.5492683850789348,0,0,0.5752370511059663,0.7610140636602156,0.6644555412894025,0.1613642528878891,0.4803285090855793,0.4423984444112793
18A,2022-08-05,CVR019,Cultivar,Infected,9,2,1,0.5432698501790509,2,5.962075996898383e-4,0.6002302717989159,0.7554882114810832,0.6692113542150607,0.17026681955302622,0.4617091573312819,0.4511458749344794
19A,2022-08-05,CVR494,Cultivar,Infected,1,3,1,0.5155295245100682,0,0,0.5252113122032546,0.8522845470227054,0.6731323870495499,0.17938818777194793,0.589494349118848,0.5281333122917821
1A,2022-08-05,WLD132,Wild cicer,Infected,1,1,1,0.00567724396377749,0,0,0.01006016430408029,0.7607065510532495,0.6071077989566913,0.12051413766761628,0.4548629650578539,0.4676630692169362
20A,2022-08-05,Howzat,Cultivar,Infected,2,3,1,0.390196248929335,2,9.936813864244588e-4,0.4132526868035485,0.8657276073330916,0.6972252300701278,0.2235345553482948,0.6089848154590318,0.5430434003966954
21A,2022-08-05,CVR010,Cultivar,Infected,3,3,1,0.27695609920143244,1,3.643490886993456e-4,0.30365191241261114,0.8560677877612733,0.6616070535520087,0.2701972877014672,0.5847452306269066,0.5432770062596212
22A,2022-08-05,CVR501,Cultivar,Infected,4,3,1,0.5736798716676397,1,2.3848303987593532e-4,0.6567793984925547,0.6946958374118493,0.6380288368134017,-0.00724312850518742,0.4476884284743393,0.3585051112073563
23A,2022-08-05,CVR491,Cultivar,Infected,5,3,1,0.5362146986954768,0,0,0.6703763393097882,0.701095661939926,0.6165556314114191,0.05452009326476551,0.4384072260098911,0.37925976780242504
24A,2022-08-05,CVR502,Cultivar,Infected,6,3,1,0.4176252204952868,0,0,0.3947435563847132,0.6894706628297353,0.6210802295444298,0.02867087168388362,0.4696999469480227,0.32502976289714675
25A,2022-08-05,CVR485,Cultivar,Infected,7,3,1,0.4513143968987763,0,0,0.4764823913553656,0.6782607534697704,0.6398902572934261,-0.01050843195670593,0.43458170893192527,0.34552627030924504
26A,2022-08-05,CVR503,Cultivar,Infected,8,3,1,0.5096833543840079,1,4.736538153091493e-4,0.526586725291703,0.7360539768496606,0.6648621388845039,0.05477056443389059,0.4661372895451713,0.4108960170942206
27A,2022-08-05,CVR504,Cultivar,Infected,9,3,1,0.4101924693548453,0,0,0.4068864890798726,0.744893244319485,0.6609580491038408,0.12061094016517436,0.4787412331556424,0.4136720659112108
28A,2022-08-05,CVR495,Cultivar,Infected,1,4,1,0.5515306707424471,0,0,0.5910739503815303,0.8396762415313274,0.6585289868497937,0.1810652915654427,0.5372604876564135,0.5509736836158626
29A,2022-08-05,CVR492,Cultivar,Infected,2,4,1,0.47444403202074725,0,0,0.52682251039258,0.848034586829741,0.6642439899663743,0.2261489635739695,0.5613140894847499,0.5471908926775305
2A,2022-08-05,CVR016,Cultivar,Infected,2,1,1,0.5657171560965072,0,0,0.6673504305152016,0.8348960780520824,0.6587990632055403,0.2585523936492317,0.5157386953723903,0.5605036470333
30A,2022-08-05,CVR484,Cultivar,Infected,3,4,1,0.17947907900889576,0,0,0.2034039470231235,0.8321070598561261,0.6368111802887552,0.23386374895818335,0.5426394133582816,0.527776912908019
31A,2022-08-05,CVR491,Cultivar,Fungicide,10,1,1,0.47827633731018165,0,0,0.5285123036155309,0.6948026564992124,0.6681891774591179,0.10820817546871885,0.4566353249442363,0.3488462976363029
32A,2022-08-05,CVR016,Cultivar,Fungicide,11,1,1,0.628819358403348,0,0,0.6972558408097528,0.7216016591415134,0.6783133405596276,0.17780773550222523,0.44894674384208266,0.4033122356036142
33A,2022-08-05,Howzat,Cultivar,Fungicide,12,1,1,0.29334193694286026,0,0,0.29815026005881723,0.63465603555155,0.6777923342187252,0.13798431801063937,0.43875588999598286,0.27150247258389965
34A,2022-08-05,CVR496,Cultivar,Fungicide,13,1,1,0.6815342578686449,0,0,0.6616129930605308,0.68926915945721,0.5855054672855328,0.06822170502165059,0.4648309355910776,0.33024738024896877
35A,2022-08-05,Genesis090,Cultivar,Fungicide,14,1,1,0.5155262122323764,0,0,0.4612349548319939,0.6324681830125005,0.5775231214858011,0.02823759807963212,0.4605493633019817,0.24257746858453377
36A,2022-08-05,CVR484,Cultivar,Fungicide,15,1,1,0.21282709081012785,0,0,0.19943489782502932,0.6142783376979768,0.5787953789188441,0.05026659848135925,0.4514709821349456,0.22528553174843463
37A,2022-08-05,WLD133,Wild cicer,Fungicide,16,1,1,0.14450473886098061,0,0,0.184108866268032,0.618996139839975,0.5263317314171913,0.00618330835282872,0.405627061017698,0.2849029674585936
38A,2022-08-05,CVR499,Cultivar,Fungicide,17,1,1,8.943149767910873e-4,0,0,0.00369396658040448,0.6485238668306719,0.5418728295191528,0.25597120220117425,0.46208183858383506,0.26622066924078974
39A,2022-08-05,CVR015,Cultivar,Fungicide,18,1,1,0.5808078932604339,0,0,0.6025095277740591,0.7124855392408751,0.6114268978990697,0.09003920556919433,0.47429618167509147,0.3597641627549787
3A,2022-08-05,CVR497,Cultivar,Infected,3,1,1,0.47458645996149545,0,0,0.5504796155138938,0.810237542334736,0.6511643921050002,0.24142962801504228,0.5249391051459983,0.49645211830851255
40A,2022-08-05,CVR497,Cultivar,Fungicide,10,2,1,0.622363729181993,0,0,0.6500988206343764,0.7601877423745447,0.7033802234499108,0.15353168224299965,0.5079723497550469,0.4108775457802302
41A,2022-08-05,CVR503,Cultivar,Fungicide,11,2,1,0.5007600782822479,4,0.00204035756640681,0.5467856489334892,0.7804972047036864,0.7294202969819302,0.1876855500223523,0.5111380855681342,0.44814152805798607
42A,2022-08-05,CVR477,Cultivar,Fungicide,12,2,1,0.3674342766311559,8,0.00618733749738965,0.4108555382779669,0.7248079945048783,0.6798822818793409,0.19918395549130613,0.4818134227082917,0.373391009193771
43A,2022-08-05,CVR500,Cultivar,Fungicide,13,2,1,0.6991787611329638,0,0,0.6722233225999905,0.6941244514447439,0.5905388315998475,0.06141149716546773,0.47630960341123024,0.3253969994716148
44A,2022-08-05,WLD085,Wild cicer,Fungicide,14,2,1,0.06468878332122198,0,0,0.07442949684346907,0.6553525111213071,0.5235402718511062,0.18124756213446488,0.37576311504807414,0.3709347983822617
45A,2022-08-05,CVR502,Cultivar,Fungicide,15,2,1,0.3733003204233671,0,0,0.39537231665371825,0.708696219369324,0.6014275008120382,0.12328802795438493,0.49551815452963466,0.32855859052304315
46A,2022-08-05,CVR495,Cultivar,Fungicide,16,2,1,0.5638059718683277,3,0.00212316705252613,0.5650982917682604,0.7042628531219172,0.607368159642645,-0.03603331521491049,0.5093291168122066,0.30396727843648114
47A,2022-08-05,CVR494,Cultivar,Fungicide,17,2,1,0.5980019267586655,0,0,0.5987369661600289,0.750708883397666,0.6531764341712738,0.02477406973394594,0.5547989804639666,0.33574531724257434
48A,2022-08-05,CVR019,Cultivar,Fungicide,18,2,1,0.4963547489521289,0,0,0.5583391188764565,0.7535860803480818,0.6069427779407488,0.14243207498660546,0.5110881294202173,0.3944011013265524
49A,2022-08-05,CVR501,Cultivar,Fungicide,10,3,1,0.43197069517855424,0,0,0.5501259378625785,0.7513228933399932,0.6998160910457731,0.12622325884803678,0.48404846426025666,0.4200292932965631
4A,2022-08-05,CVR498,Cultivar,Infected,4,1,1,0.5133632948996186,0,0,0.5073702395702372,0.6400325388691818,0.5917409053767713,-0.03837353857477875,0.43453714703735147,0.28466614653688793
50A,2022-08-05,WLD132,Wild cicer,Fungicide,11,3,1,0.05931626890509181,0,0,0.08877309048014606,0.7187629953554147,0.6490879325736879,0.19465626913526415,0.4759849823032441,0.3690310658080007
51A,2022-08-05,CVR492,Cultivar,Fungicide,12,3,1,0.3897623405517067,0,0,0.4288145034614227,0.7522936009570914,0.6777558258728397,0.2407695494211368,0.504858480495545,0.39896136777469454
52A,2022-08-05,WLD129,Wild cicer,Fungicide,13,3,1,0.14179198343138097,0,0,0.14944845643913035,0.6302258664212124,0.5400676648925135,0.0266249811765028,0.3847597864066949,0.3240414574468501
53A,2022-08-05,CVR498,Cultivar,Fungicide,14,3,1,0.5769921493594585,0,0,0.5604611847843485,0.6601489653980261,0.5672191447220671,0.02057576831869848,0.4488600666138281,0.3002604165660876
54A,2022-08-05,CVR482,Cultivar,Fungicide,15,3,1,0.32617654570186044,0,0,0.31253315121230707,0.6565476527620907,0.5574471385118016,0.06311194404168659,0.48871051038649216,0.24713250877454143
55A,2022-08-05,CVR493,Cultivar,Fungicide,16,3,1,0.6587987837920003,0,0,0.674227495957444,0.7222076183714579,0.6127899548816319,0.0200582694620601,0.4976674222337932,0.3505259562150848
56A,2022-08-05,WLD131,Wild cicer,Fungicide,17,3,1,0.04292711888597218,0,0,0.05470214340343662,0.6936383904681838,0.5671462083303324,0.06924183101605094,0.4187056776455243,0.38746401565095706
57A,2022-08-05,CVR504,Cultivar,Fungicide,18,3,1,0.4921746545050535,0,0,0.5123217266886517,0.713390805666736,0.6001530313744219,0.00912005722519601,0.52650506276949,0.29930637650113656
58A,2022-08-05,CVR481,Cultivar,Fungicide,10,4,1,0.411679682038472,1,3.1797738650124707e-4,0.4948343317069496,0.6717333810768703,0.6511083521655258,0.04953283110754063,0.43890503534033976,0.33017202824513553
59A,2022-08-05,CVR485,Cultivar,Fungicide,11,4,1,0.4726819002886996,0,0,0.5362146169108424,0.7185981039788544,0.6814120156863025,0.08994419692863419,0.505685072772913,0.3344451648710202
5A,2022-08-05,CVR015,Cultivar,Infected,5,1,1,0.42297123668988246,14,0.00652186585590714,0.3998129360535662,0.6745766893191523,0.6374955070382075,0.06913954578933947,0.3969378578988624,0.3791663076695025
60A,2022-08-05,CVR010,Cultivar,Fungicide,12,4,1,0.49714307104278177,0,0,0.5424629220840798,0.7366885171464946,0.6872636284805002,0.147923614028329,0.5013517780131902,0.3731595085633808
61A,2022-08-05,CVR493,Cultivar,Fungicide,1,5,2,0.4152834401671709,0,0,0.3902636394680525,0.640687842073999,0.635583633540741,-0.00918852343220067,0.43370134564995433,0.2866321685930308
62A,2022-08-05,CVR495,Cultivar,Fungicide,2,5,2,0.5183151500488878,0,0,0.4598595417435455,0.6690086966659078,0.6754414308838512,-0.00325584337059834,0.4422579230986974,0.32203171211461296
63A,2022-08-05,CVR501,Cultivar,Fungicide,3,5,2,0.35117099316432543,0,0,0.32499046404196896,0.6429615751444255,0.6743235363013514,0.06048373059384995,0.3785648065350186,0.3494550432007332
64A,2022-08-05,WLD085,Wild cicer,Fungicide,4,5,2,0.04286087333213581,0,0,0.07411511670896656,0.6074620102559192,0.5802247001969714,0.06553656928195996,0.35798549212830555,0.3188045886171733
65A,2022-08-05,CVR485,Cultivar,Fungicide,5,5,2,0.4247333684219301,0,0,0.4373420646098032,0.7035606980689365,0.6695282883019595,0.09112645094148636,0.4665064561692883,0.3528725059813056
66A,2022-08-05,CVR491,Cultivar,Fungicide,6,5,2,0.4721552481357004,0,0,0.5636835811629991,0.6923298381808108,0.6528921886316394,0.14459254249381542,0.4172191789917671,0.38685499635320114
67A,2022-08-05,CVR016,Cultivar,Fungicide,7,5,2,0.5941994319684575,0,0,0.5823106041322729,0.6607650693482149,0.6182416408438675,0.01633354331161776,0.4100855308987086,0.3438536209038544
68A,2022-08-05,CVR484,Cultivar,Fungicide,8,5,2,0.39143835306376706,0,0,0.3680212449519999,0.6639913526354968,0.6538921736738286,0.01265022308714941,0.4096380868432439,0.3493845051434702
69A,2022-08-05,CVR481,Cultivar,Fungicide,9,5,2,0.4008849690408344,0,0,0.38511566476557385,0.6773640277397737,0.6839475533304914,0.0484304197596099,0.4304587236689094,0.3485281998041053
6A,2022-08-05,CVR477,Cultivar,Infected,6,1,1,0.3991890828626232,6,0.00397804581923746,0.3704969885112072,0.6330813556544459,0.6297213788449529,0.03625995764789041,0.41346193078424576,0.2974885528060924
70A,2022-08-05,Howzat,Cultivar,Fungicide,1,6,2,0.4336997041336837,0,0,0.3939969035652698,0.6885328589197749,0.6666177934334455,-0.01471284545352231,0.44829582769793486,0.3474979864459656
71A,2022-08-05,WLD132,Wild cicer,Fungicide,2,6,2,0.01071190605534213,0,0,0.01257520538010037,0.6727510411372343,0.6424731171373026,0.1426769492651558,0.34869650891321646,0.4233715434691598
72A,2022-08-05,CVR492,Cultivar,Fungicide,3,6,2,0.47309262272248515,0,0,0.4796261927003907,0.691114532119358,0.658201017623844,0.10100042184617454,0.41326343602904286,0.3889360383035893
73A,2022-08-05,CVR496,Cultivar,Fungicide,4,6,2,0.6453277504193731,0,0,0.7060584845758231,0.7549933267762446,0.678874701160636,0.1087926522979378,0.49042631403990167,0.420126756222384
74A,2022-08-05,CVR498,Cultivar,Fungicide,5,6,2,0.4190230016812343,2,0.00122222804369384,0.4846955723692437,0.7507820634087164,0.6823740838541511,0.13006081587964904,0.4814170235391705,0.4218315121033846
75A,2022-08-05,CVR019,Cultivar,Fungicide,6,6,2,0.464099788789197,0,0,0.56034329223391,0.7388210392300527,0.641799254384296,0.2121307386743195,0.45694430157758464,0.4255385941811224
76A,2022-08-05,CVR499,Cultivar,Fungicide,7,6,2,0.00183500184126763,0,0,7.859503362562733e-4,0.6710793699597806,0.6761768980054839,0.4073756060527948,0.3740310061821049,0.39659565457288126
77A,2022-08-05,CVR502,Cultivar,Fungicide,8,6,2,0.35307224055942943,1,3.643490886993456e-4,0.35320608111356916,0.7315138084036279,0.6636288612037639,0.08887639074952038,0.4607239459661216,0.40844713844996056
78A,2022-08-05,CVR482,Cultivar,Fungicide,9,6,2,0.42590922700252576,0,0,0.4454373530732429,0.7332518344158981,0.6495753894778874,0.1241545858988761,0.46295749655377794,0.40920482047190915
79A,2022-08-05,CVR497,Cultivar,Fungicide,1,7,2,0.6370636175782851,0,0,0.6554039854041063,0.7315691813704712,0.6646084505089096,0.06015593494979515,0.4297365645431935,0.4402343996128818
7A,2022-08-05,WLD131,Wild cicer,Infected,7,1,1,0.00365013001638436,0,0,7.859503362562733e-4,0.44664036864325546,0.6608040096057504,-0.3514470847800651,0.5727364970637491,-0.16944014404503285
80A,2022-08-05,CVR503,Cultivar,Fungicide,2,7,2,0.6083527945455993,1,0.00106986880800074,0.5768875468121045,0.7554034364109043,0.7005906467668331,0.0555465772199533,0.4671011139891753,0.4454952134423838
81A,2022-08-05,CVR477,Cultivar,Fungicide,3,7,2,0.560785174613389,1,7.651353452374937e-4,0.5336209808011967,0.739744180206402,0.6804008560135093,0.1028365246379538,0.44790437352058354,0.4364512207151337
82A,2022-08-05,WLD133,Wild cicer,Fungicide,4,7,2,0.20509954695511448,0,0,0.25751662767436795,0.6764167663535554,0.6016333675501797,0.097901843333437,0.351435867958297,0.42632584845027033
83A,2022-08-05,CVR500,Cultivar,Fungicide,5,7,2,0.5585692608375622,0,0,0.5861224632631158,0.7448366390795406,0.6727207581459334,0.11359973955091834,0.4834188065492256,0.408508792369375
84A,2022-08-05,CVR494,Cultivar,Fungicide,6,7,2,0.5560751157356226,0,0,0.5848649427251057,0.7502242167183266,0.6807580721053818,0.12999300357629376,0.50654227821806,0.3930482436383944
85A,2022-08-05,WLD131,Wild cicer,Fungicide,7,7,2,0.02664396175299076,0,0,0.02860859223972834,0.6387163873764409,0.5767401697596186,0.01100671711551388,0.3166218278542668,0.40374441925223825
86A,2022-08-05,CVR504,Cultivar,Fungicide,8,7,2,0.5591091621013287,0,0,0.5473751116856815,0.7326238944724988,0.6651771803877199,0.03835877092483245,0.4651023748677403,0.4057937604451087
87A,2022-08-05,CVR010,Cultivar,Fungicide,9,7,2,0.5024195294058492,0,0,0.5011612319138126,0.7435861833195272,0.667240286334886,0.08505178596443913,0.4750407292829816,0.4152125172679352
88A,2022-08-05,Genesis090,Cultivar,Fungicide,1,8,2,0.7080887881239565,0,0,0.7155291861277111,0.69490760797398,0.6489704290192916,0.01095167155400829,0.41782962811892105,0.39044479148366024
89A,2022-08-05,CVR015,Cultivar,Fungicide,2,8,2,0.6412933961907378,0,0,0.6652283646073096,0.7464741039940347,0.678922042515571,0.09656265846707572,0.4114881821364862,0.4835004776041172
8A,2022-08-05,CVR493,Cultivar,Infected,8,1,1,0.5482647649383138,0,0,0.5526409789385985,0.72496996992482,0.6803187682437389,0.09016887187923728,0.44315342332191343,0.41521335535121
90A,2022-08-05,WLD129,Wild cicer,Fungicide,3,8,2,0.00294461486802695,0,0,8.252478530690869e-4,0.6521738223340857,0.6128142306968228,0.21416221106092756,0.5190901279137934,0.20119597465502323
91A,2022-08-05,CVR503,Cultivar,Infected,10,5,2,0.4445109785197804,0,0,0.4729849123590252,0.6753435775169591,0.6311840591024163,-0.04027238330879202,0.4992574937344272,0.265658124430939
92A,2022-08-05,CVR501,Cultivar,Infected,11,5,2,0.3729922785980279,0,0,0.4077903319665674,0.6756619687514797,0.6360522449958164,0.02392283413888402,0.4774398773498868,0.29261672643653314
93A,2022-08-05,CVR019,Cultivar,Infected,12,5,2,0.5784495515438589,0,0,0.6038849408625075,0.6906947713830582,0.6392639545890098,0.06957396377693227,0.48200744610954815,0.31283703964263276
94A,2022-08-05,CVR499,Cultivar,Infected,13,5,2,0.06056830987259934,0,0,0.05383759803355471,0.711080522892134,0.7251121510929935,0.13219299054718608,0.4783221841356232,0.35273126947804073
95A,2022-08-05,WLD133,Wild cicer,Infected,14,5,2,0.12809902745340188,0,0,0.12166511205247107,0.7916858634000791,0.7705795888039446,0.3681492714642287,0.41159633170346704,0.5638097592339716
96A,2022-08-05,CVR493,Cultivar,Infected,15,5,2,0.5380927601467381,0,0,0.5231285438121754,0.821561182938355,0.7920039565228781,0.34219668060936553,0.4908000770064548,0.5542450755377122
97A,2022-08-05,CVR504,Cultivar,Infected,16,5,2,0.47294025794866146,0,0,0.4622173927523142,0.654433466534304,0.6244306306221726,-0.0891821020854405,0.4459356231246933,0.29441994595245985
98A,2022-08-05,CVR015,Cultivar,Infected,17,5,2,0.5609971603856654,0,0,0.5729577951308232,0.7092313140508257,0.6540320781061277,0.04251971108309703,0.4194964583722982,0.4124457148200112
99A,2022-08-05,CVR010,Cultivar,Infected,18,5,2,0.4202286707610564,0,0,0.40291743988177847,0.6583810442113498,0.6404713267778375,0.00399086970807092,0.428287393619788,0.3204541173934482
9A,2022-08-05,CVR496,Cultivar,Infected,9,1,1,0.5610170340518162,0,0,0.5922528758859147,0.7236049907080877,0.6745406790134134,0.15150986533712496,0.4249802819192919,0.4312381338070002
100A,2022-08-09,CVR482,Cultivar,Infected,10,6,2,0.2613221484960475,1,3.312264442721324e-4,0.26081761908664425,0.5998945464941733,0.5332131310389451,-0.05961264722823478,0.48976793512135414,0.15594453773206918
101A,2022-08-09,CVR498,Cultivar,Infected,11,6,2,0.3256664549373203,0,0,0.29099811199888515,0.6028203853774774,0.5346996081289194,-0.00884872179358478,0.46871699306583825,0.1869172705450592
102A,2022-08-09,CVR484,Cultivar,Infected,12,6,2,0.15946298491723448,0,0,0.13958477971911412,0.6009075888259253,0.5478138551760074,0.01855554131154241,0.4651445355133565,0.18843126554538545
103A,2022-08-09,WLD131,Wild cicer,Infected,13,6,2,0.05507324118187188,0,0,0.06480160522432973,0.7519711372030344,0.737325507823985,0.1866349281413643,0.3809356054713846,0.5199872097699054
104A,2022-08-09,CVR494,Cultivar,Infected,14,6,2,0.5512060675286489,22,0.00828729528765937,0.549575772627199,0.8096907974852341,0.8065875762809288,0.15617066618066985,0.5567383234220565,0.4605717018541951
105A,2022-08-09,Genesis090,Cultivar,Infected,15,6,2,0.3829390485065599,0,0,0.3960403744395361,0.7861012478591852,0.763203841920258,0.2236755086751657,0.5243334645609367,0.4453190142215751
106A,2022-08-09,Howzat,Cultivar,Infected,16,6,2,0.4677300451394305,2,0.0015269596581971,0.4296004537976789,0.6582171194156967,0.5618050900086389,0.0491665085701964,0.4887869474955062,0.24979677191480473
107A,2022-08-09,WLD129,Wild cicer,Infected,17,6,2,0.01630634307682415,0,0,0.01257520538010037,0.5917438167344625,0.49484324558278986,0.13026446052208027,0.3984671654686357,0.25291055207499097
108A,2022-08-09,CVR495,Cultivar,Infected,18,6,2,0.5463370193216752,4,0.00250076971694683,0.5161335858194946,0.6601311248932739,0.5548711595214098,0.0887913331002727,0.48731500773442415,0.2547752160999066
109A,2022-08-09,CVR481,Cultivar,Infected,10,7,2,0.4242166531020063,0,0,0.4098338028408337,0.5963087844914203,0.5268599139051728,-0.06440540602560653,0.4695482152666562,0.17605530094082927
10A,2022-08-09,CVR481,Cultivar,Infected,1,2,1,0.5522958068892573,0,0,0.565176886801886,0.6955213133063344,0.5281439985630227,-0.05600014471245773,0.4630583299677144,0.3428996110369202
110A,2022-08-09,CVR477,Cultivar,Infected,11,7,2,0.5526237223807473,4,0.00158657692703238,0.5565314331030671,0.6422970548714937,0.5434206616881396,-0.00182264659472734,0.47580987568293104,0.2397607778353675
111A,2022-08-09,WLD132,Wild cicer,Infected,12,7,2,0.03772684290981661,0,0,0.0446026815825435,0.6247420325738682,0.4966247000420268,0.1205485037137445,0.4176242922482016,0.2802324825207082
112A,2022-08-09,WLD085,Wild cicer,Infected,13,7,2,0.11257106963415515,0,0,0.09910833740191605,0.7667444233063945,0.7623991349464173,0.19450778533135377,0.3946285097398096,0.5335601095250286
113A,2022-08-09,CVR500,Cultivar,Infected,14,7,2,0.5725437604193458,4,0.00104005136359178,0.5943356442769938,0.8005174254510431,0.780639952537688,0.194116936562731,0.5043445458612564,0.49671483826596574
114A,2022-08-09,CVR491,Cultivar,Infected,15,7,2,0.6402202182185884,0,0,0.6389776233763501,0.8183273409787426,0.7720741093772142,0.2581811654207176,0.5032314936896157,0.5357024501706955
115A,2022-08-09,CVR502,Cultivar,Infected,16,7,2,0.36364171867402334,0,0,0.32609079451272777,0.6202105951096186,0.5533285607308596,0.01224155169181061,0.4553518312985571,0.2297407847508432
116A,2022-08-09,CVR492,Cultivar,Infected,17,7,2,0.6996623536759694,0,0,0.7003210471211523,0.6915931780088661,0.5844246177214809,0.09182283496471225,0.5001119020703543,0.2927284192952117
117A,2022-08-09,CVR485,Cultivar,Infected,18,7,2,0.5459958547194178,1,2.3848303987593532e-4,0.5215959406564757,0.6509249113421979,0.5346922549453683,0.08530140989901124,0.5089280278816646,0.21233938698374
118A,2022-08-09,CVR016,Cultivar,Infected,10,8,2,0.6668012466954346,2,0.00144415448466744,0.659058654467698,0.6140090767224992,0.5265307801738605,-0.01661358350037293,0.4470935468240685,0.23007583105782584
119A,2022-08-09,CVR497,Cultivar,Infected,11,8,2,0.73058577820679,0,0,0.7298334822475753,0.6550410961989201,0.5517707198403575,0.00527644251031183,0.4868957267895315,0.2468865552277574
11A,2022-08-09,CVR499,Cultivar,Infected,2,2,1,0.21519868163747016,1,4.173453197828868e-4,0.1849734116379139,0.6664097781657462,0.5122836943005167,-0.00239438486322846,0.42594192217102106,0.3357794891726111
120A,2022-08-09,CVR496,Cultivar,Infected,12,8,2,0.5508549660933161,1,4.637170219809854e-4,0.5115357763523954,0.6504295459408509,0.5420700908692385,0.02276584291053895,0.4974279539730405,0.22618042122509463
121A,2022-08-09,WLD085,Wild cicer,Infected,1,9,3,0.0742745149613457,0,0,0.15915494309189532,0.46613041171079145,0.5207047999210946,0.01221995020534272,0.35195144876313184,0.13658673756453457
122A,2022-08-09,CVR019,Cultivar,Infected,2,9,3,0.5666280324617574,0,0,0.553387631758042,0.6054111136811829,0.5837927027017364,0.1453377277213373,0.3948319754597344,0.2767266858737159
123A,2022-08-09,CVR494,Cultivar,Infected,3,9,3,0.4863847930997542,1,1.3911539409942425e-4,0.3975729775952358,0.5821380541445693,0.5877990035019431,0.1223600620981551,0.4248404864626187,0.20898216095267536
124A,2022-08-09,CVR498,Cultivar,Infected,4,9,3,0.44915810412140217,2,0.00101024353008129,0.3710078562297738,0.5824350642648777,0.5735949109799058,0.09086765189833614,0.3782430354710076,0.2618860514471655
125A,2022-08-09,CVR485,Cultivar,Infected,5,9,3,0.6010591590682143,0,0,0.49955003372448725,0.6221450335839978,0.5997657728266893,0.13580334160325205,0.4076112478148457,0.28742211134778944
126A,2022-08-09,CVR502,Cultivar,Infected,6,9,3,0.2589008735033279,1,8.479462688951886e-4,0.22234535012689968,0.6013239280220368,0.60561693798812,0.18721490607657812,0.3773489031242346,0.28971363406274736
127A,2022-08-09,Genesis090,Cultivar,Infected,7,9,3,0.5845242688306546,0,0,0.43852099011418766,0.5777363256775867,0.48361944545068186,0.00777211051678168,0.4161486864528356,0.21273405761512293
128A,2022-08-09,CVR010,Cultivar,Infected,8,9,3,0.4620925485079548,1,4.3721890643921466e-4,0.4020528945118966,0.6003956152190151,0.545243601739272,0.01888866843098636,0.4336536031172735,0.2254378496895003
129A,2022-08-09,CVR491,Cultivar,Infected,9,9,3,0.5896814851968165,0,0,0.4962883398290237,0.5846890567958652,0.48954852980177294,0.07772354505817722,0.3934923968186554,0.2483301513113247
12A,2022-08-09,CVR500,Cultivar,Infected,3,2,1,0.4917771811820352,0,0,0.486110282974505,0.6884261529595752,0.4851966873677391,0.06411257472591142,0.4260242336834126,0.3712987184977778
130A,2022-08-09,CVR484,Cultivar,Infected,1,10,3,0.3701337829499883,0,0,0.3725011618686606,0.5744660432584697,0.5665176406256148,0.02801908172880294,0.44130636703052534,0.17838237799632564
131A,2022-08-09,CVR481,Cultivar,Infected,2,10,3,0.5396031587742075,2,6.492038307733794e-4,0.5106712309825135,0.6415580297836826,0.6229792910807369,0.0918179227031104,0.4686998438585918,0.2471867985564333
132A,2022-08-09,CVR492,Cultivar,Infected,3,10,3,0.5281029306282125,1,5.564604263771823e-4,0.5039906531243352,0.6277937684328725,0.5866873961254762,0.14677816965393267,0.45030820972480445,0.24743584125042664
133A,2022-08-09,CVR496,Cultivar,Infected,4,10,3,0.5665154150202356,0,0,0.5520908137032191,0.6788538420635543,0.6146153954457749,0.1793940130701699,0.41997984214561257,0.3621146802865233
134A,2022-08-09,WLD131,Wild cicer,Infected,5,10,3,0.03395084634114313,0,0,0.03847226895974457,0.6264855447741866,0.5464911168147062,0.26583644973249326,0.3140237182137501,0.3889879369246022
135A,2022-08-09,Howzat,Cultivar,Infected,6,10,3,0.37234307217043144,12,0.00590246492995944,0.358511245883299,0.6423565627280317,0.5908359550921634,0.19620182919782503,0.4323249230946015,0.29078444259734615
136A,2022-08-09,CVR016,Cultivar,Infected,7,10,3,0.6063024946543635,3,0.00112286039791733,0.5648625066673836,0.609681005884889,0.4914562650046083,0.05101477547995734,0.40521852313519086,0.27155000855247047
137A,2022-08-09,CVR482,Cultivar,Infected,8,10,3,0.3211286344995285,11,0.00326258339220395,0.26341125519629,0.6117216219423464,0.5200978009535964,0.06271628544440626,0.4463202171107859,0.22751967430181183
138A,2022-08-09,CVR497,Cultivar,Infected,9,10,3,0.5369533366207524,0,0,0.506977264402109,0.6312041016823576,0.4779317598515032,0.11055458939798105,0.43498132163449793,0.2704886958296284
139A,2022-08-09,CVR493,Cultivar,Infected,1,11,3,0.7232126480648013,2,9.141849861910852e-4,0.7627255038199003,0.6440140548397998,0.5962761514950702,0.13110543513933876,0.4231662085497178,0.3035813491750974
13A,2022-08-09,WLD129,Wild cicer,Infected,4,2,1,0.09446615977067337,0,0,0.09297792477911712,0.548537124136498,0.5430069703308349,0.07522180846863447,0.34913785821391324,0.2466332521103163
140A,2022-08-09,CVR495,Cultivar,Infected,2,11,3,0.5906155475059095,3,0.00128847312718746,0.6369734500188966,0.6522703562376835,0.6237082009475824,0.10193611328090564,0.4586872950541306,0.276226856571614
141A,2022-08-09,CVR504,Cultivar,Infected,3,11,3,0.5988366207370038,0,0,0.5675347378106549,0.6181792676358243,0.57134730454844,0.11289785194290164,0.4623656046897263,0.2181728932687997
142A,2022-08-09,CVR015,Cultivar,Infected,4,11,3,0.737992031125697,1,5.06778307983618e-4,0.6888068746949979,0.6746288902422231,0.6227907518766659,0.18669713180913589,0.38728608701872774,0.38897094759766926
143A,2022-08-09,WLD132,Wild cicer,Infected,5,11,3,0.03244375999136555,0,0,0.04310937594365659,0.6586533909605552,0.5869557106749271,0.1972265705883906,0.3108684265692241,0.4373303380261576
144A,2022-08-09,WLD129,Wild cicer,Infected,6,11,3,0.1018922863557312,0,0,0.0972613541117138,0.6849929830192089,0.6030158921245881,0.2937875275723942,0.3866163875967275,0.4058604099947704
145A,2022-08-09,CVR500,Cultivar,Infected,7,11,3,0.7268594658034939,0,0,0.6453831186168387,0.5930824558120755,0.5067698433278419,0.02592837924193075,0.4090619352151035,0.24296584687301992
146A,2022-08-09,CVR501,Cultivar,Infected,8,11,3,0.5290800525472991,7,0.00296779386933765,0.4953451994255162,0.6210454190460263,0.5302582015570658,0.02048485922041491,0.4271479173434303,0.26390603467870893
147A,2022-08-09,CVR503,Cultivar,Infected,9,11,3,0.5349692822833529,16,0.01065229050228408,0.4862674730417562,0.6133823134744536,0.5013375733513259,0.04682617484670445,0.44344603075692457,0.2334295857550525
148A,2022-08-09,WLD133,Wild cicer,Infected,1,12,3,0.1892635473105286,0,0,0.26007096626720083,0.5698724060316427,0.5628221397290039,0.07880379799067748,0.33113750603916126,0.2942643942276541
149A,2022-08-09,CVR499,Cultivar,Infected,2,12,3,0,0,0,3.5367765131532296e-4,0.16800002261638466,0.6196580987355083,-0.4585908217624262,0.5510791058926514,-0.42216353291767367
14A,2022-08-09,WLD085,Wild cicer,Infected,5,2,1,0.08315804373080384,0,0,0.10158408096112331,0.5700216045909998,0.5378590127653943,0.16282793792394526,0.3586248812047488,0.2657152865941804
150A,2022-08-09,CVR477,Cultivar,Infected,3,12,3,0.5856272573020302,4,0.00234177773792331,0.5709929192901825,0.5900647897121845,0.5691204628965606,0.10554785573240603,0.4249808673207108,0.22033700635318024
151A,2022-08-09,CVR499,Cultivar,Fungicide,10,9,3,0.00380249479020803,0,0,0.00153260315569973,0.5254237063726704,0.47945546834489583,-0.1373161204174712,0.5396966412206418,-0.01992228561729482
152A,2022-08-09,CVR498,Cultivar,Fungicide,11,9,3,0.37995468630623114,0,0,0.28643960004859875,0.543686807314846,0.5263839014305856,0.03002164484692354,0.4378111102623769,0.13895034225308903
153A,2022-08-09,Howzat,Cultivar,Fungicide,12,9,3,0.2260728892997114,1,4.007839975692802e-4,0.12048618654808668,0.5326367825595135,0.5222975937240885,0.07661230762062701,0.4304310565859122,0.1326078555370502
157A,2022-08-09,CVR493,Cultivar,Fungicide,16,9,3,0.654983039891025,0,0,0.5255256923377571,0.5656138625848998,0.544164742114935,0.06272701268187118,0.3972519136108926,0.2171546958391188
158A,2022-08-09,CVR481,Cultivar,Fungicide,17,9,3,0.4868120769219988,2,5.43211368606297e-4,0.3937611184643929,0.600187513865232,0.5967370699862014,0.08485709312881592,0.4161133272329518,0.24534916490039252
159A,2022-08-09,CVR477,Cultivar,Fungicide,18,9,3,0.4088973687773442,11,0.00568717427166893,0.3390589750609563,0.5525154423476726,0.5467185069681507,0.08816321713924746,0.3709469785077624,0.22837477170929887
15A,2022-08-09,CVR482,Cultivar,Infected,6,2,1,0.43585930918874954,1,5.564604263771823e-4,0.394154093632521,0.610825872777716,0.5872006331180646,0.12927787640761723,0.4302804341535406,0.24491577553298552
160A,2022-08-09,CVR010,Cultivar,Fungicide,10,10,3,0.5455983813963996,0,0,0.5100817682303214,0.6062228620226188,0.5518248468104229,0.04678884015496518,0.4746756924728788,0.18469481114356456
161A,2022-08-09,CVR015,Cultivar,Fungicide,11,10,3,0.6490441259895938,0,0,0.6288781615554571,0.6472430967704266,0.5612340807557791,0.1322208858819655,0.4712298502675189,0.25325656729316
162A,2022-08-09,CVR497,Cultivar,Fungicide,12,10,3,0.6206479693376309,0,0,0.5882445291710077,0.6353872557530381,0.5442073564744095,0.1433007454373357,0.48549433361436256,0.21675765395094823
166A,2022-08-09,WLD133,Wild cicer,Fungicide,16,10,3,0.258496775624926,0,0,0.24329092658812937,0.5474817053885795,0.531234893486121,0.07595467538250672,0.3266493751680102,0.2689255034998906
167A,2022-08-09,WLD085,Wild cicer,Fungicide,17,10,3,0.19195974135166916,0,0,0.2053688228637642,0.5973492840078498,0.5335171583962564,0.1811763806559218,0.3338874900253795,0.3290999385419503
168A,2022-08-09,CVR501,Cultivar,Fungicide,18,10,3,0.47567619932210387,23,0.01069531934121618,0.44028937837076426,0.6241962252373479,0.5722105244559026,0.1333348045030174,0.432210688163182,0.262916192888312
169A,2022-08-09,Genesis090,Cultivar,Fungicide,10,11,3,0.551514109353988,0,0,0.46005602932760953,0.6052944371355277,0.5376897412992986,0.0542507218978845,0.48861182909834633,0.16568445073758709
16A,2022-08-09,WLD133,Wild cicer,Infected,7,2,1,0.16294087649364428,0,0,0.19892403010646276,0.5886115972406701,0.5621644914129297,0.04709109429779821,0.41128415204521057,0.2339679576348175
170A,2022-08-09,CVR495,Cultivar,Fungicide,11,11,3,0.4182644900898078,13,0.00524663016304347,0.3681784350192512,0.605864754240959,0.5462494596856695,0.05135324377363213,0.4896863038263244,0.16518662486524263
171A,2022-08-09,CVR504,Cultivar,Fungicide,12,11,3,0.4774085205549251,0,0,0.46819061530786193,0.6200739373071682,0.5348842192128349,0.1183135717843002,0.4878860614828148,0.1895235779463712
175A,2022-08-09,CVR503,Cultivar,Fungicide,16,11,3,0.6864828007402222,9,0.00451130930500659,0.6458153913017797,0.5831260347901674,0.579610268576494,0.04664590210950578,0.3976040789389507,0.24151890964097775
176A,2022-08-09,CVR482,Cultivar,Fungicide,17,11,3,0.3316981126141224,10,0.00547188385982411,0.29268790522183613,0.5698770828416295,0.5822609560704424,0.01194509732411462,0.4440347073579767,0.16847388370571234
177A,2022-08-09,CVR485,Cultivar,Fungicide,18,11,3,0.45030415220277153,0,0,0.42653524748627947,0.5770574394297396,0.5561716454206808,0.05694778879796894,0.4583487705469636,0.16139718662072683
178A,2022-08-09,CVR494,Cultivar,Fungicide,10,12,3,0.4888292540363165,0,0,0.45011375757396765,0.6015631580600275,0.5767951053254071,0.04185448360875555,0.48792472501855094,0.16085103202224985
179A,2022-08-09,CVR500,Cultivar,Fungicide,11,12,3,0.7370281583173777,0,0,0.6609056377579001,0.5895673044793529,0.5305750192896271,0.07698890818055358,0.4656522688552545,0.17080735018215656
17A,2022-08-09,Genesis090,Cultivar,Infected,8,2,1,0.5122569941505511,3,0.00103342679363418,0.5364111044949065,0.6933252957721467,0.6311812639127172,0.10854440149384197,0.5233929518002034,0.2667201838784645
180A,2022-08-09,CVR019,Cultivar,Fungicide,12,12,3,0.5773101280178732,1,6.359572373321681e-4,0.5592429617631512,0.6273504395087671,0.550524703388599,0.10031561300164515,0.4997020098609059,0.1859377270542976
18A,2022-08-09,CVR019,Cultivar,Infected,9,2,1,0.5832324805308453,6,0.002785622200052,0.6500988206343764,0.700042293577761,0.6164333651675681,0.15462695765784548,0.5177984697514615,0.285864067996604
19A,2022-08-09,CVR494,Cultivar,Infected,1,3,1,0.5989724241223684,0,0,0.5748440759378383,0.7063025594169388,0.532501805040486,-0.06355985173446375,0.48822014360606086,0.33286443865516696
1A,2022-08-09,WLD132,Wild cicer,Infected,1,1,1,0.00112286213752658,0,0,0.00168979322295098,0.519723675479674,0.39520423911703007,-0.06602622035488256,0.22861309043744865,0.330362858002678
20A,2022-08-09,Howzat,Cultivar,Infected,2,3,1,0.4681109570739896,2,0.00113279710910117,0.4379315273619954,0.7018556810817195,0.5508266084823553,-0.02507657511491554,0.46649715573856826,0.3499305858324258
21A,2022-08-09,CVR010,Cultivar,Infected,3,3,1,0.3290979746260446,2,5.73021748590789e-4,0.3161485227590859,0.6927754012085693,0.5121390847550373,0.01889234267991491,0.4652188774846944,0.33577379790651707
22A,2022-08-09,CVR501,Cultivar,Infected,4,3,1,0.7158726406997308,1,3.279141798294111e-4,0.6682149758850835,0.6162561584484918,0.6001854913112142,0.091975453869409,0.40474902849778627,0.2817949972747037
23A,2022-08-09,CVR491,Cultivar,Infected,5,3,1,0.6522570353506582,0,0,0.6539892747988449,0.6148735915699777,0.5751093422409975,0.12185254081042876,0.3987271342578778,0.2863499552547277
24A,2022-08-09,CVR502,Cultivar,Infected,6,3,1,0.4691675736576798,3,0.00164950995144408,0.3964333496076642,0.6025116526047084,0.5786755810779283,0.10833685623352617,0.4302500109409913,0.23254423327601528
25A,2022-08-09,CVR485,Cultivar,Infected,7,3,1,0.5067718622928992,0,0,0.5201419325344017,0.6458241220127657,0.6175716751828133,0.02539006235934046,0.500763216178748,0.21439841885733532
26A,2022-08-09,CVR503,Cultivar,Infected,8,3,1,0.5096104842747878,6,0.00386542492631688,0.563722878679812,0.6848667364627725,0.6245756559056735,0.06386713718550406,0.516627489310652,0.26036012097938943
27A,2022-08-09,CVR504,Cultivar,Infected,9,3,1,0.4305894753810658,0,0,0.4579732609365304,0.680820627626482,0.6108704192492574,0.09458912045264112,0.5319515784818406,0.23339691949513153
28A,2022-08-09,CVR495,Cultivar,Infected,1,4,1,0.6089357554193595,2,0.00120566425715056,0.5791668027872477,0.6580804301253521,0.48030250892818105,-0.07263169077662301,0.4313454565141131,0.31660705272280737
29A,2022-08-09,CVR492,Cultivar,Infected,2,4,1,0.5136282771149642,0,0,0.5330315180490045,0.6857805229870542,0.500029303963513,-0.02103923886576656,0.4484852110408736,0.3426956012846497
2A,2022-08-09,CVR016,Cultivar,Infected,2,1,1,0.6004364508621524,2,0.00217947944992044,0.48768218364701754,0.6452475424123182,0.4992101674040684,0.01264149188339685,0.3731197043490808,0.3584188038802376
30A,2022-08-09,CVR484,Cultivar,Infected,3,4,1,0.2097599216675036,7,0.0028054929116443,0.188745973251944,0.6379457933673771,0.4892729390489152,-0.00897710086827732,0.3952818436840312,0.3244900940731867
31A,2022-08-09,CVR491,Cultivar,Fungicide,10,1,1,0.5070037217313265,0,0,0.48866462156733786,0.6205997547160776,0.5889784367731978,0.09699688621527508,0.4475386171342376,0.2396113617130617
32A,2022-08-09,CVR016,Cultivar,Fungicide,11,1,1,0.683250017713007,0,0,0.6659750174267531,0.6273002683034119,0.5867224550856441,0.12194403284086568,0.4379486923980011,0.2610756783928047
33A,2022-08-09,Howzat,Cultivar,Fungicide,12,1,1,0.341707815798799,0,0,0.2704062131889708,0.619080580858755,0.6360173599344645,0.11479184488523073,0.4690519723818391,0.2114213424512497
34A,2022-08-09,CVR496,Cultivar,Fungicide,13,1,1,0.7004705494327732,0,0,0.6943871220824174,0.6993974345395451,0.5068791089107542,0.0932933449389847,0.5009707159740899,0.30544933303977173
35A,2022-08-09,Genesis090,Cultivar,Fungicide,14,1,1,0.4698432783068109,0,0,0.42901099104548673,0.648739755130937,0.47772404273574026,0.07217697951645971,0.48341344144752624,0.2408633539220521
36A,2022-08-09,CVR484,Cultivar,Fungicide,15,1,1,0.280072952509434,0,0,0.2422298936341834,0.6371506572273998,0.4998900019435209,0.07557147338923133,0.4878628168573741,0.21662356839972463
37A,2022-08-09,WLD133,Wild cicer,Fungicide,16,1,1,0.13518067715851056,0,0,0.18949262607138748,0.5558533775388321,0.491627950852534,0.04349544364026326,0.3784299058982273,0.22468665606605176
38A,2022-08-09,CVR499,Cultivar,Fungicide,17,1,1,0,0,0,0.00542305732016828,0.571185958071126,0.5169181120578104,0.24654624699883895,0.4370405264936844,0.17877271742757625
39A,2022-08-09,CVR015,Cultivar,Fungicide,18,1,1,0.6644296558680923,0,0,0.6578011339296879,0.6661074714514436,0.56726526231169,0.15186550337085516,0.43912890001303295,0.32082096171342644
3A,2022-08-09,CVR497,Cultivar,Infected,3,1,1,0.47594118153744935,0,0,0.3938790110148313,0.5977294991122473,0.47324154311812,-5.033031511568888e-4,0.3914942038952024,0.26923936122444364
40A,2022-08-09,CVR497,Cultivar,Fungicide,10,2,1,0.6858567802564685,0,0,0.6760744792476462,0.6729824634983879,0.6175390489309476,0.10848853777289263,0.4885170387558107,0.2748143125662632
41A,2022-08-09,CVR503,Cultivar,Fungicide,11,2,1,0.5227834126551514,10,0.0038952291043923,0.5371184597975371,0.7042514710637084,0.6521066420696979,0.1432619497179082,0.4918317262693402,0.32498629223122316
42A,2022-08-09,CVR477,Cultivar,Fungicide,12,2,1,0.40586663468932993,6,0.00309366271108076,0.39883049813324584,0.6446001979953526,0.5915638632336088,0.16614665403757756,0.4598216897934644,0.262619117131245
43A,2022-08-09,CVR500,Cultivar,Fungicide,13,2,1,0.6994834906806111,1,6.028321285752808e-4,0.6964305929566837,0.7043113040823985,0.5092403352350021,0.09314760886385218,0.5020533516719345,0.31289995596635783
44A,2022-08-09,WLD085,Wild cicer,Fungicide,14,2,1,0.0777921538700573,0,0,0.0854328015510569,0.6980435662536045,0.4644510615796047,0.22129925879238777,0.4257369848447894,0.38745017144670096
45A,2022-08-09,CVR502,Cultivar,Fungicide,15,2,1,0.4565776061510764,0,0,0.439503428034508,0.7179082946899508,0.5077131944099422,0.14813821501647637,0.5237457989184524,0.311158570504178
46A,2022-08-09,CVR495,Cultivar,Fungicide,16,2,1,0.5322664636868287,12,0.0046206134976783,0.5494971775935734,0.6402597750970885,0.5568052691086319,0.04263134327225442,0.453460591663196,0.2632207386597523
47A,2022-08-09,CVR494,Cultivar,Fungicide,17,2,1,0.5751174001858891,0,0,0.5825463892331497,0.7039104605972653,0.6192154352510908,0.09647606234208451,0.5132354703074872,0.29852290090746275
48A,2022-08-09,CVR019,Cultivar,Fungicide,18,2,1,0.55670776077476,0,0,0.585650893061362,0.7026366415127616,0.5669871938767748,0.18162626039372295,0.4860718808008667,0.3288918100516042
49A,2022-08-09,CVR501,Cultivar,Fungicide,10,3,1,0.5215181225768766,3,0.0022490357710527498,0.5829786619180907,0.6756281909338128,0.6276973327362736,0.08691067402929942,0.47954660083705847,0.2900594652442955
4A,2022-08-09,CVR498,Cultivar,Infected,4,1,1,0.5574331495892683,1,7.419501102208628e-4,0.4377743372947442,0.5377399858915941,0.5307272981475336,0.04786431651605785,0.3833416771364888,0.1944901475953642
50A,2022-08-09,WLD132,Wild cicer,Fungicide,11,3,1,0.06032651360109656,0,0,0.09871536223378792,0.6303066329833963,0.5754854733682969,0.13238633802083805,0.46208137519341214,0.23735585094533593
51A,2022-08-09,CVR492,Cultivar,Fungicide,12,3,1,0.435577765584945,0,0,0.45864131872234826,0.6789148458424275,0.6080562727893323,0.1881026775056308,0.5070576173456218,0.26207693751168487
52A,2022-08-09,WLD129,Wild cicer,Fungicide,13,3,1,0.15111935741154284,0,0,0.1480730433506819,0.6730649681210393,0.4786434762715432,0.07508649143340075,0.4362649988376461,0.3352372562817794
53A,2022-08-09,CVR498,Cultivar,Fungicide,14,3,1,0.5506992890418007,3,5.829588704962429e-4,0.545999698597233,0.6796968947053602,0.4877321529310904,0.05221523575578893,0.4863442012430319,0.2888303839949719
54A,2022-08-09,CVR482,Cultivar,Fungicide,15,3,1,0.33410613849607473,1,5.630870088706867e-4,0.31830988618379064,0.6775119775402803,0.4669302255797884,0.0970669001344811,0.5202313590075711,0.24289054201139132
55A,2022-08-09,CVR493,Cultivar,Fungicide,16,3,1,0.6940447307106447,0,0,0.7094380710217251,0.6624021801876777,0.5613719282927979,0.09043405957929768,0.45738134351067256,0.29413505024430225
56A,2022-08-09,WLD131,Wild cicer,Fungicide,17,3,1,0.05328129895059788,0,0,0.07242532348601557,0.639441599591508,0.5257745621231861,0.09951490742431202,0.41336878821004874,0.30729992534956535
57A,2022-08-09,CVR504,Cultivar,Fungicide,18,3,1,0.4927046189357445,4,0.00153689070142269,0.5079204048056166,0.663884829049974,0.560153515340928,0.07487882310176924,0.4998480731958719,0.2455057726179422
58A,2022-08-09,CVR481,Cultivar,Fungicide,10,4,1,0.466531000614992,0,0,0.5090600327931881,0.6103929493801916,0.5969329259505384,0.03564332477072946,0.4519717013346404,0.2187777197001751
59A,2022-08-09,CVR485,Cultivar,Fungicide,11,4,1,0.5391626258411956,0,0,0.5125968093063414,0.6497731159129971,0.6181919414551712,0.06996031422775509,0.5022886233874008,0.21894109574452825
5A,2022-08-09,CVR015,Cultivar,Infected,5,1,1,0.4236668150051644,17,0.00702532397249546,0.2902514591794417,0.5383165013312122,0.5503943100020704,0.10551739205348816,0.3327831798997429,0.2503886067638657
60A,2022-08-09,CVR010,Cultivar,Fungicide,12,4,1,0.513081751295814,0,0,0.5608934574692894,0.6811320440723914,0.6354670001151433,0.11263134374874578,0.5143747253480887,0.2566907462582095
61A,2022-08-09,CVR493,Cultivar,Fungicide,1,5,2,0.3945253958725422,0,0,0.4084190922355724,0.6411377906491489,0.6451282409741212,0.01788658369609931,0.41837086956168584,0.30442345068991006
62A,2022-08-09,CVR495,Cultivar,Fungicide,2,5,2,0.5002069279077141,0,0,0.5009647443297486,0.6900042825137469,0.6905912824080895,0.0684885896520888,0.4230266191498222,0.37702861248705904
63A,2022-08-09,CVR501,Cultivar,Fungicide,3,5,2,0.3991294618641704,0,0,0.3659384765609208,0.6699578901998091,0.704437790283178,0.1342014830796255,0.35196362706802814,0.41611436767288007
64A,2022-08-09,WLD085,Wild cicer,Fungicide,4,5,2,0.04958148476883624,0,0,0.06480160522432973,0.48614624425631314,0.5349934203567538,0.03614557092007103,0.3441445185542469,0.1705326098397222
65A,2022-08-09,CVR485,Cultivar,Fungicide,5,5,2,0.4602873571659135,0,0,0.4139207445893663,0.5880424304469897,0.5869392643072485,0.10638619693174864,0.41822318385007073,0.2252044467267836
66A,2022-08-09,CVR491,Cultivar,Fungicide,6,5,2,0.5163609062107146,0,0,0.487171315928451,0.575455581363768,0.5773467350618632,0.1283041245750754,0.3800382277110792,0.2501166426473455
67A,2022-08-09,CVR016,Cultivar,Fungicide,7,5,2,0.5972930993326162,0,0,0.5904451901125253,0.6378801453786997,0.5534571363294027,0.04400450363163374,0.4995270318662147,0.2030538682834209
68A,2022-08-09,CVR484,Cultivar,Fungicide,8,5,2,0.406853693441492,4,0.00380250258069256,0.3501801723189825,0.6517496328730579,0.5800791275665087,0.07151891639319165,0.4975437563509577,0.22820768701667404
69A,2022-08-09,CVR481,Cultivar,Fungicide,9,5,2,0.4522318978194101,0,0,0.4305042966843737,0.6603149921862012,0.6175397066559305,0.08205494209645792,0.5203826539639601,0.21318685100799448
6A,2022-08-09,CVR477,Cultivar,Infected,6,1,1,0.41645267419238297,4,0.00224571775649473,0.22344568059765849,0.5179226263040737,0.5544462437538695,0.06414704703411447,0.35719666527614413,0.1972098249934363
70A,2022-08-09,Howzat,Cultivar,Fungicide,1,6,2,0.44485545539972954,2,4.7696607975187e-4,0.4642608636265806,0.7361198196048051,0.7032242289575682,0.04632244991406756,0.4715753631993018,0.4052060532842446
71A,2022-08-09,WLD132,Wild cicer,Fungicide,2,6,2,0.00792628051652248,0,0,0.01281099048097725,0.7183172487936189,0.6681644195700466,0.1659712489626634,0.40859726804183466,0.4383879144696573
72A,2022-08-09,CVR492,Cultivar,Fungicide,3,6,2,0.47787555170947155,0,0,0.4936161086857524,0.7037608242890396,0.678756472567479,0.15708436023956418,0.4052591112239403,0.4176049302111128
73A,2022-08-09,CVR496,Cultivar,Fungicide,4,6,2,0.6662381594878254,1,5.167132530645264e-4,0.6300963845766543,0.6418822129724547,0.616096792565483,0.11381544723068704,0.43042282790726744,0.2921842789113274
74A,2022-08-09,CVR498,Cultivar,Fungicide,5,6,2,0.5101139504839444,0,0,0.4847348698860565,0.6360022825847425,0.6158696571323179,0.10480205818910142,0.44201816616498696,0.26984385101270975
75A,2022-08-09,CVR019,Cultivar,Fungicide,6,6,2,0.5387585279627937,0,0,0.5739795305679564,0.6267069416234615,0.5741194852712395,0.18120816727119068,0.43039356849625177,0.26882323574761435
76A,2022-08-09,CVR499,Cultivar,Fungicide,7,6,2,0,0,0,8.252478530690869e-4,0.6853502916342855,0.5828220387746896,0.3424656985204938,0.4999999798087771,0.281976722383201
77A,2022-08-09,CVR502,Cultivar,Fungicide,8,6,2,0.404329737840326,1,3.1797738650124707e-4,0.3807929379161643,0.6954872948587237,0.5992586634509968,0.08138840937884403,0.5423843169208965,0.2458385343836328
78A,2022-08-09,CVR482,Cultivar,Fungicide,9,6,2,0.4498073105489987,0,0,0.4792725150490754,0.6977316886111572,0.5748689076833249,0.14483579959038342,0.5424784383472828,0.24980587066149695
79A,2022-08-09,CVR497,Cultivar,Fungicide,1,7,2,0.6208400814437564,0,0,0.6827943546226374,0.734590054658752,0.6833697873465056,0.109626250148282,0.4157594547812784,0.4590216776206594
7A,2022-08-09,WLD131,Wild cicer,Infected,7,1,1,0.00473986937699276,0,0,0.00149330563888691,0.21785336878282463,0.5433176538301745,-0.35941863445797306,0.5153111042980035,-0.3350738873954209
80A,2022-08-09,CVR503,Cultivar,Fungicide,2,7,2,0.6075412865111037,5,0.00174556336131413,0.630567954778408,0.7648676044755983,0.7236726901420674,0.11415784184742819,0.44822748481852986,0.4818271921241076
81A,2022-08-09,CVR477,Cultivar,Fungicide,3,7,2,0.6131324112548939,2,0.0014209667853084,0.5981868009246496,0.7355460527997817,0.6972144054968128,0.1404924737663958,0.41800729271054654,0.4585156341208303
82A,2022-08-09,WLD133,Wild cicer,Fungicide,4,7,2,0.2566948965605766,0,0,0.25633770216998353,0.5430603803470975,0.5665817776074533,0.06842454266962446,0.31456479715390456,0.27557068324287387
83A,2022-08-09,CVR500,Cultivar,Fungicide,5,7,2,0.5794465471290964,0,0,0.5401050710753109,0.5879578034387382,0.5872604501056352,0.07673716516278545,0.4278504573215387,0.21392085070670824
84A,2022-08-09,CVR494,Cultivar,Fungicide,6,7,2,0.6325324216958769,0,0,0.6034526681775666,0.6218456907690864,0.6134463386037317,0.10974352997057688,0.4569942474545048,0.23029731089887295
85A,2022-08-09,WLD131,Wild cicer,Fungicide,7,7,2,0.03044976882089061,0,0,0.03811859130842925,0.6112374186437458,0.5223875367279404,0.03790617940369185,0.4280537938148965,0.24809611039305207
86A,2022-08-09,CVR504,Cultivar,Fungicide,8,7,2,0.5847230054921637,0,0,0.6163815512089823,0.6918383592386059,0.6019221635738722,0.05729276303052277,0.5444163612538366,0.23649884313234865
87A,2022-08-09,CVR010,Cultivar,Fungicide,9,7,2,0.5306533844509129,0,0,0.5471393265848046,0.6994395368210355,0.6041006373338201,0.07494102794037563,0.5605267636167955,0.2284954678759539
88A,2022-08-09,Genesis090,Cultivar,Fungicide,1,8,2,0.6617500232154109,0,0,0.7076696827651484,0.7166679679981103,0.6736471235033968,0.0968597870827558,0.4133562526275392,0.430986933596248
89A,2022-08-09,CVR015,Cultivar,Fungicide,2,8,2,0.6187367851094514,0,0,0.6846806354296524,0.7775966002893397,0.7177988159000261,0.17523910808396911,0.42803556030470286,0.5239530460393254
8A,2022-08-09,CVR493,Cultivar,Infected,8,1,1,0.5834908381908072,0,0,0.5854151079604851,0.6797318412935915,0.6443564911778128,0.08584838496022994,0.5054375943670257,0.265515180428322
90A,2022-08-09,WLD129,Wild cicer,Fungicide,3,8,2,0.0024444609365623,0,0,0,NA,NA,NA,NA,NA
91A,2022-08-09,CVR503,Cultivar,Infected,10,5,2,0.4442526208598185,0,0,0.39258219296000846,0.5647014129126615,0.5108586510178945,-0.08215506712192686,0.465981250963034,0.13397415822696365
92A,2022-08-09,CVR501,Cultivar,Infected,11,5,2,0.42177550444313583,0,0,0.33222120713552666,0.5682197398962008,0.5202747255787062,-0.03157787498897459,0.4505341513828861,0.1581800643530127
93A,2022-08-09,CVR019,Cultivar,Infected,12,5,2,0.624192106467877,0,0,0.4972314802325313,0.585673061092409,0.5247026203894681,0.01555669152485246,0.44928736734681585,0.1850892466375484
94A,2022-08-09,CVR499,Cultivar,Infected,13,5,2,0.05166490743699029,0,0,0.0503401190372143,0.6273301888358116,0.7111537895458222,-0.03046078147998172,0.47607793618265326,0.2156612122747374
95A,2022-08-09,WLD133,Wild cicer,Infected,14,5,2,0.15764123218673412,0,0,0.14999862167450975,0.7148341170534757,0.7493537356011151,0.23131681380373373,0.38391308267725166,0.456086850368155
96A,2022-08-09,CVR493,Cultivar,Infected,15,5,2,0.5962232336381588,2,5.928953352471169e-4,0.6043172135474485,0.7736058638286059,0.7779303168581202,0.20438777056067353,0.4765815952915895,0.4704860300022156
97A,2022-08-09,CVR504,Cultivar,Infected,16,5,2,0.46383480657385145,2,9.638714171615792e-4,0.4122702488832281,0.5889026583846223,0.5128372548562368,0.00893384764149496,0.45361443735274126,0.18460176774627643
98A,2022-08-09,CVR015,Cultivar,Infected,17,5,2,0.6482127442889473,0,0,0.5625832506922404,0.6419493252291528,0.5520718076743679,0.10354551614975628,0.4386500105318999,0.2829855094344541
99A,2022-08-09,CVR010,Cultivar,Infected,18,5,2,0.44556759510347055,0,0,0.3244010012897768,0.5942566032234757,0.5382653311553716,0.06949342528501261,0.4479346507534942,0.1993998152116862
9A,2022-08-09,CVR496,Cultivar,Infected,9,1,1,0.6247949410077881,3,0.00209666893698436,0.6401565488807346,0.6960816995140173,0.6396098643670954,0.15856208743678657,0.5019168416040571,0.29842827457311216
100A,2022-08-12,CVR482,Cultivar,Infected,10,6,2,0.27864867310195185,0,0,0.3218073651801311,0.595706463720172,0.5847634312816724,-0.01327726300497647,0.4431015548681775,0.2073319243887009
101A,2022-08-12,CVR498,Cultivar,Infected,11,6,2,0.3618299027765984,5,0.0025173209764682,0.37069347609527126,0.6246546823029555,0.5995497942920164,0.04626537307363518,0.4309760484482911,0.2650268252744287
102A,2022-08-12,CVR484,Cultivar,Infected,12,6,2,0.2084383228684679,2,5.663972197053463e-4,0.21106696280162215,0.6148998126088743,0.6069883282192232,0.0405640036948955,0.4593434092916261,0.21678829563971172
103A,2022-08-12,WLD131,Wild cicer,Infected,13,6,2,0.07138620881407967,0,0,0.06543036549333475,0.7894438141472297,0.7503036927516833,0.2425623318205264,0.3927666213380276,0.574950460524604
104A,2022-08-12,CVR494,Cultivar,Infected,14,6,2,0.6514753378153889,7,0.00334870674459301,0.6407853091497395,0.824757176679317,0.7976695929800756,0.2016339041545228,0.5506007271989576,0.5022209681878278
105A,2022-08-12,Genesis090,Cultivar,Infected,15,6,2,0.4578594576178103,0,0,0.4908259849920426,0.8029392238586132,0.7496285269564781,0.24659864433507772,0.5144723870568115,0.49150102380099775
106A,2022-08-12,Howzat,Cultivar,Infected,16,6,2,0.6168189763258883,1,0.00123879491066194,0.5165658585044356,0.6382274347606172,0.6402681885677775,0.03787821644708086,0.4377169503410755,0.27824060527227107
107A,2022-08-12,WLD129,Wild cicer,Infected,17,6,2,0.02352710844498923,0,0,0.01996313854090934,0.5951747389517661,0.5980477572292257,0.12273241582047674,0.36306650475493407,0.2960896603267469
108A,2022-08-12,CVR495,Cultivar,Infected,18,6,2,0.6561357125277779,7,0.00643575958956262,0.6111942789896909,0.6433579833831965,0.6256441688119347,0.08136258378547782,0.43665640228091807,0.2874553815407385
109A,2022-08-12,CVR481,Cultivar,Infected,10,7,2,0.45244388359168647,3,8.214420746613324e-4,0.5155441230673025,0.6051091313152936,0.5817344249026086,-0.01649756692034235,0.4275030531944603,0.23958279271281097
10A,2022-08-12,CVR481,Cultivar,Infected,1,2,1,0.46690528799416753,0,0,0.5319704850950585,0.8370589427323774,0.5622711890708544,0.14530670424987163,0.5749049093282909,0.505337003742619
110A,2022-08-12,CVR477,Cultivar,Infected,11,7,2,0.6096412705677169,5,0.00152032937920908,0.6777642724705972,0.6718972547548253,0.6186738161256125,0.05518359761424519,0.45162872956208944,0.31622701240047774
111A,2022-08-12,WLD132,Wild cicer,Infected,12,7,2,0.03365605362657125,0,0,0.06138272126161494,0.6304089550497982,0.557897391490079,0.19286551586838105,0.3780044748305949,0.3313688074603996
112A,2022-08-12,WLD085,Wild cicer,Infected,13,7,2,0.14862190003191142,0,0,0.12441593822936806,0.785049634655,0.7553125240839375,0.21787870379174465,0.4016655645366234,0.5599524104604401
113A,2022-08-12,CVR500,Cultivar,Infected,14,7,2,0.6291075265625362,7,0.00566730335470308,0.6266382030971266,0.8229388857204127,0.779872055714925,0.23577074613187435,0.5119939849019176,0.5373531461442735
114A,2022-08-12,CVR491,Cultivar,Infected,15,7,2,0.6903946006942603,0,0,0.7146646407578292,0.820582097292124,0.755811682709956,0.29153028580314067,0.4792985286525738,0.5625279407825936
115A,2022-08-12,CVR502,Cultivar,Infected,16,7,2,0.45184436132946726,3,0.00196749226661741,0.3787494670418981,0.5968332773156738,0.6199563068682963,0.0013757127696714,0.4032845985391571,0.2549019687865645
116A,2022-08-12,CVR492,Cultivar,Infected,17,7,2,0.8221371336086628,0,0,0.7710565773842168,0.660667631287965,0.6456067345932794,0.07240399945362097,0.4465808268906191,0.3036871014545042
117A,2022-08-12,CVR485,Cultivar,Infected,18,7,2,0.6953563926766049,0,0,0.6005446519334183,0.6229799605692277,0.6086219863622162,0.06864693841586009,0.45283137764004233,0.2370103608679907
118A,2022-08-12,CVR016,Cultivar,Infected,10,8,2,0.6704215662125926,0,0,0.7348242668828027,0.6261357645048945,0.5859726623597173,0.0394295054214978,0.40342974607101784,0.29797505023849613
119A,2022-08-12,CVR497,Cultivar,Infected,11,8,2,0.7677627830197647,0,0,0.8004904174770143,0.6711626201632751,0.6161458517438234,0.06327929925059922,0.4523743089991161,0.3141780101517557
11A,2022-08-12,CVR499,Cultivar,Infected,2,2,1,0.24404199577782865,3,0.00138121427261479,0.2869504677671654,0.8031694579552007,0.5249393764428071,0.13592891191814593,0.5807374339024194,0.4168755021319159
120A,2022-08-12,CVR496,Cultivar,Infected,12,8,2,0.540507410584074,0,0,0.5831751495021548,0.6648554650287537,0.6079460458145199,0.09044097820643927,0.4515384783206699,0.3048290540011791
121A,2022-08-12,WLD085,Wild cicer,Infected,1,9,3,0.05448696803041994,0,0,0.20084960843029065,0.511877164607283,0.609863982389264,0.00859283360044636,0.375442998348065,0.1688919363912904
122A,2022-08-12,CVR019,Cultivar,Infected,2,9,3,0.5752399544604864,2,0.00116260481939518,0.6644817117878662,0.63882053192546,0.661753010090443,0.1286473396662893,0.4020574571767341,0.3185907340458749
123A,2022-08-12,CVR494,Cultivar,Infected,3,9,3,0.48427487221006554,1,4.007839975692802e-4,0.48583520035681527,0.6138948887749899,0.66780567685973935,0.12362929130322364,0.4230429790879302,0.25780483716172525
124A,2022-08-12,CVR498,Cultivar,Infected,4,9,3,0.4954074375322687,0,0,0.4994714386908616,0.6131390686180448,0.5621635408297155,-0.03567524301970755,0.42393769678530047,0.25565430108523235
125A,2022-08-12,CVR485,Cultivar,Infected,5,9,3,0.5824706566617269,4,0.00486574377938304,0.5606576723684125,0.6330508913470837,0.5735474036598782,0.00337096661951065,0.437350350360259,0.27062795863742695
126A,2022-08-12,CVR502,Cultivar,Infected,6,9,3,0.2771349621967907,1,5.962075996898381e-4,0.2579489003593089,0.6148222089154877,0.5890964570701824,0.05308262220037425,0.41469557107743127,0.2686133964974902
127A,2022-08-12,Genesis090,Cultivar,Infected,7,9,3,0.6704580012672027,2,0.00166938702923411,0.5616401102887328,0.5602622717926281,0.5836798306484371,-0.0538518988184242,0.4118856010754017,0.19288835090765352
128A,2022-08-12,CVR010,Cultivar,Infected,8,9,3,0.5335715010974054,1,6.955755329714779e-4,0.4797440852508292,0.5831410785304004,0.6347785307285273,-0.04513478757621427,0.4322365667616227,0.20175880730965495
129A,2022-08-12,CVR491,Cultivar,Infected,9,9,3,0.6334002384511335,0,0,0.6016842799209899,0.5834487998411604,0.5915857429473089,0.04371990545304041,0.3837857958291997,0.25727095127570937
12A,2022-08-12,CVR500,Cultivar,Infected,3,2,1,0.4562033187719009,4,0.00178862279906951,0.5712680019078722,0.8316690284423158,0.5273446229632377,0.2591678889504674,0.5492746930229625,0.5198858687204524
130A,2022-08-12,CVR484,Cultivar,Infected,1,10,3,0.41947015916962993,11,0.00450799736914116,0.4603704094621121,0.6092117435034545,0.6595370282594707,0.0105526966789387,0.4444480055515208,0.2259398870056497
131A,2022-08-12,CVR481,Cultivar,Infected,2,10,3,0.5878133605786308,1,2.9810379984491917e-4,0.6181892369823717,0.6679343775110504,0.6965698568191775,0.06262815626655749,0.47427734980021385,0.2834500891517778
132A,2022-08-12,CVR492,Cultivar,Infected,3,10,3,0.5871707787064179,0,0,0.6163422536921694,0.6483307164988527,0.6693831972487628,0.12190171037337072,0.4438753389948852,0.28706692893469493
133A,2022-08-12,CVR496,Cultivar,Infected,4,10,3,0.5485761190413447,5,0.00320297265385504,0.5714644894919363,0.7105864456917531,0.6133240728695949,0.05937989038966117,0.4581597224847561,0.3742771854902547
134A,2022-08-12,WLD131,Wild cicer,Infected,5,10,3,0.0296581344525459,0,0,0.04782507796119423,0.6731904018488633,0.5476795567513765,0.1652225531798538,0.3570548713474562,0.4161681731118532
135A,2022-08-12,Howzat,Cultivar,Infected,6,10,3,0.405098186264828,14,0.00703856748552457,0.3834651690594358,0.6634446986490447,0.5828228624119892,0.05585480375929574,0.4561548794301172,0.2972466128995486
136A,2022-08-12,CVR016,Cultivar,Infected,7,10,3,0.6719054666185275,3,0.00202710891935754,0.6676255131328913,0.6181124847075563,0.5986402090349132,0.03440032794086947,0.38678498149325147,0.3040089332328039
137A,2022-08-12,CVR482,Cultivar,Infected,8,10,3,0.3279817370439017,6,0.0025769448989936,0.2882079883051754,0.5857679434240275,0.6047292354163251,0.00855416064366,0.4292654176700461,0.20907422244935184
138A,2022-08-12,CVR497,Cultivar,Infected,9,10,3,0.6034738095055502,0,0,0.6258129552440576,0.6288840908264174,0.5852371936656884,0.07871180711726913,0.4166063871053272,0.2876380459465881
139A,2022-08-12,CVR493,Cultivar,Infected,1,11,3,0.6823159554039141,4,0.00274587728570821,0.7653584374463589,0.6801497249428107,0.6836803244821191,0.103154978310595,0.4392940435029035,0.3434837100314285
13A,2022-08-12,WLD129,Wild cicer,Infected,4,2,1,0.07383729430602562,0,0,0.12539837614968838,0.5554052672996993,0.5641421880059518,0.0221911317404255,0.3757643699140683,0.22702039714100292
140A,2022-08-12,CVR495,Cultivar,Infected,2,11,3,0.5980284249802,10,0.00565404752002559,0.6357945245145122,0.6822129990631808,0.6934598660386168,0.08646621126633354,0.46804677182989535,0.3146299630913037
141A,2022-08-12,CVR504,Cultivar,Infected,3,11,3,0.6280807204780724,4,0.00252726085020846,0.6145738654355929,0.6469373940893246,0.6472966940213376,0.10802000622623267,0.46128326968800815,0.2646234127670606
142A,2022-08-12,CVR015,Cultivar,Infected,4,11,3,0.706031863677337,5,0.00383561721602287,0.7418192248754835,0.7097072747277355,0.6124646974791285,0.08163395557108168,0.4166255334028129,0.41612142931659857
143A,2022-08-12,WLD132,Wild cicer,Infected,5,11,3,0.0275647749513164,0,0,0.05037941655402711,0.6924379269128149,0.5840046851872189,0.11423518609546487,0.3399245957234369,0.4610287484846078
144A,2022-08-12,WLD129,Wild cicer,Infected,6,11,3,0.07649705329255614,0,0,0.10912920418918354,0.6962912546742448,0.56567269615466,0.1958365598695381,0.3902455072173436,0.4202334991117688
145A,2022-08-12,CVR500,Cultivar,Infected,7,11,3,0.7718368845807019,6,0.0045908180269138,0.7740431886619907,0.5996780567128581,0.6030380997151509,-0.00188747356434264,0.3929138390417264,0.27049989087461207
146A,2022-08-12,CVR501,Cultivar,Infected,8,11,3,0.5513451831917052,22,0.01137433868601916,0.5606969698852253,0.6178341504767894,0.6180548456207013,-0.01403385476311196,0.41890859203870745,0.26838891231781775
147A,2022-08-12,CVR503,Cultivar,Infected,9,11,3,0.5792577473006627,19,0.01125842450401982,0.583764612254347,0.6189137087752806,0.5988774564202257,0.02683707683216068,0.4281952924073854,0.25948646486390864
148A,2022-08-12,WLD133,Wild cicer,Infected,1,12,3,0.1562136405015602,0,0,0.2806235675603024,0.6233833818563809,0.6553266833054986,0.07393978643699622,0.34293107396702044,0.3567085901636037
149A,2022-08-12,CVR499,Cultivar,Infected,2,12,3,6.061468176028481e-4,0,0,5.894627521922049e-4,0.2796207893893315,0.6446324670265853,-0.4184168005982192,0.539044684237294,-0.30546624100644204
14A,2022-08-12,WLD085,Wild cicer,Infected,5,2,1,0.08139591199875622,0,0,0.13038916078491572,0.5564617401626196,0.5420774234130095,0.0802888155869713,0.3777923997556446,0.2262287316345577
150A,2022-08-12,CVR477,Cultivar,Infected,3,12,3,0.6031425817363684,6,0.00262994137651011,0.6166173363098592,0.6382263365991909,0.6513936505603017,0.09903817633544748,0.4466222833755859,0.26799497734315486
151A,2022-08-12,CVR499,Cultivar,Fungicide,10,9,3,0.01849907090880823,0,0,0.00899913135013432,0.6011558285183264,0.5966412088453404,0.02637740988743509,0.4850202218851745,0.16393441090990069
152A,2022-08-12,CVR498,Cultivar,Fungicide,11,9,3,0.4996537775331804,0,0,0.4519214433473571,0.5815347018485397,0.5890693052219556,-0.01338035410262399,0.41489092286134566,0.21963615638324463
153A,2022-08-12,Howzat,Cultivar,Fungicide,12,9,3,0.27755230918595986,0,0,0.2358243983936948,0.5703412185903372,0.5995740784614434,0.04246282831113934,0.4214541786296267,0.19600011474752543
154A,2022-08-12,CVR496,Cultivar,Fungicide,13,9,3,0.6106548275414134,0,0,0.5766124641944148,0.6189960925053672,0.5506440072907582,0.02028704136958243,0.4442881018445806,0.24098072658506312
155A,2022-08-12,CVR492,Cultivar,Fungicide,14,9,3,0.6163420083382664,0,0,0.5347213112719554,0.6149689764655303,0.5607119411607863,0.01757665394640304,0.45285093435877594,0.2246924912172839
156A,2022-08-12,WLD129,Wild cicer,Fungicide,15,9,3,0.04538482893330176,0,0,0.06134342374480212,0.5374800386299354,0.5201567976293945,0.05834531676223392,0.3636387660553739,0.21607229547640897
157A,2022-08-12,CVR493,Cultivar,Fungicide,16,9,3,0.7228648589071603,0,0,0.6518279113741402,0.6286942467692599,0.584471476215481,0.01845275746738982,0.4040947549914844,0.3010927117086399
158A,2022-08-12,CVR481,Cultivar,Fungicide,17,9,3,0.5258704554639265,0,0,0.48768218364701754,0.6416099854437626,0.6052639409585209,0.04147053077280819,0.425419817599838,0.2973540185734524
159A,2022-08-12,CVR477,Cultivar,Fungicide,18,9,3,0.4203810355348801,6,0.00344144809536841,0.4075152493488777,0.6043913795524679,0.5794822029949904,0.05285668061738922,0.37095557127217355,0.3008978025674361
15A,2022-08-12,CVR482,Cultivar,Infected,6,2,1,0.4413444410464015,3,0.00133815709382828,0.4407216510557052,0.6025192631749448,0.5778403523477713,0.05842876381286283,0.4588581724468088,0.19855606130894415
160A,2022-08-12,CVR010,Cultivar,Fungicide,10,10,3,0.6569803433391918,0,0,0.6235729967857272,0.6474019994768017,0.615879936858319,-0.01764024933489465,0.46865269005174154,0.2566049752411933
161A,2022-08-12,CVR015,Cultivar,Fungicide,11,10,3,0.738137771344137,0,0,0.736435465072128,0.691087062884761,0.63021607256853,0.09444458514217016,0.459768498054296,0.33904755589908653
162A,2022-08-12,CVR497,Cultivar,Fungicide,12,10,3,0.7210927903420373,0,0,0.7136429053206961,0.6759689672332357,0.610381867573793,0.0942842680228017,0.47038608075547295,0.30142632918792683
163A,2022-08-12,CVR491,Cultivar,Fungicide,13,10,3,0.6494415993126121,0,0,0.6528103492944606,0.6514295277401403,0.5555407064629925,0.03097189393758876,0.44014700556895214,0.2962145734634417
164A,2022-08-12,CVR502,Cultivar,Fungicide,14,10,3,0.4007491656554698,14,0.0070385793964768,0.3646809560229108,0.6532500834211685,0.5883863867711804,0.03167427175006827,0.46445512445991194,0.2710255650624189
165A,2022-08-12,CVR016,Cultivar,Fungicide,15,10,3,0.6114895215197518,0,0,0.6444792757301441,0.647759511618774,0.5358751633441491,0.10817701918176932,0.42692740774616694,0.30524704007611453
166A,2022-08-12,WLD133,Wild cicer,Fungicide,16,10,3,0.3067897843716447,0,0,0.3427136441245479,0.6239611736212652,0.5504904865749906,0.07170782795911261,0.32944168006559166,0.37072536014199314
167A,2022-08-12,WLD085,Wild cicer,Fungicide,17,10,3,0.2059607391549874,0,0,0.24749576088710043,0.6621359138522059,0.5650937307827374,0.15746800952690138,0.33952262097976904,0.41617325196973
168A,2022-08-12,CVR501,Cultivar,Fungicide,18,10,3,0.5549555658757878,27,0.01598172304593751,0.545999698597233,0.6734340023385086,0.5914515687188175,0.093274616045887,0.4332659659294425,0.3391131164345437
169A,2022-08-12,Genesis090,Cultivar,Fungicide,10,11,3,0.6589180257889058,1,5.564604263771823e-4,0.6051031638837048,0.6394389153978236,0.593935673613974,-0.01742134638006361,0.47017565404292977,0.242028919710417
16A,2022-08-12,WLD133,Wild cicer,Infected,7,2,1,0.16371594947352988,1,5.829608008878209e-4,0.2140928715962088,0.6331466037344542,0.579356290793312,0.10164800894684338,0.3666414198157432,0.34707421906936164
170A,2022-08-12,CVR495,Cultivar,Fungicide,11,11,3,0.44296414483770097,14,0.00785338761884611,0.4210335951324856,0.6570601585003243,0.60809609165784,0.007473146805181,0.4838310446098709,0.2539666673701053
171A,2022-08-12,CVR504,Cultivar,Fungicide,12,11,3,0.5735937524476524,0,0,0.5597538294817178,0.6519447736226116,0.5907832140086123,0.06666356331181679,0.45929230614541744,0.2749951504698253
172A,2022-08-12,WLD131,Wild cicer,Fungicide,13,11,3,0.05199944748386399,0,0,0.05902487025284612,0.5817013894315677,0.5064315042743626,0.01561093696657453,0.30873663505248333,0.3327185139340931
173A,2022-08-12,CVR484,Cultivar,Fungicide,14,11,3,0.2060137355980565,10,0.00652849970818592,0.21130274790249903,0.5920694783663946,0.5418849387394397,-0.04749648785598998,0.44645863723197143,0.1979307818008064
174A,2022-08-12,WLD132,Wild cicer,Fungicide,15,11,3,0.01542196493310852,0,0,0.03249904640419689,0.6086191241815635,0.4905154963779725,0.16885810522104844,0.3482320004047178,0.3304156285454999
175A,2022-08-12,CVR503,Cultivar,Fungicide,16,11,3,0.7310130620290347,17,0.01196393120342064,0.7423693901108629,0.6509976781649669,0.607388558029803,0.00870980884381931,0.4002530333115583,0.33910247196639076
176A,2022-08-12,CVR482,Cultivar,Fungicide,17,11,3,0.3183297598499416,2,9.70496151407828e-4,0.3161878202758987,0.6269636445353851,0.5844770423158038,-0.01871270015869252,0.43887592196118,0.2594883385539325
177A,2022-08-12,CVR485,Cultivar,Fungicide,18,11,3,0.5126279692520348,1,3.643490886993456e-4,0.48504925002055904,0.6221668719537244,0.5562563776958439,0.02610260440686249,0.4548641105073869,0.23333763408447417
178A,2022-08-12,CVR494,Cultivar,Fungicide,10,12,3,0.6385607670949872,0,0,0.6095437832835527,0.6340108398847109,0.6189461115915451,-0.02975113560600816,0.4715786613481565,0.23171031481959384
179A,2022-08-12,CVR500,Cultivar,Fungicide,11,12,3,0.8319315387433711,3,0.00306717453501474,0.8274092164937916,0.6491584541411519,0.5986989210830322,0.03699441567963285,0.4504480649036603,0.28082787841688794
17A,2022-08-12,Genesis090,Cultivar,Infected,8,2,1,0.598376214137841,1,6.359572373321681e-4,0.6450294409655234,0.7054984993155446,0.6271105813411164,0.123055632675023,0.47893711818428114,0.34218057729374624
180A,2022-08-12,CVR019,Cultivar,Fungicide,12,12,3,0.6553341413263578,0,0,0.6763102643485231,0.6727959041832425,0.6083320537896258,0.06835140376307233,0.47264210764425346,0.2934770573287291
18A,2022-08-12,CVR019,Cultivar,Infected,9,2,1,0.613917421067855,3,6.624528885442648e-4,0.6743453885078824,0.7047173648970012,0.6085265615898036,0.17363463872848903,0.46452538472313426,0.3570879825730322
19A,2022-08-12,CVR494,Cultivar,Infected,1,3,1,0.5828217580970597,2,0.00117917271316732,0.617914154364682,0.8362772676814704,0.5570375795600775,0.1283233584176289,0.5910151050219957,0.48494982435890965
1A,2022-08-12,WLD132,Wild cicer,Infected,1,1,1,5.299644306910146e-4,0,0,0.00762371826168585,0.7256252563826641,0.4915244815498091,0.12162505374376056,0.4201237352479475,0.43947719607042607
20A,2022-08-12,Howzat,Cultivar,Infected,2,3,1,0.46018798883515893,9,0.00303734891723296,0.47573573853592216,0.8438848173132804,0.5663270455872563,0.1732938183403687,0.5995723582189127,0.4945296116239781
21A,2022-08-12,CVR010,Cultivar,Infected,3,3,1,0.3032489595190904,8,0.00290154673223597,0.3230255882013283,0.8235412967768739,0.5045405286631444,0.2140880044260494,0.5658371212617261,0.4825832656661677
22A,2022-08-12,CVR501,Cultivar,Infected,4,3,1,0.7097316778590986,5,0.00240139726571472,0.7422122000436117,0.6136950524904268,0.6174828763834429,0.02862133340258261,0.44369959625800715,0.23360530371766483
23A,2022-08-12,CVR491,Cultivar,Infected,5,3,1,0.5539751316790095,1,0.00100693557822823,0.6993386092008319,0.6037352645268189,0.5806418145596319,0.05585839587541236,0.4154840589445119,0.25128384216184635
24A,2022-08-12,CVR502,Cultivar,Infected,6,3,1,0.4987130906687039,12,0.00813825796835415,0.4334123129285219,0.5683133023423639,0.5697522264169435,0.01659054464142944,0.4404900932082939,0.17050741911722722
25A,2022-08-12,CVR485,Cultivar,Infected,7,3,1,0.5697813208243689,0,0,0.5933139088398607,0.6565029360047128,0.6097531904347553,0.05075105575790145,0.4530314908646172,0.2896046466456775
26A,2022-08-12,CVR503,Cultivar,Infected,8,3,1,0.5735871278922688,8,0.00707834135578023,0.6295855168580876,0.69091203498468,0.6210637477126891,0.08505799297502405,0.4666184493258207,0.3310080249211249
27A,2022-08-12,CVR504,Cultivar,Infected,9,3,1,0.48815686166487726,0,0,0.5305164769729844,0.6754453158260588,0.588222489716955,0.10476694444576932,0.47588127146176545,0.29409576991264313
28A,2022-08-12,CVR495,Cultivar,Infected,1,4,1,0.5560916771240817,12,0.00701208497742954,0.6053389489845816,0.8257419035160375,0.5362280220873463,0.14632413611202402,0.5468785308389313,0.5084855340888256
29A,2022-08-12,CVR492,Cultivar,Infected,2,4,1,0.4839535812739591,4,0.00405753811224197,0.5455281283954793,0.8420974991851475,0.5450816885806101,0.19850908441061357,0.5709620068437972,0.5222235315390491
2A,2022-08-12,CVR016,Cultivar,Infected,2,1,1,0.48237693709265334,2,0.00152364410798148,0.6467585317052872,0.8179769685791582,0.543070152632191,0.23211839485604444,0.5037579000560649,0.5344428509721383
30A,2022-08-12,CVR484,Cultivar,Infected,3,4,1,0.18133064223862247,2,0.00213310117616381,0.17051192545079846,0.8117019779368732,0.522350472674809,0.1791740525837863,0.5630031460941778,0.4580011109425228
31A,2022-08-12,CVR491,Cultivar,Fungicide,10,1,1,0.5345121879618819,0,0,0.5509118881988347,0.6171566915258937,0.6151341810779465,0.0019540807489128,0.39622718439295235,0.29244146347420613
32A,2022-08-12,CVR016,Cultivar,Fungicide,11,1,1,0.709231523927634,0,0,0.6994565017512704,0.6492337778480677,0.6250673085787098,0.06263750826143027,0.39176439705918953,0.34529368235936
33A,2022-08-12,Howzat,Cultivar,Fungicide,12,1,1,0.362843459750295,0,0,0.3125724487291199,0.5880775192859341,0.6180800009853661,0.04757207239616608,0.3939664922334593,0.25264439805600447
34A,2022-08-12,CVR496,Cultivar,Fungicide,13,1,1,0.7532318207857555,0,0,0.7313660854032751,0.6655328787856647,0.5762331645734678,0.00452988179052578,0.4720551861905214,0.2821066416828169
35A,2022-08-12,Genesis090,Cultivar,Fungicide,14,1,1,0.5573006584815956,2,0.00148390022044172,0.5174697013911302,0.6157170794235098,0.5563377339231289,-0.02473694847249338,0.4668624702704247,0.2089056133187054
36A,2022-08-12,CVR484,Cultivar,Fungicide,15,1,1,0.3265077734710423,0,0,0.3226326130332002,0.602203916942437,0.5607357253013023,-0.02270757685486114,0.4709281317991546,0.1832423589804363
37A,2022-08-12,WLD133,Wild cicer,Fungicide,16,1,1,0.16235791561988416,0,0,0.25107183491706647,0.5538617370966499,0.55120420311623,0.03698851850952824,0.3772419072690554,0.22326978754829188
38A,2022-08-12,CVR499,Cultivar,Fungicide,17,1,1,0.0030075481441715,0,0,0.00235785100876881,0.58735584382118,0.5360831057368197,0.17483411420767472,0.45338804996482784,0.18259208925844828
39A,2022-08-12,CVR015,Cultivar,Fungicide,18,1,1,0.6704546889895108,0,0,0.7285366641927524,0.639206121016396,0.6026324085823724,0.12283386208664147,0.427248574151964,0.2915910287680132
3A,2022-08-12,CVR497,Cultivar,Infected,3,1,1,0.4940394668455475,0,0,0.5606576723684125,0.7885101119573611,0.5311482823300682,0.20329289604238665,0.5234899673250083,0.4513110088351108
40A,2022-08-12,CVR497,Cultivar,Fungicide,10,2,1,0.7094998184206713,0,0,0.715961458812652,0.6916650030668219,0.6533329931432827,0.04330029154880448,0.44241785197876776,0.35914830988032953
41A,2022-08-12,CVR503,Cultivar,Fungicide,11,2,1,0.5871277190964242,2,0.00174557321864556,0.5904058925957124,0.7195092768532955,0.6790727063878553,0.07058514807997035,0.4560142379542186,0.3921678494169502
42A,2022-08-12,CVR477,Cultivar,Fungicide,12,2,1,0.4452032445573705,2,0.001139421227265,0.4554582198605103,0.6482895275694952,0.6159983316060136,0.08278029964479815,0.4152826516700145,0.31884829646322893
43A,2022-08-12,CVR500,Cultivar,Fungicide,13,2,1,0.755196001457004,0,0,0.7623325286517723,0.6632499490476427,0.5737118095244477,-0.01254472948773501,0.47968140399641573,0.26922077599947986
44A,2022-08-12,WLD085,Wild cicer,Fungicide,14,2,1,0.08764618000321837,0,0,0.10952217935731168,0.6422112350557324,0.5216183183462008,0.09101753753274698,0.39699583861628474,0.3291283858821283
45A,2022-08-12,CVR502,Cultivar,Fungicide,15,2,1,0.49898800971712487,0,0,0.524700444484688,0.6717489324555033,0.5677494863142,0.04216130985279312,0.4884110307555323,0.2728606352345066
46A,2022-08-12,CVR495,Cultivar,Fungicide,16,2,1,0.5522693086677227,7,0.00303404018499611,0.6152812207382234,0.6333261129097866,0.6106174909306377,0.01473834930446698,0.4557351402853666,0.249646055103695
47A,2022-08-12,CVR494,Cultivar,Fungicide,17,2,1,0.6837866066990816,6,0.00287504800061178,0.6908503455692642,0.6988008719303319,0.660588184705008,0.07077167376254188,0.5128605463222097,0.28980154804289926
48A,2022-08-12,CVR019,Cultivar,Fungicide,18,2,1,0.5811192473634649,0,0,0.6566222084253035,0.6840495938735539,0.6048911351392245,0.15112480090511238,0.46578352959274816,0.3203289719736307
49A,2022-08-12,CVR501,Cultivar,Fungicide,10,3,1,0.5234988646365842,2,0.00169919864139618,0.6096616758339911,0.6872481445053679,0.6475124248720698,0.0231862668806661,0.41804995750246216,0.37771814176173985
4A,2022-08-12,CVR498,Cultivar,Infected,4,1,1,0.563875529699856,1,2.3848303987593532e-4,0.5341318485197633,0.5568001561582724,0.5748021875982517,-0.00638036959257676,0.41113912743452935,0.1889057801290395
50A,2022-08-12,WLD132,Wild cicer,Fungicide,11,3,1,0.09664563849189016,0,0,0.10150548592749768,0.6438027628235989,0.5983261829659453,0.02966268815023687,0.43662447173635055,0.28818793012439675
51A,2022-08-12,CVR492,Cultivar,Fungicide,12,3,1,0.495182202649225,0,0,0.5144044950797309,0.6814517694172298,0.6210419759980786,0.10316743478718532,0.4553205065357007,0.3278590203153997
52A,2022-08-12,WLD129,Wild cicer,Fungicide,13,3,1,0.173861456043571,0,0,0.20918068199460713,0.6160020199775222,0.5390994731866771,-0.02963195648563283,0.39602808166371894,0.2909531521978128
53A,2022-08-12,CVR498,Cultivar,Fungicide,14,3,1,0.619256812707067,4,0.0016495105675265,0.6285637814209545,0.6275122519116414,0.5490733336426256,-0.04269464594841657,0.449376841665349,0.2480958199965584
54A,2022-08-12,CVR482,Cultivar,Fungicide,15,3,1,0.41806906570599056,2,0.0025868890031792,0.4037033902180347,0.6041174855600232,0.5210233935751732,-0.02561520198587324,0.48113882591883894,0.17337161109404226
55A,2022-08-12,CVR493,Cultivar,Fungicide,16,3,1,0.7167238960665282,0,0,0.7415441422577937,0.6652073908515221,0.616619326627188,0.07544751938958835,0.45364618088799047,0.3029959240551194
56A,2022-08-12,WLD131,Wild cicer,Fungicide,17,3,1,0.039730770913367,0,0,0.0791059013441939,0.6478961866457222,0.5740349368319033,0.1298820313427532,0.3899357262659658,0.34516126795048363
57A,2022-08-12,CVR504,Cultivar,Fungicide,18,3,1,0.5521434421154336,10,0.00557124173040078,0.5719753572105029,0.6524790916465465,0.6041697805929751,0.05860827380487832,0.4835133255556029,0.24683916112504953
58A,2022-08-12,CVR481,Cultivar,Fungicide,10,4,1,0.5001638682977205,1,2.9810379984491917e-4,0.5865154384312439,0.6021018185771753,0.604497911218245,-0.05623449174587321,0.3857317346474058,0.2818235384207981
59A,2022-08-12,CVR485,Cultivar,Fungicide,11,4,1,0.5306831949501394,0,0,0.5564135405526286,0.6511923100238556,0.6307467499759132,-0.00970457391227106,0.4410498040194136,0.29481612724483075
5A,2022-08-12,CVR015,Cultivar,Infected,5,1,1,0.3870032132344216,34,0.01332525891056343,0.3425564540572967,0.5608505245569843,0.5891465268330186,0.04362681515731312,0.37620914523146,0.23401863097571443
60A,2022-08-12,CVR010,Cultivar,Fungicide,12,4,1,0.606438298039728,1,4.3721890643921466e-4,0.6317468802827925,0.6737643314068655,0.639561389970492,0.03825776949589737,0.4504923688379362,0.32057458439612707
61A,2022-08-12,CVR493,Cultivar,Fungicide,1,5,2,0.4222193496538395,0,0,0.4211121901661112,0.6029565335132434,0.5484022151739985,-0.00433533053798394,0.4873372985573634,0.1637302597621482
62A,2022-08-12,CVR495,Cultivar,Fungicide,2,5,2,0.5062882697498936,3,0.00155013975919357,0.5031654052712661,0.6133764796108555,0.5764968809148192,0.00851603125020671,0.47659461657358376,0.19328533880722412
63A,2022-08-12,CVR501,Cultivar,Fungicide,3,5,2,0.379683079535502,0,0,0.41364566197167657,0.599958713313715,0.5740468521312427,0.05234715377877111,0.4448568760193141,0.21156859912754136
64A,2022-08-12,WLD085,Wild cicer,Fungicide,4,5,2,0.03365274134887943,0,0,0.08476474376523907,0.5681073081863964,0.5340029030321537,0.05808641513453843,0.3068097233056067,0.3164561615756408
65A,2022-08-12,CVR485,Cultivar,Fungicide,5,5,2,0.4621786677279421,0,0,0.5043836282924633,0.6483034098115181,0.6050379181786916,0.05481356028154662,0.4140484527025927,0.32020810653023174
66A,2022-08-12,CVR491,Cultivar,Fungicide,6,5,2,0.5074773774412565,0,0,0.5940605616593041,0.6350962916244893,0.575954306836246,0.1027194213600446,0.3809743360254651,0.3352335094542899
67A,2022-08-12,CVR016,Cultivar,Fungicide,7,5,2,0.6069980729696455,0,0,0.6462869615035335,0.6026595870713249,0.5688365845694625,0.01123589752458015,0.43930218485310607,0.222179299064774
68A,2022-08-12,CVR484,Cultivar,Fungicide,8,5,2,0.4486811361337803,0,0,0.3995771509526893,0.6086229679699163,0.6077242836073352,0.01409648831480405,0.4449911235700194,0.22440892035229867
69A,2022-08-12,CVR481,Cultivar,Fungicide,9,5,2,0.4799424129891665,2,0.00204698866685078,0.4817875561250955,0.6147163178696828,0.6148667744944493,0.05267379760185611,0.4555694336161717,0.2210514511553476
6A,2022-08-12,CVR477,Cultivar,Infected,6,1,1,0.3988711042042085,24,0.01395460882827117,0.30671711872401064,0.5293611481976107,0.574317122652137,0.03922963915680926,0.39062831886115373,0.17489906164881505
70A,2022-08-12,Howzat,Cultivar,Fungicide,1,6,2,0.4635002665269778,0,0,0.552955359073101,0.6409414182845625,0.5689218316455115,-0.01175806387670774,0.504260695867095,0.2019518891728386
71A,2022-08-12,WLD132,Wild cicer,Fungicide,2,6,2,0.00559774929917384,0,0,0.01992384102409652,0.6167586746525274,0.5559681949673524,0.09710408522554918,0.4165924744223444,0.26937985912759665
72A,2022-08-12,CVR492,Cultivar,Fungicide,3,6,2,0.5053045232754234,0,0,0.5306343695234229,0.6338672330446524,0.5444854383238362,0.07685241569383215,0.4795513995224264,0.22170920638430044
73A,2022-08-12,CVR496,Cultivar,Fungicide,4,6,2,0.6390973560810619,12,0.00827075244794378,0.6872742715392981,0.6909006275604641,0.6318531374676734,0.06475292512230757,0.4252045091142465,0.3762197113144859
74A,2022-08-12,CVR498,Cultivar,Fungicide,5,6,2,0.5561380490117671,4,0.00138784044438668,0.6276599385342598,0.682548049060336,0.6257224856314619,0.05365770535329312,0.4319341541870963,0.3553878546089253
75A,2022-08-12,CVR019,Cultivar,Fungicide,6,6,2,0.5428856259667999,0,0,0.6175604767133667,0.6660512038706378,0.5673462676584318,0.13835352352208913,0.41152593421054096,0.3506327846068089
76A,2022-08-12,CVR499,Cultivar,Fungicide,7,6,2,0,0,0,0,NA,NA,NA,NA,NA
77A,2022-08-12,CVR502,Cultivar,Fungicide,8,6,2,0.4764247740804549,4,0.00214635043929551,0.4858744978736282,0.6557642378459394,0.6074103965021955,0.04581444038100769,0.4785996472321997,0.25820041070911826
78A,2022-08-12,CVR482,Cultivar,Fungicide,9,6,2,0.4963017525090598,0,0,0.533149410599443,0.6382992007088183,0.575909843326629,0.07386690355106765,0.4693656438652863,0.24119435094627892
79A,2022-08-12,CVR497,Cultivar,Fungicide,1,7,2,0.6472455592029362,0,0,0.7400508366189069,0.66119970313504,0.5780445874000545,0.04351868535501777,0.4818668289395669,0.2631869090391782
7A,2022-08-12,WLD131,Wild cicer,Infected,7,1,1,0.00271606770729145,0,0,0,NA,NA,NA,NA,NA
80A,2022-08-12,CVR503,Cultivar,Fungicide,2,7,2,0.663485656725924,7,0.00403434856463568,0.719773317943495,0.6830370704812446,0.6060835614349794,0.03641364901647865,0.5184821085494067,0.2547852460712466
81A,2022-08-12,CVR477,Cultivar,Fungicide,3,7,2,0.6470468225414271,19,0.01077150511990551,0.6605519601065848,0.6532555487848271,0.5640040399686099,0.05983467754608213,0.49115718672339054,0.23867869888034307
82A,2022-08-12,WLD133,Wild cicer,Fungicide,4,7,2,0.19985621136896525,0,0,0.33607236378318245,0.5869416626029823,0.5597825811476264,-0.00580304033340388,0.3043485026411774,0.34405300531186933
83A,2022-08-12,CVR500,Cultivar,Fungicide,5,7,2,0.5863294601726958,2,0.00134147017971422,0.6196432451044458,0.6319264808930357,0.5924926700201941,0.0232381556636992,0.4105812645498996,0.2988959023847682
84A,2022-08-12,CVR494,Cultivar,Fungicide,6,7,2,0.7087876787169303,0,0,0.6970200557088759,0.646082763366695,0.5987273727905787,0.04529166794726701,0.4368674959191449,0.2914886985214713
85A,2022-08-12,WLD131,Wild cicer,Fungicide,7,7,2,0.02078454251616323,0,0,0.03815788882524206,0.5492366587702961,0.5260707313644829,-0.01123363404415686,0.3384502494324057,0.2589161464604259
86A,2022-08-12,CVR504,Cultivar,Fungicide,8,7,2,0.6147885501008034,3,0.0017886258794816,0.6517100188237017,0.6433869419747241,0.5928636173947383,0.01710953368032742,0.4742490354181604,0.2434078956903853
87A,2022-08-12,CVR010,Cultivar,Fungicide,9,7,2,0.616514246778241,0,0,0.6082469652287299,0.6522811601947416,0.601296103115386,0.03649250552928383,0.4970106719638596,0.22975488456746593
88A,2022-08-12,Genesis090,Cultivar,Fungicide,1,8,2,0.6567650452892235,1,0.00119242300310304,0.7546302153564607,0.6311203929961768,0.5590505487317678,0.02606775351507609,0.4754319550975262,0.22242946793555496
89A,2022-08-12,CVR015,Cultivar,Fungicide,2,8,2,0.5952196134975376,1,2.086726598914434e-4,0.742133605009986,0.6709927658954145,0.5772761684449461,0.07144307448105164,0.48077240773978003,0.28080735178847543
8A,2022-08-12,CVR493,Cultivar,Infected,8,1,1,0.6199755769661917,0,0,0.6512777461387608,0.7034752041839251,0.6508731306823995,0.11929857788788004,0.4739330625389573,0.34434772881929226
90A,2022-08-12,WLD129,Wild cicer,Fungicide,3,8,2,0.00172569667743761,0,0,0.0014540081220741,0.628318588789561,0.5132165828815158,0.19535966630985763,0.514049557968898,0.1687840746517841
91A,2022-08-12,CVR503,Cultivar,Infected,10,5,2,0.49548693219687234,2,0.00160976811752512,0.48147317599059297,0.5902925458167979,0.5928295173811545,-0.02326631095457349,0.4269837983896448,0.2183404410465564
92A,2022-08-12,CVR501,Cultivar,Infected,11,5,2,0.4539907172737659,0,0,0.4449264853546762,0.5949722704934233,0.6021183716226719,0.02080790721602428,0.42006419305675535,0.23318793201680044
93A,2022-08-12,CVR019,Cultivar,Infected,12,5,2,0.6238542541433115,2,0.00130503527084429,0.6209793606760815,0.6073027639941543,0.5978030374872954,0.07094221118825406,0.4108288267865052,0.2617898441442039
94A,2022-08-12,CVR499,Cultivar,Infected,13,5,2,0.07078668655186046,0,0,0.05462354836981099,0.6604443474211831,0.7057292224388219,0.01286042573156381,0.477054263606699,0.2677492482061903
95A,2022-08-12,WLD133,Wild cicer,Infected,14,5,2,0.1644744610649564,0,0,0.13820936663066566,0.7546515004859293,0.7542879019786932,0.2733183812747242,0.40470099935909704,0.5038218265703892
96A,2022-08-12,CVR493,Cultivar,Infected,15,5,2,0.6308597214615084,1,4.3721890643921466e-4,0.6274241534333829,0.7823260762667956,0.7587234567293024,0.23256983735599207,0.47010133286249006,0.4938487471764883
97A,2022-08-12,CVR504,Cultivar,Infected,16,5,2,0.53432670041114,1,6.889536737765154e-4,0.4760501186704247,0.5645398766364058,0.6127877008856378,-0.01316915445553063,0.4012898323862734,0.2110657464534036
98A,2022-08-12,CVR015,Cultivar,Infected,17,5,2,0.777613496875234,0,0,0.6565436133916779,0.6226286355100009,0.6301814440821251,0.08352574220278852,0.39430936168053526,0.3026133670902117
99A,2022-08-12,CVR010,Cultivar,Infected,18,5,2,0.6150932796484507,0,0,0.453414748986244,0.5825139550283184,0.6153045118410438,0.05274255525191717,0.40697538341116785,0.23008441765685364
9A,2022-08-12,CVR496,Cultivar,Infected,9,1,1,0.638236163881189,0,0,0.6633813813171074,0.6973360842523875,0.6280561258536594,0.17597371165966644,0.44996348483751497,0.36048362947402585
100A,2022-08-16,CVR482,Cultivar,Infected,10,6,2,0.28705523388378806,1,2.3848303987593532e-4,0.2864788975654116,0.5933050045435112,0.5067825984915607,-0.02823183718571673,0.460007017086715,0.1833344420305492
101A,2022-08-16,CVR498,Cultivar,Infected,11,6,2,0.4245015089835027,1,7.320131115318927e-4,0.3998129360535662,0.6208653265102777,0.5243806845288939,0.03427335880256086,0.44697148698257616,0.24068654580419385
102A,2022-08-16,CVR484,Cultivar,Infected,12,6,2,0.2044470282498262,2,0.00144415037743858,0.1795110568009328,0.6181360214687591,0.5458629677427893,0.06541694419245689,0.44869727861522973,0.23447054328510689
103A,2022-08-16,WLD131,Wild cicer,Infected,13,6,2,0.08421466031449405,0,0,0.07977395913001173,0.7250441666665624,0.7312946515476533,0.1884136710044531,0.351555854588349,0.5012549520353591
104A,2022-08-16,CVR494,Cultivar,Infected,14,6,2,0.6494084765356939,18,0.00711474435154269,0.6440470030452031,0.8034173349255157,0.8047667526624691,0.17955894152508367,0.5177159045530112,0.4891661397470644
105A,2022-08-16,Genesis090,Cultivar,Infected,15,6,2,0.46599441162891736,0,0,0.4751069782669172,0.7896927804066792,0.7625901697973507,0.22144768370227833,0.5001084992832731,0.47859796791330095
106A,2022-08-16,Howzat,Cultivar,Infected,16,6,2,0.5734778227284387,2,0.00112617299093734,0.5095316029949419,0.6183572072138656,0.49835289546613,-0.02775762876621856,0.4734690265797883,0.20486799508019352
107A,2022-08-16,WLD129,Wild cicer,Infected,17,6,2,0.02214588864750077,0,0,0.01430429611986417,0.5668606589482018,0.437428722139293,0.08942943878266321,0.37216245293785416,0.24675460754046216
108A,2022-08-16,CVR495,Cultivar,Infected,18,6,2,0.630356255252352,18,0.00798588291986624,0.5801099431907553,0.6362496313198814,0.5119296804333149,0.02465583233526732,0.46585053724421416,0.24218081844462885
109A,2022-08-16,CVR481,Cultivar,Infected,10,7,2,0.5000479385785068,1,5.564604263771823e-4,0.4995107362076744,0.6108391460220868,0.5197110583807949,-0.00349790500578178,0.4412851899575233,0.2321239604430365
10A,2022-08-16,CVR481,Cultivar,Infected,1,2,1,0.5795127926829327,7,0.0030770967477002,0.6090329155649861,0.7627036320252554,0.5131824594989833,0.03001377843624074,0.5153038490435283,0.4075940906676099
110A,2022-08-16,CVR477,Cultivar,Infected,11,7,2,0.668348080377514,5,0.0019012418437301,0.6685686535363988,0.654490109505767,0.5433075270355148,0.04521043408814146,0.449533998563752,0.290394769492107
111A,2022-08-16,WLD132,Wild cicer,Infected,12,7,2,0.05298981851371782,0,0,0.06625561334640383,0.6203636502344763,0.4770102551285847,0.17507654829916316,0.38423716069989966,0.31002650551426647
112A,2022-08-16,WLD085,Wild cicer,Infected,13,7,2,0.16631277518391585,0,0,0.1449685395224696,0.7402751419151858,0.7451028863398887,0.19357138717540923,0.35539207483506385,0.5222917045500224
113A,2022-08-16,CVR500,Cultivar,Infected,14,7,2,0.667251716461522,8,0.00453118617743582,0.6568579935261804,0.7931184569736792,0.7764855322635505,0.21255607368235171,0.47646219288383057,0.5090044402763246
114A,2022-08-16,CVR491,Cultivar,Infected,15,7,2,0.7201686648660198,0,0,0.7327807960085363,0.8027897237175441,0.7599361344392116,0.26569080473355877,0.4704189777633772,0.5340554706069036
115A,2022-08-16,CVR502,Cultivar,Infected,16,7,2,0.4551665758543616,13,0.00788320539183236,0.35595690729046614,0.5799558165894472,0.4838867313465954,-0.04459312293628598,0.42712907509815035,0.20315032590373616
116A,2022-08-16,CVR492,Cultivar,Infected,17,7,2,0.7837345860497152,1,4.3059437755377206e-4,0.7341562090969849,0.6472080809320984,0.5218008660668498,0.02210940651688786,0.46389927390908814,0.26195929898533904
117A,2022-08-16,CVR485,Cultivar,Infected,18,7,2,0.6201544399615498,4,0.00204367455416081,0.5518157310855294,0.6206410176001844,0.48854387936672866,0.00461165156935747,0.501495333129482,0.17298793142406915
118A,2022-08-16,CVR016,Cultivar,Infected,10,8,2,0.7418905819689677,1,6.75704410644824e-4,0.7312088953360238,0.6211153756286001,0.5151030380761735,0.04047391360534875,0.4194944671336536,0.2726649882246427
119A,2022-08-16,CVR497,Cultivar,Infected,11,8,2,0.8346674801168136,1,4.637170219809854e-4,0.8155806639331348,0.6624271254818896,0.5416221245327159,0.060446110125689,0.4633217537820993,0.2872748895342254
11A,2022-08-16,CVR499,Cultivar,Infected,2,2,1,0.24807635000646397,1,4.3721890643921466e-4,0.28195968313193803,0.723613877831335,0.48358350235889214,0.02877944598325637,0.5136684368434533,0.33414713068669866
120A,2022-08-16,CVR496,Cultivar,Infected,12,8,2,0.5819108817318095,5,0.0031565906836039,0.5437597401389026,0.6570111671175279,0.533153848308362,0.08036390353562319,0.4673418295117304,0.2737124026028771
121A,2022-08-16,WLD085,Wild cicer,Infected,1,9,3,0.09525779413901808,0,0,0.24784943853841576,0.55673976393276,0.5004447083511295,0.03510572147888285,0.4140865139033586,0.18539359887498763
122A,2022-08-16,CVR019,Cultivar,Infected,2,9,3,0.649882132245624,8,0.00589584672619957,0.6816940241518786,0.6890795577382539,0.6054897200813057,0.13295524254447047,0.4761794480225831,0.3168748287746843
123A,2022-08-16,CVR494,Cultivar,Infected,3,9,3,0.5451048520203186,8,0.00262662615487229,0.5240323866988702,0.6581815331796049,0.6053987281450085,0.11940290932337516,0.4973756432728424,0.23906802733741608
124A,2022-08-16,CVR498,Cultivar,Infected,4,9,3,0.5203919481616582,7,0.00285186654424671,0.45031024515803175,0.6021209250203046,0.5151968777408021,0.02225078245271766,0.4452991489170116,0.21427367788171128
125A,2022-08-16,CVR485,Cultivar,Infected,5,9,3,0.6400512920563056,12,0.00816145191070716,0.5918599007177866,0.6408216585506201,0.5412505393939341,0.06182640457102367,0.4740218183258986,0.23957351808054897
126A,2022-08-16,CVR502,Cultivar,Infected,6,9,3,0.3049680316411444,2,5.962079282671281e-4,0.2666336515749407,0.6191009722123072,0.5544033104625772,0.10387151095092398,0.4488158667899543,0.2358069862999686
127A,2022-08-16,Genesis090,Cultivar,Infected,7,9,3,0.6783345976183478,5,0.00420327692627849,0.607146634757971,0.6173834679193286,0.5570565425358924,0.04746436358187072,0.45368106728515567,0.22739450897952135
128A,2022-08-16,CVR010,Cultivar,Infected,8,9,3,0.5589866078267314,3,0.00130172239031915,0.5480038719546865,0.6382007246922369,0.6100592427917996,0.06061619333126897,0.46678909733601653,0.24414311679283504
129A,2022-08-16,CVR491,Cultivar,Infected,9,9,3,0.6696564300657825,1,9.274369190132568e-4,0.635401549346384,0.6355960332040153,0.5590205659714863,0.12974524701032053,0.4346360890670614,0.2776660033754074
12A,2022-08-16,CVR500,Cultivar,Infected,3,2,1,0.5783137481584942,15,0.00598527322499882,0.6267953931643779,0.7697138972358814,0.4920970205438424,0.14449793849834788,0.4882819469827826,0.4508952481554353
130A,2022-08-16,CVR484,Cultivar,Infected,1,10,3,0.46495766871137806,3,0.00159651146139167,0.4922013980804911,0.6713504607943426,0.5955909609563771,0.02811193180332843,0.5245877802640068,0.22654933440600544
131A,2022-08-16,CVR481,Cultivar,Infected,2,10,3,0.6336751574995544,26,0.00989374321378919,0.6552860928536678,0.7237801894268621,0.6379451145649763,0.07628306969410517,0.5541021559011622,0.28329161569576755
132A,2022-08-16,CVR492,Cultivar,Infected,3,10,3,0.6466725351622515,13,0.00555467547952783,0.6607877452074618,0.6989903129099145,0.6058942283858807,0.11812683040864023,0.5321607280557694,0.26564171225886185
133A,2022-08-16,CVR496,Cultivar,Infected,4,10,3,0.5794962312944736,9,0.00422314570749195,0.6071859322747839,0.7084434232828515,0.5715625441605323,0.110823858708615,0.4971336271934209,0.32619153480078017
134A,2022-08-16,WLD131,Wild cicer,Infected,5,10,3,0.04254620695141302,0,0,0.05717788696264388,0.6443835175359973,0.48180321981592666,0.18961732814956447,0.3836666684448201,0.34634260363836417
135A,2022-08-16,Howzat,Cultivar,Infected,6,10,3,0.4254488204033629,7,0.00241464394130025,0.4048037206887935,0.6662595253732662,0.5429329831881553,0.1069778240555584,0.49438729166273737,0.2562924737307878
136A,2022-08-16,CVR016,Cultivar,Infected,7,10,3,0.7004341143781632,21,0.00760496930532471,0.6943871220824174,0.6574224086731114,0.572250705218842,0.11304220966590964,0.4310596595513517,0.3158792170125874
137A,2022-08-16,CVR482,Cultivar,Infected,8,10,3,0.32700461512481516,10,0.00610120650556587,0.31021459772035104,0.6412145850998135,0.5707186730793226,0.09686555265896746,0.4776664712906826,0.23575750348661564
138A,2022-08-16,CVR497,Cultivar,Infected,9,10,3,0.5986279472424192,1,4.3059437755377206e-4,0.622983534033535,0.6673191013643595,0.5444713324359447,0.14728314202760623,0.4695648832203523,0.28799840897785434
139A,2022-08-16,CVR493,Cultivar,Infected,1,11,3,0.7639801618957076,6,0.00354413322176485,0.8017872355318372,0.7144069404483692,0.608311744928088,0.10028522654385222,0.5200282809588027,0.3092797343776423
13A,2022-08-16,WLD129,Wild cicer,Infected,4,2,1,0.11006698769914013,0,0,0.13966337475273974,0.57720079548752945,0.5372789365627068,0.0449142041683388,0.39171021343379375,0.23968147142364624
140A,2022-08-16,CVR495,Cultivar,Infected,2,11,3,0.6875195436577615,20,0.00650197703145353,0.7396971589675916,0.7325478478043096,0.6409069759866871,0.0833449378517971,0.5468227448393417,0.3098381596739027
141A,2022-08-16,CVR504,Cultivar,Infected,3,11,3,0.6804147080088101,8,0.00347125580566242,0.660944935274713,0.6902810560852382,0.5752609937055073,0.08776114691550116,0.5392342096785375,0.24060595536264937
142A,2022-08-16,CVR015,Cultivar,Infected,4,11,3,0.7781136508066986,5,0.00226890381295458,0.7793090559149077,0.6981012985887458,0.5775981426600412,0.11808170928446196,0.45959925409296454,0.3511756363331393
143A,2022-08-16,WLD132,Wild cicer,Infected,5,11,3,0.05154235316239299,0,0,0.0736435465072128,0.6645154280046126,0.5243644963863301,0.09257781409955156,0.4241674909394563,0.3346838948078011
144A,2022-08-16,WLD129,Wild cicer,Infected,6,11,3,0.11377011415859356,0,0,0.12249035990554018,0.6841081422393643,0.5254432054952607,0.20763820472995445,0.4331335374529293,0.35665515903166867
145A,2022-08-16,CVR500,Cultivar,Infected,7,11,3,0.8022800288462089,14,0.00567722729243204,0.8010012851955809,0.6408637920378437,0.5873361852598045,0.08111033892331958,0.4455515757719121,0.2733695863227476
146A,2022-08-16,CVR501,Cultivar,Infected,8,11,3,0.5959715005335805,41,0.02079776137792668,0.5999158916644134,0.6490061812521807,0.5934851564827186,0.05919242796514352,0.46877917298641897,0.2590363900521919
147A,2022-08-16,CVR503,Cultivar,Infected,9,11,3,0.6200318856869526,35,0.01898595753320098,0.6294676243076492,0.6651228491669887,0.5793388946270426,0.1031291073607345,0.4845086758210687,0.26649391305871123
148A,2022-08-16,WLD133,Wild cicer,Infected,1,12,3,0.2161062457250285,6,0.00149051961530701,0.28404245152301716,0.6545442354254543,0.5621902379175686,0.05666844643691628,0.43298651589867854,0.309182876071338
149A,2022-08-16,CVR499,Cultivar,Infected,2,12,3,0.00114604808136931,0,0,0.00125752053801003,0.5488250626547638,0.6082825859545884,-0.25233170882780553,0.6159999718983971,-0.10148435755788886
14A,2022-08-16,WLD085,Wild cicer,Infected,5,2,1,0.1072879867157041,0,0,0.15105965462845572,0.595530082854694,0.5265626328567857,0.12081369904025913,0.3957395237922473,0.2613947005968004
150A,2022-08-16,CVR477,Cultivar,Infected,3,12,3,0.6651285464610661,12,0.00855229574701832,0.6397635737126064,0.6765742080067184,0.5841950707560223,0.06929283913795886,0.5271568761856326,0.2322527824817337
151A,2022-08-16,CVR499,Cultivar,Fungicide,10,9,3,0.027130866573688132,0,0,0.01006016430408029,0.5724044220752864,0.5462136296941704,-0.07597596908909515,0.5041567165938814,0.09593187236883648
152A,2022-08-16,CVR498,Cultivar,Fungicide,11,9,3,0.4535899316730558,0,0,0.33033492632851164,0.5222805354953446,0.4755066809499809,0.00570361406751722,0.41476125569308736,0.13725078167143445
153A,2022-08-16,Howzat,Cultivar,Fungicide,12,9,3,0.29231844313608824,0,0,0.14292506864820329,0.5165329818479496,0.4861707773778517,0.03875982738400689,0.4065038053455738,0.13927261214602796
154A,2022-08-16,CVR496,Cultivar,Fungicide,13,9,3,0.6308199741292065,0,0,0.6106834112711242,0.6685295506770998,0.5572848456676998,0.10460088267161764,0.5305771296000842,0.2137824400061573
155A,2022-08-16,CVR492,Cultivar,Fungicide,14,9,3,0.6238708155317706,0,0,0.5359395342931527,0.6526458419398984,0.5515490234694275,0.1010259385475414,0.5155269890372567,0.20664638018103976
156A,2022-08-16,WLD129,Wild cicer,Fungicide,15,9,3,0.05141979888779569,0,0,0.07835924852475044,0.5863206783674658,0.5262473942787137,0.1264845446491049,0.4511165648002133,0.18382586577988871
157A,2022-08-16,CVR493,Cultivar,Fungicide,16,9,3,0.7402808150107438,1,2.6829341986042726e-4,0.5026938350695124,0.567266987340359,0.5246648738926635,0.0554523536471629,0.4180577117452824,0.1955946016101505
158A,2022-08-16,CVR481,Cultivar,Fungicide,17,9,3,0.5387684647958692,0,0,0.40602194370999073,0.5822181971459031,0.557234652441652,0.06903496845176442,0.411660001576631,0.22432302938891
159A,2022-08-16,CVR477,Cultivar,Fungicide,18,9,3,0.44259316973621726,7,0.00380911445932688,0.31677728302809094,0.5532616542449553,0.5327318605182181,0.08768162122766095,0.3670449022156815,0.23366818784316248
15A,2022-08-16,CVR482,Cultivar,Infected,6,2,1,0.49186992495740617,14,0.00482265776790114,0.4472450388466323,0.6416163071835822,0.5905929557905821,0.07118342903272579,0.4780199351640956,0.23596948340880805
160A,2022-08-16,CVR010,Cultivar,Fungicide,10,10,3,0.6135066986340695,6,0.00221921992845808,0.5441134177902179,0.5822731397127537,0.5177704423355436,0.00260314680067959,0.4643595712426724,0.16161047115262467
161A,2022-08-16,CVR015,Cultivar,Fungicide,11,10,3,0.6993046276852529,0,0,0.6533605145298399,0.6211124463199471,0.5277724567808041,0.07631262694027569,0.4606114556344064,0.22482011698532375
162A,2022-08-16,CVR497,Cultivar,Fungicide,12,10,3,0.7159620721974099,0,0,0.6186215096673127,0.6085331899046879,0.5063332566877644,0.08867811213034087,0.46286410925753463,0.20278800848211231
163A,2022-08-16,CVR491,Cultivar,Fungicide,13,10,3,0.6579773389244292,0,0,0.6765853469662128,0.6998468047931719,0.5702917849905087,0.11195865955149464,0.5331202924030499,0.26595499459183547
164A,2022-08-16,CVR502,Cultivar,Fungicide,14,10,3,0.4073737210391075,23,0.00881395231631947,0.4105411581434643,0.6998840676693889,0.6048791009508832,0.10143361792716712,0.5458870690761408,0.24920933430397152
165A,2022-08-16,CVR016,Cultivar,Fungicide,15,10,3,0.6719584630615966,0,0,0.7004389396715907,0.6912395192649975,0.5497681284105601,0.1593531515005994,0.5310889773150533,0.25304628504987314
166A,2022-08-16,WLD133,Wild cicer,Fungicide,16,10,3,0.2844749695618612,1,2.3848303987593532e-4,0.26569051117143316,0.545027179064915,0.5056688333171084,0.08046688772505345,0.34182906901363835,0.24972304492365288
167A,2022-08-16,WLD085,Wild cicer,Fungicide,17,10,3,0.2051359820097245,0,0,0.23798576181839953,0.5789160642025644,0.4996428981139095,0.17389476496774328,0.3388906066449803,0.29860940210470416
168A,2022-08-16,CVR501,Cultivar,Fungicide,18,10,3,0.5744715060359844,34,0.01649178273206041,0.48398821706661305,0.6170919472892762,0.5609033841996186,0.1277281205182807,0.4258417289519559,0.2594220541630092
169A,2022-08-16,Genesis090,Cultivar,Fungicide,10,11,3,0.5876378098609644,0,0,0.47392805276253275,0.5816367641349957,0.5033620971220136,0.01891789247890221,0.4689370581204546,0.1549671586197035
16A,2022-08-16,WLD133,Wild cicer,Infected,7,2,1,0.18055888153642868,7,0.00207679263956539,0.20273588923730568,0.5680431388801466,0.5786554856471,0.07726695251112217,0.35342437938026106,0.26852865021639943
170A,2022-08-16,CVR495,Cultivar,Fungicide,11,11,3,0.4792137118969664,13,0.00544205746167127,0.3858230200682045,0.5940449829619638,0.5087008481648738,0.03455899073668589,0.47753624122440336,0.16264856179845777
171A,2022-08-16,CVR504,Cultivar,Fungicide,12,11,3,0.5697216998259163,5,0.00205360600809528,0.5101996607807597,0.5894906295972224,0.49241208200176906,0.05936312923998431,0.47401782104637946,0.16025182635705726
172A,2022-08-16,WLD131,Wild cicer,Fungicide,13,11,3,0.06355267207292811,0,0,0.07517614966291253,0.6285651437104732,0.5204413712436885,0.0931709376228089,0.4085246413294771,0.29606548563314333
173A,2022-08-16,CVR484,Cultivar,Fungicide,14,11,3,0.2339826084277748,18,0.00729030578508047,0.22136291220657936,0.6531215375982637,0.5642556708352222,0.04286763635152178,0.5348625204686867,0.18174967226719677
174A,2022-08-16,WLD132,Wild cicer,Fungicide,15,11,3,0.02257979702512904,0,0,0.04196974795608499,0.6603122206516286,0.5080693413342817,0.2118556555348423,0.4745144709637522,0.2705770289330668
175A,2022-08-16,CVR503,Cultivar,Fungicide,16,11,3,0.7265812344773811,37,0.01562066428913406,0.6637743564852355,0.5862006538153337,0.5697672936617878,0.06353628302893702,0.39729757865465715,0.2462548753186574
176A,2022-08-16,CVR482,Cultivar,Fungicide,17,11,3,0.31417616362440076,14,0.00562092405415515,0.2824705508505046,0.5778811467947902,0.5605318021006988,0.03676753796830548,0.4371226309564033,0.18833214316450209
177A,2022-08-16,CVR485,Cultivar,Fungicide,18,11,3,0.499498100481665,1,2.3848303987593532e-4,0.42842152829329455,0.568178799729224,0.534841053240734,0.0619313492937908,0.4604304711781867,0.14592270525995313
178A,2022-08-16,CVR494,Cultivar,Fungicide,10,12,3,0.6104362172137534,3,0.00171244810988867,0.5485540371900659,0.5701367748517902,0.5294299900755389,0.00352497034557807,0.4630287610834326,0.14552516090447196
179A,2022-08-16,CVR500,Cultivar,Fungicide,11,12,3,0.7943934956619882,1,9.539391417838834e-4,0.6744632810583209,0.5723328754838961,0.4962674836613188,0.03962505535716526,0.45648796374342926,0.15681483741447635
17A,2022-08-16,Genesis090,Cultivar,Infected,8,2,1,0.6460531392338814,5,0.0017091284524442,0.642789482507193,0.6782862470886999,0.6418917322583344,0.1118366440565824,0.47998224329040073,0.29402997771957234
180A,2022-08-16,CVR019,Cultivar,Fungicide,12,12,3,0.6449799612617321,0,0,0.5714251919751234,0.5844110080094753,0.496997206946608,0.04537691561468945,0.4806944734482462,0.14423567296670217
18A,2022-08-16,CVR019,Cultivar,Infected,9,2,1,0.6243908431293862,10,0.00367662318339129,0.6661715050108172,0.6790539977793604,0.6250382990128327,0.15575473424790476,0.4774759049964657,0.298294783942164
19A,2022-08-16,CVR494,Cultivar,Infected,1,3,1,0.6953497681212212,5,0.00196748507897646,0.7204806732461256,0.7797428043991921,0.5291389235290368,0.03637091724053704,0.5400506515883596,0.4140480311093084
1A,2022-08-16,WLD132,Wild cicer,Infected,1,1,1,0.00176213173204762,0,0,0.00275082617689695,0.566226783817812,0.4495413016530438,-0.02583975013595439,0.2905674999893691,0.32994401632740517
20A,2022-08-16,Howzat,Cultivar,Infected,2,3,1,0.487520904348048,18,0.00739960923845379,0.49432346398838306,0.7878894969018001,0.538753047948836,0.06132250865375694,0.5507356434694016,0.4189396602578649
21A,2022-08-16,CVR010,Cultivar,Infected,3,3,1,0.34274124643864645,20,0.00866158975378131,0.34247785902367106,0.764381464118053,0.48392676557299474,0.1048815055472516,0.5212245461085463,0.40419336933631383
22A,2022-08-16,CVR501,Cultivar,Infected,4,3,1,0.7827409027421696,14,0.00535262586991129,0.787482939411973,0.6290793865029651,0.5925709469355241,0.04413612715558926,0.44927739918474546,0.25064091851887965
23A,2022-08-16,CVR491,Cultivar,Infected,5,3,1,0.6616307812185054,4,0.00115266802606702,0.7233100944566483,0.6501838333129398,0.5842579365899664,0.08138677136722025,0.44014300360004416,0.2942464831400594
24A,2022-08-16,CVR502,Cultivar,Infected,6,3,1,0.5442834071527475,23,0.01014547448999279,0.4900793321725992,0.60783957068821,0.5726526109372261,0.0292331609050063,0.4671774116844533,0.1964470012724324
25A,2022-08-16,CVR485,Cultivar,Infected,7,3,1,0.5686286481876159,8,0.00291479270959476,0.5854937029941107,0.6224718852896101,0.628415244810602,0.04850585708077132,0.43666876656728976,0.255158883131596
26A,2022-08-16,CVR503,Cultivar,Infected,8,3,1,0.5975845797694963,8,0.002643189161044,0.6561506382235497,0.6619839191903845,0.6259336634411735,0.07549642000903597,0.4806683490267429,0.26593453412972917
27A,2022-08-16,CVR504,Cultivar,Infected,9,3,1,0.522187202670624,1,6.260198279215857e-4,0.5455281283954793,0.6312693875724553,0.576004583185468,0.09208652004215494,0.48407732649477025,0.2119650050715892
28A,2022-08-16,CVR495,Cultivar,Infected,1,4,1,0.6392828436318037,31,0.01362336644798775,0.6745811736087594,0.7605649478521023,0.49342981301444816,0.04469771872886637,0.49317113573885774,0.4278908113606972
29A,2022-08-16,CVR492,Cultivar,Infected,2,4,1,0.5430379907406236,3,0.00252395433588104,0.5793632903713118,0.7823382889592573,0.5075175112155894,0.09541810546114708,0.5136557440721021,0.44919116106156703
2A,2022-08-16,CVR016,Cultivar,Infected,2,1,1,0.5830337438693362,6,0.00361369508763893,0.6429859700912571,0.7488991248108913,0.4895762468776848,0.1306537760128217,0.4355991671605314,0.4649883952518491
30A,2022-08-16,CVR484,Cultivar,Infected,3,4,1,0.19040959539189792,8,0.00384223784304026,0.18340151096540136,0.7237187038071388,0.47496212159191414,0.052080757091567,0.5093791700460973,0.3394925069783019
31A,2022-08-16,CVR491,Cultivar,Fungicide,10,1,1,0.5882803917331771,2,8.876868706493147e-4,0.48583520035681527,0.5877824045233485,0.4858052571166467,0.02381887943786982,0.4307399545759219,0.21028191162504087
32A,2022-08-16,CVR016,Cultivar,Fungicide,11,1,1,0.7372567054781132,0,0,0.6797291483112379,0.6088047459276071,0.5206144713088927,0.042960278888293,0.42383686768575024,0.24929424320172908
33A,2022-08-16,Howzat,Cultivar,Fungicide,12,1,1,0.4125773092929549,0,0,0.2807414601107408,0.5768599580823708,0.5323421144799042,0.01838238916387011,0.43275595847103504,0.19204637738183977
34A,2022-08-16,CVR496,Cultivar,Fungicide,13,1,1,0.7184131576893559,0,0,0.690457370401136,0.6593497609972636,0.47208243734326594,0.04608495991914409,0.4924124205871654,0.24719446451720817
35A,2022-08-16,Genesis090,Cultivar,Fungicide,14,1,1,0.5224488726082777,1,2.1198492433416473e-4,0.4333337178948962,0.6269812335099656,0.4589054348005917,0.04503949011370087,0.48316061416104417,0.20632241180444005
36A,2022-08-16,CVR484,Cultivar,Fungicide,15,1,1,0.38557562154924774,1,7.750725492872699e-4,0.32200385276419513,0.6077845462240017,0.4785704869837511,0.05505686628109339,0.4751160558557292,0.18653340542280705
37A,2022-08-16,WLD133,Wild cicer,Fungicide,16,1,1,0.18099278991405696,0,0,0.19228274976509724,0.529834791669917,0.4228165410179998,0.02653146293146546,0.4089857517491528,0.1542809269640902
38A,2022-08-16,CVR499,Cultivar,Fungicide,17,1,1,0.02771713972514006,0,0,0.01072822208989813,0.6069167594711987,0.5250667622468737,0.15552207255255115,0.5037109655342472,0.14864953712015577
39A,2022-08-16,CVR015,Cultivar,Fungicide,18,1,1,0.7394527455877891,1,1.9873627728489177e-4,0.6416105570028087,0.6322831212359277,0.5015102235317316,0.1190204062831036,0.45236838892149667,0.2519902046054419
3A,2022-08-16,CVR497,Cultivar,Infected,3,1,1,0.5613018899333128,0,0,0.5922921734027276,0.7050881585759106,0.478632355011374,0.10508065470895252,0.4490840101498248,0.3746276906251561
40A,2022-08-16,CVR497,Cultivar,Fungicide,10,2,1,0.7298935121692,0,0,0.6894356349640028,0.6506905914040978,0.5520343006976708,0.03715937301688318,0.4749302604990826,0.25436850443666204
41A,2022-08-16,CVR503,Cultivar,Fungicide,11,2,1,0.5948155156191357,6,0.00316653708783052,0.5994836189794724,0.6925804073046318,0.5929108493774056,0.0768946133953705,0.4825291383529874,0.3154824058244069
42A,2022-08-16,CVR477,Cultivar,Fungicide,12,2,1,0.48756065168034984,2,0.00105661461619697,0.4369883869584879,0.6163348274371588,0.5199737721220508,0.06993485044981199,0.4486143817963016,0.2318171017709569
43A,2022-08-16,CVR500,Cultivar,Fungicide,13,2,1,0.7488861124540892,0,0,0.73981505151803,0.6748810570993743,0.486618130771083,0.05870944892665147,0.4994539181873028,0.2646247191404167
44A,2022-08-16,WLD085,Wild cicer,Fungicide,14,2,1,0.1075894039856596,0,0,0.1260271364186934,0.643608191936585,0.40503246386104214,0.15788813946916458,0.41553232553715713,0.31134087189784854
45A,2022-08-16,CVR502,Cultivar,Fungicide,15,2,1,0.5284109724535516,11,0.00336857396505161,0.5305164769729844,0.699073599400445,0.5001841338836934,0.1349660162214833,0.5103699619762021,0.29337621106782985
46A,2022-08-16,CVR495,Cultivar,Fungicide,16,2,1,0.6036029883355312,5,0.00202379357450272,0.5723683323786309,0.6288865086730757,0.5251521069523841,0.03252577950127364,0.4872060501686605,0.2042674587832056
47A,2022-08-16,CVR494,Cultivar,Fungicide,17,2,1,0.7096223726952686,14,0.00582628280670469,0.6896321225480669,0.6907619913694968,0.5777111520576392,0.0921078768447009,0.534627986890325,0.2475569621104009
48A,2022-08-16,CVR019,Cultivar,Fungicide,18,2,1,0.6331186948473289,0,0,0.6466406391548488,0.6758454893475981,0.5105864265343566,0.15415565967100875,0.5051571866718948,0.2591716207776673
49A,2022-08-16,CVR501,Cultivar,Fungicide,10,3,1,0.574077344990658,8,0.00523670261096432,0.6205470879911406,0.6498588421761993,0.5533787034918193,0.01552432306164956,0.4623224020664636,0.2680793543046093
4A,2022-08-16,CVR498,Cultivar,Infected,4,1,1,0.5953289186613677,5,0.00305060725732502,0.5305557744897972,0.5781756276109664,0.55009739877223,0.00283496094150168,0.43006582611119887,0.19712584946904924
50A,2022-08-16,WLD132,Wild cicer,Fungicide,11,3,1,0.07958409610133131,0,0,0.08248548779009587,0.6034713952293834,0.5119695725308031,0.03924395387087588,0.4358215460665829,0.227477851874877
51A,2022-08-16,CVR492,Cultivar,Fungicide,12,3,1,0.5274934715329178,0,0,0.5226962711272345,0.649145033568418,0.5270830365243733,0.08795336709774028,0.4939722231103972,0.2284168790268832
52A,2022-08-16,WLD129,Wild cicer,Fungicide,13,3,1,0.1955866854242108,0,0,0.20438638494344383,0.6338195753765214,0.4514404051217408,0.04554090518520149,0.4270856174796925,0.2834671661344478
53A,2022-08-16,CVR498,Cultivar,Fungicide,14,3,1,0.6627768292998747,16,0.00620388189784787,0.6374450202206504,0.6546447931871837,0.468755329476789,0.05005748440042627,0.4733268200075004,0.2627267216336592
54A,2022-08-16,CVR482,Cultivar,Fungicide,15,3,1,0.40312406876050394,2,4.60404757538264e-4,0.38098942550022846,0.6359852168957995,0.4338427112123979,0.06035046318863033,0.5036848739647255,0.19465554888742231
55A,2022-08-16,CVR493,Cultivar,Fungicide,16,3,1,0.7552456856223814,0,0,0.719341045258554,0.6369285948685578,0.5085719369164644,0.08373423878628282,0.4731596657328793,0.2344140334843691
56A,2022-08-16,WLD131,Wild cicer,Fungicide,17,3,1,0.05967399489580825,0,0,0.08291776047503682,0.6143593178321458,0.4572944362192968,0.1121277342486146,0.4221675644192242,0.25949506116667864
57A,2022-08-16,CVR504,Cultivar,Fungicide,18,3,1,0.5894827485353075,24,0.01444152102475727,0.5597538294817178,0.6449712175004988,0.5128041619435485,0.07196275107734552,0.5176633609044283,0.19111791909989123
58A,2022-08-16,CVR481,Cultivar,Fungicide,10,4,1,0.5314450188192577,2,4.107212016190565e-4,0.5546844498128648,0.5697903505701144,0.5182444101083072,-0.04804864085481008,0.42883408869236256,0.18653533682094217
59A,2022-08-16,CVR485,Cultivar,Fungicide,11,4,1,0.5449624240795704,0,0,0.5292982539517872,0.6241903773414412,0.5426011616150435,1.1468785049992146e-4,0.4813721187263756,0.20416253560007389
5A,2022-08-16,CVR015,Cultivar,Infected,5,1,1,0.3683451529964061,48,0.01720722840163991,0.30133335892065516,0.5684304123357413,0.5829428307126632,0.035449330697267,0.3898600235558212,0.2294094186646651
60A,2022-08-16,CVR010,Cultivar,Fungicide,12,4,1,0.6583913736359066,0,0,0.6642459266869893,0.6398470703032287,0.5476133179012634,0.02754750042083235,0.4902690787267535,0.2179475282888652
61A,2022-08-16,CVR493,Cultivar,Fungicide,1,5,2,0.4907172523206532,0,0,0.5299270142207922,0.6451725025681115,0.6456077774508326,0.01239310569715203,0.4686055560168802,0.2530814077541445
62A,2022-08-16,CVR495,Cultivar,Fungicide,2,5,2,0.5377052236567953,3,0.00143421769133928,0.5970078754202651,0.6644904202707386,0.6644786944035795,0.04526553807458024,0.45372977332245734,0.3017328156003738
63A,2022-08-16,CVR501,Cultivar,Fungicide,3,5,2,0.464520448056058,0,0,0.4999823064094282,0.6473764918333588,0.6720525991728881,0.08911362372706777,0.41582786965778695,0.31684144916269275
64A,2022-08-16,WLD085,Wild cicer,Fungicide,4,5,2,0.06069417642488845,0,0,0.07179656321701056,0.48147436228899254,0.43160367973565195,0.07273434177939823,0.3637214107055526,0.1427520528509953
65A,2022-08-16,CVR485,Cultivar,Fungicide,5,5,2,0.554312984003575,0,0,0.4806479281375239,0.6147707346229331,0.5507172457134354,0.11370002280003325,0.4758027122433688,0.19642389356640796
66A,2022-08-16,CVR491,Cultivar,Fungicide,6,5,2,0.6078493283364429,0,0,0.5325206503304379,0.5903348315188266,0.523171450058863,0.15298701940792525,0.42389276495318207,0.22199339785821787
67A,2022-08-16,CVR016,Cultivar,Fungicide,7,5,2,0.6665958854785419,0,0,0.6860167510012881,0.686420192836827,0.49717227873052416,0.06326822461851289,0.59193333423863,0.15915318317507915
68A,2022-08-16,CVR484,Cultivar,Fungicide,8,5,2,0.4988455817763766,6,0.00259019432641394,0.4778185069270013,0.6976498305537769,0.5402891198439618,0.062694239318141,0.6049218035430509,0.16043566139796364
69A,2022-08-16,CVR481,Cultivar,Fungicide,9,5,2,0.5255094171955184,0,0,0.5027331325863251,0.711499741711661,0.5596892495767763,0.09782323607908726,0.62280927305189,0.15926563033869465
6A,2022-08-16,CVR477,Cultivar,Infected,6,1,1,0.4018488418491537,23,0.01048996407981257,0.2834136912540121,0.55418784061593,0.5965663479070387,0.03726837975573203,0.39983283957458327,0.19829333312656003
70A,2022-08-16,Howzat,Cultivar,Fungicide,1,6,2,0.5275299065875279,0,0,0.6015270898537387,0.7040609408926856,0.6877188547017057,0.01932107948486362,0.5034864220801532,0.31072021155105156
71A,2022-08-16,WLD132,Wild cicer,Fungicide,2,6,2,0.0068034183789959,0,0,0.02428586539031884,0.6903670738755111,0.6435083173537715,0.18251711732861556,0.4164649764981798,0.3844313920758359
72A,2022-08-16,CVR492,Cultivar,Fungicide,3,6,2,0.5670553162840021,0,0,0.6122553119436368,0.6975846751599092,0.6668200228492197,0.11288640406568876,0.4736141167172086,0.3344770892469595
73A,2022-08-16,CVR496,Cultivar,Fungicide,4,6,2,0.6799741750757982,8,0.00488891361230101,0.6633813813171074,0.655732956579349,0.5759510381152284,0.14318607672938496,0.4724254046429167,0.26558032979627194
74A,2022-08-16,CVR498,Cultivar,Fungicide,5,6,2,0.5959615637005051,5,0.0022722158720365,0.5294161465022257,0.656044873538399,0.5796696195760974,0.13853422533755072,0.47444221953318294,0.26367197694381395
75A,2022-08-16,CVR019,Cultivar,Fungicide,6,6,2,0.6349901317432065,0,0,0.6262452279289985,0.6315786619112185,0.5184688946102556,0.1815705324391235,0.461049345795637,0.24058500645195896
76A,2022-08-16,CVR499,Cultivar,Fungicide,7,6,2,0,0,0,0.00102173543713315,0.5669616314915291,0.46732673586925294,-0.14980795595198668,0.633549671349813,-0.10391365317015808
77A,2022-08-16,CVR502,Cultivar,Fungicide,8,6,2,0.49646074183826705,2,0.00149052639222635,0.49310524096718583,0.7307119129165884,0.5548688495788404,0.08450113230380792,0.6274420390803724,0.19070349053182592
78A,2022-08-16,CVR482,Cultivar,Fungicide,9,6,2,0.5398515796010939,0,0,0.5993264289122211,0.7290758915321703,0.5244447254439301,0.11560032327349454,0.6364757664586715,0.17277404274003458
79A,2022-08-16,CVR497,Cultivar,Fungicide,1,7,2,0.7186383925723995,0,0,0.783474592697066,0.7140360262079025,0.6843944540957866,0.0893852073371914,0.45504942078906657,0.3836393464328415
7A,2022-08-16,WLD131,Wild cicer,Infected,7,1,1,0.00317978658414608,0,0,0,NA,NA,NA,NA,NA
80A,2022-08-16,CVR503,Cultivar,Fungicide,2,7,2,0.7184330313555067,18,0.01064234385162449,0.7705064121488374,0.7378235142728192,0.7092584418438549,0.08494422820632593,0.4953541896711327,0.38213270078004735
81A,2022-08-16,CVR477,Cultivar,Fungicide,3,7,2,0.692007679930176,8,0.0027226871220195,0.7284973666759397,0.7127558038932011,0.6751030863571178,0.09891689420381232,0.4809674968857894,0.35269730918682357
82A,2022-08-16,WLD133,Wild cicer,Fungicide,4,7,2,0.31806477763459606,0,0,0.32133579497837733,0.5411751937379923,0.4920039073767314,0.10096770668725263,0.34969473639316284,0.2361758127748948
83A,2022-08-16,CVR500,Cultivar,Fungicide,5,7,2,0.6459272726815923,9,0.0067106756900485,0.5716216795591875,0.6019306001530681,0.5455023798263698,0.10210000645668273,0.46047532388890633,0.1956975995161493
84A,2022-08-16,CVR494,Cultivar,Fungicide,6,7,2,0.7144814840691669,4,0.00163957089914705,0.6412175818346805,0.6261707162172097,0.5701154751964577,0.12499031405940092,0.4814868767600266,0.2071329790913257
85A,2022-08-16,WLD131,Wild cicer,Fungicide,7,7,2,0.03073793698007885,0,0,0.05049730910446555,0.6210676736869378,0.4309483742073297,0.01590606488534832,0.524390466420254,0.14337034240135368
86A,2022-08-16,CVR504,Cultivar,Fungicide,8,7,2,0.6421579006683025,1,3.312264442721324e-4,0.6690402237381525,0.7202330590325475,0.5430908115855809,0.06545942093540297,0.6232081842605935,0.176042418752688
87A,2022-08-16,CVR010,Cultivar,Fungicide,9,7,2,0.6421810866121452,0,0,0.6554039854041063,0.7291251650567131,0.550607972404184,0.06045933506412647,0.6534341350325868,0.14456861952781982
88A,2022-08-16,Genesis090,Cultivar,Fungicide,1,8,2,0.7141336949115259,5,0.00375280670309952,0.7725891805399165,0.6871952157434594,0.6630966747603002,0.0616392225939173,0.46151204773844823,0.3305012739836619
89A,2022-08-16,CVR015,Cultivar,Fungicide,2,8,2,0.6999008376697803,8,0.00226558933061566,0.7932203768666437,0.7414672382765184,0.6905775370016765,0.1264674514332439,0.4783016396305699,0.4077842380290825
8A,2022-08-16,CVR493,Cultivar,Infected,8,1,1,0.649279297705713,1,9.738086212113554e-4,0.654382249966973,0.6439995495182259,0.6406534682188846,0.08936417531664208,0.4548330406552447,0.26752905151191364
90A,2022-08-16,WLD129,Wild cicer,Fungicide,3,8,2,0.00210329633430496,0,0,4.715702017537639e-4,0.5722222244211782,0.6351575422821352,-0.05509181550575602,0.4634146477089683,0.14807300861710487
91A,2022-08-16,CVR503,Cultivar,Infected,10,5,2,0.5230351457597296,1,6.955755329714779e-4,0.45950586409223015,0.5763494200480754,0.4994825822548407,-0.02558925242714989,0.4385910789212173,0.18436157640039016
92A,2022-08-16,CVR501,Cultivar,Infected,11,5,2,0.5257015293016438,1,4.7696607975187047e-4,0.42445247909520034,0.5875239742160278,0.5215343754812551,0.01552681866071603,0.4295637064682234,0.21128387602496823
93A,2022-08-16,CVR019,Cultivar,Infected,12,5,2,0.6815176964801858,3,0.00109304726609803,0.5638800687470632,0.5908874801323755,0.5107941871911336,0.05745731869207689,0.4171665825384014,0.23055149866690408
94A,2022-08-16,CVR499,Cultivar,Infected,13,5,2,0.08402254820836856,0,0,0.08087428960077052,0.614717519110761,0.699227367025994,0.00784455438054441,0.43716446833223177,0.24280183243417705
95A,2022-08-16,WLD133,Wild cicer,Infected,14,5,2,0.17696837251849706,2,0.00103342650612905,0.15263155530096825,0.6942243696695445,0.7492531339043905,0.234175923365364,0.34959416021197354,0.4550755930584108
96A,2022-08-16,CVR493,Cultivar,Infected,15,5,2,0.6822762080716123,2,0.00230866371866269,0.6612200178924027,0.7604832498832022,0.7663968058231999,0.21687375999680575,0.4371999533874049,0.4843073860411138
97A,2022-08-16,CVR504,Cultivar,Infected,16,5,2,0.49151219896668974,3,0.00140440012371384,0.36692091448124114,0.5488607710180847,0.4590053416143795,-0.06735384698990479,0.4301621995156599,0.15538478915256698
98A,2022-08-16,CVR015,Cultivar,Infected,17,5,2,0.726071143712841,1,6.028321285752808e-4,0.5827428768172138,0.5945057773591745,0.4786532576253088,0.02494051833706422,0.4060439946038889,0.24843219743326417
99A,2022-08-16,CVR010,Cultivar,Infected,18,5,2,0.6057294706136789,0,0,0.390145746917614,0.5767575375111637,0.48298794334588474,0.00382013790125539,0.4390556604960024,0.1843963070491442
9A,2022-08-16,CVR496,Cultivar,Infected,9,1,1,0.6528499330574937,4,0.00201716904561728,0.6439684080115775,0.6490948854373269,0.6186882150904198,0.14693809159084562,0.4421091616516411,0.2902906676444739
100A,2022-08-19,CVR482,Cultivar,Infected,10,6,2,0.3158985480241466,0,0,0.3117472008760508,0.5888327534680373,0.4726236631183766,-0.03612747865633978,0.508782554212825,0.11429013222262882
101A,2022-08-19,CVR498,Cultivar,Infected,11,6,2,0.47068128456284103,0,0,0.4270068176880332,0.6214444194042571,0.4985766897822081,0.01296695647799225,0.5093426052435234,0.16401818037348667
102A,2022-08-19,CVR484,Cultivar,Infected,12,6,2,0.27377631261728635,1,2.9810379984491917e-4,0.2395576624909121,0.6195768055292011,0.5201980450283519,0.01313476922453555,0.5296290936997287,0.1338798291115096
103A,2022-08-19,WLD131,Wild cicer,Infected,13,6,2,0.08900090157917227,0,0,0.07812346342387355,0.7189045085006874,0.6657733430090519,0.12551658642160354,0.39149816687412775,0.45564852722460986
104A,2022-08-19,CVR494,Cultivar,Infected,14,6,2,0.64395646745496,39,0.01429574943507345,0.6346548965269406,0.791397834105391,0.7523759031395437,0.12749499143881063,0.521609873812899,0.45944888453587635
105A,2022-08-19,Genesis090,Cultivar,Infected,15,6,2,0.5208921020931229,5,0.00226890422367619,0.4937732987530036,0.7726832692441135,0.7010187262807148,0.15100824535819926,0.5069801004150323,0.43682142968404575
106A,2022-08-19,Howzat,Cultivar,Infected,16,6,2,0.5649983918373825,2,0.00165613776610242,0.610329733619809,0.6737610825945458,0.5663905995618598,0.00765182302851146,0.514253536987639,0.24407596821160452
107A,2022-08-19,WLD129,Wild cicer,Infected,17,6,2,0.02172522938063978,0,0,0.02625074123095952,0.6139629883731165,0.49184830684924485,0.08474365916683389,0.4306144418211022,0.24924400904158744
108A,2022-08-19,CVR495,Cultivar,Infected,18,6,2,0.6215124738151956,13,0.00505452519156336,0.6796112557607995,0.6750754765061554,0.5535067063967409,0.04550771016981399,0.5033439776392669,0.26011851550812304
109A,2022-08-19,CVR481,Cultivar,Infected,10,7,2,0.5497486653442486,1,7.949465466652102e-4,0.5340532534861376,0.6014708835922719,0.4780336778715975,-0.01664688710653921,0.4994773762562011,0.14579271496848092
10A,2022-08-19,CVR481,Cultivar,Infected,1,2,1,0.6696763037319334,0,0,0.6854665857659087,0.8005242609284683,0.5980286195716649,0.06512633048281469,0.5325661058174218,0.4670962932125385
110A,2022-08-19,CVR477,Cultivar,Infected,11,7,2,0.7248290395784089,1,2.9810379984491917e-4,0.7305801350670188,0.6568416781900597,0.5120334416198739,0.03770263919409336,0.5182039346479197,0.2101775431510943
111A,2022-08-19,WLD132,Wild cicer,Infected,12,7,2,0.0620389611677669,0,0,0.07725891805399165,0.6158218139162766,0.4437353697967955,0.14885290216348893,0.46314366853839967,0.21359979047962943
112A,2022-08-19,WLD085,Wild cicer,Infected,13,7,2,0.1701550173064257,0,0,0.1352227553528918,0.7184625569305128,0.6749841117361409,0.11724390461847894,0.38505500717134594,0.4609199500394816
113A,2022-08-19,CVR500,Cultivar,Infected,14,7,2,0.6653637181771853,37,0.01641893488797773,0.6379165904224041,0.7722754495649768,0.7178709435926894,0.13868419025373732,0.4808305763579453,0.4635922902270261
114A,2022-08-19,CVR491,Cultivar,Infected,15,7,2,0.7329507444787488,1,2.1198492433416473e-4,0.7219346813681997,0.7761404543822111,0.6915013182270093,0.1830943741284508,0.4788554281047797,0.4731269472860371
115A,2022-08-19,CVR502,Cultivar,Infected,16,7,2,0.4594261649660406,16,0.00648210623770417,0.46673660718578786,0.6208835430002873,0.5318646954343261,-0.01359379299806441,0.4609566657946589,0.2240501100862686
116A,2022-08-19,CVR492,Cultivar,Infected,17,7,2,0.8074703679892891,1,6.45891566330658e-4,0.8349543397218518,0.6890387449528836,0.5795042179735035,0.05323201110185054,0.5043616359448381,0.2830407702050438
117A,2022-08-19,CVR485,Cultivar,Infected,18,7,2,0.6373087261274797,9,0.0053360775265261,0.6473872919742922,0.6564311155624093,0.5413191476152631,0.01764538078660887,0.5355168460684462,0.18646083041852107
118A,2022-08-19,CVR016,Cultivar,Infected,10,8,2,0.764503501771015,0,0,0.7831995100793763,0.6274384445214239,0.48491739500841713,0.03580667027102514,0.4947755899866956,0.19238803079037603
119A,2022-08-19,CVR497,Cultivar,Infected,11,8,2,0.8242768649975778,0,0,0.8413205374455277,0.6656449164763218,0.51557019378975,0.04387997270523714,0.5394658635313724,0.19687567117610277
11A,2022-08-19,CVR499,Cultivar,Infected,2,2,1,0.28013257350788673,3,0.00139777785379726,0.30824972187971034,0.7566787420717369,0.5606248904292148,0.04289441728615082,0.5356082644961425,0.3717240666374554
120A,2022-08-19,CVR496,Cultivar,Infected,12,8,2,0.5645081747389934,7,0.00610452205579422,0.5549988299473674,0.6554887472902434,0.5045077974648726,0.04922646451483489,0.5394809926268164,0.1794740281485837
121A,2022-08-19,WLD085,Wild cicer,Infected,1,9,3,0.07703033000093898,0,0,0.2723317915127987,0.5523339727320771,0.5035319158759224,0.02923816990798065,0.42368447777676577,0.1679530937465026
122A,2022-08-19,CVR019,Cultivar,Infected,2,9,3,0.6235627737064314,11,0.00517046040253472,0.6790217930086072,0.6756356699134644,0.614101093809352,0.11884397928918432,0.4624230064415394,0.3100957015598521
123A,2022-08-19,CVR494,Cultivar,Infected,3,9,3,0.5761011466603593,12,0.00583290630878611,0.5881266366205693,0.6533064042327998,0.6235700167034643,0.08813188530353934,0.4921997713594689,0.2374653364794074
124A,2022-08-19,CVR498,Cultivar,Infected,4,9,3,0.5482581403829301,15,0.0070286358262293,0.519198792130894,0.5880152789094345,0.4855698805535853,-0.01339112237089007,0.42123196620552106,0.22169517509420084
125A,2022-08-19,CVR485,Cultivar,Infected,5,9,3,0.6723559363846149,17,0.00992025356884774,0.6500988206343764,0.6227882337940335,0.5241375073047748,0.02055930604566261,0.437580631985393,0.2545879190618041
126A,2022-08-19,CVR502,Cultivar,Infected,6,9,3,0.3586799266916787,6,0.00257694440612767,0.3127296387963711,0.6029457161102975,0.5409964611510648,0.05341934904742006,0.41817042182431785,0.24707007700299077
127A,2022-08-19,Genesis090,Cultivar,Infected,7,9,3,0.6943196497590656,21,0.01042371201403881,0.652928241844899,0.6231753259200711,0.560110411883039,0.06011665589475835,0.4634893353276587,0.22454144537375337
128A,2022-08-19,CVR010,Cultivar,Infected,8,9,3,0.6133543338602458,6,0.00316653302168656,0.629074649139521,0.6513021606180059,0.6083095624119406,0.06841428744823594,0.4853839242340216,0.2426171995082137
129A,2022-08-19,CVR491,Cultivar,Infected,9,9,3,0.6439531551772683,0,0,0.657997621513752,0.6413556346963128,0.574311750718401,0.13501914796893483,0.4431591060440386,0.2768968757718246
12A,2022-08-19,CVR500,Cultivar,Infected,3,2,1,0.673064763810664,20,0.00889674792003556,0.7065300547775768,0.8070249025182147,0.6037341004394713,0.1521963462581423,0.5223024096267018,0.4921831151468528
130A,2022-08-19,CVR484,Cultivar,Infected,1,10,3,0.444169813917523,9,0.00336195572021957,0.49864619083779255,0.6447719657693899,0.6007617324987715,-7.784498899992755e-5,0.503549785807531,0.2091172917566619
131A,2022-08-19,CVR481,Cultivar,Infected,2,10,3,0.648676463165802,27,0.00976125382717301,0.6954481550363634,0.7128887830751899,0.6496129814550243,0.07158910267794563,0.5349994805259598,0.2875653115240068
132A,2022-08-19,CVR492,Cultivar,Infected,3,10,3,0.7172836709964456,13,0.00687296551717342,0.7407188944047247,0.6939815273343046,0.6199383409821874,0.10945367865969488,0.5174746609904534,0.27541236385452433
133A,2022-08-19,CVR496,Cultivar,Infected,4,10,3,0.5983662773047655,14,0.00759172920128498,0.6091901056322374,0.697594965897678,0.5646773956791008,0.07467897202212842,0.4649412918206287,0.3443357853064963
134A,2022-08-19,WLD131,Wild cicer,Infected,5,10,3,0.03193698150451727,0,0,0.05513441608837757,0.6335874824365705,0.4565077378842117,0.15990986059788606,0.37168030648893896,0.34258264453110115
135A,2022-08-19,Howzat,Cultivar,Infected,6,10,3,0.4145944864072726,28,0.0109238593858671,0.39737649001117176,0.6377847269260896,0.5134037298022949,0.0650401437177423,0.44202477587513406,0.2726145249253465
136A,2022-08-19,CVR016,Cultivar,Infected,7,10,3,0.6739127068997697,12,0.00598527252675935,0.7208736484142538,0.6680286083639512,0.5738453521357333,0.1312611756408142,0.4422386663095985,0.3204640092908937
137A,2022-08-19,CVR482,Cultivar,Infected,8,10,3,0.34958772442763597,12,0.00399459334117943,0.3563498824585943,0.6423118471719896,0.5798123364914158,0.1005597779486198,0.4763014506948664,0.2391853396219599
138A,2022-08-19,CVR497,Cultivar,Infected,9,10,3,0.6257687506491828,0,0,0.6873921640897366,0.6942071101586221,0.587910940619858,0.17224584994450423,0.4854485150037241,0.3148705358988013
139A,2022-08-19,CVR493,Cultivar,Infected,1,11,3,0.8089443315621484,7,0.00527645204324584,0.8529133049053077,0.706660395931184,0.6208928825237716,0.10566330763767086,0.4975809678952443,0.322464718727074
13A,2022-08-19,WLD129,Wild cicer,Infected,4,2,1,0.0938401392869196,0,0,0.16328118235724076,0.6031784669700291,0.540931217215699,0.08573669639567855,0.4400684302883325,0.22205128583818032
140A,2022-08-19,CVR495,Cultivar,Infected,2,11,3,0.7191319219484805,26,0.00918161034260374,0.7731000482584831,0.7185021912788905,0.641045824105278,0.08431303141277599,0.5266848618770203,0.30859846514109057
141A,2022-08-19,CVR504,Cultivar,Infected,3,11,3,0.7017788991210416,8,0.00354081869835326,0.7074731951810843,0.6760553888698199,0.5980389890268007,0.078636979630956,0.5179146779113608,0.24334544332235797
142A,2022-08-19,CVR015,Cultivar,Infected,4,11,3,0.7603995897108514,6,0.00363356436171833,0.7781694279273361,0.6771621631022373,0.5428681608313393,0.09058520163201782,0.4163710103658105,0.36319393469086614
143A,2022-08-19,WLD132,Wild cicer,Infected,5,11,3,0.03955853247339242,0,0,0.04868962333107612,0.6560680770272468,0.5236051259842899,0.07280495493559903,0.3633939365800268,0.3842941565411158
144A,2022-08-19,WLD129,Wild cicer,Infected,6,11,3,0.10400551952311164,0,0,0.11408069130759806,0.6706662590712302,0.5073365303382226,0.16458166359121376,0.410556077361676,0.35894402110587376
145A,2022-08-19,CVR500,Cultivar,Infected,7,11,3,0.8153933362281197,6,0.00213641261916331,0.8372728932138078,0.6554142077637938,0.5872487509684063,0.10066991676335894,0.46219431262794153,0.27718814484264886
146A,2022-08-19,CVR501,Cultivar,Infected,8,11,3,0.6119996122842919,32,0.01767097947249298,0.6658571248763147,0.6596174395355685,0.5994643571073041,0.07035307422314621,0.4808318332019276,0.2618284398732032
147A,2022-08-19,CVR503,Cultivar,Infected,9,11,3,0.6454171819170522,36,0.02785293170968353,0.6837767925429578,0.67860813792615,0.5920203404460601,0.1261354480018913,0.4860929762468909,0.28727888490696335
148A,2022-08-19,WLD133,Wild cicer,Infected,1,12,3,0.17793886988219998,7,0.00206685329976323,0.2696988578863402,0.6289233504331426,0.5758291864157602,0.03448731062679339,0.4265799456143226,0.27653349440648106
149A,2022-08-19,CVR499,Cultivar,Infected,2,12,3,0.00133484790980299,0,0,0.00223995845833037,0.5173686318869797,0.589927011563159,-0.1990913340057424,0.5700986126453859,-0.07478911561311766
14A,2022-08-19,WLD085,Wild cicer,Infected,5,2,1,0.11779453155415348,0,0,0.1878814278820621,0.6224092695535584,0.5486455338365215,0.14998109551436845,0.4421317176644265,0.24872280423034224
150A,2022-08-19,CVR477,Cultivar,Infected,3,12,3,0.6740451980074424,24,0.01240114928841663,0.6494307628485586,0.6664042325941139,0.6020179816377753,0.07063131245971643,0.5065173022740685,0.24135525655292353
151A,2022-08-19,CVR499,Cultivar,Fungicide,10,9,3,0.04653418929236291,0,0,0.02896226989104366,0.5512024158296239,0.5083019859012203,0.01343423115572988,0.48003642242148126,0.09677145214200449
152A,2022-08-19,CVR498,Cultivar,Fungicide,11,9,3,0.4941984561747548,0,0,0.4119951662655385,0.5458147923846906,0.5184355190760391,0.07018194912469121,0.4057243098281352,0.17993775855653138
153A,2022-08-19,Howzat,Cultivar,Fungicide,12,9,3,0.3208868382280257,4,0.00226559360211992,0.21959452395000273,0.5457663683012713,0.5266332445208038,0.1028139285999634,0.40001533222328983,0.1864574863963992
154A,2022-08-19,CVR496,Cultivar,Fungicide,13,9,3,0.6850552090550482,0,0,0.6591372495013236,0.6941147983564578,0.5085371467777692,0.03670605836668306,0.5351888042243891,0.2528584904556481
155A,2022-08-19,CVR492,Cultivar,Fungicide,14,9,3,0.7050183067036404,0,0,0.6511598535883224,0.67038598575110675,0.5062317824694166,0.04416543825253329,0.5112108146081621,0.24216833337483
156A,2022-08-19,WLD129,Wild cicer,Fungicide,15,9,3,0.06821967134070087,0,0,0.06381916730400938,0.612559471998045,0.4555306687545059,0.11662819269137724,0.46587196749850474,0.20526480045989037
157A,2022-08-19,CVR493,Cultivar,Fungicide,16,9,3,0.7790642745042506,0,0,0.7283794741255012,0.6159489185385044,0.567427754975232,0.08549486691619994,0.4455615746276723,0.2348366618213353
158A,2022-08-19,CVR481,Cultivar,Fungicide,17,9,3,0.578191193883897,0,0,0.5835288271534701,0.6346851991583805,0.59915048252824,0.1002169170316391,0.4478015640404665,0.2610883427718658
159A,2022-08-19,CVR477,Cultivar,Fungicide,18,9,3,0.4636460067454178,8,0.00412378319574833,0.45490805462513095,0.603379345635826,0.5624446063747844,0.1199220500761244,0.4072569345110855,0.2600163350271013
15A,2022-08-19,CVR482,Cultivar,Infected,6,2,1,0.49984588963930593,15,0.00641918081165502,0.5374721374488525,0.6616283077610385,0.6063516461457065,0.10078569504768256,0.5031572474508217,0.23755327767839063
160A,2022-08-19,CVR010,Cultivar,Fungicide,10,10,3,0.6608656450716953,0,0,0.6038063458288819,0.6009428802489031,0.5362606768873337,0.07406866982613203,0.4431738611169723,0.21503855519332696
161A,2022-08-19,CVR015,Cultivar,Fungicide,11,10,3,0.7334873334648234,0,0,0.7127783599508142,0.6463827164339553,0.5633655216350187,0.1535114014855564,0.4419616408150336,0.2861743135388223
162A,2022-08-19,CVR497,Cultivar,Fungicide,12,10,3,0.743695773311009,0,0,0.6822834869040708,0.626188752105884,0.547829248137445,0.15232739961016042,0.4439174612850884,0.2524449622131123
163A,2022-08-19,CVR491,Cultivar,Fungicide,13,10,3,0.7126729804494337,1,8.181319870426471e-4,0.7200091030443719,0.6982895940137989,0.5027916782650701,0.04666652145525213,0.5015816561493487,0.30274368775793714
164A,2022-08-19,CVR502,Cultivar,Fungicide,14,10,3,0.5159501837769291,25,0.00790969627866204,0.48941127438678134,0.7104489745264331,0.5331801553696287,0.03726143911202743,0.5361001108298041,0.28160380413945557
165A,2022-08-19,CVR016,Cultivar,Fungicide,15,10,3,0.7242493909823406,0,0,0.7633935616057181,0.7048418491718333,0.4764003381627088,0.10848672225244936,0.5168208989935592,0.29575923732089987
166A,2022-08-19,WLD133,Wild cicer,Fungicide,16,10,3,0.30257325486995934,0,0,0.428539420843733,0.597254534373215,0.5298429206086123,0.1152070652882844,0.3712167680387547,0.29042905231239774
167A,2022-08-19,WLD085,Wild cicer,Fungicide,17,10,3,0.20573881654963552,0,0,0.34444273486431176,0.6311299119231123,0.5371577003566207,0.19227239010595765,0.3821008966851245,0.3281686186483762
168A,2022-08-19,CVR501,Cultivar,Fungicide,18,10,3,0.614228775170886,35,0.02050297452473813,0.6247519222901116,0.6631335843076754,0.5988819582537187,0.14386318471834564,0.4564363457039851,0.29641588622861026
169A,2022-08-19,Genesis090,Cultivar,Fungicide,10,11,3,0.6452316943663103,0,0,0.5533483342412292,0.5988175557631416,0.531667781437851,0.06385395511513839,0.4602136180120496,0.19133196475178832
16A,2022-08-19,WLD133,Wild cicer,Infected,7,2,1,0.1632787288182098,8,0.00366999393119457,0.19841316238789616,0.6390407385087058,0.5521147387808276,0.0488911214743061,0.36209250775483887,0.36032435466804535
170A,2022-08-19,CVR495,Cultivar,Fungicide,11,11,3,0.5410175013486141,15,0.00454774376208275,0.4826128039781646,0.6144378531730134,0.5473338732700824,0.07993042550668393,0.46959266605355704,0.2035873737523484
171A,2022-08-19,CVR504,Cultivar,Fungicide,12,11,3,0.6219927540805094,7,0.00348119958127073,0.6006625444838568,0.6105681459577601,0.5249764606163775,0.13109920456432442,0.4452641319509306,0.22702357209246332
172A,2022-08-19,WLD131,Wild cicer,Fungicide,13,11,3,0.07992526070358864,0,0,0.07124639798163117,0.6373453692997504,0.4472844550681342,0.02011429847127516,0.41117497908293504,0.30648905592134956
173A,2022-08-19,CVR484,Cultivar,Fungicide,14,11,3,0.23930875095621948,16,0.00477960424453749,0.2524865455223278,0.6497517147259367,0.49558707805967167,-0.05222394909728562,0.5246675629736822,0.18978128388383816
174A,2022-08-19,WLD132,Wild cicer,Fungicide,15,11,3,0.01950600332712115,0,0,0.03359937687495568,0.6761781197776542,0.40458013374030954,0.14799241299372468,0.491168497340438,0.27700919286001036
175A,2022-08-19,CVR503,Cultivar,Fungicide,16,11,3,0.74375208203177,61,0.02602780401466726,0.7718032302036603,0.6285643150670858,0.5939327805789704,0.1033162016726464,0.407839636686635,0.29681395815475653
176A,2022-08-19,CVR482,Cultivar,Fungicide,17,11,3,0.2877375630883028,9,0.00314002936139029,0.31937091913773663,0.607361842741382,0.5745508060015477,0.04980378245584903,0.4526990610897293,0.2133138918414184
177A,2022-08-19,CVR485,Cultivar,Fungicide,18,11,3,0.538808212128171,3,0.00118579067049423,0.530202096838482,0.6084441414779477,0.5656722782039666,0.07428886508326926,0.479169260222081,0.1824750750001891
178A,2022-08-19,CVR494,Cultivar,Fungicide,10,12,3,0.6891160615052182,2,0.00139115394099424,0.6367376649180198,0.5985514052495318,0.5567609732648126,0.0745164943022447,0.4468958628159697,0.20703549822300077
179A,2022-08-19,CVR500,Cultivar,Fungicide,11,12,3,0.8232765571346485,6,0.0028949213819073,0.7792697583980949,0.6051115978864728,0.5291440747359033,0.1152575176982529,0.4423144554125268,0.222294060335035
17A,2022-08-19,Genesis090,Cultivar,Infected,8,2,1,0.6513925308730933,3,0.00219272953449536,0.7028753857139851,0.738057202244988,0.6324859782947977,0.08290395828501049,0.47870259818999467,0.4010492880381851
180A,2022-08-19,CVR019,Cultivar,Fungicide,12,12,3,0.6419492271737178,0,0,0.6644424142710533,0.6315246324278101,0.5441083901157227,0.1347136877602404,0.47098891728136966,0.2285014335464223
18A,2022-08-19,CVR019,Cultivar,Infected,9,2,1,0.5722953395924595,7,0.00177537406987591,0.6464834490875976,0.7340490532877273,0.6099149175279933,0.13478782274665355,0.46746910342597514,0.4058430741387157
19A,2022-08-19,CVR494,Cultivar,Infected,1,3,1,0.7622511529405782,3,0.00234509102917006,0.7561235209953476,0.8080221128198687,0.6038060452530787,0.07487569762538755,0.5488959060613002,0.4656523515745314
1A,2022-08-19,WLD132,Wild cicer,Infected,1,1,1,0.00397804550787442,0,0,0.00180768577338942,0.5883246674736848,0.5025518820433938,-0.06228682980457712,0.4542522474745496,0.18297102410123545
20A,2022-08-19,Howzat,Cultivar,Infected,2,3,1,0.5670751899501529,21,0.00639267115482321,0.562229573040925,0.8165020426190577,0.624458046619791,0.0788818642934755,0.5708218906050964,0.46014174756897275
21A,2022-08-19,CVR010,Cultivar,Infected,3,3,1,0.3612734401243729,15,0.00859866588847429,0.36263748514864447,0.7894177334740508,0.5834302236207802,0.10835631071386564,0.5255700439991029,0.4509402237905467
22A,2022-08-19,CVR501,Cultivar,Infected,4,3,1,0.7782792646912896,7,0.00329571297783914,0.8216717790391208,0.6607824891828158,0.5967301830793095,0.10145448363728755,0.488547106327769,0.25434336624798803
23A,2022-08-19,CVR491,Cultivar,Infected,5,3,1,0.6480504426820481,3,0.00347127038630513,0.7996651696239452,0.6857772057744645,0.5998365802930877,0.1438961682028373,0.4746292495782431,0.3130389932346635
24A,2022-08-19,CVR502,Cultivar,Infected,6,3,1,0.568482907969176,27,0.01201690094293472,0.5631727134444325,0.6256472813212094,0.5841560817133011,0.06868164946331981,0.4955619184501615,0.1885423451307992
25A,2022-08-19,CVR485,Cultivar,Infected,7,3,1,0.5492087640804821,13,0.0063363776917207,0.5722897373450053,0.6740887305349301,0.5930303581213856,-0.0027638276864928,0.43656748493591424,0.3365683317212811
26A,2022-08-19,CVR503,Cultivar,Infected,8,3,1,0.5957860129828386,12,0.00448811831988739,0.670847909511542,0.7237942680361245,0.6137411785051652,0.04523755333827096,0.4765338356824768,0.37744639731322766
27A,2022-08-19,CVR504,Cultivar,Infected,9,3,1,0.5602452733496225,5,0.00447487501221908,0.6395277886117295,0.700662281738768,0.5766159817020297,0.06375080597460868,0.4758585502492041,0.33724748553170225
28A,2022-08-19,CVR495,Cultivar,Infected,1,4,1,0.7611349153584352,15,0.00781695229925457,0.7465349268930211,0.790678958921286,0.5965903294614483,0.06732429910234598,0.5127871828457772,0.4673985246759481
29A,2022-08-19,CVR492,Cultivar,Infected,2,4,1,0.7270681392980785,4,0.0031532936158863,0.7409939770224144,0.8126150274405026,0.6200103248443909,0.11881510263077316,0.5325664404806432,0.49371387955405593
2A,2022-08-19,CVR016,Cultivar,Infected,2,1,1,0.6436451133519291,2,0.00196087143422648,0.7146253432410165,0.7946516823115743,0.5906735318426279,0.17067086343609114,0.46085840727479954,0.526672157955002
30A,2022-08-19,CVR484,Cultivar,Infected,3,4,1,0.20556326583196913,10,0.00501146862885927,0.20953435964592243,0.7590579043774572,0.5799232656881216,0.0503909135654921,0.528231488515951,0.3853261145865522
34A,2022-08-19,CVR496,Cultivar,Fungicide,13,1,1,0.7840923120404316,0,0,0.7211880285487563,0.6580896672653048,0.500519081503405,0.06209255645068999,0.5424122411316583,0.17989034432670317
35A,2022-08-19,Genesis090,Cultivar,Fungicide,14,1,1,0.6393822119625583,1,0.00113280203777325,0.4943627615051958,0.6253360367648151,0.47813531078963895,0.05359398324480732,0.5252290973107777,0.14906730210692942
36A,2022-08-19,CVR484,Cultivar,Fungicide,15,1,1,0.4215370204493249,1,0.00149052207963668,0.35403132896663825,0.6075846537314002,0.5026168748618953,0.04589676462891242,0.5308992113590406,0.11319990809514092
37A,2022-08-19,WLD133,Wild cicer,Fungicide,16,1,1,0.1957754852526445,0,0,0.28463191427520934,0.5861602703708167,0.46749974869416416,0.06900312531171295,0.3893925079027497,0.254961903623277
38A,2022-08-19,CVR499,Cultivar,Fungicide,17,1,1,0.0318541745622218,0,0,0.0161119818932536,0.6421039991960104,0.54183469205878,0.1322121059706054,0.4958867278182989,0.21452405985258605
39A,2022-08-19,CVR015,Cultivar,Fungicide,18,1,1,0.7449544388339002,0,0,0.7901944680720571,0.6937436364964918,0.567173188442092,0.16226876407273985,0.4476821371972381,0.35690913795783635
3A,2022-08-19,CVR497,Cultivar,Infected,3,1,1,0.6578084127621465,0,0,0.6750134462937003,0.7501671254064389,0.5745375262350155,0.1022894824300041,0.4870757369127913,0.41457059376863986
43A,2022-08-19,CVR500,Cultivar,Fungicide,13,2,1,0.8017997485808952,3,0.00229209787849861,0.7943600048542153,0.6650168709453819,0.5109928291332495,0.06762829229581978,0.5383056682739227,0.1973640489385675
44A,2022-08-19,WLD085,Wild cicer,Fungicide,14,2,1,0.11844705025944176,0,0,0.14893758872056378,0.6226876753666325,0.4168989864509046,0.14308628627735998,0.4730532618641823,0.2121163450342642
45A,2022-08-19,CVR502,Cultivar,Fungicide,15,2,1,0.6308630337392002,12,0.00500483403728159,0.6302535746439055,0.6695150342745033,0.5079067630854988,0.10098237337909088,0.5395423416158729,0.2034739271798154
46A,2022-08-19,CVR495,Cultivar,Fungicide,16,2,1,0.649955002354844,13,0.00581634313832524,0.6743846860246953,0.6853568844310151,0.5700194648222453,0.06189339868122419,0.4741970275705411,0.3128267283837671
47A,2022-08-19,CVR494,Cultivar,Fungicide,17,2,1,0.7496280626570566,14,0.00715449969821543,0.7916484761941313,0.7436610119579067,0.6222663600481779,0.1115834399891496,0.5386504486082152,0.3420110853332507
48A,2022-08-19,CVR019,Cultivar,Fungicide,18,2,1,0.6245465201809016,0,0,0.7009891049069701,0.7351577369213959,0.5667883427818526,0.18471010590276796,0.5058932544287476,0.3650192992033437
4A,2022-08-19,CVR498,Cultivar,Infected,4,1,1,0.6165274958890082,12,0.00844298691316693,0.6154777083222875,0.6078706797175697,0.5648209534277381,0.04115538454432363,0.4710363790241006,0.19173308118972351
52A,2022-08-19,WLD129,Wild cicer,Fungicide,13,3,1,0.24312118257950296,0,0,0.24230848866780905,0.6186807635602928,0.4615713877399424,0.05529594843647781,0.4807336751740494,0.19634379196010443
53A,2022-08-19,CVR498,Cultivar,Fungicide,14,3,1,0.67979531208044,17,0.00660797803664288,0.6630670011826049,0.6462436776141924,0.4792235971417032,0.06486650825431779,0.5150752362454879,0.19661427949245233
54A,2022-08-19,CVR482,Cultivar,Fungicide,15,3,1,0.4755668941582738,0,0,0.4363596266894829,0.6165002717771978,0.4546441784670888,0.04684114152560621,0.5454893699305313,0.10699155761561016
55A,2022-08-19,CVR493,Cultivar,Fungicide,16,3,1,0.764357761552575,0,0,0.792120046395885,0.7089725192425083,0.5684226395507244,0.11721857994059132,0.4846392041127485,0.341760978378507
56A,2022-08-19,WLD131,Wild cicer,Fungicide,17,3,1,0.0546194591380927,0,0,0.09879395726741354,0.6755023842512992,0.5172441951709034,0.10917913124659478,0.4515483423909463,0.3222462236565924
57A,2022-08-19,CVR504,Cultivar,Fungicide,18,3,1,0.6652014165702861,12,0.00841648530650419,0.6905359654347617,0.6962444746453498,0.5606474928568621,0.1000682956845918,0.49691791045007594,0.30476965786154303
5A,2022-08-19,CVR015,Cultivar,Infected,5,1,1,0.32291063989772706,52,0.02249361621138443,0.32412591867208707,0.5978496551454536,0.5898982345633235,0.08157374710444076,0.4261874845825718,0.23035595613404333
61A,2022-08-19,CVR493,Cultivar,Fungicide,1,5,2,0.5380165777598263,0,0,0.6070680397243454,0.6634581301910707,0.6290615374813773,0.03745991110047061,0.4588149080383124,0.2941985917969624
62A,2022-08-19,CVR495,Cultivar,Fungicide,2,5,2,0.590350565290564,2,5.067764597363626e-4,0.6449901434487106,0.6821450691095163,0.6616528036111072,0.05716202093240106,0.4459546824005048,0.33945437101275916
63A,2022-08-19,CVR501,Cultivar,Fungicide,3,5,2,0.4970668886558699,0,0,0.5617973003559841,0.6629017500822466,0.6597347597110351,0.09852883554772587,0.40987200158999554,0.34742748795649625
64A,2022-08-19,WLD085,Wild cicer,Fungicide,4,5,2,0.05400668776510621,0,0,0.1064569730459122,0.4521274999245394,0.4954060525813467,0.02461469163872254,0.34396482676209034,0.12808137001857134
65A,2022-08-19,CVR485,Cultivar,Fungicide,5,5,2,0.5950473750575631,0,0,0.5321276751623097,0.5946562568005994,0.6002089247661448,0.07394120972354933,0.44283995755601024,0.20608665414974212
66A,2022-08-19,CVR491,Cultivar,Fungicide,6,5,2,0.6090781833601077,0,0,0.631628987732354,0.5729107871658333,0.5797880616652346,0.11032110705967715,0.3981455817085276,0.22640968431661113
67A,2022-08-19,CVR016,Cultivar,Fungicide,7,5,2,0.6432211418073763,0,0,0.7119924096145579,0.6442593328005178,0.5652634533681634,0.09364163468682486,0.4849710460287367,0.23167423480315727
68A,2022-08-19,CVR484,Cultivar,Fungicide,8,5,2,0.47520916816755737,3,0.00101686518391544,0.5086277601082472,0.651361736864344,0.599427018813233,0.08854095456435468,0.4933878193945585,0.23278492885553911
69A,2022-08-19,CVR481,Cultivar,Fungicide,9,5,2,0.5427531348591272,1,1.788626495564026e-4,0.591977793268225,0.6738772969695834,0.6166155289313038,0.1288786427711931,0.5124703511865778,0.2465516026322424
6A,2022-08-19,CVR477,Cultivar,Infected,6,1,1,0.326530959414885,21,0.01124517392657897,0.25790960284249603,0.5629415589106408,0.5934293668183567,0.07110955013302077,0.4356015343806117,0.16871104428061592
70A,2022-08-19,Howzat,Cultivar,Fungicide,1,6,2,0.5741270291560353,0,0,0.6505310933193174,0.7149384607976805,0.6777322057144656,0.04227309863209713,0.4825035727368343,0.35484095074970795
71A,2022-08-19,WLD132,Wild cicer,Fungicide,2,6,2,0.00527314608537559,0,0,0.02082768391079124,0.7067448799290872,0.6574713792196599,0.18601992832968936,0.4197833302971268,0.4080097752530624
72A,2022-08-19,CVR492,Cultivar,Fungicide,3,6,2,0.593404485322421,0,0,0.6514742337228249,0.698116029910351,0.6611556443659146,0.10846055067088509,0.4623850276148595,0.3480957549641025
73A,2022-08-19,CVR496,Cultivar,Fungicide,4,6,2,0.7189166238985123,3,0.00214635639477162,0.7386361260136456,0.6379476154222299,0.6188559941963694,0.09850304132995656,0.4594550649351556,0.252503376630231
74A,2022-08-19,CVR498,Cultivar,Fungicide,5,6,2,0.6575202446029582,2,5.067764597363625e-4,0.6960376177885556,0.6288665961258574,0.6163399061210239,0.0916940497498794,0.4517001410686392,0.2474596192596232
75A,2022-08-19,CVR019,Cultivar,Fungicide,6,6,2,0.6535819464273857,0,0,0.721895383851387,0.6225505306234715,0.5900763157001904,0.1542295245685972,0.44070412599281616,0.2506016094141544
76A,2022-08-19,CVR499,Cultivar,Fungicide,7,6,2,9.274377537092756e-4,0,0,7.073553026306459e-4,0.5133573704856912,0.5531843815357377,0.2129630205023149,0.583436320600633,-0.1000429466676628
77A,2022-08-19,CVR502,Cultivar,Fungicide,8,6,2,0.5479633476683582,5,0.00263656824650874,0.5888339919231999,0.6934987652925434,0.6071496360290749,0.12029995312499772,0.5202591872379789,0.27102524282066803
78A,2022-08-19,CVR482,Cultivar,Fungicide,9,6,2,0.5401728705372003,0,0,0.6339082437074972,0.6956427894188365,0.5824115194309288,0.1588018328749963,0.5277931471410996,0.26523046579707577
79A,2022-08-19,CVR497,Cultivar,Fungicide,1,7,2,0.7127027909486602,0,0,0.7715674451027834,0.7246298630129075,0.6628630348096055,0.1122210552023602,0.45159152714800993,0.40584606574802046
7A,2022-08-19,WLD131,Wild cicer,Infected,7,1,1,0,0,0,0,NA,NA,NA,NA,NA
80A,2022-08-19,CVR503,Cultivar,Fungicide,2,7,2,0.7059324953465824,13,0.00757185294493817,0.7648868672446051,0.7497633863103985,0.6977453601188257,0.10852889665436902,0.47657674543550793,0.4250739925310475
81A,2022-08-19,CVR477,Cultivar,Fungicide,3,7,2,0.7218214914342375,6,0.0023384636252206,0.759424512407624,0.725402397648804,0.6728032913926809,0.122228870006887,0.46076115363929654,0.39750082481765503
82A,2022-08-19,WLD133,Wild cicer,Fungicide,4,7,2,0.27947674252490656,0,0,0.39364322591395445,0.5068084321292042,0.5258557068079133,0.0414008478073794,0.33782428325231967,0.203893141193392
83A,2022-08-19,CVR500,Cultivar,Fungicide,5,7,2,0.7003844302127858,5,0.00265312669367106,0.6736380332052517,0.5855192129185913,0.5871384278719188,0.07033056906939365,0.4396757305748918,0.1964059536746855
84A,2022-08-19,CVR494,Cultivar,Fungicide,6,7,2,0.7834166073913006,8,0.00476635839040741,0.7473601747460902,0.6032833265764405,0.6045918354215445,0.07732557707645923,0.46457734307712345,0.1927199417098853
85A,2022-08-19,WLD131,Wild cicer,Fungicide,7,7,2,0.02873069669883663,0,0,0.05513441608837757,0.6020960934079812,0.5176326307695513,0.08685120500095561,0.4033262296440919,0.2625206890716824
86A,2022-08-19,CVR504,Cultivar,Fungicide,8,7,2,0.6666091345893091,3,0.00186812371725335,0.7328200935253492,0.686348979135822,0.5974152227625866,0.10885662268611372,0.5165976632253392,0.2630034817351454
87A,2022-08-19,CVR010,Cultivar,Fungicide,9,7,2,0.6776423315807577,1,6.359572373321681e-4,0.7240174497592788,0.7079808285672092,0.6176330535215003,0.11424585917077916,0.5522971838258415,0.25564480867820394
88A,2022-08-19,Genesis090,Cultivar,Fungicide,1,8,2,0.7601842916608832,8,0.00584947707762226,0.7934168644507078,0.6937546375337514,0.6632133446959849,0.08158811735914119,0.43347201601904206,0.3722168810164243
89A,2022-08-19,CVR015,Cultivar,Fungicide,2,8,2,0.7341630381139544,1,0.00163957397955914,0.7865397990084654,0.7432426785023408,0.6852229371114462,0.14165018756680375,0.4461457260878879,0.4444861273228253
8A,2022-08-19,CVR493,Cultivar,Infected,8,1,1,0.7003513074358677,0,0,0.7685808338250096,0.7174482977543483,0.6263788243191307,0.06684867058307452,0.4599553604584348,0.38431448445370187
90A,2022-08-19,WLD129,Wild cicer,Fungicide,3,8,2,0.0025504538227005,0,0,8.645453698819006e-4,0.6500324088310651,0.6456086767883026,0.02003214206948776,0.5233891817232037,0.19194763978510312
91A,2022-08-19,CVR503,Cultivar,Infected,10,5,2,0.5621100856901166,0,0,0.4945592490892599,0.5838083072811604,0.4576563522083412,-0.02400887634945155,0.4959044929203458,0.12372335380713498
92A,2022-08-19,CVR501,Cultivar,Infected,11,5,2,0.5355820536563394,0,0,0.4688979706104926,0.5889865183732946,0.4840454302898339,-0.00599671745647926,0.4925597857100758,0.13583354949374907
93A,2022-08-19,CVR019,Cultivar,Infected,12,5,2,0.700437426655855,3,0.00193105325051862,0.594296346760181,0.6046797005420739,0.47913586716923445,0.04153589388402198,0.4922275671046931,0.16010612264272578
94A,2022-08-19,CVR499,Cultivar,Infected,13,5,2,0.07708663872169991,0,0,0.06849557180473421,0.5847535856083034,0.6273947312117153,-0.07009989127816692,0.43464582784129857,0.2012601897418407
95A,2022-08-19,WLD133,Wild cicer,Infected,14,5,2,0.16837301190822718,0,0,0.11490593916066714,0.685662954426152,0.6928080721926086,0.19295867849274304,0.37135629300799783,0.4216760263032948
96A,2022-08-19,CVR493,Cultivar,Infected,15,5,2,0.732854688425686,4,0.00248751634658628,0.6749741487768874,0.7421205299137951,0.7088374103453053,0.14063257958636396,0.45517524527550657,0.433317837837494
97A,2022-08-19,CVR504,Cultivar,Infected,16,5,2,0.5200938431693946,12,0.00605482884790439,0.5507546981315835,0.6028192290384973,0.5334867225973816,-0.03430060167976332,0.4623344057429172,0.1947672480295534
98A,2022-08-19,CVR015,Cultivar,Infected,17,5,2,0.6618493915461655,1,5.167132530645264e-4,0.7570666613988551,0.665941272686742,0.5541175131736978,0.06548945389511668,0.46269164482340985,0.2937665963114509
99A,2022-08-19,CVR010,Cultivar,Infected,18,5,2,0.5984391474139855,1,3.279141798294111e-4,0.5691459359999802,0.62245463102095,0.5480389607862516,0.02574014478008183,0.4762626112644192,0.20779249222565105
9A,2022-08-19,CVR496,Cultivar,Infected,9,1,1,0.6221219329104903,1,5.564604263771823e-4,0.6765853469662128,0.7203249109337866,0.6188872401104217,0.13159976266975754,0.4459454241729427,0.4042278051907278
100A,2022-08-23,CVR482,Cultivar,Infected,10,6,2,0.3666790773174212,3,0.00144415119888181,0.27567208044188785,0.5547989271518098,0.5097837709776539,-0.02360914578271435,0.46700744107870984,0.11849226689562684
101A,2022-08-23,CVR498,Cultivar,Infected,11,6,2,0.5075138124958666,1,5.962075996898381e-4,0.4378529323283698,0.5941355041444014,0.5250793152553229,0.04632770665975994,0.45916564753771183,0.1856038010103912
102A,2022-08-23,CVR484,Cultivar,Infected,12,6,2,0.23889802852243391,1,2.6829341986042726e-4,0.2180226232774902,0.585746959914008,0.5254455543748722,0.0641079218510973,0.45595122806461647,0.17709207445192404
103A,2022-08-23,WLD131,Wild cicer,Infected,13,6,2,0.11544281439296208,0,0,0.10842184888655287,0.714553118545073,0.6627544482770619,0.09878056231817726,0.3648326929805975,0.4730377402862511
104A,2022-08-23,CVR494,Cultivar,Infected,14,6,2,0.7033356696361964,43,0.01557759179040645,0.7122281947154347,0.7971556479870732,0.7643285436402378,0.10966499294249928,0.5014841790033308,0.4925895222081476
105A,2022-08-23,Genesis090,Cultivar,Infected,15,6,2,0.5471982115215481,17,0.00666096687472467,0.5243467668333727,0.7711744947470859,0.7171609286065851,0.12386968993519476,0.48325044431983294,0.4589677552874956
106A,2022-08-23,Howzat,Cultivar,Infected,16,6,2,0.6734092406906133,4,0.00255707780175148,0.6326900206863,0.6262051971475942,0.5121599818289798,0.07045430191100825,0.4691546479082106,0.22238413447523023
107A,2022-08-23,WLD129,Wild cicer,Infected,17,6,2,0.03280479825977381,0,0,0.02369640263812663,0.5588455931555868,0.4407144019857865,0.15458730934403142,0.3579913221816549,0.25108725805363763
108A,2022-08-23,CVR495,Cultivar,Infected,18,6,2,0.6669304255254156,25,0.01211960044460033,0.617914154364682,0.6205283458207849,0.5059161393221235,0.09876466110463164,0.44814699831926097,0.23878440493656175
109A,2022-08-23,CVR481,Cultivar,Infected,10,7,2,0.6069815115811864,5,0.00310359979191405,0.5462354836981099,0.5665159867288971,0.5224311254426803,0.00455098740846423,0.4495319740784873,0.15695537494838305
10A,2022-08-23,CVR481,Cultivar,Infected,1,2,1,0.7037960762353592,21,0.00770101975798642,0.672537702734493,0.7447851063277754,0.5611332936326336,0.0409026430688918,0.41094282838165513,0.4810851795488724
110A,2022-08-23,CVR477,Cultivar,Infected,11,7,2,0.7374852526388487,10,0.00469679570307737,0.7031504683316748,0.6055877019556644,0.5350946770931188,0.04601742100085079,0.4645445224205041,0.1962537712409365
111A,2022-08-23,WLD132,Wild cicer,Infected,12,7,2,0.06498357603579386,0,0,0.07714102550355321,0.5653177394471327,0.4784203861467228,0.13084935856415902,0.40836866384171633,0.20405735974462985
112A,2022-08-23,WLD085,Wild cicer,Infected,13,7,2,0.23015692769372403,0,0,0.18450184143616016,0.7359739417297692,0.6828994061768372,0.12126007505268242,0.37414302341011896,0.4993247357330444
113A,2022-08-23,CVR500,Cultivar,Infected,14,7,2,0.6636976424982004,23,0.01284830675429968,0.6395670861285423,0.7760137661230466,0.7244689564322939,0.09714884489695332,0.48003442933953366,0.4716902346380354
114A,2022-08-23,CVR491,Cultivar,Infected,15,7,2,0.7520725235936189,6,0.00152695390809453,0.7271219535874912,0.786875587146728,0.7058436197588905,0.15428281484426062,0.47316539141488695,0.4997950274900284
115A,2022-08-23,CVR502,Cultivar,Infected,16,7,2,0.4939831581247866,6,0.00424964883383739,0.4010311590747634,0.584041278349915,0.48300464684741456,0.07147948702042112,0.408304692269011,0.23076680674633276
116A,2022-08-23,CVR492,Cultivar,Infected,17,7,2,0.8618712167997217,0,0,0.8116509122518534,0.6256633281275754,0.5254316950519986,0.08955187521412755,0.46051898145202097,0.2319866116470592
117A,2022-08-23,CVR485,Cultivar,Infected,18,7,2,0.6762644240609611,23,0.0126760670318017,0.6210579557097071,0.610703875162858,0.4953845835205481,0.08486808961951478,0.48656491407250846,0.176621533894886
118A,2022-08-23,CVR016,Cultivar,Infected,10,8,2,0.8401890470290755,0,0,0.7945957899550923,0.5942745964574978,0.5269482423617299,0.06433595359647085,0.4472697829240854,0.20022477216675588
119A,2022-08-23,CVR497,Cultivar,Infected,11,8,2,0.8622223182350545,2,0.00120566692684104,0.8135371930588684,0.616779538252603,0.5442401785503957,0.06363861852660366,0.4849659198545117,0.1880679499313494
11A,2022-08-23,CVR499,Cultivar,Infected,2,2,1,0.25872863506335336,15,0.00490546647364991,0.24195481101649371,0.705512658923996,0.5362650150122651,0.04319628434239248,0.4162662508195349,0.40951249070161694
120A,2022-08-23,CVR496,Cultivar,Infected,12,8,2,0.5984954561347465,6,0.00225896718391506,0.5494971775935734,0.6014189221991101,0.5249392455196249,0.05731289872058541,0.4792948505693022,0.1715845049877306
121A,2022-08-23,WLD085,Wild cicer,Infected,1,9,3,0.0978645566824795,0,0,0.2506002647153127,0.4923195454668069,0.5192175056622157,0.0464108120624064,0.35013011984286163,0.1718043564390742
122A,2022-08-23,CVR019,Cultivar,Infected,2,9,3,0.6424493811051825,47,0.01687600466811718,0.6206649805415789,0.6044165531621867,0.6141223140906,0.10490032936968882,0.39958696898272494,0.27005164040359225
123A,2022-08-23,CVR494,Cultivar,Infected,3,9,3,0.5452373431279913,15,0.00507770167819691,0.4576588808020279,0.5941024807336139,0.6174324091041133,0.09990511145306392,0.4204685883984444,0.2314505780356436
124A,2022-08-23,CVR498,Cultivar,Infected,4,9,3,0.548569494485961,7,0.00291810805444957,0.4873285059957022,0.6055085159468708,0.5064760338575027,0.04061143386490654,0.4255276557014021,0.2424509125129454
125A,2022-08-23,CVR485,Cultivar,Infected,5,9,3,0.6739657033428388,9,0.00507439734068131,0.6047101887155766,0.6398724140756821,0.5443067573079002,0.07148332564312002,0.4423825219096247,0.2754654481946619
126A,2022-08-23,CVR502,Cultivar,Infected,6,9,3,0.3901101297093477,11,0.00384885723790555,0.3034161273117343,0.6200796830822061,0.5516164887619143,0.10579752877655232,0.42223399414658686,0.268017754768672
127A,2022-08-23,Genesis090,Cultivar,Infected,7,9,3,0.5508483415379325,9,0.00297441400350184,0.568792258348665,0.5899742060758173,0.520243535333105,0.01181309088087324,0.44273812819191793,0.19929194658094823
128A,2022-08-23,CVR010,Cultivar,Infected,8,9,3,0.45540505984817253,5,0.00224240302772233,0.5041085456747736,0.6195855187570521,0.578253670671351,0.02086040453196224,0.46651574597533335,0.2153020575248964
129A,2022-08-23,CVR491,Cultivar,Infected,9,9,3,0.449893429768986,0,0,0.5850221327923569,0.6208329745684755,0.5539376889866463,0.07692969388079327,0.431910292138961,0.25814193163159255
12A,2022-08-23,CVR500,Cultivar,Infected,3,2,1,0.6810473530479475,53,0.0195390663068824,0.6229049389999094,0.7340699119748115,0.5492516643271377,0.10547076145255968,0.4023696181074752,0.4707422109878144
130A,2022-08-23,CVR484,Cultivar,Infected,1,10,3,0.46126447908500007,26,0.01175193293062134,0.4844990847851796,0.5885801621268554,0.589911006271385,0.03763063146305672,0.4313019634709867,0.21078793395795875
131A,2022-08-23,CVR481,Cultivar,Infected,2,10,3,0.6991920102437311,33,0.01486216571228605,0.7058226994749461,0.6530216430362127,0.6439497895163153,0.0770614590729386,0.468680353946306,0.26564381357094785
132A,2022-08-23,CVR492,Cultivar,Infected,3,10,3,0.7517545449352043,9,0.00606477549856398,0.706923029945705,0.6426786673633148,0.617943734173727,0.10907351454532324,0.4683870111427638,0.24935225576929773
133A,2022-08-23,CVR496,Cultivar,Infected,4,10,3,0.6331783158457815,20,0.01041047219751693,0.6016056848873643,0.721218685068616,0.5849175590109289,0.12602481282845188,0.4832480525718971,0.3652811770912549
134A,2022-08-23,WLD131,Wild cicer,Infected,5,10,3,0.04793197047831046,0,0,0.05988941562272801,0.6786628235072703,0.5113240636874461,0.21908670842728584,0.3804996319044179,0.4019623000237562
135A,2022-08-23,Howzat,Cultivar,Infected,6,10,3,0.3706107509376102,30,0.01095699016259548,0.3388231899600794,0.6617126047352437,0.5400295094088352,0.12764660184543355,0.4555085795694816,0.2951741764512073
136A,2022-08-23,CVR016,Cultivar,Infected,7,10,3,0.3460899591850753,18,0.00714125618519904,0.6655427447418122,0.6381280566105355,0.5388395312730704,0.0748913620701177,0.42485961948531,0.2925953906031219
137A,2022-08-23,CVR482,Cultivar,Infected,8,10,3,0.2770355938660361,10,0.0047166773809622,0.310018110136287,0.6362899780148382,0.5471697039688133,0.07267466849604151,0.4759816859504829,0.22995214525500712
138A,2022-08-23,CVR497,Cultivar,Infected,9,10,3,0.4369921081593516,3,0.00184825033595783,0.6703763393097882,0.6725896531368275,0.5503730484074754,0.10880250698431285,0.487343499906448,0.27557460098049186
139A,2022-08-23,CVR493,Cultivar,Infected,1,11,3,0.8143334073667376,8,0.00346794559482776,0.8397486367730151,0.6512111319958335,0.6188819936894212,0.11240190924054884,0.44267259981319695,0.29300367607018224
13A,2022-08-23,WLD129,Wild cicer,Infected,4,2,1,0.17415624875814287,0,0,0.14092089529074978,0.533873213440863,0.4957779210462332,-0.00156829081873762,0.36604359592130353,0.2085930537240568
140A,2022-08-23,CVR495,Cultivar,Infected,2,11,3,0.703726518403831,33,0.01368959826514783,0.7406402993710991,0.6564614927393214,0.6247447700830885,0.09332149478616336,0.4613467634139768,0.27987738124816813
141A,2022-08-23,CVR504,Cultivar,Infected,3,11,3,0.7051441732559296,15,0.00582959622118066,0.6592944395685748,0.6101756754302858,0.5810067914996239,0.0831472139457716,0.4566287012954253,0.212852819975922
142A,2022-08-23,CVR015,Cultivar,Infected,4,11,3,0.7943570606073782,4,0.00224902981557664,0.7554947607263426,0.6956403143970004,0.5716114661541867,0.12593330721947885,0.435360584699215,0.37335058845200664
143A,2022-08-23,WLD132,Wild cicer,Infected,5,11,3,0.06009465416266924,0,0,0.07384003409127687,0.6506573424083998,0.5146016472813886,0.04225625697845271,0.44972510351550055,0.2840501143504486
144A,2022-08-23,WLD129,Wild cicer,Infected,6,11,3,0.1230577408064536,0,0,0.12390507051080148,0.7095728624289821,0.5468771752632386,0.26258181131687636,0.4218935053732811,0.4105975597689109
145A,2022-08-23,CVR500,Cultivar,Infected,7,11,3,0.7016364711802934,6,0.00185486808792394,0.7889762450508598,0.6246114413863071,0.5513277424060266,0.04395968831971621,0.4402679096726588,0.254265668495261
146A,2022-08-23,CVR501,Cultivar,Infected,8,11,3,0.45690220936487463,9,0.00585278810988741,0.6199576252389483,0.6447013989348028,0.562990022386374,0.02460362151496088,0.4777786317642604,0.24122643038916497
147A,2022-08-23,CVR503,Cultivar,Infected,9,11,3,0.5473174535184535,20,0.0120732344925048,0.6923043536913382,0.666333390778036,0.5549829180391904,0.08309709116783315,0.4809498677906308,0.27281257556799127
148A,2022-08-23,WLD133,Wild cicer,Infected,1,12,3,0.17013183136258295,19,0.00487234621140907,0.22855435778332425,0.5392512287826098,0.5657743403154565,0.02995329983738972,0.3538549780887408,0.22911527952588573
149A,2022-08-23,CVR499,Cultivar,Infected,2,12,3,0.001371282964413,0,0,6.287602690050186e-4,0.3955223431968851,0.47661782566580824,-0.14367489845866532,0.4310798562165248,-0.04286628876224652
14A,2022-08-23,WLD085,Wild cicer,Infected,5,2,1,0.1655145162601875,0,0,0.1518849024815248,0.5405177497359231,0.4876316911354406,0.05188020021896619,0.3783051376466989,0.2039078124243136
150A,2022-08-23,CVR477,Cultivar,Infected,3,12,3,0.6108635010359981,29,0.01437526238742498,0.562661845725866,0.5640099044995445,0.5521024968647766,0.07431175084598536,0.4120996601885207,0.19791016569447956
151A,2022-08-23,CVR499,Cultivar,Fungicide,10,9,3,0.05203919481616582,0,0,0.01925578323827869,0.541209433454194,0.5091289319740723,0.090285243034755,0.4397664542072452,0.1331282745471888
152A,2022-08-23,CVR498,Cultivar,Fungicide,11,9,3,0.514234423932567,3,8.048802595812817e-4,0.3995771509526893,0.5586282847430019,0.5438136652872413,0.10649991957025871,0.39100274444579847,0.21447152426101035
153A,2022-08-23,Howzat,Cultivar,Fungicide,12,9,3,0.38928868484177664,1,5.167132530645264e-4,0.22533196140467351,0.551905615975592,0.5507580539215875,0.115439733791509,0.3947930759122994,0.2008825381368804
154A,2022-08-23,CVR496,Cultivar,Fungicide,13,9,3,0.7473061559950915,0,0,0.7266896809025503,0.7251680208721304,0.5696382113781421,0.09928831438596844,0.5781685487861711,0.2531284858568601
155A,2022-08-23,CVR492,Cultivar,Fungicide,14,9,3,0.7205826995774972,0,0,0.6910468331533283,0.7134385428571618,0.5663785028591037,0.11147266687359784,0.5583116876756425,0.2578233161072787
156A,2022-08-23,WLD129,Wild cicer,Fungicide,15,9,3,0.08895452969148682,0,0,0.107557303516671,0.6580180851835624,0.5201312717758607,0.18859755976661463,0.5151347664464637,0.21615189150260983
157A,2022-08-23,CVR493,Cultivar,Fungicide,16,9,3,0.8297321863560034,3,9.605570580386348e-4,0.5727220100299463,0.5745735551614842,0.5260167279289694,0.04940324639252644,0.4385986804944721,0.18178634237919788
158A,2022-08-23,CVR481,Cultivar,Fungicide,17,9,3,0.6156696159668272,1,5.167132530645264e-4,0.4792725150490754,0.5895412145560328,0.5457488533891091,0.05483213156043703,0.4315100264053402,0.21194969535720515
159A,2022-08-23,CVR477,Cultivar,Fungicide,18,9,3,0.431573221855536,4,0.0032460316808888,0.3110398455734201,0.5539323106966646,0.5206867661426001,0.06909618966030509,0.39477457236062896,0.2037032337482739
15A,2022-08-23,CVR482,Cultivar,Infected,6,2,1,0.5289210632180917,21,0.00784676941508623,0.4198939671449139,0.5928696758768294,0.5409128685407115,0.01818682519034715,0.4205347012945958,0.22957251582939375
160A,2022-08-23,CVR010,Cultivar,Fungicide,10,10,3,0.6812692756532993,3,0.00120566425715056,0.6286423764545801,0.5940990858169275,0.5599587636501745,0.09847860887767428,0.4207727522411168,0.23109583352839672
161A,2022-08-23,CVR015,Cultivar,Fungicide,11,10,3,0.7659708407884908,0,0,0.7510148438096819,0.6414743939807134,0.5925358837031632,0.1664370993346417,0.4237326490189513,0.29901925961561093
162A,2022-08-23,CVR497,Cultivar,Fungicide,12,10,3,0.7740892334111388,0,0,0.6622417533295358,0.6173807634072327,0.5682882698672577,0.15997573639169457,0.428692982404677,0.2566017435273563
163A,2022-08-23,CVR491,Cultivar,Fungicide,13,10,3,0.7344909536054445,2,0.00177869586307277,0.7555733557599683,0.7252987521644917,0.5610044340916578,0.111793551285984,0.5460695919342718,0.2967682662252062
164A,2022-08-23,CVR502,Cultivar,Fungicide,14,10,3,0.5618285420863119,31,0.01262637279712057,0.5970864704538907,0.7435976108680402,0.5887896987499982,0.11316334017855076,0.5731509334335388,0.297045652808237
165A,2022-08-23,CVR016,Cultivar,Fungicide,15,10,3,0.755543790614645,1,3.279141798294111e-4,0.8155413664163219,0.7312884095317954,0.5365298434739536,0.16631140242691278,0.5547225415801152,0.2970799730430589
166A,2022-08-23,WLD133,Wild cicer,Fungicide,16,10,3,0.3834292656049491,0,0,0.4153354551946275,0.5635863242146041,0.5011583902819808,0.08309397318113261,0.3689386389179155,0.24574517828780076
167A,2022-08-23,WLD085,Wild cicer,Fungicide,17,10,3,0.28319974265051095,0,0,0.35965087387087064,0.58578312261919,0.5018147251674385,0.14511688580873444,0.36772325888146584,0.2779270369790207
168A,2022-08-23,CVR501,Cultivar,Fungicide,18,10,3,0.6388621843649427,44,0.02087062893668546,0.5895806447426434,0.6145112131017982,0.5576699939780275,0.1039462400207768,0.4338499485580443,0.2463357763280746
169A,2022-08-23,Genesis090,Cultivar,Fungicide,10,11,3,0.6889371985098599,1,7.949465466652102e-4,0.5818783314473319,0.5929268052088456,0.5508246817485808,0.09101030797760228,0.4404081446801577,0.20642145174370283
16A,2022-08-23,WLD133,Wild cicer,Infected,7,2,1,0.18969745568815688,12,0.00496509704987816,0.21142064045293749,0.6748647591044311,0.6436295102258637,0.10879794686349192,0.37468894319163665,0.401768837146132
170A,2022-08-23,CVR495,Cultivar,Fungicide,11,11,3,0.582305042777136,29,0.00984074468266513,0.5031261077544533,0.6141071338369375,0.5599897753444631,0.1201230340448522,0.4370783688010064,0.2419790832315376
171A,2022-08-23,CVR504,Cultivar,Fungicide,12,11,3,0.669335139129676,11,0.00427944853504723,0.6112728740233165,0.6013987656156035,0.5475891933834808,0.14144093293513704,0.42746041080206726,0.23412613513476235
172A,2022-08-23,WLD131,Wild cicer,Fungicide,13,11,3,0.08456576174982684,0,0,0.10806817123523756,0.6531881562118017,0.4941795053477216,0.08471618949279316,0.4506007307331504,0.28708402170109776
173A,2022-08-23,CVR484,Cultivar,Fungicide,14,11,3,0.25161055030363466,25,0.01094043582267424,0.2952815413314818,0.6723000732336861,0.5377561230898309,0.03998599618461879,0.5423814986323322,0.20448125918961188
174A,2022-08-23,WLD132,Wild cicer,Fungicide,15,11,3,0.03187404822837271,0,0,0.06511598535883224,0.6842553097900044,0.4611778761132498,0.1767946065436427,0.5326550689164558,0.23854221213462387
175A,2022-08-23,CVR503,Cultivar,Fungicide,16,11,3,0.7855265282809892,44,0.01891306746687289,0.7330165811094133,0.5895106780523143,0.5527104977438371,0.0693122101210377,0.4068066635465,0.24034210677861195
176A,2022-08-23,CVR482,Cultivar,Fungicide,17,11,3,0.2844385345072512,8,0.00318640065286678,0.28313860863632245,0.5623794900206832,0.5433208054796517,0.00205969334562488,0.44049698689379013,0.16201886468582155
177A,2022-08-23,CVR485,Cultivar,Fungicide,18,11,3,0.5482283298837037,12,0.00706176721903959,0.4591521864409148,0.5613564347991524,0.5260522168447571,0.03230872502494813,0.4707681434846665,0.12312687335040004
178A,2022-08-23,CVR494,Cultivar,Fungicide,10,12,3,0.7086684367200248,6,0.00275249688592157,0.6350478716950687,0.5866824237230555,0.5698244971145504,0.10691003433471293,0.4220089086720378,0.21886001857255924
179A,2022-08-23,CVR500,Cultivar,Fungicide,11,12,3,0.790594313149472,7,0.00601840954646846,0.7048795590714386,0.5854107669544256,0.5371685771194825,0.12973437306891203,0.4192985693982057,0.22015084051624031
17A,2022-08-23,Genesis090,Cultivar,Infected,8,2,1,0.6798615576342764,20,0.00711143927472869,0.6852700981818446,0.7470920250066517,0.6881342032192623,0.13140994086443844,0.4898339673811991,0.40573848103066135
180A,2022-08-23,CVR019,Cultivar,Fungicide,12,12,3,0.6649231852441734,1,0.00111292372780565,0.6511991511051352,0.6105266644708851,0.5498508459876933,0.1518801840486647,0.4516640691219329,0.21934862836118235
18A,2022-08-23,CVR019,Cultivar,Infected,9,2,1,0.6213369230975292,42,0.01460047969419539,0.6204684929575149,0.7549421788852178,0.6669351311974918,0.17450125553783782,0.511986865913223,0.39602840045386095
19A,2022-08-23,CVR494,Cultivar,Infected,1,3,1,0.7953441193595402,22,0.00894312910991564,0.7584420744873036,0.7528400997699,0.5740240152157042,0.0487713327465137,0.43518921158572305,0.4724331708721609
1A,2022-08-23,WLD132,Wild cicer,Infected,1,1,1,0.00699553048512139,0,0,0,NA,NA,NA,NA,NA
20A,2022-08-23,Howzat,Cultivar,Infected,2,3,1,0.5707750041319146,44,0.01333850295753115,0.5446635830255974,0.7602742646844538,0.5831610046947429,0.04403524819820114,0.4619606742499469,0.4598047482106408
21A,2022-08-23,CVR010,Cultivar,Infected,3,3,1,0.31536527131576375,32,0.00930415426966625,0.2775976587657157,0.7169182862264978,0.5133696896884764,0.0642304663694032,0.41619411836089554,0.4286122924638472
22A,2022-08-23,CVR501,Cultivar,Infected,4,3,1,0.886839166040652,9,0.00471004578765229,0.7945957899550923,0.5882027542398635,0.5464286262247954,0.01501300561394542,0.39762899706104526,0.2487539379268139
23A,2022-08-23,CVR491,Cultivar,Infected,5,3,1,0.7644405684948704,5,0.004690182469049,0.7604069503279444,0.6172239850102734,0.5396705017313709,0.04523472849974939,0.3938127067357633,0.2951547297551282
24A,2022-08-23,CVR502,Cultivar,Infected,6,3,1,0.5829078773170471,22,0.00961219933970439,0.4407216510557052,0.5516218950416573,0.5204761570614908,-0.0164961564921649,0.42008118149617274,0.17121588089330023
25A,2022-08-23,CVR485,Cultivar,Infected,7,3,1,0.5666280324617574,41,0.02510371718760764,0.580385025808445,0.6741914066066138,0.6537884327192752,0.04861775286152994,0.4385397576996288,0.334570747952086
26A,2022-08-23,CVR503,Cultivar,Infected,8,3,1,0.6509851207169997,30,0.0119506659632055,0.700596129738842,0.7411229120640203,0.6682985924220923,0.11581500964993768,0.493475790407004,0.3904419943614008
27A,2022-08-23,CVR504,Cultivar,Infected,9,3,1,0.6401771586085948,5,0.0029578599510735,0.6764281568989615,0.7167822050532546,0.6324631405217306,0.1075211793617816,0.5172707781248912,0.3170725838918406
28A,2022-08-23,CVR495,Cultivar,Infected,1,4,1,0.7001790689958931,53,0.020201535008220958,0.6426715899567547,0.7263453296401838,0.5375252007113682,0.04218498722300317,0.3972378707269169,0.4625751260451134
29A,2022-08-23,CVR492,Cultivar,Infected,2,4,1,0.749455824217082,11,0.00391841047862577,0.7352565395677436,0.751012423020375,0.558542485927586,0.08227483455360994,0.4193707107868055,0.4841149953165267
2A,2022-08-23,CVR016,Cultivar,Infected,2,1,1,0.6463015600607678,19,0.00736317165989286,0.601880767505054,0.7282443332587265,0.5580214952987234,0.12345969066573444,0.3345478580566776,0.5205095641962816
30A,2022-08-23,CVR484,Cultivar,Infected,3,4,1,0.1589727678188453,18,0.00874108085569315,0.12673449172132406,0.6655981163044716,0.523920357985813,-0.01586326832107298,0.4207937389227923,0.34004363561762446
31A,2022-08-23,CVR491,Cultivar,Fungicide,10,1,1,0.6620050685976809,0,0,0.4911010676097323,0.5598849112685659,0.4940281716275075,0.04585146692426149,0.4084424323031343,0.19634215007719508
32A,2022-08-23,CVR016,Cultivar,Fungicide,11,1,1,0.7863910327585539,0,0,0.6882567094596185,0.5836098716873518,0.5276258384830069,0.07576975980634956,0.404928437054239,0.2339742944610256
33A,2022-08-23,Howzat,Cultivar,Fungicide,12,1,1,0.4759610552036002,1,0.00113280203777325,0.29115530206613643,0.5583277256242476,0.5238008446751967,0.04194970328645307,0.4127086806351863,0.18922050024432832
34A,2022-08-23,CVR496,Cultivar,Fungicide,13,1,1,0.8036579363660056,0,0,0.7540407526042685,0.6770176908907007,0.47697463778116006,0.05964615090962223,0.51922896761674,0.24332357883146155
35A,2022-08-23,Genesis090,Cultivar,Fungicide,14,1,1,0.6600508247595078,1,4.3059437755377206e-4,0.532913625498566,0.6341479176130783,0.4342582720036347,0.04270725729081165,0.4999872508415418,0.1964474488166804
36A,2022-08-23,CVR484,Cultivar,Fungicide,15,1,1,0.4819562778257924,3,0.00172237751021508,0.37124364133065063,0.6219050380439254,0.46988961896793463,0.04346990070879871,0.4926342409407528,0.18636898199085977
37A,2022-08-23,WLD133,Wild cicer,Fungicide,16,1,1,0.24545965062992708,0,0,0.2143286566970857,0.5000091353740711,0.48036845985985127,0.07404289870157933,0.34839317579980345,0.1835988344115299
38A,2022-08-23,CVR499,Cultivar,Fungicide,17,1,1,0.07138620881407967,0,0,0.03422813714396069,0.5848278761157167,0.5498279873068797,0.13325250766761004,0.4306668162097809,0.2060607478708272
39A,2022-08-23,CVR015,Cultivar,Fungicide,18,1,1,0.7976858996876561,0,0,0.657997621513752,0.595164557395913,0.5612109312339545,0.15480418366171902,0.37845017172725143,0.27971813431127346
3A,2022-08-23,CVR497,Cultivar,Infected,3,1,1,0.6656651354471408,0,0,0.574883373454651,0.6752951604523322,0.5342699671838315,0.07626722370780888,0.35924324134005436,0.41728271119826355
40A,2022-08-23,CVR497,Cultivar,Fungicide,10,2,1,0.7769278553930274,0,0,0.6997315843689601,0.6134753938209794,0.557974013663631,0.06972583134617989,0.44882745969332066,0.2272085942046624
41A,2022-08-23,CVR503,Cultivar,Fungicide,11,2,1,0.6631345552905912,5,0.00194761518881515,0.6552074978200422,0.6502359612054341,0.5825672261869504,0.10205334508186656,0.4448056978906024,0.28902440476063135
42A,2022-08-23,CVR477,Cultivar,Fungicide,12,2,1,0.5580525455176384,4,0.00313010098786791,0.4698804085308129,0.5810501578674823,0.509848422308663,0.09679355466824496,0.4216560279518729,0.21111897608946137
43A,2022-08-23,CVR500,Cultivar,Fungicide,13,2,1,0.8257806390696636,3,0.00255708375722759,0.8026124833849062,0.6789990693017551,0.47432312164169727,0.06134516008379471,0.5137586731559433,0.25376377177157367
44A,2022-08-23,WLD085,Wild cicer,Fungicide,14,2,1,0.1581612597843497,0,0,0.1659534135005121,0.6537980813991948,0.3973029240215236,0.14673639251230525,0.44156916759169873,0.29836642901635135
45A,2022-08-23,CVR502,Cultivar,Fungicide,15,2,1,0.6367158284206441,16,0.00704850452528571,0.6473872919742922,0.6853520473847186,0.4684608461373107,0.0934850459743534,0.5089892892721688,0.27084265827803405
46A,2022-08-23,CVR495,Cultivar,Fungicide,16,2,1,0.6912657297272086,6,0.00244776342317105,0.6403923339816114,0.5922166534552915,0.5777275489438137,0.07847888270088582,0.40774891735129265,0.24319291541460733
47A,2022-08-23,CVR494,Cultivar,Fungicide,17,2,1,0.7690578835972659,16,0.00665434407087,0.7332523662102901,0.6522259936243155,0.6277718754396433,0.12243801486392406,0.4571596130995741,0.2779401919095694
48A,2022-08-23,CVR019,Cultivar,Fungicide,18,2,1,0.7004506757666222,0,0,0.6860953460349137,0.6304670376180221,0.5653258307346477,0.17421296102206968,0.42457754237494566,0.28114772013853073
49A,2022-08-23,CVR501,Cultivar,Fungicide,10,3,1,0.6637075793312759,5,0.0023517132990739,0.6927366263762792,0.6166204553510376,0.5444656392482711,0.05882003974051701,0.43851370842866183,0.24411444357350712
4A,2022-08-23,CVR498,Cultivar,Infected,4,1,1,0.6730250164783622,8,0.00383892262140193,0.5018685872164432,0.51645975658216,0.4808439202161263,-0.04690705665844512,0.38773576420437195,0.1609552725773143
50A,2022-08-23,WLD132,Wild cicer,Fungicide,11,3,1,0.1222859801042598,0,0,0.10405982452033058,0.5803879021820082,0.5206155725303511,0.08493151120688353,0.4258363189538859,0.20528874822998813
51A,2022-08-23,CVR492,Cultivar,Fungicide,12,3,1,0.6262324695260375,1,3.1797738650124707e-4,0.6039242383793203,0.6016395657439272,0.5203781802017896,0.08460792758109387,0.47223651380727777,0.1807598477739892
52A,2022-08-23,WLD129,Wild cicer,Fungicide,13,3,1,0.28710160577147353,0,0,0.2697774529199658,0.6406262460525314,0.4401722444074359,0.03744844840850601,0.463837943264182,0.2515294699095794
53A,2022-08-23,CVR498,Cultivar,Fungicide,14,3,1,0.7124510578440819,19,0.00691933036032059,0.6847985279800909,0.6572927266676777,0.4478458166681823,0.05105015063114231,0.4862310765553114,0.2514119373918991
54A,2022-08-23,CVR482,Cultivar,Fungicide,15,3,1,0.4961560122906198,1,7.419501102208628e-4,0.4450443779051147,0.6245914028135802,0.4119784989496518,0.01932107111231205,0.5173978741978534,0.1583740428812508
55A,2022-08-23,CVR493,Cultivar,Fungicide,16,3,1,0.8056386784257132,0,0,0.7764403371875723,0.6151021676263182,0.5749895667652021,0.12172458959714363,0.4187813958594302,0.264438324029098
56A,2022-08-23,WLD131,Wild cicer,Fungicide,17,3,1,0.0938235778984605,0,0,0.11262668318552396,0.5751195279636149,0.5082487664595249,0.1488675170194166,0.36612525448801697,0.2647393147106078
57A,2022-08-23,CVR504,Cultivar,Fungicide,18,3,1,0.6487095859427201,15,0.00848935286526246,0.651670721306889,0.6051480466535692,0.5683153239823024,0.1164275573601275,0.42672913499882664,0.24053270763908507
58A,2022-08-23,CVR481,Cultivar,Fungicide,10,4,1,0.5730472266285024,7,0.00352425676005724,0.5634870935789351,0.5164718250358143,0.5011879206222293,-0.01758242235832057,0.4152144175051281,0.12889944951754145
59A,2022-08-23,CVR485,Cultivar,Fungicide,11,4,1,0.6417736764560514,0,0,0.5958682474326935,0.5762720988552954,0.5311301175224401,0.03372416001013116,0.46015390170109904,0.1580213196027347
5A,2022-08-23,CVR015,Cultivar,Infected,5,1,1,0.33148612684184603,33,0.01538880758531866,0.20041733574534967,0.5017271116371195,0.5203339913501126,-0.04152366840866411,0.35624226005842774,0.17714757065936806
60A,2022-08-23,CVR010,Cultivar,Fungicide,12,4,1,0.7485449478518318,0,0,0.7333702587607286,0.58742213599785,0.5269367552108866,0.05176607071680429,0.4685532159670472,0.16401109207274134
61A,2022-08-23,CVR493,Cultivar,Fungicide,1,5,2,0.6664335838716428,0,0,0.6456582012345284,0.6300886638389244,0.64783331915211,0.05160079560698073,0.47820697695454834,0.21738152041369144
62A,2022-08-23,CVR495,Cultivar,Fungicide,2,5,2,0.6924382760301124,2,0.00107648594388443,0.696351997923058,0.6433892797777733,0.6587718169014606,0.07577099932374891,0.457349293521665,0.2636074301486896
63A,2022-08-23,CVR501,Cultivar,Fungicide,3,5,2,0.584974738596742,5,0.00408072950809552,0.581210273661514,0.6264876211062679,0.6582051689102768,0.1096668426961618,0.4160862035447761,0.2845850030284072
64A,2022-08-23,WLD085,Wild cicer,Fungicide,4,5,2,0.07957415926825585,0,0,0.06205077904743277,0.4288965014544982,0.4397508046266033,0.01411569981255795,0.3202354770258419,0.12596157984496406
65A,2022-08-23,CVR485,Cultivar,Fungicide,5,5,2,0.6319064012121232,0,0,0.4452801630059916,0.5595048913520351,0.5461739258115785,0.05332482249823454,0.422070600798453,0.17992327332048827
66A,2022-08-23,CVR491,Cultivar,Fungicide,6,5,2,0.6365104672037514,0,0,0.48591379539044094,0.5549412563535524,0.5221345983363547,0.11368307223841168,0.378473319944539,0.22338574767639105
67A,2022-08-23,CVR016,Cultivar,Fungicide,7,5,2,0.742927324886507,0,0,0.758363479453678,0.7414116075424675,0.47091693343809615,0.11085199648049446,0.6317247482794714,0.2063210489187129
68A,2022-08-23,CVR484,Cultivar,Fungicide,8,5,2,0.5326904352313816,3,0.00238153025061692,0.5331101130826301,0.745882061029173,0.5187340275566532,0.11108241067157004,0.6332514817130229,0.2134492689747224
69A,2022-08-23,CVR481,Cultivar,Fungicide,9,5,2,0.5794829821837063,0,0,0.604435106097887,0.7692755292514573,0.5242854629378765,0.14633704771125128,0.6584740714755971,0.22454353309515476
6A,2022-08-23,CVR477,Cultivar,Infected,6,1,1,0.29487220923648055,41,0.0199133740803968,0.10504226244065092,0.4751346613290128,0.534953399462493,-0.01208663619867716,0.3538113592816831,0.1458402147567377
70A,2022-08-23,Howzat,Cultivar,Fungicide,1,6,2,0.6763538555586401,0,0,0.6888068746949979,0.6912942268593392,0.6987393061181978,0.05138189486462218,0.5094619533517702,0.28068684060345506
71A,2022-08-23,WLD132,Wild cicer,Fungicide,2,6,2,0.00913857415172818,0,0,0.02361780760450101,0.6793587092097626,0.6692270748405933,0.23984877454728015,0.4271588360052967,0.35530821099658055
72A,2022-08-23,CVR492,Cultivar,Fungicide,3,6,2,0.6671324744646165,0,0,0.6790217930086072,0.6792637891144524,0.6866820713272566,0.1173755271026682,0.4963073426264808,0.2760038646367631
73A,2022-08-23,CVR496,Cultivar,Fungicide,4,6,2,0.723603496832436,8,0.00475973755801648,0.670219149242537,0.6084857262002613,0.5735895428687028,0.09219515549511054,0.42098417656701226,0.25207339100803533
74A,2022-08-23,CVR498,Cultivar,Fungicide,5,6,2,0.7094070746453004,8,0.00283861062741217,0.650609688352943,0.6028309728483775,0.5702910684029132,0.08660539375992271,0.4122446799973087,0.2536125193607078
75A,2022-08-23,CVR019,Cultivar,Fungicide,6,6,2,0.7074130834748255,0,0,0.6519851014413914,0.5937760819373362,0.531651065763797,0.13246337094713642,0.4204540347058992,0.2309899767822111
76A,2022-08-23,CVR499,Cultivar,Fungicide,7,6,2,0,0,0,7.073553026306459e-4,0.7266982516174099,0.4303746556609105,0.09849243488463091,0.6125419726965362,0.20573635858148948
77A,2022-08-23,CVR502,Cultivar,Fungicide,8,6,2,0.5865878178326578,1,5.829608008878209e-4,0.6265203105466882,0.7715334243612412,0.5104708513827119,0.12517886556760047,0.6549601495316391,0.23565564458433688
78A,2022-08-23,CVR482,Cultivar,Fungicide,9,6,2,0.6174781195865603,1,2.3848303987593532e-4,0.6249091123573628,0.7705828634504367,0.4957805307878747,0.14200525870018132,0.6661835792457061,0.21452626967521743
79A,2022-08-23,CVR497,Cultivar,Fungicide,1,7,2,0.8397518263737556,0,0,0.8441499586560502,0.6958036761591827,0.6928310819863438,0.12612978382966997,0.4623838685325766,0.3441391414374976
7A,2022-08-23,WLD131,Wild cicer,Infected,7,1,1,0.00304729547647333,0,0,0,NA,NA,NA,NA,NA
80A,2022-08-23,CVR503,Cultivar,Fungicide,2,7,2,0.7963775499993877,12,0.00696571573956111,0.8396700417393895,0.7060048406075313,0.7076167335430206,0.11517788273562472,0.47827720221446224,0.3438259929893119
81A,2022-08-23,CVR477,Cultivar,Fungicide,3,7,2,0.7493862663855538,11,0.00461730546366819,0.7736502134938625,0.6845539163906059,0.6794794821758424,0.12022481543919344,0.4739710466810641,0.311724658452527
82A,2022-08-23,WLD133,Wild cicer,Fungicide,4,7,2,0.3803091000192558,0,0,0.3226326130332002,0.49469261086484806,0.5003656213889431,0.04218555727379118,0.3031791978841062,0.22530473124409775
83A,2022-08-23,CVR500,Cultivar,Fungicide,5,7,2,0.7265414871450793,22,0.01708471318403085,0.5792453978208734,0.5634697822341791,0.5376164392292303,0.0699565469519156,0.4067023819185983,0.20337335376876392
84A,2022-08-23,CVR494,Cultivar,Fungicide,6,7,2,0.7944630534935164,11,0.0060051434437252,0.6533998120466528,0.5763404210416482,0.5547728804872109,0.08253649957147192,0.4196196469852921,0.20671303171958108
85A,2022-08-23,WLD131,Wild cicer,Fungicide,7,7,2,0.04591479336399278,0,0,0.06590193569508851,0.6980061161835716,0.405868938053606,0.07830571648816709,0.577188343432484,0.20233449533176476
86A,2022-08-23,CVR504,Cultivar,Fungicide,8,7,2,0.7140906353015323,6,0.00551163288137129,0.7367891427234433,0.7536446214707097,0.4963906656568545,0.10465799439080636,0.6446455800561294,0.21199179319530648
87A,2022-08-23,CVR010,Cultivar,Fungicide,9,7,2,0.7149087678914114,0,0,0.7464563318593955,0.7703548661640429,0.5133523626513484,0.10288172304686276,0.68129737824563,0.1874266112628079
88A,2022-08-23,Genesis090,Cultivar,Fungicide,1,8,2,0.7773054550498948,6,0.00501809767568245,0.8028089709689703,0.654353342194644,0.6692436213093337,0.0897520432714422,0.46504094332804496,0.2721182937742362
89A,2022-08-23,CVR015,Cultivar,Fungicide,2,8,2,0.7541625708171565,1,5.829608008878209e-4,0.8110614494996612,0.7131078235709541,0.6917985924897203,0.14810957607038172,0.4829003473702068,0.3511187263109588
8A,2022-08-23,CVR493,Cultivar,Infected,8,1,1,0.7630990960296838,11,0.00362693293269707,0.8039878964733547,0.7373188437358033,0.6958701838447727,0.11408543194107772,0.4801269708892713,0.3981339405912023
90A,2022-08-23,WLD129,Wild cicer,Fungicide,3,8,2,0.00528639519614287,0,0,0.00286871872733539,0.5173410930920229,0.6351909712501498,-0.03896441056245337,0.58302124002283,-0.09404654551596343
91A,2022-08-23,CVR503,Cultivar,Infected,10,5,2,0.6128309939849385,0,0,0.5009254468129357,0.5593471242898739,0.5060669005352674,0.01991951679256774,0.4445523348442243,0.15278655118605655
92A,2022-08-23,CVR501,Cultivar,Infected,11,5,2,0.5911852592689023,8,0.00406084483194293,0.4444549151529225,0.5756161551576183,0.5282216718261398,0.0298925980437246,0.4498809697599124,0.16967366673848933
93A,2022-08-23,CVR019,Cultivar,Infected,12,5,2,0.7417448417505278,0,0,0.5762194890262867,0.587234848139581,0.5163978925373454,0.0719470099955275,0.4503366662265801,0.18611761497979956
94A,2022-08-23,CVR499,Cultivar,Infected,13,5,2,0.11048102241061744,1,6.889536737765154e-4,0.09627891619139346,0.5731421682143438,0.5998312121405964,-0.08057114010338444,0.4147557688510015,0.20777818778202375
95A,2022-08-23,WLD133,Wild cicer,Infected,14,5,2,0.15919469042419718,4,0.00114604349718157,0.1156132944632978,0.6657137433351663,0.6959360099045413,0.13188741842378285,0.3462439164772289,0.41516510754014785
96A,2022-08-23,CVR493,Cultivar,Infected,15,5,2,0.7488794878987055,22,0.01144389172136584,0.6933653866452842,0.7286121882708932,0.7022234162907856,0.095787663148603,0.4256612158619794,0.4391497241896408
97A,2022-08-23,CVR504,Cultivar,Infected,16,5,2,0.58427916028146,2,0.00237822147732064,0.4406823535388924,0.5638082703977789,0.4803672047407032,0.02897992912804201,0.43057207012519,0.17594978716959458
98A,2022-08-23,CVR015,Cultivar,Infected,17,5,2,0.7828336465175405,3,0.00130172239031915,0.6926580313426536,0.6219434571052548,0.5099459749269631,0.11670407653458983,0.41874727744569584,0.27475173204870046
99A,2022-08-23,CVR010,Cultivar,Infected,18,5,2,0.6488818243826947,7,0.00311353371017819,0.4546329720074413,0.5806531353504787,0.4983895626602789,0.07716549293854374,0.4335723906357666,0.19656767200958317
9A,2022-08-23,CVR496,Cultivar,Infected,9,1,1,0.7185920206847141,4,0.00218941624324861,0.7224062515699535,0.7506319341236622,0.6815248062483387,0.17952175197701972,0.49632482668756345,0.4053072784053516
100A,2022-08-26,CVR482,Cultivar,Infected,10,6,2,0.3737905375217563,5,0.00146733314812554,0.2784622041355976,0.5356708604949172,0.4902824408327271,0.00498946518207177,0.42601547912262183,0.14207820783600478
101A,2022-08-26,CVR498,Cultivar,Infected,11,6,2,0.505331021496958,0,0,0.4174968186193323,0.5779548663100802,0.500594008571532,0.08132593077260264,0.413365156077146,0.21625423074596345
102A,2022-08-26,CVR484,Cultivar,Infected,12,6,2,0.2247678518891348,3,9.837428269933615e-4,0.21542898716784448,0.5611825430872126,0.4982112459113581,0.09533978112999177,0.40317413627208176,0.20421231960426275
103A,2022-08-26,WLD131,Wild cicer,Infected,13,6,2,0.1142305207577564,0,0,0.09069866880397393,0.817384993268346,0.752288968653425,0.2590819805192807,0.42674239040051926,0.5998929622817551
104A,2022-08-26,CVR494,Cultivar,Infected,14,6,2,0.6521510424645199,52,0.01645533858195522,0.6284065913537032,0.8495162444431493,0.8072763631281836,0.23068321966247732,0.5437689138583093,0.5682407709575401
105A,2022-08-26,Genesis090,Cultivar,Infected,15,6,2,0.5064936309667863,24,0.01086093901170652,0.49114036512654513,0.8324866182893677,0.7703400771812394,0.2514057966825026,0.527010009682467,0.5442584585458867
106A,2022-08-26,Howzat,Cultivar,Infected,16,6,2,0.6370006843021405,7,0.00290817372545108,0.6226298563822197,0.6407898148900518,0.5525165032864086,0.05193728054138596,0.4710096256593014,0.2431747463758078
107A,2022-08-26,WLD129,Wild cicer,Infected,17,6,2,0.03301347175435839,0,0,0.02955173264323587,0.576249069979753,0.4608877654153464,0.1327101886910665,0.3804114690621382,0.25082037573708305
108A,2022-08-26,CVR495,Cultivar,Infected,18,6,2,0.6571360203907073,16,0.00842311147826335,0.6423572098222521,0.6396090736351321,0.5309780483924038,0.10280980694973664,0.4491807605975147,0.2671928400914851
109A,2022-08-26,CVR481,Cultivar,Infected,10,7,2,0.5917649078649706,2,0.00141765431550488,0.5090207352763754,0.5480815287885706,0.49728787862220064,0.03722960961946697,0.4050630579560834,0.18383015973803477
10A,2022-08-26,CVR481,Cultivar,Infected,1,2,1,0.7457361363691695,3,0.00220266591710191,0.7238995572088405,0.724754897293152,0.5520195367772259,0.03794468878533377,0.45721850203533776,0.4001270281356946
110A,2022-08-26,CVR477,Cultivar,Infected,11,7,2,0.7358092401267884,13,0.00685309648953972,0.6822048918704452,0.5964930506538723,0.5089100236207889,0.08621003074643231,0.4230505346507664,0.23198254716428113
111A,2022-08-26,WLD132,Wild cicer,Infected,12,7,2,0.0530560640675542,0,0,0.02801912948753614,0.4847910959574347,0.38169917116267577,0.09467640176091502,0.3836146064140716,0.12429131068822476
112A,2022-08-26,WLD085,Wild cicer,Infected,13,7,2,0.2092133958483535,0,0,0.1231191201745452,0.8070774876995628,0.755047696853604,0.2299822989168854,0.4244489955040284,0.5820004433023521
113A,2022-08-26,CVR500,Cultivar,Infected,14,7,2,0.6123175909427065,36,0.01439512767749303,0.5570423008216336,0.8303387996866566,0.7714482072819288,0.22025994049850872,0.5264189225029396,0.5399238711922485
114A,2022-08-26,CVR491,Cultivar,Infected,15,7,2,0.7208344326820754,7,0.00239145492764479,0.6636564639347972,0.8401913726526458,0.7620860154837957,0.2746976847396007,0.5250354992156169,0.5639165473091768
115A,2022-08-26,CVR502,Cultivar,Infected,16,7,2,0.4733046084947615,3,0.0017555001546423,0.4531789638853672,0.5952232870619318,0.5244189218850099,0.0507197787453029,0.4035057148030825,0.25231839443391235
116A,2022-08-26,CVR492,Cultivar,Infected,17,7,2,0.8510566301359331,2,6.260179796743302e-4,0.8327929762971471,0.6452653425934117,0.5614295942216103,0.09324768488445352,0.4599200008322896,0.2635630688572939
117A,2022-08-26,CVR485,Cultivar,Infected,18,7,2,0.6421545883906107,11,0.00506114869363204,0.632886508270364,0.6097602842284425,0.5250263257169547,0.05978733685128981,0.4841059207959047,0.17828082376317936
118A,2022-08-26,CVR016,Cultivar,Infected,10,8,2,0.8408978744551248,2,4.935274019654772e-4,0.7867362865925295,0.5771185818461627,0.4940650461654691,0.10863220818890358,0.39201818281325806,0.239222282007412
119A,2022-08-26,CVR497,Cultivar,Infected,11,8,2,0.861006712322157,2,6.558283596588222e-4,0.8077997556041976,0.6011131925057187,0.5126586519561406,0.1033217714606595,0.4353790296563936,0.22448445655882435
11A,2022-08-26,CVR499,Cultivar,Infected,2,2,1,0.2651577660631737,24,0.0079096908982079,0.2525258430391406,0.6741192417013196,0.515061858696832,0.0305589581624524,0.444484147330983,0.32787931734735676
120A,2022-08-26,CVR496,Cultivar,Infected,12,8,2,0.6226982692288667,10,0.00364681062658276,0.5457639134963561,0.5787610919163032,0.4948079938755256,0.09195180975518304,0.4354257417169234,0.191626715416009
121A,2022-08-26,WLD085,Wild cicer,Infected,1,9,3,0.11445244336310824,0,0,0.2873434429352935,0.5248433486105114,0.5300034964272293,0.02406083419584705,0.4097048823332625,0.14667897589042125
122A,2022-08-26,CVR019,Cultivar,Infected,2,9,3,0.659351934166534,38,0.01736292548975714,0.6511598535883224,0.6255085219766291,0.6354956393283475,0.05711710501977472,0.4664431908951621,0.22459374270942825
123A,2022-08-26,CVR494,Cultivar,Infected,3,9,3,0.5225780514382586,17,0.00597864368529698,0.4916119353282989,0.6121694120903398,0.6293950380658105,0.06307004912947457,0.4797218282173811,0.1875154346111062
124A,2022-08-26,CVR498,Cultivar,Infected,4,9,3,0.535406502938673,27,0.00960558479136686,0.4901972247230376,0.6184456632368274,0.5089859871650728,0.00598463424462253,0.3870420662173899,0.3042240247381051
125A,2022-08-26,CVR485,Cultivar,Infected,5,9,3,0.67123638652478,19,0.0111226167332089,0.6173639891293026,0.6489810102241363,0.5371489712630388,0.03092040721933921,0.41810197606117094,0.3168543780302051
126A,2022-08-26,CVR502,Cultivar,Infected,6,9,3,0.3739263409071209,11,0.00426620181838954,0.32605149699591496,0.6319034411649396,0.5478316875683962,0.06609303930938093,0.39677149237560766,0.3138110556334546
127A,2022-08-26,Genesis090,Cultivar,Infected,7,9,3,0.6668178080838937,33,0.01269924290236557,0.5984225860255264,0.5599088574267498,0.5374310346387643,-0.04257019525506189,0.4419267896258399,0.1567740349381407
128A,2022-08-26,CVR010,Cultivar,Infected,8,9,3,0.545499013065645,37,0.01642885566311208,0.4953451994255162,0.6053968579993301,0.6057733368055908,-0.03770588792771519,0.4822369489858379,0.17394109595682708
129A,2022-08-26,CVR491,Cultivar,Infected,9,9,3,0.7114010658157753,13,0.00673715409092741,0.6414926644523702,0.6103456166753968,0.5639031583908407,0.04454613263148545,0.4404348096286601,0.23237809534986112
12A,2022-08-26,CVR500,Cultivar,Infected,3,2,1,0.6675597582868612,41,0.01992993421150551,0.6584691917155057,0.7129706264709864,0.5401241621135086,0.09154919625289049,0.45653085771890806,0.38018849854664466
130A,2022-08-26,CVR484,Cultivar,Infected,1,10,3,0.4484525889730448,30,0.01460380198025717,0.4521179309314211,0.6142585298472523,0.6098113479764549,5.018323755242758e-4,0.48908661495636446,0.1789258145763319
131A,2022-08-26,CVR481,Cultivar,Infected,2,10,3,0.7148888942252606,23,0.01001961801099568,0.7373000104420099,0.6890720139197103,0.6701459364737395,0.05777191213769657,0.522909242939957,0.2597600722293039
132A,2022-08-26,CVR492,Cultivar,Infected,3,10,3,0.7706676505554899,17,0.00942010020047118,0.7462598442753314,0.6747921776361375,0.6471683699650271,0.074839415228434375,0.5286284374804412,0.2272143590193645
133A,2022-08-26,CVR496,Cultivar,Infected,4,10,3,0.6472422469252443,33,0.01630962777915762,0.6094258907331143,0.7338302174561281,0.5892034774033836,0.08774370498095548,0.45883093906804223,0.4145951153309683
134A,2022-08-26,WLD131,Wild cicer,Infected,5,10,3,0.04851161907437875,1,1.6230095769334486e-4,0.05588106890782102,0.6945071987620915,0.5048311248645173,0.1921553658742524,0.3531241266146065,0.452311132670308
135A,2022-08-26,Howzat,Cultivar,Infected,6,10,3,0.3515485928211928,35,0.01420301523086581,0.3116686058424252,0.670901236474958,0.5276228678320243,0.09382333309948904,0.4295708712910524,0.33904220188041967
136A,2022-08-26,CVR016,Cultivar,Infected,7,10,3,0.6940480429883364,51,0.01636591306890056,0.6802007185129917,0.616223876528561,0.5605631931201567,0.02066488740119919,0.42860263646800567,0.25496006234368623
137A,2022-08-26,CVR482,Cultivar,Infected,8,10,3,0.32310937655923616,17,0.00736317856001595,0.3123759611450558,0.5972081593607255,0.5484857086555411,0.0138174585745836,0.460604289307311,0.1884390510160629
138A,2022-08-26,CVR497,Cultivar,Infected,9,10,3,0.6731541953083432,10,0.00543874696331875,0.66625010004444285,0.6546494540715208,0.556683104421339,0.07114550621360566,0.49231297901125254,0.2395376421272988
139A,2022-08-26,CVR493,Cultivar,Infected,1,11,3,0.870294338970017,2,0.00114604349718157,0.9012492505850686,0.6946871596421015,0.6449266327258452,0.09690644204952618,0.5123419100264957,0.28310846216966146
13A,2022-08-26,WLD129,Wild cicer,Infected,4,2,1,0.19138671731098447,0,0,0.15141333227977102,0.5915412085913982,0.45878983450265537,0.05088158421120218,0.41004320348347334,0.2396195006819915
140A,2022-08-26,CVR495,Cultivar,Infected,2,11,3,0.72133458661354,20,0.00762152808105159,0.7454345964222623,0.7024421237981332,0.664008891140856,0.06701859755588917,0.5354666641876682,0.26764649913351596
141A,2022-08-26,CVR504,Cultivar,Infected,3,11,3,0.7209702360674399,27,0.00981425338511435,0.7294405070794472,0.6580176307248459,0.626994719629051,0.0672353473582438,0.5173466701909561,0.21327458299175656
142A,2022-08-26,CVR015,Cultivar,Infected,4,11,3,0.7850065006833736,26,0.01172874900991387,0.7409153819887888,0.7140927554620037,0.580023365879277,0.1012720394463926,0.4104704446969851,0.42952088209612466
143A,2022-08-26,WLD132,Wild cicer,Infected,5,11,3,0.04091987860472997,0,0,0.04432759896485381,0.6120180588906028,0.48504488530485856,-0.07264980880212715,0.4407989538107122,0.23447506630005335
144A,2022-08-26,WLD129,Wild cicer,Infected,6,11,3,0.12311736180490634,0,0,0.11514172426154402,0.718765091414222,0.5402361261724155,0.21479333464522415,0.3898051942547056,0.4570019594563784
145A,2022-08-26,CVR500,Cultivar,Infected,7,11,3,0.8229917012531521,25,0.00864832545821365,0.7883867822986677,0.6034874655071714,0.5712106911206729,-6.321984243507585e-4,0.4482239314830735,0.2128348281400272
146A,2022-08-26,CVR501,Cultivar,Infected,8,11,3,0.6015990603319807,53,0.02196366429183076,0.60042675938298,0.6055523285326104,0.5745922780411715,-0.03528549907249662,0.4730801207770922,0.1856587573192049
147A,2022-08-26,CVR503,Cultivar,Infected,9,11,3,0.7143589297945696,28,0.01802540285733497,0.7019322453104776,0.644110989930216,0.5699497444633731,0.04404446251357841,0.4745391155583002,0.2442187734825874
148A,2022-08-26,WLD133,Wild cicer,Infected,1,12,3,0.15517027302863728,19,0.00612769993888126,0.2246639036188557,0.5918277669899455,0.5908514838069414,-0.01798172619988191,0.44180115711494783,0.20314225411687853
149A,2022-08-26,CVR499,Cultivar,Infected,2,12,3,0.00625689255984579,0,0,7.859503362562733e-4,0.4817950697828766,0.529015954684064,-0.0974728947573361,0.51000795949229,-0.03740370192913418
14A,2022-08-26,WLD085,Wild cicer,Infected,5,2,1,0.1880843764522411,0,0,0.16092333134847195,0.6019573360505863,0.4494373566399801,0.12140486630714677,0.4199431894524159,0.24359099994100783
150A,2022-08-26,CVR477,Cultivar,Infected,3,12,3,0.6080712509417947,36,0.01459717326202401,0.5843540750065391,0.628997867439944,0.6063637271449691,0.05839486555685045,0.48595334211341823,0.2060161739970727
151A,2022-08-26,CVR499,Cultivar,Fungicide,10,9,3,0.08258170741242736,0,0,0.01516884148974607,0.5298847771719317,0.4481158168782644,0.09349824091128778,0.4323405490364398,0.1265313896641614
152A,2022-08-26,CVR498,Cultivar,Fungicide,11,9,3,0.5527926485430301,1,0.0012917862130734,0.36664583186355143,0.5036077511109598,0.47961128239490686,0.05617663040282473,0.3555723051876982,0.18032628848010704
153A,2022-08-26,Howzat,Cultivar,Fungicide,12,9,3,0.3983709502727439,1,5.829608008878209e-4,0.21460373931477544,0.5007129997287741,0.5005357561242287,0.06797284341748243,0.3622392930277683,0.16915462042485951
154A,2022-08-26,CVR496,Cultivar,Fungicide,13,9,3,0.7342226591124071,0,0,0.7352172420509308,0.7201341139268019,0.5929535254054517,0.06234109790844762,0.5576070753134992,0.27158083114334675
155A,2022-08-26,CVR492,Cultivar,Fungicide,14,9,3,0.751668425715217,0,0,0.7385182334632071,0.711646600149302,0.5847666296714334,0.08568700489319264,0.5397174147568516,0.27914572706698143
156A,2022-08-26,WLD129,Wild cicer,Fungicide,15,9,3,0.09214425310870836,0,0,0.10453139472208434,0.6572851856475369,0.52358640278615,0.17914424136285556,0.4936702277077605,0.24220670472856692
157A,2022-08-26,CVR493,Cultivar,Fungicide,16,9,3,0.8233858622984785,1,0.00101356010711367,0.6806329911979326,0.5922387675617585,0.5484196781360247,0.04272854266321074,0.45013038177483977,0.19376249517760943
158A,2022-08-26,CVR481,Cultivar,Fungicide,17,9,3,0.6302966342538991,1,3.643490886993456e-4,0.5347213112719554,0.6114781151246179,0.5620740179917477,0.07689515518402859,0.433900494329396,0.2417076542957076
159A,2022-08-26,CVR477,Cultivar,Fungicide,18,9,3,0.4195397170011581,0,0,0.39183554014056504,0.5785003320777456,0.5393210543621095,0.08147123944807773,0.4009352722255478,0.2311868012014973
15A,2022-08-26,CVR482,Cultivar,Infected,6,2,1,0.5252643086463237,24,0.0127919881549968,0.43710627950892633,0.6250193578999518,0.49489117670592314,0.08002540489044141,0.44339068210118904,0.25125971866683655
160A,2022-08-26,CVR010,Cultivar,Fungicide,10,10,3,0.7185025891870349,1,6.75704410644824e-4,0.5739009355343307,0.5688253104733433,0.5021734603631174,0.06787903712688645,0.4036925001465105,0.21435533577272164
161A,2022-08-26,CVR015,Cultivar,Fungicide,11,10,3,0.8274235288048057,0,0,0.716826004182534,0.6150991002008028,0.5342133870747785,0.12872842355005412,0.40605071909292023,0.2786425412002211
162A,2022-08-26,CVR497,Cultivar,Fungicide,12,10,3,0.8017997485808952,0,0,0.638584648208222,0.592794969531355,0.49927434220165173,0.1349015147422607,0.4070600300201387,0.24480783938452283
163A,2022-08-26,CVR491,Cultivar,Fungicide,13,10,3,0.7273960547895685,4,0.00329902873341557,0.7490106704522284,0.728578363931728,0.5924223555870193,0.07518071596653418,0.5356198231699343,0.31645050804653
164A,2022-08-26,CVR502,Cultivar,Fungicide,14,10,3,0.548314449103691,32,0.01361675005140296,0.573625852916641,0.7425364839128648,0.6080315589001201,0.08078555908746651,0.555750824674545,0.31802249647822023
165A,2022-08-26,CVR016,Cultivar,Fungicide,15,10,3,0.7283466784871205,3,0.00104336329945721,0.7773048825574542,0.7326559329045469,0.5543553559661033,0.1464461713052969,0.5413120174047019,0.3171071862501367
166A,2022-08-26,WLD133,Wild cicer,Fungicide,16,10,3,0.4667396741095766,0,0,0.46202090516825023,0.6001559289080639,0.5203275492270228,0.09854827636747748,0.3767729755678923,0.28865416488178913
167A,2022-08-26,WLD085,Wild cicer,Fungicide,17,10,3,0.3266402645787151,0,0,0.3878664909424708,0.6236692309904981,0.5280513092682619,0.16830004842706192,0.38708092720618137,0.3118792082141823
168A,2022-08-26,CVR501,Cultivar,Fungicide,18,10,3,0.594225930189992,24,0.01289467369211434,0.6078932875774146,0.6307463114240368,0.5654423668383528,0.10557410268469115,0.43691666816546815,0.2675666054262119
169A,2022-08-26,Genesis090,Cultivar,Fungicide,10,11,3,0.7243984434784725,1,0.00114273431315094,0.5583391188764565,0.5631024861346047,0.48962496706189607,0.06463986980282635,0.4136392517267777,0.19484732486534911
16A,2022-08-26,WLD133,Wild cicer,Infected,7,2,1,0.1664419540138968,14,0.00392503808792331,0.19719493936669896,0.5912542512341111,0.5853359110737841,-0.00314668393414223,0.4247689864936104,0.22232019728984603
170A,2022-08-26,CVR495,Cultivar,Fungicide,11,11,3,0.5767867881425658,15,0.00692926633220553,0.45200003838098274,0.5829121693233754,0.5119106248097629,0.08094446830419073,0.41189103588248693,0.2250563233502272
171A,2022-08-26,CVR504,Cultivar,Fungicide,12,11,3,0.6793879019243463,8,0.00378591825803047,0.5819176289641447,0.5640268641388884,0.48324805475676624,0.10382951952709084,0.39435468869921175,0.2182072892724948
172A,2022-08-26,WLD131,Wild cicer,Fungicide,13,11,3,0.10015334056752632,0,0,0.11415928634122369,0.6433496103805375,0.5267164372764159,0.03260762207290723,0.4311518279280207,0.2936511333321938
173A,2022-08-26,CVR484,Cultivar,Fungicide,14,11,3,0.2479206729549485,20,0.00795607241666527,0.2556696443841657,0.6520364375001704,0.548821216261314,-0.02997830470658378,0.5288703593167788,0.187994679508206
174A,2022-08-26,WLD132,Wild cicer,Fungicide,15,11,3,0.02809142710431559,0,0,0.05988941562272801,0.6422953938941418,0.4489296647470977,0.06334702630724963,0.5296280417018226,0.1707540711164997
175A,2022-08-26,CVR503,Cultivar,Fungicide,16,11,3,0.8091430682236576,37,0.01733311186507191,0.7690917015435762,0.6215153389317679,0.5774550319999473,0.07466289174864787,0.4159076447436221,0.27728354399990496
176A,2022-08-26,CVR482,Cultivar,Fungicide,17,11,3,0.2818847684068589,7,0.00358056825385127,0.2798376172240461,0.5844853710794333,0.5586879337002146,-0.00419202315239961,0.4564006503974961,0.1746830968758662
177A,2022-08-26,CVR485,Cultivar,Fungicide,18,11,3,0.5360325234224268,10,0.00499158764920118,0.4784079696791935,0.5860640252184529,0.5441450098261379,0.03820193855315582,0.4848048659355265,0.14144843512774993
178A,2022-08-26,CVR494,Cultivar,Fungicide,10,12,3,0.7250211516845344,1,1.8548680879239412e-4,0.5905237851461509,0.5485386677292541,0.5007358263647278,0.06688603978302148,0.3949011301083112,0.1961209773596358
179A,2022-08-26,CVR500,Cultivar,Fungicide,11,12,3,0.8189043505814476,0,0,0.6072645273084095,0.5596371269486974,0.47329654142958955,0.10876188594817546,0.39440880595094546,0.21202847897603164
17A,2022-08-26,Genesis090,Cultivar,Infected,8,2,1,0.6560131582531806,23,0.0085125278732982,0.6643638192374277,0.6910494177368072,0.647145133440352,0.03727862170193771,0.5367213110051507,0.2453160700186415
180A,2022-08-26,CVR019,Cultivar,Fungicide,12,12,3,0.6822000256847004,0,0,0.6037670483120691,0.5657311115005175,0.4842323051448992,0.10932201244523557,0.4192710308857861,0.19200190946324044
18A,2022-08-26,CVR019,Cultivar,Infected,9,2,1,0.6032783851217329,40,0.0146932283558542,0.6007804370342953,0.690635120964654,0.6277386333867485,0.06621806852824347,0.5489819691458149,0.22815863953766563
19A,2022-08-26,CVR494,Cultivar,Infected,1,3,1,0.8091364436682739,2,0.00140109093968321,0.7850464933695785,0.7428640516435687,0.5658258323337622,0.05943941212772592,0.4826284509575349,0.4056846245264704
1A,2022-08-26,WLD132,Wild cicer,Infected,1,1,1,0.01632290446528325,0,0,0.00184698329020224,0.31657919521575995,0.44165762608979026,-0.3359818049956258,0.5183717144152077,-0.2414091341943755
20A,2022-08-26,Howzat,Cultivar,Infected,2,3,1,0.562047152413972,39,0.01567696699347285,0.5348785013392068,0.7427645272288408,0.5692178104279244,0.04259107142023036,0.501264879247102,0.384750715961392
21A,2022-08-26,CVR010,Cultivar,Infected,3,3,1,0.29715436856614375,40,0.01439181270226322,0.2888760460909932,0.6817606685689019,0.5027959966473615,0.06422741850187567,0.4283344634954248,0.35795753312083123
22A,2022-08-26,CVR501,Cultivar,Infected,4,3,1,0.9105053901486976,11,0.00385879033473921,0.83408979435197,0.6413853770036874,0.510225693654328,0.0882475308134299,0.44040160454362254,0.2801039314446512
23A,2022-08-26,CVR491,Cultivar,Infected,5,3,1,0.8002794131203503,5,0.00516384244519507,0.7800557087343511,0.6641776537218933,0.5064939184888501,0.11891390502379476,0.43629889171187375,0.32085657083425634
24A,2022-08-26,CVR502,Cultivar,Infected,6,3,1,0.5278578220790179,37,0.02000942810633654,0.4351414036682857,0.5820668316705606,0.459432795410236,0.0422216573462125,0.44964111430997294,0.17937087392604098
25A,2022-08-26,CVR485,Cultivar,Infected,7,3,1,0.5334158240458899,41,0.01830361167192755,0.5568851107543824,0.6148471119286352,0.6104623842327538,-0.03897696053040252,0.4886132044761328,0.18044304253356896
26A,2022-08-26,CVR503,Cultivar,Infected,8,3,1,0.6470700084852699,44,0.01604794122714006,0.7154505910940855,0.6848004714414745,0.6236477916246475,0.0139883795972037,0.5374552896332722,0.2331594222213623
27A,2022-08-26,CVR504,Cultivar,Infected,9,3,1,0.6416047502937687,10,0.00414033342845294,0.6676255131328913,0.6554261629669267,0.5934714427259558,0.01190490484729567,0.5516040928986244,0.1626121912583793
28A,2022-08-26,CVR495,Cultivar,Infected,1,4,1,0.7237856721054859,27,0.01455744103900351,0.7051546416891283,0.7009455635173351,0.5232183319056672,0.03839483400369214,0.438605347378571,0.3787969814614114
29A,2022-08-26,CVR492,Cultivar,Infected,2,4,1,0.7929261566445125,12,0.00612107639571495,0.791687773710944,0.7315628126044544,0.549389753562215,0.07926659775995462,0.46815297740699785,0.4006131536359565
2A,2022-08-26,CVR016,Cultivar,Infected,2,1,1,0.6195383563108716,7,0.00654506185184275,0.6597267122535158,0.7077634701569725,0.5397124369115209,0.12137288371638852,0.381142461410358,0.44727819929762136
30A,2022-08-26,CVR484,Cultivar,Infected,3,4,1,0.130089706346185,17,0.00800245048506109,0.1055924276760303,0.6295741401033852,0.5016158704130727,-0.02067612482477775,0.4396828533647757,0.26257561978513877
31A,2022-08-26,CVR491,Cultivar,Fungicide,10,1,1,0.6912226701172149,0,0,0.5723290348618182,0.5673748019240114,0.48412340159404094,0.07474606294556355,0.4288990135415473,0.18301083266592225
32A,2022-08-26,CVR016,Cultivar,Fungicide,11,1,1,0.806629049455567,0,0,0.7119924096145579,0.590308892296827,0.5273797428591034,0.08761824837235678,0.4334854546937126,0.21075312083741057
33A,2022-08-26,Howzat,Cultivar,Fungicide,12,1,1,0.49999494213543777,0,0,0.3190958365200469,0.5476424865196803,0.5219741372327453,0.04534499705336497,0.43724885267082114,0.14515089323878
34A,2022-08-26,CVR496,Cultivar,Fungicide,13,1,1,0.8257408917373618,0,0,0.7747505439646213,0.7099205950125311,0.5492094308063196,0.07764298786668634,0.5522648423993372,0.2593296016754847
35A,2022-08-26,Genesis090,Cultivar,Fungicide,14,1,1,0.6791957898182207,2,5.73021748590789e-4,0.6190144848354407,0.6578950617679225,0.5025878905459356,0.04932178653021763,0.5319497689383156,0.1937521899048542
36A,2022-08-26,CVR484,Cultivar,Fungicide,15,1,1,0.4898196250661702,2,0.00101024065503,0.42347004117488,0.6477523076938343,0.5120827204929757,0.04501587949073973,0.534590647443258,0.17310478922921563
37A,2022-08-26,WLD133,Wild cicer,Fungicide,16,1,1,0.29701525290308733,0,0,0.27547559285782375,0.5337501248434151,0.4728858178901489,0.07858429269503235,0.3602074972375885,0.2148498263791765
38A,2022-08-26,CVR499,Cultivar,Fungicide,17,1,1,0.05171790388005939,0,0,0.04629247480549449,0.5710974932906181,0.523020137857414,0.09241383268866804,0.4453600406219404,0.16862662292355562
39A,2022-08-26,CVR015,Cultivar,Fungicide,18,1,1,0.8093649908290094,1,2.3848303987593532e-4,0.7566736862307271,0.6278701286049919,0.5603812394283438,0.14434562890485975,0.42339464125507087,0.2785150504389135
3A,2022-08-26,CVR497,Cultivar,Infected,3,1,1,0.6672053445738365,5,0.00362694085963692,0.629742706925339,0.6606528224497358,0.5146305557788606,0.07280690073471753,0.4121751757526717,0.34145836090566817
40A,2022-08-26,CVR497,Cultivar,Fungicide,10,2,1,0.7826282853006478,0,0,0.7104598064588582,0.6019269342999299,0.5391662798022968,0.06744244566858723,0.4685740668403603,0.18574047710063168
41A,2022-08-26,CVR503,Cultivar,Fungicide,11,2,1,0.6928854335185081,10,0.00273593383867719,0.6679791907842066,0.6576003346231954,0.5835816584684055,0.11196356980581908,0.473757940466617,0.26703555295172676
42A,2022-08-26,CVR477,Cultivar,Fungicide,12,2,1,0.5860379797358158,3,0.00161307976588542,0.48862532405052506,0.5783150840075169,0.5120205249948183,0.10239814422366776,0.4401083660128494,0.18539325031012577
43A,2022-08-26,CVR500,Cultivar,Fungicide,13,2,1,0.8492381896831246,0,0,0.8571181392042787,0.7079374948770721,0.545614494128721,0.07632079106549694,0.5510809024758269,0.2571971187202269
44A,2022-08-26,WLD085,Wild cicer,Fungicide,14,2,1,0.1823740097115454,0,0,0.20470076507794635,0.6848114800723643,0.46172192912010457,0.16821942657808767,0.4848951370439067,0.29930363318409264
45A,2022-08-26,CVR502,Cultivar,Fungicide,15,2,1,0.6157391737983554,16,0.00729693696766877,0.6488413000963663,0.714084859568534,0.5341766627653383,0.11429868933959483,0.5432821987195834,0.2790663297956047
46A,2022-08-26,CVR495,Cultivar,Fungicide,16,2,1,0.7047864472652131,8,0.00334870119983851,0.6770176196511537,0.6235266973203824,0.5662678785318097,0.0706571787044262,0.4357492920601864,0.25783021393189326
47A,2022-08-26,CVR494,Cultivar,Fungicide,17,2,1,0.7859107524932402,13,0.0048855957209722,0.7773834775910798,0.687923978290884,0.6202414351015995,0.1174161859615055,0.4944976123283923,0.2931487641274721
48A,2022-08-26,CVR019,Cultivar,Fungicide,18,2,1,0.7268627780811857,0,0,0.7336060438616054,0.6707037271354634,0.5675577937341131,0.16742625167783967,0.47117309088359344,0.29171894062690845
49A,2022-08-26,CVR501,Cultivar,Fungicide,10,3,1,0.6695968090673298,9,0.00416352268854137,0.6682542734018964,0.6235566082568341,0.5484898810187907,0.06993221460765106,0.4629898696354668,0.22573713943976337
4A,2022-08-26,CVR498,Cultivar,Infected,4,1,1,0.7233550760055495,6,0.0035573865921254,0.5589285816286487,0.5737808266010217,0.4606724440419893,0.01596323538909045,0.43140721347103617,0.18920915949218511
50A,2022-08-26,WLD132,Wild cicer,Fungicide,11,3,1,0.09175009206338192,0,0,0.10838255136974008,0.5856849574136048,0.5079978581105492,0.07365252771250651,0.4803992014205309,0.14650747917712822
51A,2022-08-26,CVR492,Cultivar,Fungicide,12,3,1,0.6595639199388105,0,0,0.630567954778408,0.6044754264049875,0.5270437419704889,0.08656789754898986,0.4902703940460638,0.16230522561528024
52A,2022-08-26,WLD129,Wild cicer,Fungicide,13,3,1,0.31397742696289166,0,0,0.29355245059171803,0.666316235422931,0.5066607106910345,0.04304604429575853,0.5024960926448653,0.2462799003512905
53A,2022-08-26,CVR498,Cultivar,Fungicide,14,3,1,0.7179262528686584,27,0.01251708026895589,0.7127390624340014,0.6839584012650801,0.5080387216504246,0.07125366194508512,0.5174916822381223,0.25766559805312605
54A,2022-08-26,CVR482,Cultivar,Fungicide,15,3,1,0.4750203683391237,1,9.738086212113554e-4,0.4845383823019924,0.6444021547146961,0.47560075958447384,0.03676983052347705,0.5399940655561085,0.16012855833058792
55A,2022-08-26,CVR493,Cultivar,Fungicide,16,3,1,0.8484432430370881,0,0,0.8151483912481938,0.6387706630738518,0.5697895639738259,0.10813307633749152,0.4541201611656777,0.26009993696795064
56A,2022-08-26,WLD131,Wild cicer,Fungicide,17,3,1,0.10533043059983915,0,0,0.1112905676138883,0.6070211506910284,0.5210326343574606,0.0981906401175198,0.43009890797662537,0.23943327474231527
57A,2022-08-26,CVR504,Cultivar,Fungicide,18,3,1,0.662717208301422,16,0.00994345531491138,0.6545001425174115,0.6241654882834651,0.5534252609143885,0.09513595866873494,0.46090863902497464,0.22919137148455465
58A,2022-08-26,CVR481,Cultivar,Fungicide,10,4,1,0.5559260632394908,4,0.00296449023006152,0.5502438304130168,0.5312528236331289,0.5095083799858514,-0.00364954856529421,0.43162012705206537,0.12927549042164216
59A,2022-08-26,CVR485,Cultivar,Fungicide,11,4,1,0.6442048882818465,0,0,0.5818390339305191,0.5810933308755902,0.5333754094927617,0.03429215503012113,0.48700249088528097,0.13122739113977727
5A,2022-08-26,CVR015,Cultivar,Infected,5,1,1,0.3197209164805055,39,0.02158939446904376,0.20662634340177424,0.5478214974812485,0.48437920343401386,0.02391829012606539,0.39468734891616913,0.19537854974689028
60A,2022-08-26,CVR010,Cultivar,Fungicide,12,4,1,0.7700780651263461,1,4.968396664081986e-4,0.7144681531737652,0.5937321723501441,0.5269730719095109,0.0692725137597267,0.4785857569816376,0.16085310980614223
61A,2022-08-26,CVR493,Cultivar,Fungicide,1,5,2,0.6502729810132586,3,0.00104667556389993,0.6748169587096362,0.6526745302014842,0.6290278840844868,0.00258052573121066,0.4526338359346049,0.2839158444706061
62A,2022-08-26,CVR495,Cultivar,Fungicide,2,5,2,0.6261264766398993,5,0.00216622340986941,0.6684900585027732,0.6795066595775395,0.6529919102082093,0.03988086330213959,0.438072126714615,0.34376367124210394
63A,2022-08-26,CVR501,Cultivar,Fungicide,3,5,2,0.5291231121572927,3,0.00222585012531451,0.5978331232733343,0.6544080938718955,0.6569314769239009,0.06317626594146045,0.4041725041979791,0.340222251569859
64A,2022-08-26,WLD085,Wild cicer,Fungicide,4,5,2,0.09381695334307688,0,0,0.07183586073382338,0.4240614537934409,0.3923629626038856,-0.06025120524004241,0.3265298616136442,0.1132072570428324
65A,2022-08-26,CVR485,Cultivar,Fungicide,5,5,2,0.6936571942207018,1,4.736538153091493e-4,0.5574745735065746,0.5508386736794946,0.48821697101215855,-0.02339779304223941,0.43695041004919216,0.1499889917024176
66A,2022-08-26,CVR491,Cultivar,Fungicide,6,5,2,0.6710972708617237,0,0,0.5160942883026818,0.5345375664950005,0.4543418198613556,0.02341441309845801,0.4014701335648883,0.16942650882219457
67A,2022-08-26,CVR016,Cultivar,Fungicide,7,5,2,0.7171743658326156,0,0,0.5573173834393234,0.514573394276264,0.4575432986100508,-0.03393667761443524,0.3943251927723402,0.15085886009897218
68A,2022-08-26,CVR484,Cultivar,Fungicide,8,5,2,0.5433725307874974,5,0.00382900172303836,0.4141565296902432,0.5241112794826882,0.5133337707776091,-0.03163399905477156,0.39479307445379613,0.1630572852962021
69A,2022-08-26,CVR481,Cultivar,Fungicide,9,5,2,0.5742595202637081,1,4.7696607975187047e-4,0.4465376835440016,0.5541649300169035,0.5227222143918046,0.03566239360967572,0.405809803450351,0.1913977074417106
6A,2022-08-26,CVR477,Cultivar,Infected,6,1,1,0.2615341342683239,40,0.02102630314758341,0.10331317170088712,0.5215146916020124,0.4995869104808679,0.04230037075388065,0.3943684422721807,0.16006707427185718
70A,2022-08-26,Howzat,Cultivar,Fungicide,1,6,2,0.600588815635976,3,8.843750169282058e-4,0.6325328306190486,0.7220012610043096,0.6906361592806385,0.00137209852702095,0.4974552061042149,0.3503951163061408
71A,2022-08-26,WLD132,Wild cicer,Fungicide,2,6,2,0.00808526984572979,0,0,0.0224388821001166,0.7154174459215304,0.678636407104551,0.09096636568741988,0.47408062380596777,0.3652001220070876
72A,2022-08-26,CVR492,Cultivar,Fungicide,3,6,2,0.6592890008903896,0,0,0.6803972060970557,0.7142335967598176,0.671097021244035,0.0906783940186426,0.4773219891500723,0.35945771733152304
73A,2022-08-26,CVR496,Cultivar,Fungicide,4,6,2,0.7504561320800113,4,0.00283199862554864,0.6853879907322831,0.5828967277341772,0.5131736673899582,-0.01398002859363222,0.449553281313554,0.1806927383395441
74A,2022-08-26,CVR498,Cultivar,Fungicide,5,6,2,0.730019378721489,7,0.0026431873538689,0.6959197252381171,0.5902213769806606,0.5098321463327611,0.00268305595922076,0.4391706218374029,0.2039043787466975
75A,2022-08-26,CVR019,Cultivar,Fungicide,6,6,2,0.7359152330129266,0,0,0.6730878679698724,0.5703108654306301,0.45423020725152263,0.04064235598189054,0.4429762161474845,0.17037793357323683
76A,2022-08-26,CVR499,Cultivar,Fungicide,7,6,2,0,0,0,0,NA,NA,NA,NA,NA
77A,2022-08-26,CVR502,Cultivar,Fungicide,8,6,2,0.5791749403583671,6,0.00317647145790117,0.4789581349145729,0.5867901845034016,0.5019181116760667,0.01957428604230407,0.42331964275277795,0.21749667469867465
78A,2022-08-26,CVR482,Cultivar,Fungicide,9,6,2,0.616878597324341,5,0.0017720614768559,0.5019471822500688,0.5733535731676429,0.4820383457221845,0.03395735110688797,0.4198378807943541,0.20218469137916284
79A,2022-08-26,CVR497,Cultivar,Fungicide,1,7,2,0.8090172016713684,0,0,0.8533455775902486,0.7260679928932939,0.6766603573147337,0.08717635812473859,0.44622971936027367,0.4139577280176997
7A,2022-08-26,WLD131,Wild cicer,Infected,7,1,1,0.00390517539865441,0,0,0,NA,NA,NA,NA,NA
80A,2022-08-26,CVR503,Cultivar,Fungicide,2,7,2,0.7815153599961966,12,0.00664442497966879,0.8421457852985967,0.7470879101348177,0.6979431102601459,0.09993088824591718,0.4573033069831662,0.44016517368340874
81A,2022-08-26,CVR477,Cultivar,Fungicide,3,7,2,0.7509066018460987,7,0.00291148332020332,0.7836710802811301,0.7182371884004685,0.670440402968404,0.0881896530230223,0.4524456920123842,0.3937437845172829
82A,2022-08-26,WLD133,Wild cicer,Fungicide,4,7,2,0.38669185913139065,0,0,0.2961460867013638,0.4734669554635665,0.44791247278002994,-0.05987225140501794,0.33215385293479877,0.1676836889795431
83A,2022-08-26,CVR500,Cultivar,Fungicide,5,7,2,0.776752304675361,16,0.01124517864989025,0.6229442365167221,0.5393479090355627,0.4772335739661785,-0.02243311267076154,0.4315554020198694,0.1404935832293539
84A,2022-08-26,CVR494,Cultivar,Fungicide,6,7,2,0.777904977312114,18,0.00887357993535262,0.6340261362579356,0.5375156723320352,0.47614653500871545,-0.02371500912211776,0.4427464205854594,0.12436634504165338
85A,2022-08-26,WLD131,Wild cicer,Fungicide,7,7,2,0.04662362079004201,0,0,0.03497478996340416,0.482786060672467,0.4023430601850649,-0.01810994709883065,0.30001211048159515,0.2137311217170042
86A,2022-08-26,CVR504,Cultivar,Fungicide,8,7,2,0.7200063632591207,12,0.00756192724110627,0.6298998969925902,0.5765237194133482,0.4942478571916928,0.001414793350696,0.4142188759263203,0.2132243005120294
87A,2022-08-26,CVR010,Cultivar,Fungicide,9,7,2,0.6932265981207654,8,0.00573023042365141,0.6366197723675813,0.5838403292881249,0.4967483273828769,0.01366398077173124,0.4419059888233794,0.19128682743432313
88A,2022-08-26,Genesis090,Cultivar,Fungicide,1,8,2,0.782459359138365,3,0.00208010494508027,0.8125940526553609,0.6886732310951735,0.6511155179519845,0.05548791748154971,0.4457366119635272,0.3505411351771423
89A,2022-08-26,CVR015,Cultivar,Fungicide,2,8,2,0.7277372193918259,4,0.00153026871901124,0.7909411208915006,0.7411650263784302,0.6750566879323748,0.11699593165146378,0.45488525362480114,0.4318890111139475
8A,2022-08-26,CVR493,Cultivar,Infected,8,1,1,0.7368526075997113,18,0.00844629047031147,0.7738074035611138,0.6723387232630809,0.6505552973208152,0.00969199944084618,0.5248652029684628,0.22789461187748175
90A,2022-08-26,WLD129,Wild cicer,Fungicide,3,8,2,0.00626682939292124,0,0,0.00903842886694714,0.5856669611641601,0.5431055496362988,-0.16137585946679317,0.578000325699861,0.01159004892223183
91A,2022-08-26,CVR503,Cultivar,Infected,10,5,2,0.6095087794600441,1,2.1198492433416473e-4,0.4816303660578442,0.54393152222025,0.4837942440329462,0.04423933205175971,0.4056650235634664,0.1774134948443772
92A,2022-08-26,CVR501,Cultivar,Infected,11,5,2,0.5891813312653519,4,0.00125203632899811,0.44775590656519887,0.5539539358517526,0.4975483738293168,0.06736752329380952,0.39839866291449366,0.19960756648872963
93A,2022-08-26,CVR019,Cultivar,Infected,12,5,2,0.7717143303061046,1,6.492038307733794e-4,0.5942177517265553,0.5593107466844162,0.49451838341163784,0.08971244819109819,0.4035011930926004,0.2012218042038769
94A,2022-08-26,CVR499,Cultivar,Infected,13,5,2,0.10159418136346753,0,0,0.07788767832299667,0.6907436809313177,0.7034263345203163,0.03104818707962487,0.47265494991563567,0.32380603160237237
95A,2022-08-26,WLD133,Wild cicer,Infected,14,5,2,0.12281594453495084,4,7.717576151540684e-4,0.07183586073382338,0.7486496966529642,0.7479698801503808,0.25857383689666913,0.3859790046770715,0.5100588647430659
96A,2022-08-26,CVR493,Cultivar,Infected,15,5,2,0.724060591153907,20,0.01234484338043653,0.6561506382235497,0.8115295450141372,0.7712686628659048,0.23815010747353085,0.48880563921560294,0.5349135158886282
97A,2022-08-26,CVR504,Cultivar,Infected,16,5,2,0.5710896705126374,3,0.00228215595113756,0.5281586259642156,0.5790525264116761,0.5230948027955286,0.0174893192850065,0.4260269427460635,0.20313813088187935
98A,2022-08-26,CVR015,Cultivar,Infected,17,5,2,0.7721813614606511,4,0.00229871686262955,0.7352172420509308,0.6488526601308574,0.5515805519206466,0.12229999383650277,0.4213635974399616,0.3130883124891803
99A,2022-08-26,CVR010,Cultivar,Infected,18,5,2,0.5848853070990628,4,0.00349114068717582,0.5314989148933048,0.600686077610993,0.5336508832540214,0.09213601322112468,0.4318604142675976,0.2279618169079502
9A,2022-08-26,CVR496,Cultivar,Infected,9,1,1,0.7172902955518292,17,0.00786995506082448,0.7073160051138331,0.6844697227393154,0.6409555580906452,0.06234343037673001,0.540077825968057,0.22907237666312505
100A,2022-08-30,CVR482,Cultivar,Infected,10,6,2,0.375953454854514,12,0.00439869095857275,0.39651194464128986,0.6460227763635077,0.5057363552333793,0.04706679375078847,0.5578866738788156,0.13780039979040498
101A,2022-08-30,CVR498,Cultivar,Infected,11,6,2,0.5714738947248884,2,4.7696607975187e-4,0.5518157310855294,0.6946657999198769,0.5372725430670577,0.10800222241672595,0.5619098585369856,0.2177539052391033
102A,2022-08-30,CVR484,Cultivar,Infected,12,6,2,0.2243306312338147,10,0.00550499459328637,0.21472163186521384,0.6468677536835011,0.5232450010348132,0.11067337470550284,0.5090985216567413,0.2054170577484584
103A,2022-08-30,WLD131,Wild cicer,Infected,13,6,2,0.14964539383868344,0,0,0.1202896989640226,0.8171131673311239,0.7926922188217457,0.26017396074772264,0.4353049307034355,0.5925878007549814
104A,2022-08-30,CVR494,Cultivar,Infected,14,6,2,0.5987736874608592,100,0.03842894213144331,0.5239537916652446,0.8230991096039124,0.822103201245153,0.21144182860924923,0.4941393357783689,0.5544817036639705
105A,2022-08-30,Genesis090,Cultivar,Infected,15,6,2,0.5515770426301326,26,0.01296422890428557,0.5384545753691727,0.804353524277598,0.7859762309285331,0.2273797893273673,0.489433089886021,0.5193940428462375
106A,2022-08-30,Howzat,Cultivar,Infected,16,6,2,0.6723393749961557,17,0.00834692549423817,0.6881781144259929,0.7000846508755189,0.6177241952591235,0.01440501212447933,0.543586300653864,0.2526434314077876
107A,2022-08-30,WLD129,Wild cicer,Infected,17,6,2,0.03161237829071902,0,0,0.03800069875799081,0.6349394916959559,0.5377966874787875,0.105714063843978,0.4452412731277416,0.2644619459239209
108A,2022-08-30,CVR495,Cultivar,Infected,18,6,2,0.7115302446457563,25,0.01174199860162286,0.7672054207365611,0.6880145362660232,0.5949793588524072,0.05101069710519528,0.5176460330850435,0.26460817387313124
109A,2022-08-30,CVR481,Cultivar,Infected,10,7,2,0.6363216673753177,8,0.00381905117051072,0.6679398932673938,0.6913186490920764,0.5282980271262699,0.08209208631616012,0.5718557552385671,0.19756857861703253
10A,2022-08-30,CVR481,Cultivar,Infected,1,2,1,0.7806011713532546,9,0.00544538122633187,0.7896836003534905,0.8489555722894833,0.5947579730657555,0.1664913550973048,0.5505126118845791,0.5603097408063153
110A,2022-08-30,CVR477,Cultivar,Infected,11,7,2,0.7740163633019187,14,0.00618731827558051,0.7632756690552798,0.7238813150372136,0.5569422506625199,0.12166039560085404,0.5837797751542224,0.24263673612787223
111A,2022-08-30,WLD132,Wild cicer,Infected,12,7,2,0.06561622107493126,0,0,0.08881238799695887,0.6958793006425512,0.49021117924433005,0.23554878705349092,0.534083867681827,0.2574957735680378
112A,2022-08-30,WLD085,Wild cicer,Infected,13,7,2,0.29084447956322884,0,0,0.1964875840640683,0.7918815910105945,0.7838384959748403,0.217581154476918,0.4238373887220149,0.5539739340395412
113A,2022-08-30,CVR500,Cultivar,Infected,14,7,2,0.5928513349478872,68,0.03256294077878549,0.554448664711988,0.791642674407962,0.7808109076162687,0.1927599962793639,0.4799441309524663,0.5026943886365638
114A,2022-08-30,CVR491,Cultivar,Infected,15,7,2,0.7037795148469002,20,0.00765134815407988,0.6490377876804304,0.809677260691222,0.7747272938078558,0.25611005766469325,0.4726475446220963,0.5459668419240749
115A,2022-08-30,CVR502,Cultivar,Infected,16,7,2,0.4965369242251789,5,0.00206685642124748,0.5001787939934923,0.6601805058084996,0.5837706628747829,0.01795064370344799,0.4803010243043804,0.26339966144514854
116A,2022-08-30,CVR492,Cultivar,Infected,17,7,2,0.8749712750708651,14,0.00756522225521581,0.8712259477400789,0.6998279726360307,0.6096562119687167,0.05134113377816088,0.5296239696436266,0.2704422526248807
117A,2022-08-30,CVR485,Cultivar,Infected,18,7,2,0.6178292210218931,7,0.00504128106245182,0.6218439060459634,0.6554340843258173,0.569709137436065,0.02159411877015308,0.5251436846153115,0.19867309791294108
118A,2022-08-30,CVR016,Cultivar,Infected,10,8,2,0.8599534080161586,11,0.0065516805073964,0.8684358240463691,0.7014832388476442,0.5236685173358201,0.1425071072768225,0.5467847067007499,0.2509548523655875
119A,2022-08-30,CVR497,Cultivar,Infected,11,8,2,0.8787141488626204,5,0.00400453962218957,0.8947258627941415,0.7203510290640499,0.5487230777968436,0.12832121618569148,0.5897698465197553,0.22703505335680385
11A,2022-08-30,CVR499,Cultivar,Infected,2,2,1,0.29119226872086984,21,0.00870464594681048,0.2893869138095598,0.8274328084048165,0.5757130151502076,0.16115829813263974,0.5423369031588323,0.5171782913579988
120A,2022-08-30,CVR496,Cultivar,Infected,12,8,2,0.6364541584829904,16,0.00739629697401056,0.6414140694187446,0.6956132362292784,0.5277165275056266,0.12311768908417764,0.572933491906164,0.2039699545956322
121A,2022-08-30,WLD085,Wild cicer,Infected,1,9,3,0.2597388797593581,0,0,0.4069650841134983,0.6321218708827145,0.6328994693298086,0.10868808121833788,0.3884782487907504,0.3229487166275513
122A,2022-08-30,CVR019,Cultivar,Infected,2,9,3,0.6120360473389019,21,0.00967182810875755,0.6225905588654068,0.6631925663415329,0.6837024065250401,0.11418878113752456,0.4077640034351022,0.35010647648808874
123A,2022-08-30,CVR494,Cultivar,Infected,3,9,3,0.4942348912293648,24,0.01000967883548216,0.5094923054781291,0.6267198379681108,0.6757816136547877,0.0964123833606002,0.4100731025567263,0.29158413451776066
124A,2022-08-30,CVR498,Cultivar,Infected,4,9,3,0.4976366004188627,14,0.00531618443056772,0.5652554818355117,0.6582486820735279,0.575087018235358,0.0123498048016063,0.4553381673080144,0.289758640045766
125A,2022-08-30,CVR485,Cultivar,Infected,5,9,3,0.6525518280652299,13,0.00840323789161975,0.7068051373952665,0.6854291735036009,0.6100203865617829,0.03809276237664786,0.4796738607155656,0.30654042822655675
126A,2022-08-30,CVR502,Cultivar,Infected,6,9,3,0.30170875039239464,13,0.00721413762637327,0.30050811106758607,0.6494080853429256,0.6123707468555811,0.06638469080112054,0.42709737840925754,0.30763707781470884
127A,2022-08-30,Genesis090,Cultivar,Infected,7,9,3,0.6217178350320884,9,0.00573023494160187,0.6121767169100112,0.6253943846095696,0.49553340043970623,-0.06149754615379685,0.4783843380974104,0.2097682875853161
128A,2022-08-30,CVR010,Cultivar,Infected,8,9,3,0.4546597973675133,16,0.00778714672472567,0.44917061717046014,0.6441437910011665,0.5558473933131168,-0.07428467782065129,0.5090532478191493,0.2009987270358343
129A,2022-08-30,CVR491,Cultivar,Infected,9,9,3,0.6339335151595162,5,0.00302741709363631,0.6264417155130626,0.6702355881476135,0.5417420551082526,0.01792014556944897,0.4807469148145421,0.2795699335809837
12A,2022-08-30,CVR500,Cultivar,Infected,3,2,1,0.5794233611852536,68,0.0278627972427101,0.5766124641944148,0.8222853708758514,0.56394661880972,0.1801577096654337,0.5287728784882608,0.5193093350402423
130A,2022-08-30,CVR484,Cultivar,Infected,1,10,3,0.27053359275699573,32,0.01574985418476239,0.3754484756296217,0.6134535143881892,0.6480144552697864,0.02508157854523468,0.4009471289133984,0.2818246631327159
131A,2022-08-30,CVR481,Cultivar,Infected,2,10,3,0.7510920893968405,37,0.01833342550196086,0.7695239742285171,0.7248587143327369,0.7180237763370814,0.1289437042910427,0.46512137153766314,0.39184774342135015
132A,2022-08-30,CVR492,Cultivar,Infected,3,10,3,0.705299850307445,15,0.0067802217431405,0.7553768681759042,0.7081502053594536,0.7007035434648323,0.13530944564375105,0.4702013266504594,0.3567305940182236
133A,2022-08-30,CVR496,Cultivar,Infected,4,10,3,0.6286173094641471,30,0.01469323505062768,0.6579190264801263,0.7435287989292987,0.6457122919699695,0.06968175410808075,0.5074730464849968,0.37909691189927447
134A,2022-08-30,WLD131,Wild cicer,Infected,5,10,3,0.0446693769518689,0,0,0.07804486839024793,0.7463293558041161,0.6140752051176281,0.19628786405810528,0.4356790073967275,0.46033187654124486
135A,2022-08-30,Howzat,Cultivar,Infected,6,10,3,0.2445487742646769,43,0.01778026571659254,0.27771555131615416,0.663699518581933,0.5726236067186911,0.09614986483338347,0.43691287312630783,0.31940830183098273
136A,2022-08-30,CVR016,Cultivar,Infected,7,10,3,0.662737081967573,35,0.01911179869225648,0.7008319148397189,0.6802105788416153,0.5266882361533785,-0.00226878501394434,0.4722942044201815,0.30632676076166865
137A,2022-08-30,CVR482,Cultivar,Infected,8,10,3,0.35518878600450166,31,0.01087086233335357,0.36063331179119096,0.6628449773096022,0.5301977683187133,-0.01383301675050182,0.5008777489128504,0.2424674716082099
138A,2022-08-30,CVR497,Cultivar,Infected,9,10,3,0.6724685538261367,5,0.00297773415381225,0.7051939392059412,0.715208133360319,0.5493066618661123,0.04053945424838001,0.5372377772863384,0.2890240341209628
139A,2022-08-30,CVR493,Cultivar,Infected,1,11,3,0.8682771618556994,14,0.00809850422349569,0.8977124740719152,0.7366436298830856,0.709532971831043,0.14880278437167066,0.47687615787742216,0.4004356100842231
13A,2022-08-30,WLD129,Wild cicer,Infected,4,2,1,0.17157267215852418,0,0,0.22427092845072755,0.6689872546646954,0.5729977685118541,-0.00277115739497556,0.4585290970334489,0.30358196121175013
140A,2022-08-30,CVR495,Cultivar,Infected,2,11,3,0.6627238328568057,40,0.01518012695741521,0.7167867066657212,0.7121947600337302,0.6979467645231865,0.11799228258368676,0.466228396365741,0.3682381577330915
141A,2022-08-30,CVR504,Cultivar,Infected,3,11,3,0.6978637868893117,27,0.01103980281129668,0.7480282325319081,0.6749778637241705,0.6791569116636162,0.1042928218180378,0.4624115538806156,0.3090154630327664
142A,2022-08-30,CVR015,Cultivar,Infected,4,11,3,0.7521487059805307,30,0.01076155448524628,0.8141659533278734,0.7151401184704423,0.622687326581582,0.0828305294514528,0.4596842848507915,0.3805609286538047
143A,2022-08-30,WLD132,Wild cicer,Infected,5,11,3,0.06091941130793214,0,0,0.08633664443775162,0.6448108525398996,0.5620464430683516,-0.07307048398765807,0.508863481334002,0.20233897701538012
144A,2022-08-30,WLD129,Wild cicer,Infected,6,11,3,0.11657561336356412,0,0,0.15231717516646576,0.7320167367520327,0.6097842481516514,0.18122673273072012,0.4408524153653362,0.4298969425747831
145A,2022-08-30,CVR500,Cultivar,Infected,7,11,3,0.772512589229833,28,0.01381548641083218,0.7348635643996154,0.6608593888522033,0.5283410664740157,-0.02554662745420182,0.4776712512745903,0.2676911473204544
146A,2022-08-30,CVR501,Cultivar,Infected,8,11,3,0.5522494350015719,19,0.01018854288147931,0.6018021724714284,0.6811229574373825,0.5467027014528163,-0.03759924347020808,0.5084940657647812,0.2640986684003076
147A,2022-08-30,CVR503,Cultivar,Infected,9,11,3,0.7008580859227159,30,0.01663753670173715,0.7484212077000362,0.7109385935121529,0.5477830808101481,0.03337591081412233,0.5170960758681106,0.30653026335108374
148A,2022-08-30,WLD133,Wild cicer,Infected,1,12,3,0.1158667859375149,9,0.00281542572097283,0.17872510646467654,0.5572062170123407,0.6259009374316294,-0.01058595620634085,0.3530306606744068,0.25417443231943626
149A,2022-08-30,CVR499,Cultivar,Infected,2,12,3,0.00204698761354404,0,0,0.02263536968418067,0.5043084877172893,0.6030638143894779,-0.1294013468053976,0.472498169909385,0.04176143442409211
14A,2022-08-30,WLD085,Wild cicer,Infected,5,2,1,0.19179081518938637,0,0,0.253272495858584,0.6706085645777992,0.574776808816551,0.04343049278102953,0.46378837879986945,0.30018334865240737
150A,2022-08-30,CVR477,Cultivar,Infected,3,12,3,0.522607861937485,22,0.00971158173041225,0.5513834584005884,0.6168065622770555,0.6215748979825824,0.0988182276354059,0.3913493805474123,0.2971965177561415
151A,2022-08-30,CVR499,Cultivar,Fungicide,10,9,3,0.07572198031267054,0,0,0.04711772265856358,0.573383256417334,0.4815930020194959,0.02902848100129344,0.4843459524972004,0.12327185234257698
152A,2022-08-30,CVR498,Cultivar,Fungicide,11,9,3,0.6399519237255511,0,0,0.6249877073909884,0.6326441761972211,0.5355400149444957,0.08147796236872075,0.4630959171203789,0.23980516033573043
153A,2022-08-30,Howzat,Cultivar,Fungicide,12,9,3,0.444554038129774,0,0,0.3885345487282887,0.6073192368196624,0.5584294500684908,0.07345835824469225,0.4668913254260844,0.19600575023925504
154A,2022-08-30,CVR496,Cultivar,Fungicide,13,9,3,0.7923829431030542,0,0,0.842931735634853,0.7127468401421828,0.6327716421474553,0.04513733071534503,0.518350960200769,0.3082972129058588
155A,2022-08-30,CVR492,Cultivar,Fungicide,14,9,3,0.8199477180543706,1,6.028321285752808e-4,0.843364008319794,0.7101733112237352,0.6415365471574433,0.04573079332272287,0.5204636258759866,0.30094466468917924
156A,2022-08-30,WLD129,Wild cicer,Fungicide,15,9,3,0.1164099994789732,0,0,0.15569676161236773,0.6339348889789745,0.5692908440160904,0.13109596309012375,0.4408119152268392,0.2680201453796614
157A,2022-08-30,CVR493,Cultivar,Fungicide,16,9,3,0.7920881503884823,1,1.3911539409942425e-4,0.792120046395885,0.6546032807578058,0.6241301305782673,0.082250032856381175,0.49728627668270614,0.23324371889177228
158A,2022-08-30,CVR481,Cultivar,Fungicide,17,9,3,0.7011363172488287,4,0.00186149692938631,0.7460240591744546,0.6705274623862243,0.6362611410685578,0.0977867133097863,0.4953667504699006,0.2622782818366541
159A,2022-08-30,CVR477,Cultivar,Fungicide,18,9,3,0.44007252641274314,0,0,0.4224483057377468,0.6312224312738437,0.6083265131874548,0.10988374483244484,0.4453434151834947,0.25856419043608425
15A,2022-08-30,CVR482,Cultivar,Infected,6,2,1,0.4454284794404142,56,0.02594170091087864,0.4423721467618434,0.6283740888825169,0.5583292770823586,-0.01109133826547732,0.4304661692871464,0.271290245438689
160A,2022-08-30,CVR010,Cultivar,Fungicide,10,10,3,0.7415394805336349,0,0,0.7742396762460547,0.6870949579746405,0.5695456219267703,0.09053695561891052,0.5165466865636538,0.26438174928816494
161A,2022-08-30,CVR015,Cultivar,Fungicide,11,10,3,0.8849246695347808,0,0,0.8838011531201793,0.7286779677366841,0.5979730414176652,0.15142161219054767,0.5252208441851198,0.32960097157256
162A,2022-08-30,CVR497,Cultivar,Fungicide,12,10,3,0.8662103005760043,0,0,0.8662744606216644,0.6939301763492716,0.5640826375228013,0.1383233570935318,0.517768122429206,0.27495030187493974
163A,2022-08-30,CVR491,Cultivar,Fungicide,13,10,3,0.7786303661266224,1,0.00119573526754576,0.843992768588799,0.731699351917582,0.6329264724172066,0.0714403119537201,0.5031485481152441,0.3617188537272811
164A,2022-08-30,CVR502,Cultivar,Fungicide,14,10,3,0.6270042302282313,18,0.00439868861745956,0.6945443121496686,0.7313306929448069,0.6452523354453529,0.07332426441561288,0.499748859747489,0.3649726506870774
165A,2022-08-30,CVR016,Cultivar,Fungicide,15,10,3,0.7608997436423162,0,0,0.8360939677094235,0.7229604089067585,0.6061456314687528,0.11821712849305024,0.49946940552773667,0.34980406327118513
166A,2022-08-30,WLD133,Wild cicer,Fungicide,16,10,3,0.4386349978944938,0,0,0.5551560200146186,0.6825137622179591,0.6059092969911253,0.16072166643236988,0.4394397322702567,0.3472107508487759
167A,2022-08-30,WLD085,Wild cicer,Fungicide,17,10,3,0.36028638137221086,0,0,0.49962862875811287,0.7032593438175291,0.6173264632221303,0.2079088362148387,0.4569656773413414,0.3629252915878429
168A,2022-08-30,CVR501,Cultivar,Fungicide,18,10,3,0.659262502668855,14,0.00580641209511238,0.6712015871628574,0.6997684910525946,0.6448082167378524,0.15323783964972915,0.4883950620093493,0.321120784401075
169A,2022-08-30,Genesis090,Cultivar,Fungicide,10,11,3,0.7890209812458581,2,0.0023782177808134,0.7822956671926815,0.6577530346618958,0.5460267914787508,0.08355615674840759,0.5034893004146581,0.23064770839375232
16A,2022-08-30,WLD133,Wild cicer,Infected,7,2,1,0.15724044658602404,26,0.00636617718757024,0.17507043740108486,0.6999729173008076,0.5923467689644369,0.09776142840432572,0.4471432937672189,0.3680135071685134
170A,2022-08-30,CVR495,Cultivar,Fungicide,11,11,3,0.6182101329564522,9,0.00383560427827935,0.6361482021658276,0.6881044181459829,0.5644739954923894,0.08720727337217385,0.5219006064554105,0.25933772267226357
171A,2022-08-30,CVR504,Cultivar,Fungicide,12,11,3,0.7568918876352153,14,0.00665434821915828,0.7339204239961079,0.6625574760251582,0.542172635951985,0.10872989413632651,0.4891144083182278,0.25659779263011034
172A,2022-08-30,WLD131,Wild cicer,Fungicide,13,11,3,0.08837156881772669,0,0,0.11836412064019476,0.6433482689479552,0.5555032143537877,0.04449603537890094,0.3770034697707147,0.3516309665823916
173A,2022-08-30,CVR484,Cultivar,Fungicide,14,11,3,0.30251694614919844,18,0.00528968705432485,0.37694178126850864,0.658556863896444,0.5900830194849628,-0.00728716847700518,0.4712656516168968,0.27157635396619556
174A,2022-08-30,WLD132,Wild cicer,Fungicide,15,11,3,0.07999481853511685,0,0,0.10775379110073506,0.6399282292822793,0.5376265356133254,0.04571616220734104,0.480335512107089,0.23041895359364264
175A,2022-08-30,CVR503,Cultivar,Fungicide,16,11,3,0.8195899920636541,31,0.01352732511334634,0.8354259099236057,0.6782243924124198,0.6315067884402803,0.12708530527428738,0.4669690925564054,0.30917362614752364
176A,2022-08-30,CVR482,Cultivar,Fungicide,17,11,3,0.3792458588801819,11,0.00527645730049521,0.40814400961788266,0.648667896682134,0.6110775458438681,0.065315844083169,0.4988474917761063,0.221492286010358
177A,2022-08-30,CVR485,Cultivar,Fungicide,18,11,3,0.6545391946803213,1,7.883218124189612e-4,0.6554825804377319,0.642889881900449,0.601308893589925,0.09607060748082788,0.5097402812646741,0.19805289469746495
178A,2022-08-30,CVR494,Cultivar,Fungicide,10,12,3,0.7821910646453276,1,6.028321285752808e-4,0.7704671146320247,0.6511014915602292,0.5510476021104073,0.08833478355575361,0.4908146505596105,0.23556703347167737
179A,2022-08-30,CVR500,Cultivar,Fungicide,11,12,3,0.8987169938435144,0,0,0.8753914845222371,0.6476580054390673,0.5216139739076594,0.11818445246670373,0.47361476708297234,0.25105059807338964
17A,2022-08-30,Genesis090,Cultivar,Infected,8,2,1,0.6342647429286982,54,0.02347737386549115,0.6589407619172595,0.7561784108778918,0.6399494839495391,0.11934840017678822,0.5286686217556704,0.379036293738253
180A,2022-08-30,CVR019,Cultivar,Fungicide,12,12,3,0.7514763136090915,0,0,0.7447272411196317,0.6671396582521149,0.5440213075822661,0.11595556089639626,0.5112745218020502,0.23655050550412807
18A,2022-08-30,CVR019,Cultivar,Infected,9,2,1,0.5575457670307902,50,0.01701180171910675,0.5598717220321562,0.7512163786612838,0.6230610958852492,0.13659103267031591,0.5408924155639542,0.35427592077377457
19A,2022-08-30,CVR494,Cultivar,Infected,1,3,1,0.8469659671865369,14,0.00755198079582021,0.8557034285990175,0.859234425636133,0.6109751738540851,0.1783945965096026,0.5756790896115608,0.5610993808670778
1A,2022-08-30,WLD132,Wild cicer,Infected,1,1,1,0.0054155740261238,0,0,0.00133611557163566,0.4965156840008659,0.5279747771165189,-0.257883357807466,0.5777940058146787,-0.1139762639232342
20A,2022-08-30,Howzat,Cultivar,Infected,2,3,1,0.5547137696042851,32,0.01193079894809599,0.5256828824050084,0.846830144842275,0.6049941407045734,0.15366699090492036,0.5697559422010847,0.5353951277029226
21A,2022-08-30,CVR010,Cultivar,Infected,3,3,1,0.270308357873952,43,0.0179525079034202,0.25441212384615564,0.8125879639812288,0.540297600310223,0.17706194136624026,0.5021408667267394,0.5244336673776698
22A,2022-08-30,CVR501,Cultivar,Infected,4,3,1,0.8248532013159543,6,0.00383561454633239,0.8829759052671101,0.6935398720631285,0.6054072405967981,-0.00709475490694788,0.4922535722857312,0.30562637330713566
23A,2022-08-30,CVR491,Cultivar,Infected,5,3,1,0.793283882635229,25,0.00982418956234736,0.8672961960587975,0.7118802455102652,0.60511959405085,0.03175774380405501,0.46846933752686376,0.36520441294859873
24A,2022-08-30,CVR502,Cultivar,Infected,6,3,1,0.4490554235129558,32,0.0149449618910124,0.45848412865509697,0.6157606042641057,0.5479372755728175,-0.04736900404131605,0.46142812535137345,0.2155870753860052
25A,2022-08-30,CVR485,Cultivar,Infected,7,3,1,0.46156258407726375,58,0.02557072934690548,0.47039127624937954,0.6865669084971531,0.5856788131621841,0.0426618670655413,0.466056268364722,0.32427024894978496
26A,2022-08-30,CVR503,Cultivar,Infected,8,3,1,0.6375670837874415,57,0.02216240147271593,0.7156470786781496,0.7599235076893233,0.6231573409110666,0.10090021032300728,0.5381386126337148,0.3752351103775444
27A,2022-08-30,CVR504,Cultivar,Infected,9,3,1,0.7431161247149407,1,4.173453197828868e-4,0.7510541413264947,0.7452972658749966,0.603860316067254,0.09970971608941676,0.5571176270681415,0.3217946472310035
28A,2022-08-30,CVR495,Cultivar,Infected,1,4,1,0.6208367691660646,36,0.01782002221329802,0.6080111801278529,0.8152894339699948,0.5482006235330984,0.13674494830809397,0.5034289704226217,0.5289718315323063
29A,2022-08-30,CVR492,Cultivar,Infected,2,4,1,0.7939496504512845,21,0.00966853235534911,0.783042320012125,0.8439268342264036,0.5929669884964054,0.1849347464633141,0.5424780776416,0.555985468349605
2A,2022-08-30,CVR016,Cultivar,Infected,2,1,1,0.5995752586622795,13,0.00663779765787638,0.6751706363609515,0.8385331446952426,0.5979190377680741,0.23244939393263864,0.47994609957854617,0.6000961802083193
30A,2022-08-30,CVR484,Cultivar,Infected,3,4,1,0.07886533184220662,21,0.00807199460773605,0.07887011624331702,0.7704492736249475,0.47056279783520094,0.09354891110462492,0.5101664346872052,0.4288425649627686
31A,2022-08-30,CVR491,Cultivar,Fungicide,10,1,1,0.6843033220190053,0,0,0.6591372495013236,0.6431461133469126,0.4785540360512552,8.170895087851931e-5,0.5442240425914971,0.15219144855496106
32A,2022-08-30,CVR016,Cultivar,Fungicide,11,1,1,0.8403612854690501,0,0,0.849258635841716,0.6860466062121658,0.5176900929746736,0.0406021707503016,0.5594437510484048,0.2054589045947762
33A,2022-08-30,Howzat,Cultivar,Fungicide,12,1,1,0.5368937156222997,0,0,0.4890182992186532,0.6362050646732786,0.5131197029738153,-0.00911434723179575,0.5511428460964001,0.13099390408026737
34A,2022-08-30,CVR496,Cultivar,Fungicide,13,1,1,0.8282515982277604,0,0,0.8424601654330993,0.7513232385293896,0.5809840713726009,0.05857299831975011,0.6150745118983939,0.25330681460263876
35A,2022-08-30,Genesis090,Cultivar,Fungicide,14,1,1,0.7155778479851589,2,6.955755329714781e-4,0.7317590605714032,0.7159758555547946,0.5589930482706805,0.03069894711942167,0.6048007549636566,0.19608387855647844
36A,2022-08-30,CVR484,Cultivar,Fungicide,15,1,1,0.4594725368537261,0,0,0.4726705322245227,0.715719635987004,0.5667453222013337,0.03060141216600291,0.6094884939224507,0.18842755206423967
37A,2022-08-30,WLD133,Wild cicer,Fungicide,16,1,1,0.3799878090831494,0,0,0.4021314895455222,0.6375588269327607,0.4909452783098563,0.03621854310945369,0.44777546890795145,0.2656107718367129
38A,2022-08-30,CVR499,Cultivar,Fungicide,17,1,1,0.04743181654684581,0,0,0.05890697770240768,0.6941118792279334,0.5605533674338712,0.00892783281084578,0.5802987241913038,0.19057547853737936
39A,2022-08-30,CVR015,Cultivar,Fungicide,18,1,1,0.852394790323428,0,0,0.823558059846136,0.7361568416533046,0.5973866907569902,0.09518923981600293,0.5353104220831915,0.3314693527574023
3A,2022-08-30,CVR497,Cultivar,Infected,3,1,1,0.7067671893249208,4,0.00272931390988654,0.7243318298937814,0.810118710383424,0.5688683826270572,0.17582867673355862,0.5238051112877367,0.4973695381877172
40A,2022-08-30,CVR497,Cultivar,Fungicide,10,2,1,0.8522059904949943,0,0,0.8503982638292876,0.7064330033955967,0.531761536510007,0.02243434256547255,0.6033145161125713,0.17971195246153768
41A,2022-08-30,CVR503,Cultivar,Fungicide,11,2,1,0.741685220752075,6,0.00267631751451435,0.7993507894894427,0.7354972433662793,0.5645167554591083,0.0577055960492865,0.5945562440139913,0.250470261916405
42A,2022-08-30,CVR477,Cultivar,Fungicide,12,2,1,0.6381699183273526,0,0,0.6348120865941919,0.677245725581011,0.508715592574997,0.03401489720382338,0.5702837347998133,0.1742682687017111
43A,2022-08-30,CVR500,Cultivar,Fungicide,13,2,1,0.8845437576002216,0,0,0.9029390438080196,0.7640438789188266,0.5887407725677992,0.06347523401395859,0.6316393045439099,0.25590377137086684
44A,2022-08-30,WLD085,Wild cicer,Fungicide,14,2,1,0.1889621300405731,0,0,0.24521650491195723,0.7435844209179793,0.5182185869856873,0.16329868029051772,0.5583478227117676,0.3167405353446618
45A,2022-08-30,CVR502,Cultivar,Fungicide,15,2,1,0.6865092989617567,8,0.00345137954931561,0.7483819101832233,0.7558055010035878,0.5687504576069551,0.09783474709509345,0.5975298979317488,0.28862204926739826
46A,2022-08-30,CVR495,Cultivar,Fungicide,16,2,1,0.7802003857525445,9,0.00530626427147759,0.8059920698308082,0.7186415761586378,0.5794255416188078,0.03931325069166177,0.5261588951802676,0.3095172300824835
47A,2022-08-30,CVR494,Cultivar,Fungicide,17,2,1,0.8410866742835584,5,0.00443845484828049,0.8527561148380565,0.773614050390942,0.6448127500090147,0.07707029411497804,0.5863369595011114,0.342746303520529
48A,2022-08-30,CVR019,Cultivar,Fungicide,18,2,1,0.7949135232596037,1,6.889536737765154e-4,0.8072495903688183,0.7696711366365987,0.5972665911469195,0.12556725735170385,0.569351745890619,0.3565757246410887
49A,2022-08-30,CVR501,Cultivar,Fungicide,10,3,1,0.6673808952915029,4,0.00275581818626523,0.7340383165465464,0.7115138373394151,0.5338844826280987,0.01404938005501792,0.5925205953043001,0.20572352324956136
4A,2022-08-30,CVR498,Cultivar,Infected,4,1,1,0.616862035935882,34,0.02296069227908839,0.6431431601585084,0.6259028653663977,0.5571534959604644,-0.05130901767128592,0.44256097874471695,0.2535849702043267
50A,2022-08-30,WLD132,Wild cicer,Fungicide,11,3,1,0.04548088498636452,0,0,0.05776734971483608,0.6905300390315806,0.466212757521234,0.11240749964231582,0.5433697309987695,0.2355368096063548
51A,2022-08-30,CVR492,Cultivar,Fungicide,12,3,1,0.7196950091560897,0,0,0.7377715806437637,0.6983070896046082,0.5220015176206497,0.03192505635346604,0.6077097544566825,0.15738760156332032
52A,2022-08-30,WLD129,Wild cicer,Fungicide,13,3,1,0.28701217427379444,0,0,0.3238508360543974,0.7126735245038707,0.5146129405661127,0.07609109753014874,0.532407840392523,0.29048543670989113
53A,2022-08-30,CVR498,Cultivar,Fungicide,14,3,1,0.7716646461407274,23,0.00866158737158424,0.793809839618836,0.7320824320464356,0.5496382699231407,0.0759999973752323,0.5654393110272324,0.2843487845884899
54A,2022-08-30,CVR482,Cultivar,Fungicide,15,3,1,0.534730798289542,2,0.00142428130873272,0.5827821743340266,0.6994363646782213,0.526209729238046,0.02899030643087869,0.5767698803317786,0.20561402556187144
55A,2022-08-30,CVR493,Cultivar,Fungicide,16,3,1,0.8816587637306474,0,0,0.8990878871603637,0.7253085939561558,0.5827734733858366,0.06857862090012377,0.5316891672025038,0.31515564827571557
56A,2022-08-30,WLD131,Wild cicer,Fungicide,17,3,1,0.09662576482573924,0,0,0.1127838732527752,0.7121001323345102,0.5203195884951433,0.13130085461513782,0.4720897228591968,0.3615568338027373
57A,2022-08-30,CVR504,Cultivar,Fungicide,18,3,1,0.7909752250840312,10,0.00806870924559713,0.7859896337730861,0.7038407903094618,0.548825085528722,0.06001040184595171,0.5195357315717769,0.29055095384431096
58A,2022-08-30,CVR481,Cultivar,Fungicide,10,4,1,0.6368151967513986,5,0.0019509237567628501,0.7220918714354511,0.6278540611919556,0.47832161420753055,-0.0304223268594465,0.5314714802930645,0.14465050587936942
59A,2022-08-30,CVR485,Cultivar,Fungicide,11,4,1,0.7256736703898228,0,0,0.7411118695728528,0.6772931156819512,0.509168752196718,-0.00776592357626486,0.5973286387793119,0.13429625130938833
5A,2022-08-30,CVR015,Cultivar,Infected,5,1,1,0.21387708283843443,36,0.01887000839874201,0.21354270636082945,0.5891180825300254,0.5800252247049442,-0.065451614910225,0.4216153666870277,0.22285595298075012
60A,2022-08-30,CVR010,Cultivar,Fungicide,12,4,1,0.8298911756852108,3,7.485717640550192e-4,0.8562535938343968,0.6883389790677628,0.5135321639447953,0.00968630339321889,0.6094840345852207,0.1358470968354206
61A,2022-08-30,CVR493,Cultivar,Fungicide,1,5,2,0.6953563926766049,1,0.0010433663798693,0.7558877358944708,0.6432472862489343,0.5857250500348633,0.01103591162192874,0.4938186095850661,0.2189904373425748
62A,2022-08-30,CVR495,Cultivar,Fungicide,2,5,2,0.6111052973075008,3,0.00128184880366282,0.7070016249793306,0.6524394367361114,0.6034455447667683,0.0280879619831542,0.47249337980771006,0.2601404004241887
63A,2022-08-30,CVR501,Cultivar,Fungicide,3,5,2,0.5160793626069101,2,0.00115267110647911,0.6615343980269052,0.6338062794923892,0.6094208878189331,0.04903665107749177,0.44928647910062774,0.25798326862601606
64A,2022-08-30,WLD085,Wild cicer,Fungicide,4,5,2,0.12772142779653453,0,0,0.19047506399170783,0.552709766278558,0.5158329963342906,0.05284370052442849,0.3838258502892271,0.21435894305641603
65A,2022-08-30,CVR485,Cultivar,Fungicide,5,5,2,0.7141336949115259,0,0,0.7143109631065139,0.6618555692358963,0.6223976618869118,0.05377745205850227,0.4959872086353042,0.2469278264348392
66A,2022-08-30,CVR491,Cultivar,Fungicide,6,5,2,0.6599348950402942,0,0,0.705861996991759,0.6539964572681553,0.6082452049736504,0.10365487701485894,0.4573523621946152,0.28056214837716814
67A,2022-08-30,CVR016,Cultivar,Fungicide,7,5,2,0.7617377498983463,0,0,0.76048554536157,0.6681396421501277,0.5724718448698903,0.05481563240924407,0.5120439104488735,0.23726968560320685
68A,2022-08-30,CVR484,Cultivar,Fungicide,8,5,2,0.5741237168783434,2,0.00175219610464455,0.6225512613485941,0.6815208896163486,0.6039741692024492,0.07322136706612206,0.5067296661529369,0.26699821765175813
69A,2022-08-30,CVR481,Cultivar,Fungicide,9,5,2,0.6410880349738449,0,0,0.6541071673492834,0.7017048230333784,0.6243087098347017,0.10477434521049896,0.5331294814083888,0.2693325045682622
6A,2022-08-30,CVR477,Cultivar,Infected,6,1,1,0.161629214527684,36,0.0168528356566297,0.1470120103967359,0.5435139959004426,0.5549095175669426,-0.07317713325129319,0.4254271932311187,0.1536039803805244
70A,2022-08-30,Howzat,Cultivar,Fungicide,1,6,2,0.6188030306632878,3,0.00147064886262981,0.7576561241510474,0.7021057656413937,0.6448465378651183,0.01253774963311386,0.5194803219193858,0.2874769481505885
71A,2022-08-30,WLD132,Wild cicer,Fungicide,2,6,2,0.0151371090516121,0,0,0.04762859037713016,0.633770560957053,0.5919215114218098,0.06985185442091513,0.4509901775154712,0.2559319546660548
72A,2022-08-30,CVR492,Cultivar,Fungicide,3,6,2,0.6907556389626685,0,0,0.7454738939390751,0.6856978821115665,0.6262274005807484,0.07741467583619369,0.49667759480473805,0.28664226591382325
73A,2022-08-30,CVR496,Cultivar,Fungicide,4,6,2,0.8133695345584184,1,0.00137128589909241,0.8174276472233369,0.705971023587354,0.6463025197211822,0.08327211407172594,0.5145520728345211,0.3006228697790889
74A,2022-08-30,CVR498,Cultivar,Fungicide,5,6,2,0.7859074402155484,1,3.312264442721324e-4,0.8358188850917337,0.7272821188694396,0.6572318765017142,0.10810830894205098,0.5158300207145919,0.3384067136286568
75A,2022-08-30,CVR019,Cultivar,Fungicide,6,6,2,0.7796008634903253,0,0,0.8006083100274527,0.7029129467948642,0.6234350464295028,0.135574941327513,0.5029581046381577,0.30930534258544423
76A,2022-08-30,CVR499,Cultivar,Fungicide,7,6,2,0,0,0,0,NA,NA,NA,NA,NA
77A,2022-08-30,CVR502,Cultivar,Fungicide,8,6,2,0.6349106370786028,11,0.00539900870267833,0.6565829109084906,0.7185843065106671,0.6093251532610584,0.0863493116506648,0.5452008737091849,0.28506359210473414
78A,2022-08-30,CVR482,Cultivar,Fungicide,9,6,2,0.6507764472224151,1,0.00129510361154901,0.6734022481043749,0.7087585417092688,0.6036142396992618,0.08605475735658961,0.5543245338165534,0.254372413655031
79A,2022-08-30,CVR497,Cultivar,Fungicide,1,7,2,0.8562171587797869,0,0,0.9154749516713072,0.7150032197757685,0.6254111413990926,0.0858678060760899,0.4994183795706376,0.33532440758108384
7A,2022-08-30,WLD131,Wild cicer,Infected,7,1,1,0.00225234883043681,0,0,0,NA,NA,NA,NA,NA
80A,2022-08-30,CVR503,Cultivar,Fungicide,2,7,2,0.8026741898915354,8,0.005061158756337,0.8821506574140411,0.7227671945183518,0.6393732068449818,0.10261759749552242,0.48745151409256016,0.3633175135692888
81A,2022-08-30,CVR477,Cultivar,Fungicide,3,7,2,0.7846686483588081,3,0.00172237751021508,0.8237545474301999,0.6900843737581678,0.6145679031184987,0.07448021503625808,0.4893316495983624,0.3031053902038847
82A,2022-08-30,WLD133,Wild cicer,Fungicide,4,7,2,0.4898924951753903,0,0,0.5820355215145832,0.6214728280357064,0.5701996888271275,0.0793853493494496,0.3819730059153008,0.31405110999451996
83A,2022-08-30,CVR500,Cultivar,Fungicide,5,7,2,0.8489732074677792,9,0.00671398528480074,0.8411633473782764,0.6623839689803939,0.6037113731719222,0.08617322857439276,0.46547319224240624,0.28468560688005917
84A,2022-08-30,CVR494,Cultivar,Fungicide,6,7,2,0.788547325535928,14,0.00695576251734299,0.794635087471905,0.6788959984228919,0.627555281199453,0.08442796255882837,0.4991625691531706,0.2718618184137972
85A,2022-08-30,WLD131,Wild cicer,Fungicide,7,7,2,0.05504674296033732,0,0,0.07442949684346907,0.6336731288053984,0.5190544423528842,0.0881113969946766,0.4222655760824941,0.2886418668421797
86A,2022-08-30,CVR504,Cultivar,Fungicide,8,7,2,0.7886400693112989,0,0,0.7912947985428159,0.7106472933941717,0.6038540288517442,0.08143236313132304,0.5348455605185798,0.283590770398784
87A,2022-08-30,CVR010,Cultivar,Fungicide,9,7,2,0.8042872691274511,1,3.5772455981390294e-4,0.8039485989565419,0.7278278170175821,0.619727623373872,0.09294620977813216,0.5698226027710867,0.2699710462759307
88A,2022-08-30,Genesis090,Cultivar,Fungicide,1,8,2,0.8168474261348282,8,0.00385548156143019,0.8604977256501808,0.6673534290368333,0.6045048234725471,0.04831084495529963,0.4809811316803459,0.2744742527608722
89A,2022-08-30,CVR015,Cultivar,Fungicide,2,8,2,0.7360808468975175,5,0.00222915930933241,0.8351901248227287,0.7082098350828199,0.6240050595407328,0.1040541652474201,0.4728388645645234,0.3538716704545941
8A,2022-08-30,CVR493,Cultivar,Infected,8,1,1,0.7495518802701447,33,0.01572336358545159,0.7787981881963412,0.7373418058130776,0.6387983057331413,0.09427631790981296,0.5069084902701703,0.3679660988238305
90A,2022-08-30,WLD129,Wild cicer,Fungicide,3,8,2,0.01672700234368515,0,0,0.01819475028433272,0.5400196223959657,0.534288089433164,-0.04510469277802304,0.48503861929497,0.07449297602571263
91A,2022-08-30,CVR503,Cultivar,Infected,10,5,2,0.6056234777275407,6,0.00529964528734664,0.5676133328442805,0.6552116789207747,0.5046705323851477,0.07031490890966491,0.5517236643015156,0.16207882851371877
92A,2022-08-30,CVR501,Cultivar,Infected,11,5,2,0.6364773444268331,3,0.00378924674598961,0.6224333687981556,0.657779188284968,0.5272184539924758,0.08838237374873016,0.5434760680729372,0.17790015787577546
93A,2022-08-30,CVR019,Cultivar,Infected,12,5,2,0.8131310505646074,0,0,0.7475173648133414,0.6670921572497501,0.5228575992494824,0.11079499147958806,0.550368263149331,0.18444058031324673
94A,2022-08-30,CVR499,Cultivar,Infected,13,5,2,0.12898340559711752,0,0,0.11301965835365207,0.6980785282389187,0.7286861140230277,0.06179889980717325,0.4490886238231259,0.3626942276243205
95A,2022-08-30,WLD133,Wild cicer,Infected,14,5,2,0.11946723178852198,15,0.00411714954881763,0.05254077997873186,0.746473733332603,0.7759839866002329,0.2434648665056179,0.39088624950333545,0.5020906724261545
96A,2022-08-30,CVR493,Cultivar,Infected,15,5,2,0.6932199735653817,35,0.01854872379969883,0.6517100188237017,0.7907234891445877,0.7889840227999066,0.22605702922555945,0.457649861153566,0.5219563007442498
97A,2022-08-30,CVR504,Cultivar,Infected,16,5,2,0.6461028233992587,2,9.572444239464624e-4,0.6446364657973953,0.6310441985106102,0.5831312950761128,-0.0254419920026156,0.5005545288122244,0.19073868588362927
98A,2022-08-30,CVR015,Cultivar,Infected,17,5,2,0.7678952741274375,2,0.00104336329945721,0.7723140979222268,0.6882320667301982,0.6047475134272182,0.05556238610707118,0.5067661772223384,0.2786521677490224
99A,2022-08-30,CVR010,Cultivar,Infected,18,5,2,0.6219761926920503,0,0,0.6087578329472965,0.6543679142907389,0.6034008661981962,0.02710505515388745,0.5131025086193778,0.21267153694965263
9A,2022-08-30,CVR496,Cultivar,Infected,9,1,1,0.7263659364274129,11,0.00715781783598994,0.7248034000955351,0.7443103036934666,0.6353105212843159,0.11993038910890068,0.537339486161333,0.3449210762590284
100A,2022-09-02,CVR482,Cultivar,Infected,10,6,2,0.3235002253268708,20,0.01131472716729919,0.414195827207056,0.6483356343458084,0.507372169923461,0.02167836560425677,0.5368313122931919,0.17103119352871385
101A,2022-09-02,CVR498,Cultivar,Infected,11,6,2,0.5897676044168039,3,0.00319303627124848,0.6410210942506165,0.7164578424152594,0.5474801570897021,0.08642454927068337,0.5636254365182121,0.2563501509245566
102A,2022-09-02,CVR484,Cultivar,Infected,12,6,2,0.17453716069270203,2,0.00133484524010717,0.2197910115340668,0.6291589550961122,0.4733820508232576,0.08580035351086818,0.4773971404070898,0.2169137408805369
103A,2022-09-02,WLD131,Wild cicer,Infected,13,6,2,0.15184143394835933,0,0,0.16493167806337894,0.79448826097251,0.7416115428915119,0.22353404263011392,0.4423742928192398,0.5429342989296908
104A,2022-09-02,CVR494,Cultivar,Infected,14,6,2,0.49067088043296775,126,0.04592461508888014,0.5197096598494607,0.7183626540407243,0.7049105635012942,0.15214944417884554,0.38170178824988815,0.46384818052594345
105A,2022-09-02,Genesis090,Cultivar,Infected,15,6,2,0.49234026838964445,28,0.01555112283614958,0.524071684215683,0.7068400253241418,0.6746970039267346,0.16043898139146717,0.3961272289931454,0.4315446997011662
106A,2022-09-02,Howzat,Cultivar,Infected,16,6,2,0.6278554855950287,26,0.01318284213614401,0.7089272033031584,0.6861060301678472,0.5303227974914435,-0.00182654235005739,0.53050084312036,0.24465448388137032
107A,2022-09-02,WLD129,Wild cicer,Infected,17,6,2,0.03245038454674919,0,0,0.04436689648166662,0.6968881156035968,0.5173248857019401,0.1116884280748014,0.4864307154800854,0.31838655208884997
108A,2022-09-02,CVR495,Cultivar,Infected,18,6,2,0.6789341198805671,5,0.00239477253146847,0.7626862063030876,0.6901710624594236,0.5064963657674566,0.04827570889912432,0.5118036963858722,0.27578265143217046
109A,2022-09-02,CVR481,Cultivar,Infected,10,7,2,0.6990992664683602,6,0.00504459948773146,0.783474592697066,0.7197768043874393,0.5510003980125678,0.07352956847601815,0.570987398667859,0.2526065092753061
10A,2022-09-02,CVR481,Cultivar,Infected,1,2,1,0.7759441089185573,6,0.00543544258474372,0.8398272318066408,0.822023949989337,0.5778098548829166,0.19452682600391685,0.4784354892272169,0.5663098895768114
110A,2022-09-02,CVR477,Cultivar,Infected,11,7,2,0.7687962136596123,4,0.0024742672888154,0.8077604580873848,0.7312387264971764,0.5554578684277862,0.09246589131096092,0.5784090267949195,0.2648488782146307
111A,2022-09-02,WLD132,Wild cicer,Infected,12,7,2,0.03142026618459353,0,0,0.07627648013367132,0.6976843197809609,0.48148127179092887,0.22140274495789797,0.4890023845430293,0.3167459166381003
112A,2022-09-02,WLD085,Wild cicer,Infected,13,7,2,0.2800795770648176,0,0,0.30758166409389254,0.7692637366827118,0.7324567694658753,0.19185342237513517,0.4251159693077635,0.5113836794825553
113A,2022-09-02,CVR500,Cultivar,Infected,14,7,2,0.528659393280438,64,0.03148645409556549,0.6032168830766897,0.7071779883978399,0.6824146143916363,0.1340719114428675,0.40634661898447066,0.4221361551880138
114A,2022-09-02,CVR491,Cultivar,Infected,15,7,2,0.6569472205622736,16,0.01103981320255296,0.671280182196483,0.73357931566225,0.6815083225333662,0.20106571497738712,0.38710149794354126,0.4838870568319673
115A,2022-09-02,CVR502,Cultivar,Infected,16,7,2,0.4784055161401626,7,0.00399791406650009,0.5187665194459531,0.6790521023411412,0.5256130646653692,0.01394416863510041,0.4862195667714274,0.2878821199894822
116A,2022-09-02,CVR492,Cultivar,Infected,17,7,2,0.8491321967969864,18,0.01048665448506033,0.874133963984227,0.6893870512477268,0.5243795436813957,0.03983351911203572,0.5163377203914661,0.26869200792062375
117A,2022-09-02,CVR485,Cultivar,Infected,18,7,2,0.588227395290108,24,0.01688929163554382,0.6207828730920174,0.6513486313798492,0.487478551142579,0.01763725111341197,0.5110198624315452,0.21034131475910728
118A,2022-09-02,CVR016,Cultivar,Infected,10,8,2,0.8723313897504856,7,0.00605153178017406,0.9081263160273108,0.7046296828797987,0.5278128206476222,0.11127080291075428,0.537605373582044,0.2688791453830612
119A,2022-09-02,CVR497,Cultivar,Infected,11,8,2,0.9100350467164594,3,0.00257032993993446,0.9248670581895696,0.7193553410769162,0.541124625898941,0.09414645086532351,0.5754104721371618,0.24560810446273415
11A,2022-09-02,CVR499,Cultivar,Infected,2,2,1,0.27386574411496545,13,0.00870797361333913,0.3154804649732681,0.8012818132334215,0.5619145989292135,0.17999929718750768,0.4795604302576983,0.522498095260781
120A,2022-09-02,CVR496,Cultivar,Infected,12,8,2,0.6563973824654317,34,0.01920456292026389,0.6938762543638508,0.6739476354098016,0.4915329861910576,0.08561724111037208,0.5354844344423396,0.21664951126591275
121A,2022-09-02,WLD085,Wild cicer,Infected,1,9,3,0.2606928157346019,0,0,0.4334123129285219,0.5996906040618416,0.5410351196127716,0.07639034858882862,0.39847324693330854,0.26439810286095594
122A,2022-09-02,CVR019,Cultivar,Infected,2,9,3,0.5300538621886938,31,0.01968153528406916,0.5762194890262867,0.5620151266065408,0.5450472980995489,0.04397328689347837,0.3805824471134572,0.2307989889066623
123A,2022-09-02,CVR494,Cultivar,Infected,3,9,3,0.4243392073766036,11,0.00675372506511164,0.4258278921836488,0.5532291629655685,0.5484452606164959,0.0624113046980729,0.38405589052533823,0.2148152703042011
124A,2022-09-02,CVR498,Cultivar,Infected,4,9,3,0.4658453591327855,22,0.01567700284950781,0.5162121808531203,0.6019802363931848,0.4813739826729795,-0.01778755062215955,0.47866091907152336,0.17323642549269205
125A,2022-09-02,CVR485,Cultivar,Infected,5,9,3,0.5635542387637495,18,0.01088413012004221,0.6224333687981556,0.617579355284466,0.509916758408308,0.01775565278976082,0.48696186676314834,0.1867932377352688
126A,2022-09-02,CVR502,Cultivar,Infected,6,9,3,0.2292924232161593,16,0.00991694541162114,0.2504823721648743,0.5516477589710639,0.4763049424521733,0.03884391140250442,0.40920866565804703,0.18396781097096765
127A,2022-09-02,Genesis090,Cultivar,Infected,7,9,3,0.5826495196570851,21,0.01089406219007183,0.4846955723692437,0.552149149328167,0.4841621997484419,0.03420445477496223,0.39819997949346986,0.19733677343729403
128A,2022-09-02,CVR010,Cultivar,Infected,8,9,3,0.4097983083095189,23,0.0124508291478286,0.3309243890807038,0.5533511363982077,0.5086410608657075,0.02370178514821953,0.40539344989135406,0.19074699123603495
129A,2022-09-02,CVR491,Cultivar,Infected,9,9,3,0.6451488874240149,10,0.00591241010203397,0.5983832885087136,0.5855242461020189,0.4902393684014648,0.10163723742124642,0.3878820938585378,0.2557197918048547
12A,2022-09-02,CVR500,Cultivar,Infected,3,2,1,0.4878918794495317,50,0.02869753778501543,0.5990120487777186,0.7791915779715735,0.527427241807101,0.18802073677432388,0.45023575456042886,0.5067250636501296
130A,2022-09-02,CVR484,Cultivar,Infected,1,10,3,0.1470684417944484,36,0.01846592786743091,0.2806628650771152,0.5287866260763135,0.5061406474915725,-0.02302750463108086,0.3822609951983938,0.18364703227879883
131A,2022-09-02,CVR481,Cultivar,Infected,2,10,3,0.6843496939066909,15,0.01092389811697931,0.7595817024748752,0.6493839202468145,0.5918919574431362,0.06957704638047273,0.43578387661566176,0.2979042887828069
132A,2022-09-02,CVR492,Cultivar,Infected,3,10,3,0.6625383453060638,8,0.00687961206078821,0.7090450958535969,0.6270451258393615,0.57099314512167,0.06834498479965688,0.4443007318369955,0.2533179024471388
133A,2022-09-02,CVR496,Cultivar,Infected,4,10,3,0.5805760338220065,55,0.02853852646096577,0.6606305551402104,0.6614922819970599,0.5289616960836584,0.02587300957691611,0.5068539639341894,0.2326367713166991
134A,2022-09-02,WLD131,Wild cicer,Infected,5,10,3,0.04734569732685852,0,0,0.0958073459896397,0.7070050705668807,0.5339344820276951,0.16929488983288554,0.4628779901934762,0.3628831687956898
135A,2022-09-02,Howzat,Cultivar,Infected,6,10,3,0.15231508965828944,37,0.02210280018096411,0.19574093124462488,0.5675568135619153,0.45149486830219343,0.05559193429584794,0.4090527960187465,0.20642863402553976
136A,2022-09-02,CVR016,Cultivar,Infected,7,10,3,0.5938682041992756,70,0.04011163268023546,0.622747748932658,0.5854311260309829,0.4972224225702609,0.06865734816311,0.3749985681687541,0.26962488098196813
137A,2022-09-02,CVR482,Cultivar,Infected,8,10,3,0.33703087969795076,37,0.01560077953082441,0.3124545561786814,0.5819311925102587,0.5003490035482094,0.08098085409514282,0.3931121484489741,0.24482661370905565
138A,2022-09-02,CVR497,Cultivar,Infected,9,10,3,0.6759133226256283,20,0.00868146145109276,0.7110099716942375,0.6394559336854683,0.5178343347322316,0.1201691019308123,0.4462822077832927,0.2703158780788692
139A,2022-09-02,CVR493,Cultivar,Infected,1,11,3,0.8824305244328412,9,0.00935387277803235,0.923727430201998,0.6932366094997874,0.6060144520649775,0.10182194071550792,0.47304969622190646,0.32762758615920434
13A,2022-09-02,WLD129,Wild cicer,Infected,4,2,1,0.19490104394200428,0,0,0.25374406606033784,0.6454215669066462,0.5019352699136801,0.06104328190949693,0.4642046046301233,0.25873635786285326
140A,2022-09-02,CVR495,Cultivar,Infected,2,11,3,0.6133046496948685,35,0.01604464888273374,0.7061763771262615,0.6367981936826348,0.5777203808274092,0.06696278780805456,0.42515762386944433,0.2902126206478427
141A,2022-09-02,CVR504,Cultivar,Infected,3,11,3,0.6589412117327486,15,0.00748904846962252,0.7200484005611847,0.6404205536978093,0.5782127096134118,0.07192732209528217,0.45378489641649944,0.2630943381025711
142A,2022-09-02,CVR015,Cultivar,Infected,4,11,3,0.6998710271705539,58,0.0321654564775394,0.8068173176838773,0.6474401032634692,0.5137404957782071,0.050796158967864,0.4731209099649946,0.25129534179644075
143A,2022-09-02,WLD132,Wild cicer,Infected,5,11,3,0.0713365246487024,0,0,0.10834325385292726,0.5934531850189309,0.5016294324337943,-0.06998150524469963,0.5206816692248485,0.10531336661120357
144A,2022-09-02,WLD129,Wild cicer,Infected,6,11,3,0.0921343162756329,0,0,0.18831370056700303,0.6841347070883455,0.5078897097075807,0.14005922904522008,0.4609115990909876,0.326028131206707
145A,2022-09-02,CVR500,Cultivar,Infected,7,11,3,0.7306917710929283,20,0.01199705466930381,0.665778529842689,0.5669528900244749,0.4921799663022215,0.06808778234971986,0.3719282448945972,0.2471374874896645
146A,2022-09-02,CVR501,Cultivar,Infected,8,11,3,0.5282884181789543,25,0.01598834893021701,0.5400657735584982,0.6013456357657945,0.5083184755154839,0.06555726086747728,0.399777267754632,0.2653627081564387
147A,2022-09-02,CVR503,Cultivar,Infected,9,11,3,0.697986341163909,10,0.00643243315519881,0.7107741865933607,0.6407661991505739,0.5080158677270937,0.13072248452355906,0.4060390364016878,0.3172743670429848
148A,2022-09-02,WLD133,Wild cicer,Infected,1,12,3,0.05203257026078218,5,0.00239808787633602,0.12810990480977252,0.4801115162287715,0.5160282582711567,-0.05788387011550887,0.3119074064309987,0.19782908159870313
149A,2022-09-02,CVR499,Cultivar,Infected,2,12,3,0.0347192947656451,0,0,0.02880507982379241,0.4986273348924446,0.5407657198290995,-0.12117166013845825,0.4690582763282831,0.03859612369284873
14A,2022-09-02,WLD085,Wild cicer,Infected,5,2,1,0.2034135976099787,0,0,0.2878543106538601,0.6387157984441488,0.491190211624017,0.1048975771120098,0.4479612891770229,0.2672080693838495
150A,2022-09-02,CVR477,Cultivar,Infected,3,12,3,0.4094803296511043,7,0.00347125654496133,0.4375385521938673,0.5361854648059178,0.4974029181688099,0.04881550415269116,0.36381730654447064,0.21414150150870065
151A,2022-09-02,CVR499,Cultivar,Fungicide,10,9,3,0.09991154429602354,0,0,0.0647230101907041,0.6106090789622615,0.5150011163158063,0.05610439803371216,0.4988611571714726,0.16069800467703307
152A,2022-09-02,CVR498,Cultivar,Fungicide,11,9,3,0.6253580282153973,0,0,0.6298213019589646,0.6226539736908872,0.5059478132408786,0.06856821627486256,0.4724184984194396,0.2128443268974903
153A,2022-09-02,Howzat,Cultivar,Fungicide,12,9,3,0.3843037069155893,0,0,0.3966298371917283,0.6109218033635226,0.5268020016387873,0.0803466440390647,0.4679356404448018,0.2002248616517296
154A,2022-09-02,CVR496,Cultivar,Fungicide,13,9,3,0.8429680480125116,2,0.00204699051509804,0.8739374764001631,0.7203086297722415,0.5507490067832196,0.07683522554247026,0.5346967074780792,0.3018799899381393
155A,2022-09-02,CVR492,Cultivar,Fungicide,14,9,3,0.8291260395384006,0,0,0.8644274773314621,0.7065452479209539,0.5398321091349956,0.07390648850495585,0.5266241576214478,0.28653678493339796
156A,2022-09-02,WLD129,Wild cicer,Fungicide,15,9,3,0.11170656515659044,0,0,0.19978857547634463,0.6494882377472395,0.49713291447048463,0.15294938141068615,0.45732760232643177,0.2733549572848829
157A,2022-09-02,CVR493,Cultivar,Fungicide,16,9,3,0.7961589396717277,0,0,0.7866576915589039,0.6470847955504694,0.4974648360819746,0.05753069338244135,0.5240093995353252,0.1862178773713799
158A,2022-09-02,CVR481,Cultivar,Fungicide,17,9,3,0.7293370495169744,7,0.00645231557238253,0.7727856681239806,0.6731178174237012,0.5120794059785843,0.09182172964517898,0.5120558001421966,0.2457738414551076
159A,2022-09-02,CVR477,Cultivar,Fungicide,18,9,3,0.410454139292499,0,0,0.48335945679760806,0.6409863126460353,0.47846181830867585,0.1049575520467484,0.47079825155123833,0.24374394849581849
15A,2022-09-02,CVR482,Cultivar,Infected,6,2,1,0.26470067174170275,74,0.03611038844180539,0.21067398763349404,0.5246498040179391,0.40595882393416255,0.05042541162355724,0.3686248112376064,0.19343514352402805
160A,2022-09-02,CVR010,Cultivar,Fungicide,10,10,3,0.7534901784457173,0,0,0.8127119452057994,0.6875717272565152,0.5674489529032014,0.06881076862367566,0.5390866296923744,0.2359380758369078
161A,2022-09-02,CVR015,Cultivar,Fungicide,11,10,3,0.8749646505154816,1,0.00138453495686329,0.9060435476362316,0.7136477433191943,0.580133950253867,0.10644452524981876,0.5430051121435241,0.2786067519353952
162A,2022-09-02,CVR497,Cultivar,Fungicide,12,10,3,0.8834010217965441,1,6.45891566330658e-4,0.8898529707093525,0.6725512302556097,0.5377656636766489,0.09223835577533016,0.5294300355108124,0.22226163225460777
163A,2022-09-02,CVR491,Cultivar,Fungicide,13,10,3,0.8150852944027805,1,3.643490886993456e-4,0.8921322266844958,0.7419382838539661,0.5478676664981194,0.10939533430608175,0.5254137658048984,0.3548561834670732
164A,2022-09-02,CVR502,Cultivar,Fungicide,14,10,3,0.6210918145483346,15,0.01017530573464792,0.7259823255999196,0.7368292415982693,0.554820182628831,0.1160613907720494,0.4990245809357833,0.376092234705575
165A,2022-09-02,CVR016,Cultivar,Fungicide,15,10,3,0.7849965638502981,0,0,0.8873772271501453,0.7302874675409602,0.5325583652337048,0.1448902489969186,0.5096992649841972,0.35138210378291035
166A,2022-09-02,WLD133,Wild cicer,Fungicide,16,10,3,0.4634538946392923,0,0,0.6576046463456238,0.7160533344017818,0.5225993667156061,0.14743080174519116,0.5041102672192775,0.3316636360884372
167A,2022-09-02,WLD085,Wild cicer,Fungicide,17,10,3,0.3513101088273818,0,0,0.5973615530715805,0.7424475939366144,0.5439624865832144,0.2117011351898149,0.501257853781291,0.3841565554699898
168A,2022-09-02,CVR501,Cultivar,Fungicide,18,10,3,0.5568137536608981,5,0.00316322322157351,0.7060977820926359,0.6907504780841189,0.4966253552261424,0.1437226245013963,0.5001164058118247,0.2912469891877713
169A,2022-09-02,Genesis090,Cultivar,Fungicide,10,11,3,0.8507618374213612,0,0,0.833028761398024,0.6509158930436199,0.5246460926239797,0.06963535602698329,0.5136558449445611,0.206203528223866
16A,2022-09-02,WLD133,Wild cicer,Infected,7,2,1,0.09653633332806014,23,0.00713793607596079,0.13502626776882773,0.5435723258580529,0.4934052299162511,0.04477802944226688,0.3356362518239149,0.25433818891548104
170A,2022-09-02,CVR495,Cultivar,Fungicide,11,11,3,0.6524392106237081,5,0.00302741729899711,0.6802793135466173,0.6747523821852691,0.5357304722488309,0.07222203674437318,0.5216247626691815,0.23629622220903057
171A,2022-09-02,CVR504,Cultivar,Fungicide,12,11,3,0.7406683515006867,14,0.00640923937715991,0.7542765377051454,0.6307699384223853,0.5017998393022629,0.0732841490799415,0.47213025334584585,0.22591988555665649
172A,2022-09-02,WLD131,Wild cicer,Fungicide,13,11,3,0.09090877352965993,0,0,0.13915250703417317,0.6860683396451492,0.5007892825199611,0.11188390862415472,0.41456860338327606,0.37941340499587306
173A,2022-09-02,CVR484,Cultivar,Fungicide,14,11,3,0.29803874670985936,4,0.00124872369490593,0.41266322405135625,0.6769012366823834,0.49316108454877416,0.05467413291381795,0.4817968829815122,0.28952770851108955
174A,2022-09-02,WLD132,Wild cicer,Fungicide,15,11,3,0.04751131121144946,0,0,0.1173423852030616,0.6688629666665641,0.4646748814218776,0.11847226747451062,0.4574686740748834,0.3045956408391636
175A,2022-09-02,CVR503,Cultivar,Fungicide,16,11,3,0.7906141868156229,9,0.00640261866798546,0.8646632624323389,0.6783980916479992,0.5059298281691681,0.11093117368798253,0.488427313891789,0.28411015378255583
176A,2022-09-02,CVR482,Cultivar,Fungicide,17,11,3,0.40159710874457544,7,0.0044682560280754,0.4588378063064123,0.6551816239460456,0.4920474223783826,0.06432039520361206,0.5101952399553504,0.21778574327073308
177A,2022-09-02,CVR485,Cultivar,Fungicide,18,11,3,0.7229940377371413,6,0.00374948950998472,0.7294798045962599,0.6597284817845881,0.4735851124437259,0.09950013019213728,0.5294408134460559,0.2002229941456325
178A,2022-09-02,CVR494,Cultivar,Fungicide,10,12,3,0.8315473145311202,0,0,0.8428531406012274,0.6583443228418523,0.5487368158407596,0.08141359814511566,0.5031283062361722,0.23209235286268504
179A,2022-09-02,CVR500,Cultivar,Fungicide,11,12,3,0.919534659136596,0,0,0.9015243332027582,0.6329506776309182,0.494846915950938,0.08364049979462826,0.4878022191135725,0.2099811282556744
17A,2022-09-02,Genesis090,Cultivar,Infected,8,2,1,0.5788503371445689,69,0.0409231303631801,0.5657270520372655,0.6086351705715594,0.5233395848184299,0.10313208918201776,0.41069512683289794,0.2639072143316038
180A,2022-09-02,CVR019,Cultivar,Fungicide,12,12,3,0.7768980448938011,0,0,0.7921986414295106,0.6529613150759755,0.5183530072294389,0.08476934209339794,0.5138849381634852,0.20930957310334217
18A,2022-09-02,CVR019,Cultivar,Infected,9,2,1,0.47139011198889025,36,0.01687601218434866,0.4730635073926509,0.6070468675285507,0.5195061814856933,0.11013556033779642,0.42367648880887626,0.24686090036639133
19A,2022-09-02,CVR494,Cultivar,Infected,1,3,1,0.8399903103675664,8,0.0051340273418993,0.8573932218219684,0.838887784852782,0.6058511058190185,0.20505102757104676,0.5215479288683853,0.5641799910059664
1A,2022-09-02,WLD132,Wild cicer,Infected,1,1,1,0.00524664786384104,0,0,9.431404035075278e-4,0.3628458466109918,0.4148867241709347,-0.410598310935817,0.5332947149083667,-0.2113449045986988
20A,2022-09-02,Howzat,Cultivar,Infected,2,3,1,0.5211868948076948,43,0.01942645847493405,0.5489863098750069,0.8101471840860922,0.5722782046790511,0.16885470550331397,0.4907811206020304,0.5301604979951976
21A,2022-09-02,CVR010,Cultivar,Infected,3,3,1,0.2316110176004325,23,0.01176188282599441,0.26081761908664425,0.7784093203949108,0.5180258746974098,0.19307484287087495,0.42706391951147726,0.5263053801730643
22A,2022-09-02,CVR501,Cultivar,Infected,4,3,1,0.8312955814265419,6,0.00302741442394583,0.8594366926962348,0.6351692751384369,0.5046992478675416,0.07047709740226354,0.453369787106808,0.255324367614147
23A,2022-09-02,CVR491,Cultivar,Infected,5,3,1,0.7602372881039523,34,0.02202662590250488,0.860654915717432,0.625961377406216,0.46449997875089094,0.09068175785749248,0.4195608105976548,0.27991408454415084
24A,2022-09-02,CVR502,Cultivar,Infected,6,3,1,0.34671597966882906,12,0.00618732086312615,0.23240551443098,0.5460467269322524,0.4117083153741256,0.05419222307825532,0.40959549790734273,0.17576181426963153
25A,2022-09-02,CVR485,Cultivar,Infected,7,3,1,0.3534465279386049,57,0.03067165010365272,0.3302170337780732,0.5214794005351358,0.4904488845388657,0.01796188450136434,0.36514189611842535,0.19310795887548837
26A,2022-09-02,CVR503,Cultivar,Infected,8,3,1,0.6534362062089456,43,0.02035721965146162,0.6828336521394501,0.6153780911508671,0.5246176166946193,0.08152413889098659,0.41955602465878106,0.2639771655645293
27A,2022-09-02,CVR504,Cultivar,Infected,9,3,1,0.7467894406751678,6,0.00316322083937543,0.7567129837475398,0.6222670013486326,0.5315266519209594,0.08137455164386864,0.4519962903309656,0.236902459785828
28A,2022-09-02,CVR495,Cultivar,Infected,1,4,1,0.5635443019306741,19,0.01169563449778732,0.6633813813171074,0.7912400939112513,0.5384390497530945,0.18401044002263728,0.44326892445110566,0.5359439359279868
29A,2022-09-02,CVR492,Cultivar,Infected,2,4,1,0.746895433561306,21,0.01239122399533181,0.7810774441714843,0.7989010234722501,0.5504062569468916,0.20198058105099875,0.4598483553742181,0.5359443092665634
2A,2022-09-02,CVR016,Cultivar,Infected,2,1,1,0.48740828690652616,11,0.00759835496234799,0.7016178651759751,0.8023757999549631,0.5587085138673575,0.23686153080661865,0.4224928385979737,0.574707759162539
30A,2022-09-02,CVR484,Cultivar,Infected,3,4,1,0.04758086904297766,17,0.0078401543738955,0.0667664810649704,0.7053133943719673,0.4662399318172458,0.08215887376100747,0.425639418631293,0.3996536807855358
31A,2022-09-02,CVR491,Cultivar,Fungicide,10,1,1,0.6790003654344035,0,0,0.7269647635202399,0.6803208101722331,0.5148436235329388,0.05685414277182685,0.493192032096107,0.28162060128061284
32A,2022-09-02,CVR016,Cultivar,Fungicide,11,1,1,0.8282151631731505,0,0,0.8678463612941769,0.7143119488008305,0.542639640486224,0.09743925111045598,0.5088345006785183,0.32280699871468815
33A,2022-09-02,Howzat,Cultivar,Fungicide,12,1,1,0.5029229956150056,0,0,0.5613257301542304,0.6577439984658194,0.5155184513576113,0.05180275809850514,0.4829154142886626,0.25620966973591786
34A,2022-09-02,CVR496,Cultivar,Fungicide,13,1,1,0.8361281945789056,0,0,0.8217896715895593,0.6938683896638003,0.46283780549335135,0.02277961051610305,0.5457965684711179,0.238330016896742
35A,2022-09-02,Genesis090,Cultivar,Fungicide,14,1,1,0.7650135925355551,0,0,0.7226027391540176,0.6600856460899258,0.43228094463672034,0.01069359515373154,0.5336172837615186,0.1952374599356331
36A,2022-09-02,CVR484,Cultivar,Fungicide,15,1,1,0.4196490221649881,0,0,0.42732119782253575,0.6668305467679618,0.438301530683413,0.00770890168558308,0.541428110112318,0.19626047670319
37A,2022-09-02,WLD133,Wild cicer,Fungicide,16,1,1,0.3532477912770958,0,0,0.4728670198085868,0.6779222880653714,0.4763837905232174,0.0896340856912922,0.4705824668129043,0.3044719619200646
38A,2022-09-02,CVR499,Cultivar,Fungicide,17,1,1,0,0,0,0,NA,NA,NA,NA,NA
39A,2022-09-02,CVR015,Cultivar,Fungicide,18,1,1,0.8260191230634746,0,0,0.864230989747398,0.7460846143050099,0.5380142227920317,0.15341681143734606,0.5240423997936051,0.36458934715489755
3A,2022-09-02,CVR497,Cultivar,Infected,3,1,1,0.6975193100093626,1,5.564604263771823e-4,0.7252749702972889,0.7856222420777879,0.5450384911497224,0.18104839535779987,0.47350584973764787,0.4969980347429422
40A,2022-09-02,CVR497,Cultivar,Fungicide,10,2,1,0.869837244648546,0,0,0.914217431133297,0.7353468662738095,0.5601621091305914,0.07845281280189435,0.5507046788615886,0.3103016009846375
41A,2022-09-02,CVR503,Cultivar,Fungicide,11,2,1,0.7439408818602037,2,6.690774174297074e-4,0.8327536787803342,0.7484487663055855,0.5735388452865839,0.1135949336400464,0.5247368990262146,0.3683947283435542
42A,2022-09-02,CVR477,Cultivar,Fungicide,12,2,1,0.6232679809918596,1,2.3848303987593532e-4,0.7101061288075429,0.6904731806795528,0.5078576956721272,0.08681637188270261,0.5031070492048839,0.28709920626597674
43A,2022-09-02,CVR500,Cultivar,Fungicide,13,2,1,0.913151900024461,0,0,0.920976604025101,0.7127469202681594,0.47339607139278667,0.03289387234587173,0.5675243602260971,0.24386710733802203
44A,2022-09-02,WLD085,Wild cicer,Fungicide,14,2,1,0.18525900358111963,0,0,0.2706812958066605,0.7259764305844923,0.4535906902683848,0.1513828097705997,0.5059376901524965,0.3477767290229709
45A,2022-09-02,CVR502,Cultivar,Fungicide,15,2,1,0.5996680024376504,0,0,0.6741881984406312,0.6803636620859066,0.42988938599969345,0.05198351423591176,0.5031636665457057,0.26943778389273354
46A,2022-09-02,CVR495,Cultivar,Fungicide,16,2,1,0.7600186777762923,16,0.01022167415108585,0.840613182142897,0.7239885052732153,0.5144266327052854,0.0946453072137593,0.5102432466782718,0.3389608807718048
47A,2022-09-02,CVR494,Cultivar,Fungicide,17,2,1,0.8688998700617613,5,0.00319303319083639,0.8873772271501453,0.7804658150560235,0.5869912074478467,0.13198563157174054,0.5723723674311327,0.3761067528674005
48A,2022-09-02,CVR019,Cultivar,Fungicide,18,2,1,0.8117697044332699,1,0.00119573526754576,0.8648204524995903,0.7822485162583347,0.5563305827464003,0.17492209855764743,0.5626120784662111,0.3922797003322143
49A,2022-09-02,CVR501,Cultivar,Fungicide,10,3,1,0.6713986881316792,5,0.00522015073536053,0.7796234360494102,0.7232459102121144,0.5465429313226106,0.0751034690412433,0.5143539908956362,0.3326327860807117
4A,2022-09-02,CVR498,Cultivar,Infected,4,1,1,0.5561546104002263,17,0.01053303111591778,0.5026545375526995,0.5370577666653347,0.4374084420068215,0.00686634107493948,0.40088650860272534,0.17353271503981818
50A,2022-09-02,WLD132,Wild cicer,Fungicide,11,3,1,0.05258903291300775,0,0,0.07289689368776935,0.7149433385172599,0.4962934658366732,0.16426124461110564,0.46503372520827174,0.37438114857352967
51A,2022-09-02,CVR492,Cultivar,Fungicide,12,3,1,0.7438315766963736,0,0,0.7974645086824276,0.7055934996357033,0.5169848184393602,0.08249020134342155,0.5332417552745469,0.27631627070762754
52A,2022-09-02,WLD129,Wild cicer,Fungicide,13,3,1,0.27812202094895266,0,0,0.3677068648174974,0.7048311384560152,0.4569677888056592,0.05952912153814279,0.5077273285456891,0.30694931529828484
53A,2022-09-02,CVR498,Cultivar,Fungicide,14,3,1,0.7617543112868054,3,0.00168594547639644,0.7826100473271841,0.681088384796243,0.4282114794002805,0.04040029509470594,0.5008428166296345,0.2735628378410278
54A,2022-09-02,CVR482,Cultivar,Fungicide,15,3,1,0.5159833065538473,0,0,0.5401050710753109,0.6393657450837593,0.4107166250341853,-0.01007230825251315,0.5064281513968363,0.1965929911936681
55A,2022-09-02,CVR493,Cultivar,Fungicide,16,3,1,0.8899692684594209,1,5.167132530645264e-4,0.9062793327371088,0.7401760249462982,0.5351282702493033,0.12333519738475096,0.5334758684643238,0.3415775229679019
56A,2022-09-02,WLD131,Wild cicer,Fungicide,17,3,1,0.08751368889554562,0,0,0.14834812596837155,0.7455269303609237,0.49971718813473515,0.2059660273167184,0.47093850594355485,0.4231581110759848
57A,2022-09-02,CVR504,Cultivar,Fungicide,18,3,1,0.840583208074402,5,0.00306385159178463,0.8593188001457963,0.7131291971555935,0.4892543410332505,0.1220387855177203,0.49527238899940634,0.3368189829487294
58A,2022-09-02,CVR481,Cultivar,Fungicide,10,4,1,0.6579110933705928,0,0,0.7964034757284817,0.665059041402943,0.5059416341632317,0.0355352888728794,0.46521919709620024,0.2893705952288136
59A,2022-09-02,CVR485,Cultivar,Fungicide,11,4,1,0.7883783993736452,0,0,0.8192353329967264,0.6908574229811081,0.5189838565853857,0.04557832638822359,0.5287798905957831,0.25536548336376597
5A,2022-09-02,CVR015,Cultivar,Infected,5,1,1,0.16967142476342015,23,0.01150683185128691,0.14398610160214925,0.4945531603616118,0.4444099785518353,0.00239414272325011,0.3776862829314257,0.14370985927989283
60A,2022-09-02,CVR010,Cultivar,Fungicide,12,4,1,0.8474230615080078,0,0,0.905375489850414,0.7019915699666943,0.5190040926531153,0.06874407509815642,0.5329309606181525,0.2701136477030148
61A,2022-09-02,CVR493,Cultivar,Fungicide,1,5,2,0.7925551815430287,0,0,0.7657121150976742,0.6136271426488811,0.49939793695096135,-0.02385273695709432,0.5017832541258073,0.16160259063112498
62A,2022-09-02,CVR495,Cultivar,Fungicide,2,5,2,0.7074362694186682,0,0,0.7133285251861936,0.6088605289114268,0.49279790895197007,-0.01663545809378315,0.4766164627405458,0.18630988022379516
63A,2022-09-02,CVR501,Cultivar,Fungicide,3,5,2,0.5123894852582239,0,0,0.6354408468631969,0.5881060868626696,0.49662295471251433,0.00701434748048848,0.44332222079498934,0.19584455592298133
64A,2022-09-02,WLD085,Wild cicer,Fungicide,4,5,2,0.1367672581728918,0,0,0.24439125705888817,0.5688164770319548,0.46732926514541206,0.04931230225775222,0.41795883261266265,0.19790886921734743
65A,2022-09-02,CVR485,Cultivar,Fungicide,5,5,2,0.7532185716749882,0,0,0.749089265485854,0.6330209549315716,0.5093224339431957,0.05284012390500458,0.488103891817459,0.2097147135746307
66A,2022-09-02,CVR491,Cultivar,Fungicide,6,5,2,0.6436384887965455,1,6.45891566330658e-4,0.716826004182534,0.6246115775563114,0.48720356478424226,0.09537286486115192,0.4532656936528699,0.2390144638191596
67A,2022-09-02,CVR016,Cultivar,Fungicide,7,5,2,0.7945491727135037,0,0,0.8099611190289023,0.6370767303547287,0.5021567284514683,0.0647786141639931,0.5187586178906232,0.1767231909001349
68A,2022-09-02,CVR484,Cultivar,Fungicide,8,5,2,0.6318500924913623,0,0,0.6970593532256887,0.6445585042351993,0.5099682683863975,0.08173892648689189,0.50257088399882055,0.2100210794667381
69A,2022-09-02,CVR481,Cultivar,Fungicide,9,5,2,0.6912988525041268,1,6.028321285752808e-4,0.6847199329464653,0.6585638983803713,0.525864840370422,0.09709383122283502,0.5223289272495117,0.2076711373844865
6A,2022-09-02,CVR477,Cultivar,Infected,6,1,1,0.10575440214439195,34,0.01399434680140698,0.04978995380183491,0.5387705288936945,0.445647300180262,0.02664682680876826,0.4361856915813344,0.13409852697573016
70A,2022-09-02,Howzat,Cultivar,Fungicide,1,6,2,0.7802202594186954,1,0.00109305034651012,0.8280772742796094,0.6715528579656189,0.5445955434699712,-0.0150508448074527,0.5121608307110327,0.24295456669880763
71A,2022-09-02,WLD132,Wild cicer,Fungicide,2,6,2,0.02431874281333393,0,0,0.05776734971483608,0.6436588555476273,0.4897097980665289,0.09385059550325232,0.4524328126560068,0.26979314991423275
72A,2022-09-02,CVR492,Cultivar,Fungicide,3,6,2,0.7424768551204197,1,9.00942705339536e-4,0.7543551327387711,0.6440029202038541,0.5129550261262513,0.03551917497488512,0.4916012451207925,0.22300268248611865
73A,2022-09-02,CVR496,Cultivar,Fungicide,4,6,2,0.809682969487424,0,0,0.8319284309272652,0.6794694383953043,0.555987631434806,0.06784376925936784,0.5163767738946907,0.25124507259596157
74A,2022-09-02,CVR498,Cultivar,Fungicide,5,6,2,0.8188314804722276,3,7.618208218259045e-4,0.8874951197005837,0.6865076693041757,0.5502052710245295,0.08603469804670694,0.4974497176500583,0.28710527904545746
75A,2022-09-02,CVR019,Cultivar,Fungicide,6,6,2,0.8250983098651489,0,0,0.8673747910924231,0.6687528810959182,0.5219014347666103,0.1008263751997088,0.499750542099812,0.2538371577117134
76A,2022-09-02,CVR499,Cultivar,Fungicide,7,6,2,0,0,0,0,NA,NA,NA,NA,NA
77A,2022-09-02,CVR502,Cultivar,Fungicide,8,6,2,0.6595274848842004,16,0.01125179270534911,0.6725770002513058,0.6621315845109544,0.5112921592539916,0.08647376287609466,0.5164980135495019,0.22132413349238653
78A,2022-09-02,CVR482,Cultivar,Fungicide,9,6,2,0.6666820046985291,1,3.643490886993456e-4,0.6897500150985054,0.6558565664886312,0.5056808807494845,0.08614033478521922,0.5256624252756154,0.19869661954575857
79A,2022-09-02,CVR497,Cultivar,Fungicide,1,7,2,0.9386365645853152,0,0,0.923491645101121,0.6692354269861206,0.5207373508396048,0.0343056195194926,0.5025243179793706,0.25118711245416
7A,2022-09-02,WLD131,Wild cicer,Infected,7,1,1,0.00147396357285938,0,0,0,NA,NA,NA,NA,NA
80A,2022-09-02,CVR503,Cultivar,Fungicide,2,7,2,0.8513381737397377,1,0.00113280203777325,0.8984591268913588,0.66328410637186,0.5242412138779438,0.04777587111531106,0.47520083295114496,0.2746515694474428
81A,2022-09-02,CVR477,Cultivar,Fungicide,3,7,2,0.8149627401281833,1,0.00208673707232828,0.8289025221326786,0.6371744968966467,0.5103481634733801,0.02236889708542536,0.48491952968977065,0.22033313837522484
82A,2022-09-02,WLD133,Wild cicer,Fungicide,4,7,2,0.4473164777247509,0,0,0.6479767547264844,0.6275846400385723,0.5026222896197644,0.07968411042792885,0.4159180460356961,0.28643221185497747
83A,2022-09-02,CVR500,Cultivar,Fungicide,5,7,2,0.8383739188539588,1,0.0013249139915335,0.8319677284440781,0.612933130615175,0.4886219189522544,0.06723933910304099,0.45397044516997315,0.2202472630042912
84A,2022-09-02,CVR494,Cultivar,Fungicide,6,7,2,0.7619596725036981,0,0,0.7777764527592079,0.6245661356875245,0.5001712049435639,0.06100280613078927,0.4673371759103458,0.222038101060912
85A,2022-09-02,WLD131,Wild cicer,Fungicide,7,7,2,0.06252586598846427,0,0,0.0920347843756096,0.5811485391578034,0.4452740763859088,0.0515277866287945,0.43362673780524486,0.1972220669827678
86A,2022-09-02,CVR504,Cultivar,Fungicide,8,7,2,0.7968445811539342,2,0.00137790467786255,0.7813918243059869,0.6425874507213246,0.4986779743784068,0.08061090893957364,0.5023640026940158,0.20706748269814573
87A,2022-09-02,CVR010,Cultivar,Fungicide,9,7,2,0.8701585355846524,0,0,0.8506340489301645,0.6717131360990853,0.524606322113094,0.08841225377230198,0.5463022040478738,0.1981085057631171
88A,2022-09-02,Genesis090,Cultivar,Fungicide,1,8,2,0.902347250193748,2,0.00205361504398348,0.8931539621216289,0.6229672686558834,0.49734571302175457,0.00131318252498256,0.4892646948043763,0.19232132267100935
89A,2022-09-02,CVR015,Cultivar,Fungicide,2,8,2,0.810358674136555,0,0,0.8422243803322224,0.6674139508709273,0.5308456177699852,0.05220281132812758,0.48865339136907926,0.26527615804919924
8A,2022-09-02,CVR493,Cultivar,Infected,8,1,1,0.7090758468761185,30,0.022490340665517,0.6728127853521827,0.5849218320362515,0.534111863067621,0.07334150908237515,0.3933718021180884,0.24879591977813056
90A,2022-09-02,WLD129,Wild cicer,Fungicide,3,8,2,0.01530272293620304,0,0,0.01465797377117949,0.5213045493857446,0.443864709621218,-0.1234105325219638,0.5117865365034026,0.01298140942708801
91A,2022-09-02,CVR503,Cultivar,Infected,10,5,2,0.6138842982909368,2,0.00202711487483365,0.6526138617103965,0.6874083794330668,0.5301268111512942,0.05371411605998905,0.5498185822262691,0.22118764603908095
92A,2022-09-02,CVR501,Cultivar,Infected,11,5,2,0.6147355536577342,1,3.312264442721324e-4,0.6810259663660607,0.6710687551226161,0.519567987822554,0.05742090829051539,0.5382823732848091,0.20787644192068655
93A,2022-09-02,CVR019,Cultivar,Infected,12,5,2,0.7835424739435897,2,0.00214635742157565,0.7715674451027834,0.669965571529026,0.5080634853708724,0.0783989542759873,0.5431546030719144,0.1993553664048854
94A,2022-09-02,CVR499,Cultivar,Infected,13,5,2,0.12800628367803096,1,6.359572373321681e-4,0.15526448892742678,0.6547249577047469,0.6672636766938378,0.04114956773508439,0.4179651625580296,0.3259592756623601
95A,2022-09-02,WLD133,Wild cicer,Infected,14,5,2,0.04885940823201973,12,0.00434238176481974,0.06774891898529076,0.641128674316623,0.6862418971624719,0.17015907225040147,0.3138045544990698,0.4097642120387038
96A,2022-09-02,CVR493,Cultivar,Infected,15,5,2,0.6413331435230396,41,0.02315278328600823,0.6270311782652548,0.691612431828368,0.6799958083826704,0.15339421456996974,0.36868666988602333,0.4334505822601508
97A,2022-09-02,CVR504,Cultivar,Infected,16,5,2,0.6069649501927272,8,0.00537912833910215,0.6686079510532116,0.6313130757207418,0.4999479898020661,-0.03502091421078498,0.49652359304484545,0.1963321048703789
98A,2022-09-02,CVR015,Cultivar,Infected,17,5,2,0.7303207959914446,2,0.00151702512385053,0.7877580220296626,0.6927515737768519,0.5366767617305825,0.04258421650976252,0.5122321601053368,0.2798098295830461
99A,2022-09-02,CVR010,Cultivar,Infected,18,5,2,0.6108601887583063,1,7.949459305827916e-4,0.6192895674531305,0.6693545797706915,0.5295024980847536,0.03449940921398252,0.5120474510098356,0.23933822449368433
9A,2022-09-02,CVR496,Cultivar,Infected,9,1,1,0.7164920366281009,25,0.01707145940298688,0.6440077055283903,0.6053795420567185,0.5363344906912084,0.0930999046427488,0.4265726965769369,0.2410570209517386
100A,2022-09-06,CVR482,Cultivar,Infected,10,6,2,0.3077139098476622,26,0.01026803505129281,0.27028832063853236,0.590304123965706,0.4937478967961517,0.04282352516219487,0.5159891937429423,0.106864998907676
101A,2022-09-06,CVR498,Cultivar,Infected,11,6,2,0.5754320665666119,4,0.00323940345549611,0.5175089989079431,0.6163114403331771,0.48816929362154465,0.08018261818910673,0.5184198856409119,0.1438541084990657
102A,2022-09-06,CVR484,Cultivar,Infected,12,6,2,0.1877862714599774,12,0.00704188550006987,0.1392311020677988,0.5595738838557222,0.4689483720608097,0.09256046730219572,0.4662339078457568,0.1262873845837608
103A,2022-09-06,WLD131,Wild cicer,Infected,13,6,2,0.14975469900251345,0,0,0.139820564819991,0.8106129397035241,0.7674490827007365,0.21940667397043168,0.43081110408063594,0.5836111307128159
104A,2022-09-06,CVR494,Cultivar,Infected,14,6,2,0.3784310385679945,102,0.0374584506211897,0.3618122372955754,0.7314377266419781,0.7541910012290071,0.12332092487251932,0.39413641458597254,0.4739283297146262
105A,2022-09-06,Genesis090,Cultivar,Infected,15,6,2,0.45409339788221226,59,0.02749847686348965,0.4466948736112529,0.7417235175411696,0.7324210212106962,0.13464900291243573,0.4460199073060585,0.44189177316732414
106A,2022-09-06,Howzat,Cultivar,Infected,16,6,2,0.662405854198391,42,0.01924427961800745,0.574058125601582,0.6054988326916423,0.42134858661675223,0.03030837612649686,0.4835776099726519,0.17240130327299824
107A,2022-09-06,WLD129,Wild cicer,Infected,17,6,2,0.04378499880815326,1,3.279141798294111e-4,0.03084855069805872,0.6200041242675977,0.3985660582102856,0.12878072935688967,0.4424448054137546,0.2446791046072786
108A,2022-09-06,CVR495,Cultivar,Infected,18,6,2,0.6855984225965066,15,0.01071521711941317,0.6106834112711242,0.6038266982946384,0.40540279836048976,0.05808127522820148,0.4745984861905007,0.18113782811296705
109A,2022-09-06,CVR481,Cultivar,Infected,10,7,2,0.6899739414273992,11,0.00508765173784589,0.6448722508982722,0.636009999600765,0.5108498123256778,0.07242286512863437,0.5270171972198974,0.16394535053828013
10A,2022-09-06,CVR481,Cultivar,Infected,1,2,1,0.7266905396412111,6,0.00300091733520809,0.7571452564324808,0.6876382620438825,0.46284018838680335,0.12099101929679258,0.4200142904690112,0.37630864211147
110A,2022-09-06,CVR477,Cultivar,Infected,11,7,2,0.7657886655154407,10,0.00592896259370744,0.685191503148219,0.6438688901123523,0.5087865473831209,0.08831518785415933,0.5404568284751041,0.15860340342874385
111A,2022-09-06,WLD132,Wild cicer,Infected,12,7,2,0.03085055442160069,1,1.4905226957191066e-4,0.04098731003576465,0.6223981291217396,0.438321341529431,0.19910876694201035,0.4718034323487923,0.21320111257238977
112A,2022-09-06,WLD085,Wild cicer,Infected,13,7,2,0.26896026085338176,0,0,0.20033874071172408,0.7946203076214875,0.7662018435804698,0.1811246837248656,0.42893735851942966,0.554773112640886
113A,2022-09-06,CVR500,Cultivar,Infected,14,7,2,0.5804799777689438,63,0.04197979015881911,0.5859259756790517,0.7273406622329811,0.7286098599814376,0.10814362619681508,0.4220385458162531,0.4405296511934061
114A,2022-09-06,CVR491,Cultivar,Infected,15,7,2,0.6353975418993002,40,0.0211885989712566,0.603374073143941,0.771186268817949,0.7412462002027405,0.1766239469585426,0.4511028997814472,0.4908383581854342
115A,2022-09-06,CVR502,Cultivar,Infected,16,7,2,0.4985077294518111,12,0.00520026092517505,0.41808628137152454,0.5888070636558169,0.41526186414370897,0.04814925992301286,0.4092620830584743,0.23654729822978576
116A,2022-09-06,CVR492,Cultivar,Infected,17,7,2,0.8397882614283655,3,0.00112948217496797,0.6576439438624366,0.6004631096337217,0.3988558274203218,0.06553971433164299,0.47342431480984354,0.17749636838441457
117A,2022-09-06,CVR485,Cultivar,Infected,18,7,2,0.5597086843635478,26,0.01526296671376828,0.4397392131353849,0.5682311974403761,0.3838521766410698,0.02431357086871435,0.5066231874992229,0.08651341363945855
118A,2022-09-06,CVR016,Cultivar,Infected,10,8,2,0.8685487686264285,38,0.01972458658952388,0.8294919848848707,0.6236837695787714,0.4825478067835891,0.11365269995400386,0.5183493812222075,0.1556557176379676
119A,2022-09-06,CVR497,Cultivar,Infected,11,8,2,0.8859912229515465,24,0.00929753154795539,0.8039878964733547,0.633871367838689,0.4947278732381989,0.0955915224519865,0.5480804064097549,0.13146276689591643
11A,2022-09-06,CVR499,Cultivar,Infected,2,2,1,0.27950986530182476,22,0.00947309240647019,0.287029062800791,0.6900314476808517,0.475956178123242,0.114753148418359,0.4631886084545022,0.33340350128153334
120A,2022-09-06,CVR496,Cultivar,Infected,12,8,2,0.6920937991501633,35,0.01996637708839968,0.5901308099780227,0.5975519868001083,0.4660356251362271,0.07919583241876446,0.5303781842115842,0.09834081249038765
121A,2022-09-06,WLD085,Wild cicer,Infected,1,9,3,0.24847382332948223,0,0,0.3701826083767047,0.5690024610901829,0.476726819228229,0.05303085921027382,0.4792050130162267,0.12346157018521824
122A,2022-09-06,CVR019,Cultivar,Infected,2,9,3,0.4927178680465118,38,0.01898924531859766,0.41910801680865767,0.5367812147769513,0.486696181746434,0.02736125230975163,0.4596659824484516,0.10237532714683165
123A,2022-09-06,CVR494,Cultivar,Infected,3,9,3,0.3467226042242127,19,0.01055620772576781,0.21814051582792865,0.5380101071434704,0.502966859713654,0.0802496501335363,0.4411320507849678,0.12702545162370524
124A,2022-09-06,CVR498,Cultivar,Infected,4,9,3,0.5124093589243748,13,0.00479285194692655,0.44740222891388354,0.5868145392065198,0.4379435462483907,0.0465943158698553,0.456339029419606,0.17819322904781776
125A,2022-09-06,CVR485,Cultivar,Infected,5,9,3,0.5854483943066721,25,0.01120872665497577,0.4913761502274221,0.6280644984223313,0.4732173450575755,0.09335366862570917,0.48229409751387786,0.20911328150720215
126A,2022-09-06,CVR502,Cultivar,Infected,6,9,3,0.23752343328032913,20,0.00906899421407934,0.18654531231042645,0.5851508712613182,0.4764929071714558,0.12017588265887924,0.42909098753298824,0.20838073708807017
127A,2022-09-06,Genesis090,Cultivar,Infected,7,9,3,0.5595861300889505,48,0.01919790072815567,0.2897798889776879,0.5541752082682634,0.4043220220617114,0.0361326372508297,0.4739340344959791,0.10882261715833624
128A,2022-09-06,CVR010,Cultivar,Infected,8,9,3,0.3450830267667624,37,0.01613737548856506,0.18937473352094905,0.5696232063304093,0.46171275707179216,0.04627873560347016,0.4703865182988258,0.13555870436065873
129A,2022-09-06,CVR491,Cultivar,Infected,9,9,3,0.6492693608726375,36,0.01745566318512292,0.44174338649283834,0.5776999046849465,0.44436544156911023,0.08472145144159851,0.45694302773103135,0.1640664811135192
12A,2022-09-06,CVR500,Cultivar,Infected,3,2,1,0.4263961318232231,65,0.02717717205689272,0.4286180158773586,0.6392706130923269,0.429038226393732,0.10448833563698884,0.43441296019253073,0.2836214355148879
130A,2022-09-06,CVR484,Cultivar,Infected,1,10,3,0.07036602728499947,30,0.01305364538146475,0.11439507144210057,0.5375063128855565,0.47367189857355546,-0.00655983339361099,0.46272560737775537,0.09953745603881796
131A,2022-09-06,CVR481,Cultivar,Infected,2,10,3,0.6143314557793323,1,5.100887241790839e-4,0.5998765941476005,0.6134805065959201,0.5276773669566407,0.06165845562151759,0.48919075969836534,0.17758443246756764
132A,2022-09-06,CVR492,Cultivar,Infected,3,10,3,0.6500344970194477,17,0.01051646815081772,0.5482396570555634,0.595456604732899,0.4950532115391694,0.07303503142474892,0.5034209208095412,0.13143548232375624
133A,2022-09-06,CVR496,Cultivar,Infected,4,10,3,0.5953852273821286,76,0.03228801695668339,0.5680849030460343,0.6799923274650939,0.4900764033682344,0.1251458517828548,0.4896488526533993,0.2853543278593829
134A,2022-09-06,WLD131,Wild cicer,Infected,5,10,3,0.05963424756350642,0,0,0.07435090180984345,0.7640409906529856,0.5354999767293068,0.2835744894356586,0.4853638863276432,0.4429337150710649
135A,2022-09-06,Howzat,Cultivar,Infected,6,10,3,0.13570401703381793,36,0.02151321485119084,0.12610573145231904,0.6127532032680219,0.44121779015988277,0.14639067662471,0.44519747292645606,0.23041095932879865
136A,2022-09-06,CVR016,Cultivar,Infected,7,10,3,0.5565156486686345,96,0.03479869911114131,0.46414297107614216,0.5719214121915283,0.44045734647662343,0.05837963190141617,0.4370831111483615,0.1797789337557285
137A,2022-09-06,CVR482,Cultivar,Infected,8,10,3,0.28650870806463796,59,0.0211256422481824,0.19432622063936356,0.5584924747312349,0.4309662567065147,0.07183911907779296,0.44197995089021613,0.15469874523455343
138A,2022-09-06,CVR497,Cultivar,Infected,9,10,3,0.6588020960696921,36,0.0158856502499819,0.6102904361029962,0.6346779438483345,0.46397381269237226,0.11187783465268936,0.5223422760025145,0.1680461947312238
139A,2022-09-06,CVR493,Cultivar,Infected,1,11,3,0.8815328971783584,13,0.00664773239759649,0.8458397518790013,0.6363087418783396,0.5147385834244254,0.09307866726879532,0.5060377590275235,0.192139029924859
13A,2022-09-06,WLD129,Wild cicer,Infected,4,2,1,0.235112095120685,0,0,0.22615720925774263,0.6558702821363156,0.5251864153113088,0.02508793614055396,0.4750464648239381,0.2626607172746219
140A,2022-09-06,CVR495,Cultivar,Infected,2,11,3,0.5440217372150938,39,0.01281515749507379,0.5861224632631158,0.6001223147210425,0.5029300503965894,0.06995816165192009,0.4740388948849381,0.176212617728312
141A,2022-09-06,CVR504,Cultivar,Infected,3,11,3,0.5743191412621608,26,0.01124846442275078,0.5708750267397441,0.618319758379913,0.5047895832745738,0.07851027682984849,0.5128787431568026,0.1544070521806708
142A,2022-09-06,CVR015,Cultivar,Infected,4,11,3,0.6879468274800061,73,0.03960814798989568,0.7008319148397189,0.6585625781546025,0.4858191281366888,0.1280519354223369,0.4598139801538492,0.2850734926364041
143A,2022-09-06,WLD132,Wild cicer,Infected,5,11,3,0.07959403293440677,0,0,0.09859746968334948,0.6954419682802291,0.5124425244075876,0.07844839660342427,0.5585822978194852,0.22379570005441696
144A,2022-09-06,WLD129,Wild cicer,Infected,6,11,3,0.13740984004510465,0,0,0.14862320858606126,0.7599759258388474,0.5377230514741738,0.27934977584251186,0.4924348550616258,0.42754488483085606
145A,2022-09-06,CVR500,Cultivar,Infected,7,11,3,0.6878242732054088,41,0.01565046440106602,0.4413111138078974,0.5515433307995317,0.4274781438651912,0.06374485337284219,0.4361227080980743,0.1519773384903724
146A,2022-09-06,CVR501,Cultivar,Infected,8,11,3,0.509570736942486,16,0.00591239449458723,0.42075851251479585,0.5913118335073488,0.4569953456102025,0.0719756005564996,0.45033852526547946,0.1921377712349332
147A,2022-09-06,CVR503,Cultivar,Infected,9,11,3,0.6993377504621712,18,0.01062245938081997,0.6540285723156578,0.6318626133637736,0.4608394430077474,0.11189832535945644,0.4713862728702944,0.2285503835975389
148A,2022-09-06,WLD133,Wild cicer,Infected,1,12,3,0.01730665093975345,9,0.00245107601619106,0.05462354836981099,0.4186601156593386,0.4721762582510728,-0.09985136632411663,0.36053587947207144,0.06845732059294601
149A,2022-09-06,CVR499,Cultivar,Infected,2,12,3,0.04236403167836299,1,6.359572373321681e-4,0.01890210558696337,0.47559358660817064,0.5705204052555944,-0.1022750884393981,0.5389392671703128,-0.0851782283750255
14A,2022-09-06,WLD085,Wild cicer,Infected,5,2,1,0.24543646468608435,0,0,0.25999237123357516,0.6569274111845007,0.5138779493663778,0.06922279151882761,0.49431119149591546,0.24081536869210185
150A,2022-09-06,CVR477,Cultivar,Infected,3,12,3,0.30383523267054235,12,0.00525326134563177,0.23857522457059177,0.5197420260179463,0.43782488756974314,0.04451029979726934,0.44218502807279064,0.10070011384558256
151A,2022-09-06,CVR499,Cultivar,Fungicide,10,9,3,0.09734784136255575,0,0,0.06236515918193528,0.6451925353930605,0.4248278151325835,0.00204260484711497,0.49086620786055607,0.22585548550960727
152A,2022-09-06,CVR498,Cultivar,Fungicide,11,9,3,0.6354704120085202,5,0.00313672017735966,0.5897378348098946,0.644462027936779,0.4370883006457843,0.05003742123675093,0.4211810749360791,0.30646684545819475
153A,2022-09-06,Howzat,Cultivar,Fungicide,12,9,3,0.38643018919373695,1,2.9810379984491917e-4,0.3319068270010242,0.6267204219644467,0.4686117186887584,0.03773498777595074,0.4372334937578375,0.2610096048375118
154A,2022-09-06,CVR496,Cultivar,Fungicide,13,9,3,0.8842721508294925,2,9.307483620127538e-4,0.8336968191838419,0.69148512390302,0.5521448901751042,0.03522490358895073,0.587514902487111,0.17511004619055215
155A,2022-09-06,CVR492,Cultivar,Fungicide,14,9,3,0.8478006611648753,1,8.446305133060301e-4,0.8292954973008068,0.6863079525349055,0.5521515384300476,0.0234046574002142,0.5959646952591224,0.15286903158714102
156A,2022-09-06,WLD129,Wild cicer,Fungicide,15,9,3,0.13224268684586726,0,0,0.1599408934281516,0.6392900968854228,0.5038080216060933,0.10864051130944212,0.5623049965191814,0.12019081604078297
157A,2022-09-06,CVR493,Cultivar,Fungicide,16,9,3,0.8001601711234448,0,0,0.5193559821981454,0.5767973608678632,0.4462056366310592,0.0620192775571369,0.5054793995831478,0.10066890506453571
158A,2022-09-06,CVR481,Cultivar,Fungicide,17,9,3,0.7615357009591454,5,0.0017952497101403,0.6312360125642258,0.5996377147002065,0.47996099309156304,0.08990549070142724,0.4871940032585691,0.15885018980422297
159A,2022-09-06,CVR477,Cultivar,Fungicide,18,9,3,0.4350179906550275,0,0,0.3757235582473114,0.5510636089469976,0.4566367329515707,0.09035584910090992,0.4364981347823044,0.1508508786278987
15A,2022-09-06,CVR482,Cultivar,Infected,6,2,1,0.23515515473067863,56,0.02540179416728034,0.14952705147275597,0.515745097025253,0.42950870240313543,-0.0178838709229994,0.4012983140723689,0.1443154005137509
160A,2022-09-06,CVR010,Cultivar,Fungicide,10,10,3,0.747975236088839,2,6.657651529869862e-4,0.7725105855062909,0.7074987768267049,0.5026585348124242,0.05797389483865589,0.4910641495485471,0.3316636174829804
161A,2022-09-06,CVR015,Cultivar,Fungicide,11,10,3,0.8898102791302136,15,0.00834362255317605,0.8601047504820526,0.7382207645569386,0.5282324934808585,0.11268723617729372,0.49807754562827267,0.3797878723459368
162A,2022-09-06,CVR497,Cultivar,Fungicide,12,10,3,0.8841495965548952,8,0.00390185059393781,0.8519308669849873,0.6935557609885329,0.4721804021692281,0.08542482700120159,0.49709243344833653,0.299834753083576
163A,2022-09-06,CVR491,Cultivar,Fungicide,13,10,3,0.8507419637552104,11,0.00490215445563965,0.8516950818841105,0.7082366535852844,0.556285741087723,0.06402099610070072,0.5692057731525745,0.232934202768496
164A,2022-09-06,CVR502,Cultivar,Fungicide,14,10,3,0.6401109130547584,27,0.01258331413973676,0.691321915771018,0.7152879131589656,0.5653995653708594,0.0642276252717946,0.5589747739940593,0.2604471934973197
165A,2022-09-06,CVR016,Cultivar,Fungicide,15,10,3,0.8111204980056734,21,0.00895637032289099,0.8401809094579561,0.7143174075480399,0.534141689529058,0.08690072367377633,0.6062894848294562,0.19055337565698371
166A,2022-09-06,WLD133,Wild cicer,Fungicide,16,10,3,0.5143470413740888,1,1.788626495564026e-4,0.5382973853019215,0.6274056249706793,0.4704406784806942,0.14130544771531844,0.45490707946141273,0.2413955551948559
167A,2022-09-06,WLD085,Wild cicer,Fungicide,17,10,3,0.4012691932530854,0,0,0.4955416870095803,0.664772210087591,0.4869836821918209,0.20607809990283368,0.4757360092467247,0.27647222130585175
168A,2022-09-06,CVR501,Cultivar,Fungicide,18,10,3,0.6542576510765167,8,0.00338514054450186,0.5735472578830154,0.6194219985604823,0.4818998827123665,0.12554484594988732,0.48241560100653735,0.19539372209621375
169A,2022-09-06,Genesis090,Cultivar,Fungicide,10,11,3,0.82747652524787485,1,6.193957097577554e-4,0.7751828166495622,0.6535716762064192,0.4436109417454346,0.03869566566806872,0.47151044553523686,0.2631573427288769
16A,2022-09-06,WLD133,Wild cicer,Infected,7,2,1,0.07110135293258325,31,0.00749565624105345,0.07945957899550922,0.5841177569591959,0.4992522705037603,0.09116624153431512,0.36011134296664216,0.28367717965738637
170A,2022-09-06,CVR495,Cultivar,Fungicide,11,11,3,0.6524590842898591,7,0.00400122797382926,0.6119016342923215,0.6920067037985868,0.4549306365303013,0.0404751923219921,0.5029146818128796,0.29002748252745825
171A,2022-09-06,CVR504,Cultivar,Fungicide,12,11,3,0.6939056150475882,21,0.01478267933368549,0.6502953082184405,0.6589173862561266,0.43084352297917605,0.05357029115995918,0.4463921857023059,0.30108501320954356
172A,2022-09-06,WLD131,Wild cicer,Fungicide,13,11,3,0.10479052933607268,0,0,0.1277169296416444,0.6622366018442581,0.5071835401223841,0.07047646785935067,0.46136752175125983,0.2892426887543551
173A,2022-09-06,CVR484,Cultivar,Fungicide,14,11,3,0.321320746605654,14,0.00389191355417668,0.3764702110667549,0.6517810103839325,0.5051593984785493,0.00355716359089074,0.5506969011365599,0.15768122934842774
174A,2022-09-06,WLD132,Wild cicer,Fungicide,15,11,3,0.04057208944708899,0,0,0.08869449544652043,0.6716882628286643,0.46562474335114834,0.13667820628456545,0.5387666296105127,0.2083029904547302
175A,2022-09-06,CVR503,Cultivar,Fungicide,16,11,3,0.7760699754708464,5,0.00232520963879036,0.7371428203747586,0.596811482107291,0.4684967671374682,0.112202761493099,0.4408959951203352,0.211592093889135
176A,2022-09-06,CVR482,Cultivar,Fungicide,17,11,3,0.4563888063226427,8,0.00430927238672607,0.36778545985112304,0.5829894320502473,0.4688870435649852,0.08039406433100257,0.4837400705583352,0.13823326355647456
177A,2022-09-06,CVR485,Cultivar,Fungicide,18,11,3,0.656463628019268,6,0.00278561727137991,0.5488291198077556,0.5781253027684282,0.45753126971777747,0.08693111040166672,0.5231731570747737,0.07877987974859284
178A,2022-09-06,CVR494,Cultivar,Fungicide,10,12,3,0.7861028645993656,2,9.473076306182986e-4,0.7593459173739984,0.6664343289774829,0.4485102899625551,0.06040623854510822,0.4719765240029889,0.2836900625049196
179A,2022-09-06,CVR500,Cultivar,Fungicide,11,12,3,0.927301950323911,6,0.0029909799257975,0.8674926836428616,0.6336117251382133,0.3928489105686877,0.06010011868655943,0.463056878368047,0.2413733775833839
17A,2022-09-06,Genesis090,Cultivar,Infected,8,2,1,0.5628785341146185,103,0.0423672176947748,0.5006896617120589,0.6273941601021986,0.498079664199381,0.13122193830417553,0.44482698977785656,0.2532425792765172
180A,2022-09-06,CVR019,Cultivar,Fungicide,12,12,3,0.7714493480907592,0,0,0.6899465026825694,0.6694801846568226,0.42986574895086255,0.06228232297213551,0.5118604911819632,0.23979158226890468
18A,2022-09-06,CVR019,Cultivar,Infected,9,2,1,0.47307274905633423,54,0.01971461476160501,0.43911045286637984,0.6565446781066057,0.5108393890968908,0.14956100784041396,0.48437281680016697,0.25245599783162154
19A,2022-09-06,CVR494,Cultivar,Infected,1,3,1,0.7878948068306396,32,0.0125700553478382,0.7933382694170822,0.7192671506386129,0.5047165441020539,0.13489890153110037,0.4710437760773039,0.3754170374874371
1A,2022-09-06,WLD132,Wild cicer,Infected,1,1,1,0.00325596897105792,0,0,0,NA,NA,NA,NA,NA
20A,2022-09-06,Howzat,Cultivar,Infected,2,3,1,0.4764479600242976,63,0.02323225159285836,0.45644065778083065,0.6798154001290833,0.4748525253317538,0.10541246596684252,0.45211109175778824,0.3287446662282137
21A,2022-09-06,CVR010,Cultivar,Infected,3,3,1,0.20137654682951012,23,0.01065557520726841,0.2026572942036801,0.6450376057918873,0.4269576154188883,0.10833489273182469,0.41947198146502696,0.3092376693764266
22A,2022-09-06,CVR501,Cultivar,Infected,4,3,1,0.8270492414256302,15,0.00743604127225919,0.8120438874199815,0.6265522097084715,0.5235062913407217,0.00198096525800153,0.46985847775454054,0.22206874136670188
23A,2022-09-06,CVR491,Cultivar,Infected,5,3,1,0.8211434503011172,48,0.02438825287125522,0.8240689275647025,0.6137302231412834,0.4847373287347786,0.01952436444960378,0.4492714651882032,0.22706876335965115
24A,2022-09-06,CVR502,Cultivar,Infected,6,3,1,0.3332217603523591,21,0.01146709030484761,0.2129139460918244,0.5360970291078663,0.41585922723596913,-0.02818673260049333,0.47198492257534735,0.08582952735974378
25A,2022-09-06,CVR485,Cultivar,Infected,7,3,1,0.318614615731438,68,0.03803483774059135,0.2349598530238129,0.5453884754712038,0.4737728286892462,0.03631633333489191,0.411792739677168,0.17228978401534756
26A,2022-09-06,CVR503,Cultivar,Infected,8,3,1,0.6397200642871238,73,0.02639877623579856,0.6539499772820321,0.6668394957489785,0.5128384254519851,0.12322607224019334,0.4776333098304172,0.27763390491725254
27A,2022-09-06,CVR504,Cultivar,Infected,9,3,1,0.7363789518897812,23,0.00913191869546877,0.7355709197022461,0.6700586214552535,0.5059739455784172,0.13162496936453602,0.5161866120699372,0.23523344549099365
28A,2022-09-06,CVR495,Cultivar,Infected,1,4,1,0.4749872455622055,17,0.00859203437730871,0.5370398647639115,0.6406503048759971,0.4212428150485189,0.10925121075869344,0.4019237824282824,0.32151399492869887
29A,2022-09-06,CVR492,Cultivar,Infected,2,4,1,0.729489414290798,11,0.00445831956333726,0.7060977820926359,0.6656936471022902,0.4506156207641443,0.1348105402700948,0.43047525187266594,0.3296982579663713
2A,2022-09-06,CVR016,Cultivar,Infected,2,1,1,0.5239559589580552,26,0.01295097992867174,0.5920563883018506,0.679960357651384,0.46871783869250666,0.17006343853143813,0.3911683945978545,0.3934382853362573
30A,2022-09-06,CVR484,Cultivar,Infected,3,4,1,0.0333148890243139,11,0.00402440162648369,0.0333635917740788,0.538120515557631,0.428777986010575,-0.01116883977802157,0.420765261110119,0.15170457025371603
31A,2022-09-06,CVR491,Cultivar,Fungicide,10,1,1,0.7315231527935748,1,4.3059437755377206e-4,0.6782751401891638,0.6521172787515048,0.4531036827411294,0.11452532675024948,0.48792118001436857,0.2408209497502725
32A,2022-09-06,CVR016,Cultivar,Fungicide,11,1,1,0.8294440181968152,0,0,0.7753793042336263,0.6813968178439792,0.5043460978486732,0.13281967656293042,0.5069914952576288,0.266455770199914
33A,2022-09-06,Howzat,Cultivar,Fungicide,12,1,1,0.49500665193155863,2,0.00133815750454989,0.4200511572121653,0.6299060339031294,0.5058930353606264,0.08511454121091694,0.46959539924122057,0.2276496119404404
34A,2022-09-06,CVR496,Cultivar,Fungicide,13,1,1,0.8469328444096187,3,0.00368326188219782,0.7281829865414371,0.6524126546055801,0.41194686653788526,0.03331367745745815,0.523694825407298,0.19552029720396144
35A,2022-09-06,Genesis090,Cultivar,Fungicide,14,1,1,0.7378231049634142,0,0,0.5691066384831674,0.6286361135911107,0.3847435382248356,0.02500101005372354,0.5233953783674534,0.15684753131273618
36A,2022-09-06,CVR484,Cultivar,Fungicide,15,1,1,0.42854580004521353,1,3.1797738650124707e-4,0.33127806673201915,0.6430806142436523,0.43369107276057595,0.03318920867272151,0.5237928922262176,0.17987802606496345
37A,2022-09-06,WLD133,Wild cicer,Fungicide,16,1,1,0.3822666561351207,0,0,0.3866875654380864,0.5841535507298331,0.4529237530002682,0.03105153121947105,0.45972198045087126,0.1701158913151011
38A,2022-09-06,CVR499,Cultivar,Fungicide,17,1,1,0,0,0,3.143801345025093e-4,0.5099338036316264,0.45281639652813727,0.3987730473236178,0.3914473488497343,0.14803631444683477
39A,2022-09-06,CVR015,Cultivar,Fungicide,18,1,1,0.8382149295247515,16,0.00786994853033811,0.8068959127175029,0.6736834527571953,0.5564120918027696,0.07602907214146941,0.532433335698445,0.22025300337703693
3A,2022-09-06,CVR497,Cultivar,Infected,3,1,1,0.6643004770381115,12,0.00590246920147695,0.6123732044940753,0.6405494212616214,0.4585130667500705,0.10374365722573732,0.4308306649078008,0.2896541214041234
40A,2022-09-06,CVR497,Cultivar,Fungicide,10,2,1,0.8686746351787176,1,3.5772455981390294e-4,0.8318891334104523,0.6925372213619334,0.50055917110522,0.11826035571208952,0.5297519361600871,0.2571131355973989
41A,2022-09-06,CVR503,Cultivar,Fungicide,11,2,1,0.7389260934347899,0,0,0.7371428203747586,0.7252403662957649,0.5249459880776387,0.14759063582141949,0.5271076649802564,0.3207482727801889
42A,2022-09-06,CVR477,Cultivar,Fungicide,12,2,1,0.6052458780706733,7,0.00214303673732714,0.5865940334648695,0.6566236679290169,0.4600464218027039,0.12102495196709918,0.4982108738087686,0.23543099592719088
43A,2022-09-06,CVR500,Cultivar,Fungicide,13,2,1,0.9143973164365848,0,0,0.8549960732963868,0.6699907279188463,0.4262109107765272,0.04882499806153964,0.5357700254845655,0.2093799157831118
44A,2022-09-06,WLD085,Wild cicer,Fungicide,14,2,1,0.20198269364711297,0,0,0.20666564091858705,0.6880046571434054,0.3723636568896655,0.17047651846235293,0.4774048835439684,0.31360568960794677
45A,2022-09-06,CVR502,Cultivar,Fungicide,15,2,1,0.6154609424722426,18,0.00743936080648719,0.5923314709195403,0.6597455776611063,0.4009480996473609,0.06896853362938836,0.48488612274225007,0.25710900484164634
46A,2022-09-06,CVR495,Cultivar,Fungicide,16,2,1,0.778746295845836,14,0.00534930707499493,0.792120046395885,0.6207854577563845,0.505342888261825,0.02546054894029574,0.4819642711326141,0.19808857822479525
47A,2022-09-06,CVR494,Cultivar,Fungicide,17,2,1,0.8852823955254973,2,4.7696607975187e-4,0.8866698718475147,0.7018340243184231,0.5782579606308873,0.06112787211447254,0.5669794569935955,0.22398318065785425
48A,2022-09-06,CVR019,Cultivar,Fungicide,18,2,1,0.8206863559796462,1,0.00125204396843283,0.8279986792459838,0.706161832998275,0.5411950367914952,0.09201000633397532,0.5823844306325711,0.21024036040023183
49A,2022-09-06,CVR501,Cultivar,Fungicide,10,3,1,0.6942799024267637,1,3.5772455981390294e-4,0.7302657549325162,0.7023111548295242,0.513879420750222,0.11628222403986913,0.5127225001805646,0.2962742749563912
4A,2022-09-06,CVR498,Cultivar,Infected,4,1,1,0.5494803708512113,28,0.01544513193472462,0.4107376457275284,0.5179543160942724,0.4179713153521756,-0.06533638393300115,0.4308490593613554,0.11212768561893656
50A,2022-09-06,WLD132,Wild cicer,Fungicide,11,3,1,0.04739206921454399,0,0,0.05336602783180095,0.7074194816609742,0.4440289146587637,0.18870680027881676,0.5284995186968191,0.28575568563949233
51A,2022-09-06,CVR492,Cultivar,Fungicide,12,3,1,0.7572164908490135,4,0.00208673152757378,0.7323485233235953,0.6817104378661176,0.4950409726836923,0.11256141644133624,0.5533598516079208,0.20609668230773712
52A,2022-09-06,WLD129,Wild cicer,Fungicide,13,3,1,0.31983353392202735,0,0,0.27001323802084265,0.6769859460999581,0.4086493420763791,0.08671137603246637,0.4676859988555463,0.30627027716199634
53A,2022-09-06,CVR498,Cultivar,Fungicide,14,3,1,0.7809357114001283,25,0.01250712983964423,0.7093594759880993,0.6454260788128513,0.3849924640665013,0.04678048717858317,0.49010008675342737,0.22719219420963352
54A,2022-09-06,CVR482,Cultivar,Fungicide,15,3,1,0.42443857570735816,2,5.730217485907889e-4,0.3956081017545951,0.612754879978019,0.37605990307466713,-9.119301620021884e-4,0.4864729608622022,0.17991150114229745
55A,2022-09-06,CVR493,Cultivar,Fungicide,16,3,1,0.884262213996417,6,0.00290817331472947,0.8528347098716821,0.6419509948310885,0.5229136583211599,0.04675366057729083,0.52758023323237635,0.17294331787384165
56A,2022-09-06,WLD131,Wild cicer,Fungicide,17,3,1,0.0855428836689134,1,2.3848303987593532e-4,0.10724292338216848,0.6702657639999753,0.47163620261275785,0.13996905599559917,0.48139506403293186,0.2788428757045576
57A,2022-09-06,CVR504,Cultivar,Fungicide,18,3,1,0.8096796572097322,9,0.00621051985734226,0.798643434186812,0.6221738265626212,0.4804202927746221,0.0418238740908682,0.5046817423717515,0.1712712025418131
58A,2022-09-06,CVR481,Cultivar,Fungicide,10,4,1,0.5113163072860746,2,6.889513737354865e-4,0.5930781237389837,0.6363448129550259,0.4730593477327665,0.05110923580091944,0.4353317319244008,0.2780345015852657
59A,2022-09-06,CVR485,Cultivar,Fungicide,11,4,1,0.7963378026670859,2,0.00181844057205576,0.757105958915668,0.6787155697676787,0.4936645766631204,0.09183851182425538,0.5515113064134082,0.20330540082558565
5A,2022-09-06,CVR015,Cultivar,Infected,5,1,1,0.18799163267687016,35,0.018313562758381072,0.12402296306123992,0.500889893554434,0.4258091824766658,-0.05917100034021362,0.4288275569759468,0.09177523361762152
60A,2022-09-06,CVR010,Cultivar,Fungicide,12,4,1,0.8095272924359085,1,0.00190787458706052,0.8179778124587164,0.6826069337936985,0.4907575613574542,0.1048396998707416,0.5560332303633481,0.2040037709491876
61A,2022-09-06,CVR493,Cultivar,Fungicide,1,5,2,0.7884910168151671,2,0.00169256979992107,0.7747898414814341,0.6281580037017739,0.5880233779676732,0.04365139540789421,0.428605814709515,0.2730719410512128
62A,2022-09-06,CVR495,Cultivar,Fungicide,2,5,2,0.5335383783204872,0,0,0.6802007185129917,0.639877519740185,0.6013067159836549,0.05405547495204337,0.420024469286023,0.3006595890895308
63A,2022-09-06,CVR501,Cultivar,Fungicide,3,5,2,0.4517350561656373,1,3.7097361758478824e-4,0.6000730817316646,0.6176292570387969,0.6165331511246704,0.05711216535980933,0.4039117772027164,0.2847545517020939
64A,2022-09-06,WLD085,Wild cicer,Fungicide,4,5,2,0.18738879813695913,0,0,0.1013089983434336,0.4704775713864437,0.4058795862327144,0.03065917817088063,0.312614017329328,0.18508554419189385
65A,2022-09-06,CVR485,Cultivar,Fungicide,5,5,2,0.771048562490049,0,0,0.5356644516754631,0.5517272204402319,0.4558888481632036,0.03998097524562805,0.4100564398893008,0.18309379180798063
66A,2022-09-06,CVR491,Cultivar,Fungicide,6,5,2,0.7176049619325521,0,0,0.5153083379664255,0.5534270036462794,0.4418911904267509,0.08261744076466988,0.3958291567692983,0.2018059778075895
67A,2022-09-06,CVR016,Cultivar,Fungicide,7,5,2,0.7887460621974371,0,0,0.6719482399823008,0.5578021466462892,0.4568409206793448,0.01230048953612406,0.4566419970031715,0.1357336722558562
68A,2022-09-06,CVR484,Cultivar,Fungicide,8,5,2,0.6271665318351304,2,0.00173894499325287,0.5458818060467946,0.5726373970779898,0.4859158883543931,0.02456292265466337,0.4481532334198341,0.1674590669750808
69A,2022-09-06,CVR481,Cultivar,Fungicide,9,5,2,0.6578647214829074,3,0.00125203595934866,0.5560991604181261,0.5937469503649478,0.507130688209048,0.04124386753101632,0.4787938249102633,0.16061239961325133
6A,2022-09-06,CVR477,Cultivar,Infected,6,1,1,0.09975255496681625,32,0.01257005760681929,0.04263780574190282,0.5046169585452472,0.48126245024901165,-0.06674075707115866,0.4502129142519886,0.07039724814579311
70A,2022-09-06,Howzat,Cultivar,Fungicide,1,6,2,0.6066867188666145,0,0,0.7037006335670543,0.698313127332102,0.6693538437694188,0.06717652712707484,0.4218856103290693,0.3918780179843917
71A,2022-09-06,WLD132,Wild cicer,Fungicide,2,6,2,0.00973147185856375,0,0,0.01505094893930763,0.7054401692080773,0.6877101796937155,0.155331384353137,0.48887964170125775,0.3305638450083378
72A,2022-09-06,CVR492,Cultivar,Fungicide,3,6,2,0.6941374744860156,0,0,0.7188301775399875,0.6812496973605989,0.6375827895834536,0.10257260381017892,0.4652509779878328,0.31622777196521173
73A,2022-09-06,CVR496,Cultivar,Fungicide,4,6,2,0.8525637164857107,1,4.736538153091493e-4,0.699967369469837,0.5947350837674527,0.49338454776065965,0.06975156824287732,0.4118068181400103,0.24226212784057763
74A,2022-09-06,CVR498,Cultivar,Fungicide,5,6,2,0.8381586208039906,15,0.00752879001604909,0.7341955066137976,0.5971001491499679,0.4784595530285001,0.07674331062997602,0.4023559877667869,0.25632556281219543
75A,2022-09-06,CVR019,Cultivar,Fungicide,6,6,2,0.8596486784685112,1,2.649811554177059e-4,0.7365533576225665,0.5962771463572987,0.4623285636600558,0.08868829185974869,0.4461913313062795,0.2044915462822409
76A,2022-09-06,CVR499,Cultivar,Fungicide,7,6,2,0,0,0,0,NA,NA,NA,NA,NA
77A,2022-09-06,CVR502,Cultivar,Fungicide,8,6,2,0.6420220972829379,9,0.00559443004582951,0.555273912565057,0.5988903880913672,0.472664960541386,0.03873829969884373,0.4671916715985161,0.18286322554183723
78A,2022-09-06,CVR482,Cultivar,Fungicide,9,6,2,0.6164380643913292,6,0.0048094272747726,0.5527588714890369,0.6024246350375987,0.48894245682180215,0.0379225242470401,0.48807566322527934,0.16197399036262086
79A,2022-09-06,CVR497,Cultivar,Fungicide,1,7,2,0.9085047744228392,0,0,0.8813254095609719,0.6798462979457687,0.6210789191750654,0.11129399947055324,0.4176877400475121,0.36612455459053345
7A,2022-09-06,WLD131,Wild cicer,Infected,7,1,1,0.0024974573796314,0,0,0,NA,NA,NA,NA,NA
80A,2022-09-06,CVR503,Cultivar,Fungicide,2,7,2,0.8080400797522819,0,0,0.8543673130273818,0.6915077277482675,0.6333402248650905,0.12943153670299404,0.4045905586980515,0.3983729586608128
81A,2022-09-06,CVR477,Cultivar,Fungicide,3,7,2,0.690583400522694,6,0.00257031720755174,0.745709679039952,0.649629333804235,0.6109829266844509,0.08993544855164567,0.40558015507223266,0.3313529939686574
82A,2022-09-06,WLD133,Wild cicer,Fungicide,4,7,2,0.4825226773110934,0,0,0.3293524884081913,0.544237130488431,0.4588416282225928,0.05257047385583383,0.31089561432967366,0.28086396164551247
83A,2022-09-06,CVR500,Cultivar,Fungicide,5,7,2,0.8545278971569593,2,7.022000618569206e-4,0.542620112151331,0.537657387750515,0.43303584531905714,0.06327903136209766,0.3825195037358737,0.19530522271533257
84A,2022-09-06,CVR494,Cultivar,Fungicide,6,7,2,0.7030905610870019,1,9.539391417838834e-4,0.4841061096170514,0.5328744007189885,0.43810251010700874,0.0491594681975227,0.3884559026177079,0.18211623132634808
85A,2022-09-06,WLD131,Wild cicer,Fungicide,7,7,2,0.05841864165060891,0,0,0.05446635830255973,0.5254332797795804,0.3902914669422896,0.03014654634618775,0.36533074301634194,0.1981361425001396
86A,2022-09-06,CVR504,Cultivar,Fungicide,8,7,2,0.7820751349261139,8,0.00662454901081438,0.6992993116840192,0.5882555904320682,0.4865852045568808,0.0324023062241368,0.4410209418932739,0.1988134164917495
87A,2022-09-06,CVR010,Cultivar,Fungicide,9,7,2,0.8900156403471063,1,6.889536737765154e-4,0.8029661610362215,0.6122859427293761,0.5018874205695933,0.03617826288405398,0.5084572874621948,0.15076500502677115
88A,2022-09-06,Genesis090,Cultivar,Fungicide,1,8,2,0.8668628192812927,2,0.00168263629236581,0.8461934295303165,0.6438138794629716,0.6015114923254519,0.08111701424805212,0.42312994516858976,0.3033109810460329
89A,2022-09-06,CVR015,Cultivar,Fungicide,2,8,2,0.7334707720763642,3,6.160814738512949e-4,0.8011977727796449,0.6926765929580878,0.6305954024322903,0.12630621328686972,0.4420692573639229,0.36121550696578153
8A,2022-09-06,CVR493,Cultivar,Infected,8,1,1,0.6489348208257638,30,0.01497145877438984,0.5691459359999802,0.5982305614320805,0.5001187564054042,0.1120590091814588,0.40945025319683775,0.25002214668051786
90A,2022-09-06,WLD129,Wild cicer,Fungicide,3,8,2,0.00824757145262891,0,0,0.01477586632161793,0.5557754943054148,0.5748229666128858,-0.03500749455974499,0.5037244060689393,0.07228892920157794
91A,2022-09-06,CVR503,Cultivar,Infected,10,5,2,0.601264520285107,6,0.00276574799731325,0.5140901149452283,0.6021620242691267,0.46537258198533565,0.0709534082526497,0.5023024762559297,0.1431611352340994
92A,2022-09-06,CVR501,Cultivar,Infected,11,5,2,0.6362819200430159,10,0.00577329889730772,0.5250148246191905,0.6018562621964112,0.4950624089001501,0.0679018276030158,0.5036368230135653,0.1409410701259093
93A,2022-09-06,CVR019,Cultivar,Infected,12,5,2,0.8313154550926929,6,0.00211984924334164,0.6245161371892347,0.6184648585597801,0.48189265476248727,0.08228474002059313,0.5354678599997588,0.12409245565104642
94A,2022-09-06,CVR499,Cultivar,Infected,13,5,2,0.12772474007422635,1,5.100887241790839e-4,0.12787411970889564,0.6772354684863231,0.6854000608037784,0.01190815689931633,0.4373759819511267,0.340809479047405
95A,2022-09-06,WLD133,Wild cicer,Infected,14,5,2,0.04270188400292851,13,0.00408071246312315,0.02534689834426481,0.7077327601724862,0.7631238758095867,0.19742826783297485,0.3215535623974028,0.49995623257750854
96A,2022-09-06,CVR493,Cultivar,Infected,15,5,2,0.6151297147030607,50,0.03626943262360899,0.5615615152551072,0.7126777120721507,0.7285258769220413,0.13066240147427302,0.3924838618483504,0.4445374098594817
97A,2022-09-06,CVR504,Cultivar,Infected,16,5,2,0.6405448214323867,4,0.0022225325214781,0.44256863434590743,0.5601907210740537,0.3866361686501339,0.01144677424635312,0.4605353840317405,0.13430414856211156
98A,2022-09-06,CVR015,Cultivar,Infected,17,5,2,0.7027659578732036,4,0.00266969602496884,0.6137486175825237,0.6178797724018823,0.4242115756833859,0.06613689421053126,0.4770987999351987,0.1996297729214804
99A,2022-09-06,CVR010,Cultivar,Infected,18,5,2,0.612363962830392,3,0.00127853407489043,0.5161335858194946,0.5971685556899853,0.44537411599209337,0.043099215931879833,0.48537737052309216,0.1574195821595852
9A,2022-09-06,CVR496,Cultivar,Infected,9,1,1,0.7566269054198698,33,0.02161259449003844,0.6172067990620513,0.6421149364964664,0.5185435190951027,0.11311231236194798,0.4911719435729267,0.22047988996052767
100A,2022-09-09,CVR482,Cultivar,Infected,10,6,2,0.3036530573974923,24,0.01032766110958333,0.38908471396366806,0.640997931343729,0.5928792964370516,0.08549919625393267,0.4611843971259197,0.2552785230740902
101A,2022-09-09,CVR498,Cultivar,Infected,11,6,2,0.6063223683205144,7,0.00432913763570821,0.6375629127710888,0.6855250897501275,0.6274327073462834,0.12443553220691858,0.4740831588369284,0.3132454023857837
102A,2022-09-09,CVR484,Cultivar,Infected,12,6,2,0.12240853437885713,6,0.00361369241794845,0.14430048173665178,0.6191612117749192,0.6119928327514272,0.15058904209607668,0.37780964100912023,0.3150495636079648
103A,2022-09-09,WLD131,Wild cicer,Infected,13,6,2,0.19429820940209325,0,0,0.2041898973593798,0.8145598960389295,0.7346310602141871,0.26106487214293567,0.4372788766620116,0.5860128352382227
104A,2022-09-09,CVR494,Cultivar,Infected,14,6,2,0.3259248125972822,108,0.03799503253226547,0.2788158817869129,0.7610300355748567,0.7347798340226197,0.15677233366084423,0.4419605494736386,0.4807763184002471
105A,2022-09-09,Genesis090,Cultivar,Infected,15,6,2,0.4193277312288818,59,0.02665716391292241,0.4380887174292467,0.7550491806759752,0.7095853670296904,0.17867073721006282,0.4500105110356033,0.4620258412314233
106A,2022-09-09,Howzat,Cultivar,Infected,16,6,2,0.6740617593959015,27,0.01443487780800027,0.6768997271007153,0.6660379675211252,0.6223133831320571,0.07875336208391269,0.5317527534443163,0.20792576850139544
107A,2022-09-09,WLD129,Wild cicer,Infected,17,6,2,0.04839900163285692,0,0,0.06110763864392524,0.6766922588967894,0.5924645229480917,0.20215340591263847,0.4768944115491044,0.29499633915133644
108A,2022-09-09,CVR495,Cultivar,Infected,18,6,2,0.707860240963221,4,0.00236165317282689,0.741269059640104,0.6779768546575421,0.6174413087850967,0.11913820053563784,0.5277321430248105,0.2339495700413734
109A,2022-09-09,CVR481,Cultivar,Infected,10,7,2,0.7475578890996698,4,0.00263988010022985,0.8173097546728986,0.7010492113279756,0.6269779411513934,0.12752349433741744,0.4762579220318792,0.3374637760459343
10A,2022-09-09,CVR481,Cultivar,Infected,1,2,1,0.7866129553639057,10,0.00611115089725659,0.7406795968879119,0.8477270854606589,0.6787149697848395,0.16892744958924846,0.4967921691818627,0.6062561742236428
110A,2022-09-09,CVR477,Cultivar,Infected,11,7,2,0.7654839359677934,37,0.01638911962039383,0.7782873204777746,0.7073895277134099,0.6396000375845653,0.12780029753854025,0.5000303318176441,0.320848522581502
111A,2022-09-09,WLD132,Wild cicer,Infected,12,7,2,0.03567985529627256,1,1.8548680879239412e-4,0.06079325850942273,0.6944190765608165,0.5980525045012164,0.3108426550153956,0.382171809270431,0.4250502443255354
112A,2022-09-09,WLD085,Wild cicer,Infected,13,7,2,0.37251862288809784,0,0,0.3293524884081913,0.7880220146303131,0.7273001359062219,0.20339636505516764,0.41877934787950816,0.551114499862869
113A,2022-09-09,CVR500,Cultivar,Infected,14,7,2,0.5392056854511892,62,0.0290453069868349,0.55000804531214,0.7471697072427983,0.7091773585089779,0.1566264095942069,0.443983203830278,0.4536891773645395
114A,2022-09-09,CVR491,Cultivar,Infected,15,7,2,0.6099989965584334,27,0.01493835913042334,0.5869084135993721,0.7724300207759327,0.7121954435317498,0.20712948263060715,0.443488391406868,0.5003399615739517
115A,2022-09-09,CVR502,Cultivar,Infected,16,7,2,0.5181131011096869,3,0.00273262432606927,0.529769824153541,0.6503869030719993,0.6122945273694327,0.08636522610054906,0.4629021033938463,0.2682437201351852
116A,2022-09-09,CVR492,Cultivar,Infected,17,7,2,0.8420372979811105,24,0.01539877489531355,0.8104719867474689,0.6726218899276447,0.6165288191635503,0.12272277998502766,0.5136032408795128,0.24294747329038544
117A,2022-09-09,CVR485,Cultivar,Infected,18,7,2,0.5394408571673084,28,0.01891971774802889,0.5463140787317355,0.6330560327430235,0.5930286211862745,0.09161787188611474,0.5159953602882459,0.17384920713849042
118A,2022-09-09,CVR016,Cultivar,Infected,10,8,2,0.8783067387065268,29,0.01284830272922788,0.8984984244081715,0.6970609590791624,0.6278129686400753,0.16042127296688932,0.4560568031648713,0.35332640566911006
119A,2022-09-09,CVR497,Cultivar,Infected,11,8,2,0.9005685570732412,16,0.00891995093932347,0.9001882176311226,0.6882202979083208,0.6221716193669983,0.13209131875461697,0.4902938822227021,0.2987253813700087
11A,2022-09-09,CVR499,Cultivar,Infected,2,2,1,0.3596934836653753,13,0.00532613276518592,0.33520781841330055,0.8433482083685463,0.6788228970118447,0.18605816021793004,0.4990080336154597,0.5945484958887183
120A,2022-09-09,CVR496,Cultivar,Infected,12,8,2,0.7115468060342154,46,0.03279153257442373,0.7073160051138331,0.6545860893250551,0.5956445329826142,0.13940657673564696,0.4453981006399632,0.2952761695740532
121A,2022-09-09,WLD085,Wild cicer,Infected,1,9,3,0.37234307217043144,0,0,0.511417883801957,0.6455031378523178,0.5922571757533045,-0.00341142664886092,0.45241010944452154,0.27274264941584087
122A,2022-09-09,CVR019,Cultivar,Infected,2,9,3,0.47104894738663294,31,0.01659117613013294,0.548514739673253,0.6024545464507088,0.6234539785274712,-0.05180519390631427,0.43783379745796874,0.22360112800632428
123A,2022-09-09,CVR494,Cultivar,Infected,3,9,3,0.3591005859585397,15,0.01106299568572206,0.37702037630213425,0.5792787495599339,0.6031037413935085,-0.03347853452580848,0.43261163805385705,0.1957134314872454
124A,2022-09-09,CVR498,Cultivar,Infected,4,9,3,0.5178448066166496,11,0.00510752039583014,0.5515799459846525,0.6448573219272526,0.6031483148027861,0.03266413959923109,0.4101916743170764,0.3190624975040472
125A,2022-09-09,CVR485,Cultivar,Infected,5,9,3,0.5696123946620862,43,0.0214602040394646,0.5801885382243809,0.6706244253038437,0.6300060980434832,0.06107535177207533,0.4342532323097341,0.33349060062140234
126A,2022-09-09,CVR502,Cultivar,Infected,6,9,3,0.2308028218436287,10,0.00373954943088366,0.23719981148214325,0.6100727775978865,0.6101174637775939,0.05380296642384673,0.378398418277079,0.30120851880345006
127A,2022-09-09,Genesis090,Cultivar,Infected,7,9,3,0.5661345030856764,30,0.01777697727405375,0.5531911441739779,0.5910779302237861,0.598987607674494,-0.00680982951857264,0.4161213174251242,0.2320256780434348
128A,2022-09-09,CVR010,Cultivar,Infected,8,9,3,0.35605991503745,35,0.01745235112602828,0.3635413280353392,0.6158719509273015,0.6401637578852312,0.02327046890037478,0.4145295308623731,0.27036610574364073
129A,2022-09-09,CVR491,Cultivar,Infected,9,9,3,0.6507764472224151,33,0.02335154276910241,0.6675469180992657,0.6477330996799775,0.6200038462118453,0.09065020487830489,0.4089763615327561,0.3247982351964226
12A,2022-09-09,CVR500,Cultivar,Infected,3,2,1,0.43558439014032857,28,0.01215602664615935,0.4302685115834968,0.812392328820603,0.6536685611172193,0.1505016141919486,0.49147077503569625,0.5342166994611429
130A,2022-09-09,CVR484,Cultivar,Infected,1,10,3,0.11238889436110512,50,0.02709106164224718,0.17522762746833612,0.5501336768257832,0.5790468525776463,-0.1515192346914932,0.4312862657050697,0.1558174550333205
131A,2022-09-09,CVR481,Cultivar,Infected,2,10,3,0.5646174799028234,25,0.01695222465995552,0.6511205560715095,0.6744701332369578,0.6473130507740789,-0.01382507108871427,0.4750309169964039,0.29346307260337845
132A,2022-09-09,CVR492,Cultivar,Infected,3,10,3,0.6841012730798044,13,0.00818131268281098,0.6969414606752503,0.6481734512483361,0.6205371687680918,-0.00884074558844202,0.4864695341804236,0.2361732821066984
133A,2022-09-09,CVR496,Cultivar,Infected,4,10,3,0.5505469242679769,77,0.03597124491323682,0.5335816832843839,0.6976151434369519,0.6548299352964722,0.0696558966703036,0.44176602562078854,0.3698217816660068
134A,2022-09-09,WLD131,Wild cicer,Infected,5,10,3,0.07147564031175878,0,0,0.08857660289608199,0.7559644955072151,0.643201494771801,0.2375029859440872,0.4063027926400862,0.5046719318276297
135A,2022-09-09,Howzat,Cultivar,Infected,6,10,3,0.1396688134309251,44,0.02275200150633565,0.14976283657363287,0.6407502180078227,0.5892463500334981,0.11984816268095598,0.3810335746541261,0.34360750337895085
136A,2022-09-09,CVR016,Cultivar,Infected,7,10,3,0.5377747814883235,70,0.03376532168630757,0.6171282040284257,0.6547464066728182,0.6165333653625361,0.09986044429231668,0.3897087091983229,0.3558318989607815
137A,2022-09-09,CVR482,Cultivar,Infected,8,10,3,0.2745712592633229,47,0.01846257687186375,0.29697133455443286,0.6395826263237138,0.609137482816633,0.11277370101552532,0.405180969878614,0.31639416230664874
138A,2022-09-09,CVR497,Cultivar,Infected,9,10,3,0.680782370832602,32,0.01809826618568609,0.7194589378089925,0.6821293724359125,0.6223629963411531,0.1063290570845322,0.4680404853815886,0.31449627782479095
139A,2022-09-09,CVR493,Cultivar,Infected,1,11,3,0.8728481050704093,20,0.01755838445507218,0.8952760280295208,0.7134226958216157,0.6449490668469966,0.02688072184513361,0.5158638217688939,0.31260747890212165
13A,2022-09-09,WLD129,Wild cicer,Infected,4,2,1,0.2682911807596344,0,0,0.25563034686735286,0.6545985420211522,0.6005286866179674,0.0780206606765324,0.3731016258267213,0.3724646113105296
140A,2022-09-09,CVR495,Cultivar,Infected,2,11,3,0.5598776105258306,42,0.01678657882648524,0.6190930798690664,0.6671023492938488,0.6364977368825798,-0.0152098256851221,0.47470838702982976,0.2815572547159
141A,2022-09-09,CVR504,Cultivar,Infected,3,11,3,0.6343243639271509,17,0.00792958674600363,0.6568972910429931,0.6702281477835279,0.6286429669141066,-0.00747050693884669,0.49964357879895094,0.25647001361979216
142A,2022-09-09,CVR015,Cultivar,Infected,4,11,3,0.6612962411716318,49,0.03087701218302185,0.6550503077527909,0.6593795316916443,0.612961613357123,0.06550249173540298,0.40210865398591905,0.3500961455281507
143A,2022-09-09,WLD132,Wild cicer,Infected,5,11,3,0.12976179085469494,1,5.597726908199036e-4,0.15235647268327857,0.6440259096643605,0.5893736216402692,-0.03208616310250318,0.5009432452413546,0.21122967180048605
144A,2022-09-09,WLD129,Wild cicer,Infected,6,11,3,0.14361042388418951,0,0,0.1850520066715395,0.71926473712752,0.6166779624201988,0.18775715175055807,0.4062402642554656,0.4422463276184243
145A,2022-09-09,CVR500,Cultivar,Infected,7,11,3,0.6966581178094897,38,0.02063545113789943,0.7060584845758231,0.6220354636361959,0.6100483692380488,0.04736071234550728,0.395270731366788,0.30069809946288206
146A,2022-09-09,CVR501,Cultivar,Infected,8,11,3,0.5350620260587239,32,0.01940994044285478,0.5671810601593396,0.6614358376093153,0.6356169871414805,0.06791360179879463,0.4220976512662402,0.33204083857339967
147A,2022-09-09,CVR503,Cultivar,Infected,9,11,3,0.7172505482195274,30,0.01856861689565721,0.7389505061481481,0.6998106521061608,0.641333045320736,0.11856114404163598,0.42370571673156165,0.3924809401256945
148A,2022-09-09,WLD133,Wild cicer,Infected,1,12,3,0.04566637253710637,15,0.00418670599316642,0.09227056947648649,0.5159320933895214,0.582428735862279,-0.16560508276638636,0.405522639489957,0.13962132741194647
149A,2022-09-09,CVR499,Cultivar,Infected,2,12,3,0.00632645039137398,1,3.875349397983949e-4,0.01678003967907143,0.5552786305709505,0.6102304926806777,-0.17540495811549384,0.53866383754356,0.02370522891953018
14A,2022-09-09,WLD085,Wild cicer,Infected,5,2,1,0.30319265079832947,1,1.6230095769334486e-4,0.29182335985195423,0.6575384411440436,0.6078808925676239,0.12073181570058591,0.3818094004862762,0.36815627890576286
150A,2022-09-09,CVR477,Cultivar,Infected,3,12,3,0.28186820701839976,44,0.01913828982551811,0.34786161882702654,0.5552237883014781,0.5621180502767491,-0.02686444922704064,0.38338753174932655,0.21830619674360924
151A,2022-09-09,CVR499,Cultivar,Fungicide,10,9,3,0.1703305680240921,1,7.949465466652102e-4,0.11467015405979028,0.5776052597839898,0.5112413521510331,0.05016736102990864,0.4531898643672342,0.16853084725836834
152A,2022-09-09,CVR498,Cultivar,Fungicide,11,9,3,0.6837004874790944,4,0.00394823461779701,0.675917289180395,0.6248310184262451,0.5553226555919416,0.09522777184633172,0.4176411270369064,0.2803481899518238
153A,2022-09-09,Howzat,Cultivar,Fungicide,12,9,3,0.4268201033677759,2,9.373708372901346e-4,0.3883380611442246,0.5933017474069793,0.5754304417570133,0.08197757716785298,0.4148060234890011,0.23676474406475345
154A,2022-09-09,CVR496,Cultivar,Fungicide,13,9,3,0.8806452067569509,9,0.00659805685076145,0.8981447467568562,0.7117851431204998,0.6628320047741338,0.02551653472067471,0.5029294300563331,0.3253091238068998
155A,2022-09-09,CVR492,Cultivar,Fungicide,14,9,3,0.8560747308390387,11,0.0070286391120022,0.9041572668292168,0.7098812908833116,0.6686243469290059,0.02206841466228537,0.5119141832270944,0.3109748340802773
156A,2022-09-09,WLD129,Wild cicer,Fungicide,15,9,3,0.1799825452180522,0,0,0.2750433201728828,0.6539425297539663,0.6120997253041355,0.10672886116880877,0.4318273759148833,0.30952082963560784
157A,2022-09-09,CVR493,Cultivar,Fungicide,16,9,3,0.8296295057475571,13,0.00890670746736702,0.8153448788322578,0.628865352495837,0.5666581503886424,0.06234770799034433,0.4605499502622826,0.23693843845248355
158A,2022-09-09,CVR481,Cultivar,Fungicide,17,9,3,0.8013095314825059,6,0.00427615311021608,0.8309459930069448,0.6789650473264535,0.599142959840079,0.10573907924006662,0.46967953716520966,0.3072739358988204
159A,2022-09-09,CVR477,Cultivar,Fungicide,18,9,3,0.44088072216954693,4,0.00153357843697997,0.4425293368290946,0.6324872530974089,0.5831272072904026,0.08555731484813939,0.42244078930131473,0.28663092659796763
15A,2022-09-09,CVR482,Cultivar,Infected,6,2,1,0.23920938262546493,47,0.02117203078997934,0.16528535571469427,0.5448428397144313,0.5705589677715288,0.02446275847259133,0.3303552097704163,0.2615676234684894
160A,2022-09-09,CVR010,Cultivar,Fungicide,10,10,3,0.7765966276238456,2,0.0015567669577695,0.8068173176838773,0.6830085021215895,0.5970161406848471,0.1029095929097109,0.4934477025412478,0.28592622116484306
161A,2022-09-09,CVR015,Cultivar,Fungicide,11,10,3,0.9108697406947978,10,0.00692265712324896,0.921173091609165,0.70953134108061,0.609995449237626,0.1494830021195022,0.49571479931420986,0.32982392230055213
162A,2022-09-09,CVR497,Cultivar,Fungicide,12,10,3,0.8906184748870174,12,0.00425957412694768,0.8907175160792344,0.6742184266635023,0.5864996478196302,0.12856988450284418,0.4854782480593055,0.28057876587825814
163A,2022-09-09,CVR491,Cultivar,Fungicide,13,10,3,0.8835600111257514,15,0.00843634841973393,0.9243168929541902,0.7376378268692331,0.6797510959566775,0.055819783356375,0.4952812149441091,0.3818673131096191
164A,2022-09-09,CVR502,Cultivar,Fungicide,14,10,3,0.6568312908430599,21,0.01178837285029495,0.741504844740981,0.7382486150767558,0.6884567384974934,0.05093685867183451,0.4721765427873683,0.40845165161492514
165A,2022-09-09,CVR016,Cultivar,Fungicide,15,10,3,0.8583171428364,2,9.141849861910852e-4,0.8903245409111064,0.7227614929970722,0.6528579454003931,0.06641340151655792,0.4997853499072774,0.34906869322169837
166A,2022-09-09,WLD133,Wild cicer,Fungicide,16,10,3,0.5622723872970157,0,0,0.6445971682805824,0.7133234255954343,0.6002227207697574,0.17677585327165402,0.4338026392324782,0.4047750054876152
167A,2022-09-09,WLD085,Wild cicer,Fungicide,17,10,3,0.4787201825208854,0,0,0.6502167131848149,0.7431906483081124,0.6219149437509244,0.22832621856325144,0.4559423412937496,0.4344690502037949
168A,2022-09-09,CVR501,Cultivar,Fungicide,18,10,3,0.6715245546839683,15,0.00852909141342125,0.694465717116043,0.6801707109921091,0.5941266942794909,0.12147943750508032,0.47245695772345175,0.30606966349163334
169A,2022-09-09,Genesis090,Cultivar,Fungicide,10,11,3,0.8511295002451532,14,0.00902594586582023,0.8344434720032853,0.6546622663165924,0.5743940184006792,0.09706614043520416,0.4767569534191771,0.2586264535018502
16A,2022-09-09,WLD133,Wild cicer,Infected,7,2,1,0.08200205881635907,24,0.00831379106207624,0.06802400160298044,0.7033291219350394,0.6937180155308095,0.07678516504099837,0.3518956931770088,0.4670202299553261
170A,2022-09-09,CVR495,Cultivar,Fungicide,11,11,3,0.7348619287069282,11,0.00313009404665993,0.7420550099763603,0.6786839463820293,0.584718609249573,0.11290968462794164,0.48728434098431406,0.2859749800195938
171A,2022-09-09,CVR504,Cultivar,Fungicide,12,11,3,0.7634369483542494,24,0.01349089574920544,0.7748291389982469,0.6484738214130342,0.583278764482467,0.11896678321620988,0.4189886302848978,0.31509842959628975
172A,2022-09-09,WLD131,Wild cicer,Fungicide,13,11,3,0.10721511660648408,0,0,0.15695428215037777,0.6343748338249461,0.5895534660917058,0.02459866580985871,0.33914005743249387,0.3761632618741136
173A,2022-09-09,CVR484,Cultivar,Fungicide,14,11,3,0.39243534864900453,16,0.005014771528837,0.45549751737732314,0.6395655729914413,0.6059440905270699,-0.02373115637006671,0.4262257228513894,0.2932906852396351
174A,2022-09-09,WLD132,Wild cicer,Fungicide,15,11,3,0.04341733598436138,0,0,0.12060407909852512,0.6378974899868146,0.5900440497766625,0.02723918716246809,0.423634630692116,0.2936054710511994
175A,2022-09-09,CVR503,Cultivar,Fungicide,16,11,3,0.8214846149033745,15,0.00977120782977493,0.8558213211494559,0.6599351261524083,0.5873819113399997,0.10551025375289497,0.4245909494152901,0.32695886103411487
176A,2022-09-09,CVR482,Cultivar,Fungicide,17,11,3,0.5100675785962588,8,0.00603496347568031,0.5608148624356638,0.6409658626418575,0.5824039785568266,0.06108207908890243,0.4745315573052792,0.23918422840242937
177A,2022-09-09,CVR485,Cultivar,Fungicide,18,11,3,0.6882747429714962,10,0.00730687836107899,0.6499416305671252,0.6283946946832055,0.5571196482180677,0.0684436171249231,0.4923454778615445,0.19699784569682072
178A,2022-09-09,CVR494,Cultivar,Fungicide,10,12,3,0.8608543475483333,2,0.00116592386075724,0.8641523947137724,0.6439144511811679,0.5835788384846068,0.0927065140634162,0.4623960006006975,0.2584788350682122
179A,2022-09-09,CVR500,Cultivar,Fungicide,11,12,3,0.9492921619198964,14,0.00780040288799318,0.9196404884534652,0.6374348019296235,0.5507653066081949,0.12316209185325308,0.4417664081670379,0.2723658876868988
17A,2022-09-09,Genesis090,Cultivar,Infected,8,2,1,0.4994318549278286,99,0.04615319098956499,0.4925550757318064,0.7297853497879087,0.7032842126986597,0.07605654694057362,0.4506864157089394,0.41588547234564527
180A,2022-09-09,CVR019,Cultivar,Fungicide,12,12,3,0.8344985539545308,0,0,0.8244619027328306,0.6485660006840492,0.567206551039373,0.10853461392027562,0.477231106484292,0.2481373384108652
18A,2022-09-09,CVR019,Cultivar,Infected,9,2,1,0.4809957172951649,45,0.01726686160647375,0.47121652410244863,0.7399936282759367,0.6918192540778098,0.08731000030386825,0.4844447176796337,0.3983528221100527
19A,2022-09-09,CVR494,Cultivar,Infected,1,3,1,0.8006901355541358,13,0.00493859100739603,0.7628433963703388,0.863378159860561,0.7074325927320188,0.19087521605968377,0.5250335295491638,0.6188881777349108
1A,2022-09-09,WLD132,Wild cicer,Infected,1,1,1,0.04671305228772112,0,0,0.02023822115859903,0.7792095204161225,0.5801724969706755,0.07522052394977154,0.5080066418805923,0.44889515997363927
20A,2022-09-09,Howzat,Cultivar,Infected,2,3,1,0.4896275129600448,33,0.01434213477325404,0.47958689518357794,0.8494411879783778,0.7024108918494409,0.18571393217679777,0.5038763101732198,0.6041484402951135
21A,2022-09-09,CVR010,Cultivar,Infected,3,3,1,0.18793201167841744,35,0.01871432909488231,0.19817737728701929,0.8141758771881907,0.630935933303741,0.1848002806050925,0.43586534511339053,0.5864107197408216
22A,2022-09-09,CVR501,Cultivar,Infected,4,3,1,0.8489533338016282,16,0.01066551943465776,0.8674926836428616,0.6537594373273636,0.6156962204609677,0.05957161427365556,0.3957933324886454,0.3480166838010424
23A,2022-09-09,CVR491,Cultivar,Infected,5,3,1,0.8602813235076486,34,0.02115549723258492,0.8078390531210105,0.645108883060954,0.6050645888889126,0.06895484399217548,0.3800151641464401,0.35118781959484896
24A,2022-09-09,CVR502,Cultivar,Infected,6,3,1,0.3640391919970416,28,0.01576310640507696,0.28007340232492295,0.5611175949749246,0.5551215090013657,0.01961945703263381,0.37789423749036855,0.2325296711138945
25A,2022-09-09,CVR485,Cultivar,Infected,7,3,1,0.3028150511414621,57,0.02730636536149821,0.2781085264842823,0.6343004609518593,0.6570227362749409,-0.05873425839240166,0.41405624179033695,0.29869133641553536
26A,2022-09-09,CVR503,Cultivar,Infected,8,3,1,0.6428700403720435,39,0.0158293271738384,0.6669181578302606,0.7340379141329871,0.6874589984661762,0.06333452427379507,0.4620680891137598,0.4115613502599841
27A,2022-09-09,CVR504,Cultivar,Infected,9,3,1,0.7386577989417525,21,0.01203679773538761,0.7501110009229872,0.7369406620648052,0.6878406952506576,0.0721412771938887,0.4835454502937841,0.3936813011290982
28A,2022-09-09,CVR495,Cultivar,Infected,1,4,1,0.4726951493994669,30,0.01520996037892035,0.48194474619234673,0.8273460656960426,0.6530676927480195,0.17694594311693357,0.4567768832116533,0.5956866462888105
29A,2022-09-09,CVR492,Cultivar,Infected,2,4,1,0.758213486434251,15,0.00945654574705633,0.7587957521386189,0.839982857588304,0.6724936017478343,0.2015866929910557,0.4833988798326991,0.6003569998576964
2A,2022-09-09,CVR016,Cultivar,Infected,2,1,1,0.6245001482932162,39,0.02005912439465119,0.5643123414320041,0.8351493995444887,0.6928869717986409,0.2144266578712898,0.44492685159251594,0.6209585817715003
30A,2022-09-09,CVR484,Cultivar,Infected,3,4,1,0.06475502887505835,18,0.00851253563594941,0.04707842514175076,0.7591638242810337,0.5957208190540346,0.07371659356653784,0.47379042078125566,0.4456762717440648
31A,2022-09-09,CVR491,Cultivar,Fungicide,10,1,1,0.7868978112454021,6,0.00378593304403398,0.7534119923352635,0.6179589225718607,0.5646148054405302,0.03268448468648011,0.47598822332338586,0.20113185971822753
32A,2022-09-09,CVR016,Cultivar,Fungicide,11,1,1,0.8507287146444431,1,6.955755329714779e-4,0.8391984715376357,0.6513424741484791,0.5921577302363766,0.06274367702624643,0.4909675471681036,0.23577198133038785
33A,2022-09-09,Howzat,Cultivar,Fungicide,12,1,1,0.54332284662212,0,0,0.4958953646608956,0.5894256793339989,0.5785659984730026,0.00801923725780134,0.4495694367628851,0.19027743619849136
34A,2022-09-09,CVR496,Cultivar,Fungicide,13,1,1,0.8416596983242431,6,0.00601178727655188,0.8329108688475856,0.6651866435316603,0.6309724992885662,0.05161909632180986,0.4935580768743449,0.2555168561191121
35A,2022-09-09,Genesis090,Cultivar,Fungicide,14,1,1,0.796629283103966,5,0.00333545316887165,0.7974252111656148,0.6355291407064521,0.6088126741906182,0.03772401914526008,0.4923033518880481,0.2084415473735217
36A,2022-09-09,CVR484,Cultivar,Fungicide,15,1,1,0.4390125975513611,1,3.279141798294111e-4,0.4604883020125505,0.6443298851390065,0.6372723846083116,0.03705432119643851,0.5016843539375261,0.2107803147780316
37A,2022-09-09,WLD133,Wild cicer,Fungicide,16,1,1,0.5064108240244909,0,0,0.5902487025284612,0.6669285393994638,0.568492647056631,0.11911901289432852,0.4663754864895372,0.2910949798729166
38A,2022-09-09,CVR499,Cultivar,Fungicide,17,1,1,0.01889985650951831,0,0,0.01096400719077501,0.7417961168987252,0.6035066956150591,0.08486353976168225,0.642055674182983,0.1904440872229835
39A,2022-09-09,CVR015,Cultivar,Fungicide,18,1,1,0.860877533492176,1,6.193957097577554e-4,0.8820327648636026,0.7316238196718113,0.6439873506758,0.13946257955725827,0.5578033027886193,0.29366642669446763
3A,2022-09-09,CVR497,Cultivar,Infected,3,1,1,0.6346125320863392,25,0.01775711416079854,0.6442041931124544,0.8047167846751908,0.6544227531670301,0.16581626630177204,0.4630077338177732,0.5446344535618398
40A,2022-09-09,CVR497,Cultivar,Fungicide,10,2,1,0.8934835950904407,3,0.00126197275267682,0.8965728460843436,0.6681181963222718,0.6074394871094642,0.05276628663420556,0.5215969022796257,0.2248943685656896
41A,2022-09-09,CVR503,Cultivar,Fungicide,11,2,1,0.7486840635148883,11,0.0041502692771219,0.8029661610362215,0.7010366649022455,0.635058968245207,0.08348507165496058,0.5080969604314912,0.2996863711418937
42A,2022-09-09,CVR477,Cultivar,Fungicide,12,2,1,0.6460829497331078,7,0.0033685823848574,0.6881781144259929,0.6310488373637473,0.5817572230901115,0.04548479436556112,0.47890102722043737,0.21804238565253703
43A,2022-09-09,CVR500,Cultivar,Fungicide,13,2,1,0.929332376548996,5,0.0034646409287476,0.9453410644490454,0.6818176926718674,0.6374276537841128,0.06946590651474824,0.5112630521206634,0.2618230727828918
44A,2022-09-09,WLD085,Wild cicer,Fungicide,14,2,1,0.23993145916228145,0,0,0.3473900486252728,0.6927329200230484,0.609297726513564,0.18022574975342212,0.4410085259560425,0.362454717702772
45A,2022-09-09,CVR502,Cultivar,Fungicide,15,2,1,0.6354869733969793,17,0.0068067123835362,0.7049188565882515,0.6738955398467611,0.6228815058858018,0.08510824634855935,0.4708200454746721,0.29745216779391603
46A,2022-09-09,CVR495,Cultivar,Fungicide,16,2,1,0.800905433604104,26,0.01496154153143538,0.8759809472744293,0.7147122921672825,0.6360517229045352,0.09760217639980397,0.5499413866856266,0.2714735479501161
47A,2022-09-09,CVR494,Cultivar,Fungicide,17,2,1,0.9228568736614902,6,0.00303735470842043,0.9533184603620466,0.7675014984096438,0.6858922691455803,0.1263769967447183,0.6100014871349352,0.2961512151296701
48A,2022-09-09,CVR019,Cultivar,Fungicide,18,2,1,0.8477377278887307,1,4.7696607975187047e-4,0.8928395819871264,0.7589692660893959,0.6540881024117474,0.13751385186946946,0.6054659526489564,0.284018220369287
49A,2022-09-09,CVR501,Cultivar,Fungicide,10,3,1,0.7172372991087601,7,0.00259019334068207,0.7788374857131539,0.6756529366405443,0.6153992028323658,0.04493384961384492,0.5017079769763472,0.26314647485930676
4A,2022-09-09,CVR498,Cultivar,Infected,4,1,1,0.5299346201917883,15,0.0133418529262683,0.354935171853333,0.5199961796115886,0.5530413353463512,-0.05047894511604678,0.3413890054084454,0.2171571183583891
50A,2022-09-09,WLD132,Wild cicer,Fungicide,11,3,1,0.06466559737737924,0,0,0.09454982545162968,0.6580094197266346,0.5547203430268154,0.13658175015588958,0.4469852282759356,0.29895214220802313
51A,2022-09-09,CVR492,Cultivar,Fungicide,12,3,1,0.7997030768019738,23,0.01134451812011373,0.8000974423088861,0.645984353304703,0.5987265039903455,0.03803931108069876,0.5199679433005221,0.1897526453160636
52A,2022-09-09,WLD129,Wild cicer,Fungicide,13,3,1,0.3432579617585702,0,0,0.4186364466069039,0.6534718896554894,0.5981004503409891,0.09922016923266538,0.4134358042412284,0.32889255037794723
53A,2022-09-09,CVR498,Cultivar,Fungicide,14,3,1,0.8114848485517735,25,0.01167244380016051,0.8158164490340116,0.648934417636399,0.6125279361515401,0.06635001910059467,0.44788334307717553,0.2834287736389088
54A,2022-09-09,CVR482,Cultivar,Fungicide,15,3,1,0.48118451712359855,7,0.00586605154295293,0.5115750738692082,0.6012740416816273,0.5917608454157697,0.01698194984081436,0.4343630302280655,0.22591297846543132
55A,2022-09-09,CVR493,Cultivar,Fungicide,16,3,1,0.9186800914921066,3,0.00298105381125673,0.9265568514125204,0.6966576928210246,0.628555025737414,0.1055517990985828,0.5358992503999381,0.2565314770220152
56A,2022-09-09,WLD131,Wild cicer,Fungicide,17,3,1,0.13383920469332394,0,0,0.18682039492811617,0.7116491898672213,0.5841324671499214,0.20166632619296335,0.473046809799693,0.3596894528535967
57A,2022-09-09,CVR504,Cultivar,Fungicide,18,3,1,0.8478503453302525,13,0.01109613126790552,0.8880059874191503,0.6820227048431005,0.6046718690600098,0.10518096824297558,0.5116679708983317,0.2616692282590555
58A,2022-09-09,CVR481,Cultivar,Fungicide,10,4,1,0.5146484586440443,0,0,0.6776463799201587,0.6013581697652518,0.5940366609012142,-0.02503298363944663,0.3992748985505733,0.26593655990064996
59A,2022-09-09,CVR485,Cultivar,Fungicide,11,4,1,0.8604005655045541,1,4.007839975692802e-4,0.8410061573110251,0.6490003997938137,0.6005861622924508,0.02830401962956935,0.5262529924499117,0.18641543836204985
5A,2022-09-09,CVR015,Cultivar,Infected,5,1,1,0.22374104580467097,21,0.00933398083209449,0.137502011328035,0.4984892998340818,0.5414446929336143,-0.0564899799266728,0.3604529423515898,0.16827175134593345
60A,2022-09-09,CVR010,Cultivar,Fungicide,12,4,1,0.8723876984712465,0,0,0.872679955862153,0.6536819549589833,0.608319759494464,0.02480484251848136,0.537374219208282,0.17928577971075652
61A,2022-09-09,CVR493,Cultivar,Fungicide,1,5,2,0.7867454464715785,1,7.452594996122978e-4,0.7787981881963412,0.6361053324422156,0.5881340812943273,-0.05342152842426612,0.49925501339590894,0.20053643451801664
62A,2022-09-09,CVR495,Cultivar,Fungicide,2,5,2,0.66937157418428606,0,0,0.7529797196503225,0.6702828091288351,0.5965179645374105,-0.02295975361300471,0.4852604026630013,0.2742135848396539
63A,2022-09-09,CVR501,Cultivar,Fungicide,3,5,2,0.6113868409113055,1,0.00111292845111692,0.7376929856101381,0.6476497115954089,0.595964436359054,-0.01161177025772596,0.4617983810502366,0.2651547708735323
64A,2022-09-09,WLD085,Wild cicer,Fungicide,4,5,2,0.1806118779794978,0,0,0.2508360498161896,0.5395827980838372,0.5314973312123175,0.05841402639420242,0.3533285148046692,0.2301282271820219
65A,2022-09-09,CVR485,Cultivar,Fungicide,5,5,2,0.8197721673367042,3,0.00158988693250623,0.7899586829711802,0.6216218707479549,0.6099388886169699,0.03475614217435829,0.4743111173547279,0.20890465352684232
66A,2022-09-09,CVR491,Cultivar,Fungicide,6,5,2,0.779753228264149,0,0,0.7680306685896302,0.6068933171204338,0.5943297744090141,0.05557230451503032,0.4418877113245075,0.22547253756145905
67A,2022-09-09,CVR016,Cultivar,Fungicide,7,5,2,0.8343428769030152,2,7.286981773986912e-4,0.8487084706063366,0.6924841679561872,0.653014617925637,-0.03292978421439269,0.5610891171695583,0.2148892752488943
68A,2022-09-09,CVR484,Cultivar,Fungicide,8,5,2,0.7120237740218373,0,0,0.7851643859200169,0.7145239243162883,0.6816081916786572,-0.01077877165381897,0.5481873981656922,0.2734417476010173
69A,2022-09-09,CVR481,Cultivar,Fungicide,9,5,2,0.7422549325150678,1,5.564604263771823e-4,0.7714102550355322,0.7176853766539766,0.6672546002486465,-8.71244882764567e-4,0.5641909343038077,0.25793552355317995
6A,2022-09-09,CVR477,Cultivar,Infected,6,1,1,0.11315071823022343,29,0.01491184881642422,0.06554825804377319,0.5242500647994992,0.6096888351441438,-0.03003080270575592,0.3729005466172723,0.18812706877169985
70A,2022-09-09,Howzat,Cultivar,Fungicide,1,6,2,0.6383388444896353,3,0.00106323688611354,0.8015514504309602,0.6961092639253155,0.6344742034284775,-0.03106371106600339,0.4861222604592239,0.31738991147411344
71A,2022-09-09,WLD132,Wild cicer,Fungicide,2,6,2,0.03035040049013604,0,0,0.10347036176813836,0.6577151019174929,0.5952178056577639,-0.0239430293776597,0.5066947302059466,0.2265059056108246
72A,2022-09-09,CVR492,Cultivar,Fungicide,3,6,2,0.7367234287697304,0,0,0.7860289312898988,0.7022162160113485,0.6270089878505136,0.01425401983339462,0.5198674769439033,0.2871902208898851
73A,2022-09-09,CVR496,Cultivar,Fungicide,4,6,2,0.8633981768156501,5,0.00396810553476286,0.8625018990076342,0.6651280058489706,0.648103652775824,0.05703700245011906,0.4965745416494741,0.25167963077746835
74A,2022-09-09,CVR498,Cultivar,Fungicide,5,6,2,0.852358355268818,8,0.00399128091244806,0.8612050809528113,0.6667102703532032,0.6324324435771095,0.07803593695809297,0.47065108152058704,0.28571223333622947
75A,2022-09-09,CVR019,Cultivar,Fungicide,6,6,2,0.8838846143395497,0,0,0.8875737147342093,0.6487220433512153,0.6113382026270909,0.07620743818465173,0.4857762477077877,0.2379235332862261
76A,2022-09-09,CVR499,Cultivar,Fungicide,7,6,2,0,0,0,0,NA,NA,NA,NA,NA
77A,2022-09-09,CVR502,Cultivar,Fungicide,8,6,2,0.6586596681289439,15,0.00837011183819093,0.6763495618653359,0.7182325714945815,0.6575930594313536,0.00197173762391153,0.5516867669390156,0.27584742365024734
78A,2022-09-09,CVR482,Cultivar,Fungicide,9,6,2,0.7276908475041404,0,0,0.7418585223922963,0.7080765892472689,0.6520023129212446,-0.01257651354002693,0.5723505443044401,0.22821380015834664
79A,2022-09-09,CVR497,Cultivar,Fungicide,1,7,2,0.928494370292966,0,0,0.9445158165959764,0.7087596232088254,0.6092560617626984,0.03064341989036563,0.5027966725591813,0.3199981112234895
7A,2022-09-09,WLD131,Wild cicer,Infected,7,1,1,6.160836506783045e-4,0,0,0,NA,NA,NA,NA,NA
80A,2022-09-09,CVR503,Cultivar,Fungicide,2,7,2,0.784012817375828,5,0.00278562035179201,0.9014850356859454,0.7346518419085624,0.63801543212212,0.07043211029588786,0.4810774495097533,0.39218059865414034
81A,2022-09-09,CVR477,Cultivar,Fungicide,3,7,2,0.7787131730689179,2,0.0010731736794417,0.8379016534828129,0.6763467597820768,0.6029534640717137,0.00926377205520538,0.4710719302613384,0.30125804468582057
82A,2022-09-09,WLD133,Wild cicer,Fungicide,4,7,2,0.5255789750270465,0,0,0.6112335765065037,0.6077741071591735,0.5743471559592749,0.08603169869356005,0.34942095098991105,0.3280129379174058
83A,2022-09-09,CVR500,Cultivar,Fungicide,5,7,2,0.8754283693923361,13,0.00719425644135438,0.8149912011809425,0.5929184889077018,0.586533236413209,0.0508936841166299,0.4294310622478739,0.21933363369297337
84A,2022-09-09,CVR494,Cultivar,Fungicide,6,7,2,0.7534305574472646,0,0,0.7130927400853166,0.5993348057765646,0.6013004058262377,0.03828741929321451,0.43486661144586425,0.22244390383169688
85A,2022-09-09,WLD131,Wild cicer,Fungicide,7,7,2,0.08778198338858294,0,0,0.1274025495071419,0.6294766147509586,0.5703166593035203,-0.03071715915843083,0.44355225870495574,0.2579437367980103
86A,2022-09-09,CVR504,Cultivar,Fungicide,8,7,2,0.8406693272943893,6,0.00400123064353248,0.8603405355829294,0.7137525958431588,0.6687027068306705,-0.00454456539040657,0.5463315116701127,0.27443629000526604
87A,2022-09-09,CVR010,Cultivar,Fungicide,9,7,2,0.9006149289609267,2,0.00126860036197435,0.8960226808489643,0.7190346908734904,0.6682264522816855,-0.00633270091041109,0.5863374590823875,0.22942001639571005
88A,2022-09-09,Genesis090,Cultivar,Fungicide,1,8,2,0.9083689710374746,0,0,0.907890530926434,0.6638586459680678,0.5885867202318434,-0.00787050253453394,0.49527314295705505,0.25116706263750216
89A,2022-09-09,CVR015,Cultivar,Fungicide,2,8,2,0.7631852152496711,9,0.00386210658318208,0.8527168173212436,0.7022760417570462,0.6004662470768113,0.0507219344053354,0.4772595344312709,0.33845616022102026
8A,2022-09-09,CVR493,Cultivar,Infected,8,1,1,0.6582356965843911,57,0.02530574700039154,0.6277778310846982,0.7056533246580592,0.7094220784927605,0.05622457028946839,0.4019414798524288,0.4239602629653379
90A,2022-09-09,WLD129,Wild cicer,Fungicide,3,8,2,0.06077035881180028,0,0,0.07321127382227186,0.5860937523437637,0.5184510719554084,-0.06268734147519313,0.4918917232443384,0.13236099910417776
91A,2022-09-09,CVR503,Cultivar,Infected,10,5,2,0.6407700563154304,10,0.00440200437303598,0.6631062986994177,0.6663057773778486,0.6147899898543809,0.11076743361370996,0.4403164773441535,0.3198197491315686
92A,2022-09-09,CVR501,Cultivar,Infected,11,5,2,0.67507862864729,7,0.00284192761515343,0.6907717505356386,0.6557198786271512,0.6255359346726548,0.09990244649247736,0.4527030730923875,0.288723270037636
93A,2022-09-09,CVR019,Cultivar,Infected,12,5,2,0.8385229713500907,6,0.00453782138510865,0.7978967813673685,0.6537143492324761,0.6112320338438285,0.10783600511298642,0.467529719449034,0.2681349531669051
94A,2022-09-09,CVR499,Cultivar,Infected,13,5,2,0.16693217111228598,0,0,0.15345680315403734,0.6788788206315018,0.6366529197162121,0.06126195541820287,0.42571871597184746,0.3560677508989866
95A,2022-09-09,WLD133,Wild cicer,Infected,14,5,2,0.05233729980842951,11,0.00415027100215216,0.02915875747510773,0.7101300685493892,0.7038239449549358,0.26053175042700266,0.37891241376524953,0.4531499205204504
96A,2022-09-09,CVR493,Cultivar,Infected,15,5,2,0.5834510908585053,62,0.0356268026796826,0.5617187053223585,0.7331741718045554,0.7164733978707674,0.16196506071869912,0.4167585113930052,0.4556392208112724
97A,2022-09-09,CVR504,Cultivar,Infected,16,5,2,0.6222511117404712,13,0.01442828716369878,0.6177962618142435,0.6012555481402649,0.5815234788599127,0.05092982494829041,0.4791359120707101,0.17153636953193316
98A,2022-09-09,CVR015,Cultivar,Infected,17,5,2,0.7449610633892838,1,3.1797738650124707e-4,0.6875886516738007,0.6477902059728771,0.6126940843311985,0.08567479110749758,0.5146178499743019,0.19976784408799303
99A,2022-09-09,CVR010,Cultivar,Infected,18,5,2,0.6513560958184834,5,0.00560437957155312,0.6471908043902281,0.6454300183764355,0.6321985966461464,0.08995416770973819,0.5104436931795407,0.2013085811444428
9A,2022-09-09,CVR496,Cultivar,Infected,9,1,1,0.7370612810942959,31,0.02072159691572672,0.681379644017376,0.719406617731457,0.6992322036756443,0.05929501276429516,0.47249790857729457,0.374057700254614
100A,2022-09-13,CVR482,Cultivar,Infected,10,6,2,0.30225527621154474,16,0.00756853862688738,0.29500645871379216,0.5807490921576087,0.498569991999129,0.00598618887029449,0.5066920920520077,0.104935390018063
101A,2022-09-13,CVR498,Cultivar,Infected,11,6,2,0.6173621898673466,17,0.01073176657175944,0.5632120109612454,0.5853479837499609,0.5095002633849677,0.04842024200772257,0.4768257258786411,0.15053906130819855
102A,2022-09-13,CVR484,Cultivar,Infected,12,6,2,0.10132257459273836,16,0.00975132726082573,0.09101304893847643,0.5375581069083665,0.49928833456201305,0.07261043485097216,0.4334002155296337,0.1357951455595576
103A,2022-09-13,WLD131,Wild cicer,Infected,13,6,2,0.23026623285755404,1,1.8548680879239412e-4,0.2053688228637642,0.7863412408648894,0.777021480012324,0.23859319306446736,0.4149521781204027,0.5512628188133385
104A,2022-09-13,CVR494,Cultivar,Infected,14,6,2,0.21291652230780697,127,0.04483155381716239,0.1610805214157232,0.6691856888628168,0.7442903265424362,0.08821050777669373,0.39325974861869584,0.3744739178997622
105A,2022-09-13,Genesis090,Cultivar,Infected,15,6,2,0.3329600904147054,68,0.02845570391386099,0.28262774091775583,0.6548560825382922,0.7179134333187751,0.1243840315735647,0.3718704354941642,0.3740829259020798
106A,2022-09-13,Howzat,Cultivar,Infected,16,6,2,0.5686982060191442,51,0.02426239166898504,0.5903272975620868,0.6423925424429877,0.5132853384106724,0.06026356935447844,0.4987738610905763,0.2113309309054639
107A,2022-09-13,WLD129,Wild cicer,Infected,17,6,2,0.04757424448759402,0,0,0.05136185447434745,0.6990551301491427,0.538547293878989,0.1854312644039472,0.5035450089456078,0.30171581412090426
108A,2022-09-13,CVR495,Cultivar,Infected,18,6,2,0.6686097503151677,14,0.00811837994591714,0.6755243140122669,0.6532081243310253,0.5121433033124325,0.1001417349889303,0.4972932342872592,0.23092890855042353
109A,2022-09-13,CVR481,Cultivar,Infected,10,7,2,0.7575079712858936,5,0.00499491716397709,0.7664194704003048,0.6275958537015277,0.520795241167804,0.05321292941407779,0.499931693236129,0.186032934622143
10A,2022-09-13,CVR481,Cultivar,Infected,1,2,1,0.7433976683187453,10,0.00469679611379899,0.7067265423616409,0.6886741119134261,0.4781565747369992,0.1114977005108871,0.35623616246358775,0.4405080681693151
110A,2022-09-13,CVR477,Cultivar,Infected,11,7,2,0.7714096007584573,34,0.01237133237797124,0.6879423293251159,0.6246927290492681,0.529034756653779,0.06090373550474209,0.5088053615760748,0.16988471670034488
111A,2022-09-13,WLD132,Wild cicer,Infected,12,7,2,0.03954528336262515,6,0.00161307524793495,0.03462111231208883,0.6318798630768926,0.49093511073405505,0.11110552342286165,0.5620939806537185,0.10822467539491087
112A,2022-09-13,WLD085,Wild cicer,Infected,13,7,2,0.41543249266330273,0,0,0.32318277826857955,0.7550344961081653,0.7708302599915919,0.18446943962354423,0.39408851180855187,0.5138389929427413
113A,2022-09-13,CVR500,Cultivar,Infected,14,7,2,0.48886237681323463,64,0.03243046679424251,0.49955003372448725,0.661343580216374,0.7275285715377864,0.11798214757978406,0.37093943608299823,0.3848035380629099
114A,2022-09-13,CVR491,Cultivar,Infected,15,7,2,0.5453930201795069,50,0.02715733518879947,0.5117322639364595,0.7049319583553525,0.7438087624650197,0.17857905864354642,0.38334086826896047,0.4406741169418991
115A,2022-09-13,CVR502,Cultivar,Infected,16,7,2,0.4352531623711467,13,0.00830386605648279,0.4852457376046231,0.6389782985786032,0.5265561808101017,0.06325382676803032,0.4405734901036074,0.2761440153956484
116A,2022-09-13,CVR492,Cultivar,Infected,17,7,2,0.7696143462494914,51,0.02476252602091224,0.7569880663652295,0.6585253879096631,0.5162684126504958,0.12243375103422208,0.4800372224755023,0.260992138496691
117A,2022-09-13,CVR485,Cultivar,Infected,18,7,2,0.4454516653842569,53,0.03144674306581685,0.4881144563319585,0.6296950238683248,0.49172824882579513,0.09443745300534186,0.5033750867132253,0.18494129486458247
118A,2022-09-13,CVR016,Cultivar,Infected,10,8,2,0.8811983571314846,36,0.01605126536145011,0.8259945058885303,0.5980400540846857,0.49046389547632574,0.08128403869523479,0.4688217192125326,0.17956322414145698
119A,2022-09-13,CVR497,Cultivar,Infected,11,8,2,0.875249506396978,23,0.00934391113602118,0.7836710802811301,0.6065398042975857,0.4994185800797911,0.06439224210450697,0.5036951674988415,0.14808681163383958
11A,2022-09-13,CVR499,Cultivar,Infected,2,2,1,0.3482363151293739,20,0.00735653973800567,0.30133335892065516,0.6939215103114738,0.49114041423636495,0.11656484931526535,0.3844479040577385,0.4220727760347152
120A,2022-09-13,CVR496,Cultivar,Infected,12,8,2,0.7017954605095007,39,0.02349395921491908,0.6232979141680375,0.5697159950678832,0.4751053699201367,0.06205496581797648,0.4803854808245952,0.12299113222500208
121A,2022-09-13,WLD085,Wild cicer,Infected,1,9,3,0.3907030274161833,0,0,0.4386388826646261,0.5132142254783023,0.506338232405884,0.03840336931487902,0.3898465281862471,0.1542240384817547
122A,2022-09-13,CVR019,Cultivar,Infected,2,9,3,0.34506646537830327,54,0.0248287889297493,0.24647402544996727,0.441124791626177,0.49773344864704383,0.00405339713554384,0.3604723509183837,0.09590215851754635
123A,2022-09-13,CVR494,Cultivar,Infected,3,9,3,0.2600899811946909,14,0.00794944862707872,0.11667432741724376,0.5022278832153023,0.5102347446734815,0.04035404583585896,0.42375927866854823,0.099683650397676
124A,2022-09-13,CVR498,Cultivar,Infected,4,9,3,0.4921183457842926,12,0.00675372547584599,0.38421182187887915,0.5960233615930346,0.467872059617941,0.03858588108209824,0.4014030242164918,0.2558254440867175
125A,2022-09-13,CVR485,Cultivar,Infected,5,9,3,0.4459220088164952,30,0.01867790856129427,0.364838146090162,0.5893410899907474,0.47496734858439393,0.07874326021047992,0.3836616878263046,0.265772607980812
126A,2022-09-13,CVR502,Cultivar,Infected,6,9,3,0.15911519575959351,12,0.00502139527735087,0.12842428494427505,0.5492777986600689,0.4928041251197523,0.08349008670996216,0.35377927758953914,0.24265126845686225
127A,2022-09-13,Genesis090,Cultivar,Infected,7,9,3,0.5329521051690352,25,0.01177843112832017,0.40653281142855735,0.5443220924098469,0.5315705023220973,0.04092953182127538,0.4302800395018307,0.1489209726120197
128A,2022-09-13,CVR010,Cultivar,Infected,8,9,3,0.25963951142860353,37,0.01310332417301325,0.22647158939224513,0.5517525498707281,0.578046680554045,0.02271931435984315,0.4378239748619904,0.15021643301882215
129A,2022-09-13,CVR491,Cultivar,Infected,9,9,3,0.6016189339981316,33,0.021837816561204,0.5302413943552947,0.579091331602387,0.5540127696579246,0.09728982949011236,0.4252222213367392,0.20413609251205933
12A,2022-09-13,CVR500,Cultivar,Infected,3,2,1,0.34548050008978065,33,0.01689921881797352,0.35690004769397365,0.6281418975868208,0.44801759939413166,0.07012509547124618,0.38228244512228776,0.3235536112315646
130A,2022-09-13,CVR484,Cultivar,Infected,1,10,3,0.052492976859945,41,0.01685613662621535,0.04684264004087388,0.4475571871911922,0.517232707627855,-0.05725620516568647,0.39178128756284875,0.06763539651262009
131A,2022-09-13,CVR481,Cultivar,Infected,2,10,3,0.4843874896515874,24,0.00881725225910109,0.4051573983401088,0.5348317796287563,0.5275310784956447,0.03944920622532098,0.4064871798352244,0.1639981736807551
132A,2022-09-13,CVR492,Cultivar,Infected,3,10,3,0.6362686709322486,27,0.01642555469353917,0.3957259943050336,0.5205412928381506,0.4903808920421457,0.04884736971777159,0.4187652064557332,0.13014588208252645
133A,2022-09-13,CVR496,Cultivar,Infected,4,10,3,0.47561326604595927,92,0.04329801296127207,0.3796533099285927,0.6409754887608136,0.49144998641231225,0.09638275619058607,0.3967486788620227,0.327516204114436
134A,2022-09-13,WLD131,Wild cicer,Infected,5,10,3,0.08917645229683867,6,0.00106323754326812,0.07340776140633593,0.7757084437481934,0.5802812572579497,0.2887396254441168,0.4279957719467515,0.5205279005153632
135A,2022-09-13,Howzat,Cultivar,Infected,6,10,3,0.09684437515339928,30,0.01377573016054693,0.07006747247724676,0.5970527240219824,0.4561856910402179,0.15508422417511855,0.3594076554479194,0.30257273583071015
136A,2022-09-13,CVR016,Cultivar,Infected,7,10,3,0.4864444140982069,96,0.04746155593948707,0.47958689518357794,0.5622607491322994,0.5517994403168927,0.05731309466214343,0.402798970552554,0.20615029576342445
137A,2022-09-13,CVR482,Cultivar,Infected,8,10,3,0.1880148186207129,45,0.01835660983337721,0.1709049006189266,0.5333648971740795,0.5387948916520564,0.03922109529616485,0.4147887647676573,0.1522615226006035
138A,2022-09-13,CVR497,Cultivar,Infected,9,10,3,0.6403096497162676,44,0.0228348193301419,0.6114693616073805,0.6288066121720292,0.5669300040940835,0.11761212550361018,0.48630032338403545,0.20527802038865953
139A,2022-09-13,CVR493,Cultivar,Infected,1,11,3,0.8435907562185735,27,0.01690584913804643,0.774396866313306,0.5533363646589659,0.5091877696480877,0.07036696256165684,0.40946556729937417,0.1860170984459201
13A,2022-09-13,WLD129,Wild cicer,Infected,4,2,1,0.3036000609544232,0,0,0.2778727413834054,0.6429431278218369,0.5920437904330285,0.05038631709314983,0.4586055788888115,0.261418788460387
140A,2022-09-13,CVR495,Cultivar,Infected,2,11,3,0.4968681519943608,25,0.01062906973979705,0.46213879771868865,0.5106254046271241,0.5028910613003056,0.04461811810355824,0.3776307034692419,0.16476621249574933
141A,2022-09-13,CVR504,Cultivar,Infected,3,11,3,0.5228099108766859,13,0.00759835044439752,0.4663829295344725,0.5432993946178628,0.5088398208302659,0.05881803618354044,0.4223671995633276,0.1569471460400835
142A,2022-09-13,CVR015,Cultivar,Infected,4,11,3,0.6254640211015355,41,0.02432202277912643,0.5595573418976537,0.6353474213497501,0.4788890215310838,0.08986306189584277,0.3967252825353187,0.3190384571554809
143A,2022-09-13,WLD132,Wild cicer,Infected,5,11,3,0.14820455304274224,1,3.643490886993456e-4,0.1481123408674947,0.653033754655965,0.5046169251401599,0.0255232731981739,0.4897382467839096,0.2400753521185388
144A,2022-09-13,WLD129,Wild cicer,Infected,6,11,3,0.17367265621513733,0,0,0.14284647361457767,0.7655943147445547,0.5605810428474747,0.2898546685069664,0.438307051005366,0.4925800929413673
145A,2022-09-13,CVR500,Cultivar,Infected,7,11,3,0.6067032802550736,58,0.02637891965304296,0.5254077997873187,0.5335989192558531,0.5359171419804243,0.05227422382925263,0.40828610111390506,0.1602180964190029
146A,2022-09-13,CVR501,Cultivar,Infected,8,11,3,0.4250844698572629,56,0.02412658118737277,0.405746861092301,0.5532323827407233,0.5320042610806827,0.05516740983071412,0.4153908467703713,0.1789702782413178
147A,2022-09-13,CVR503,Cultivar,Infected,9,11,3,0.6734920476329087,19,0.00945321766980607,0.6688437361540885,0.6194724351629622,0.5607733575216453,0.11676765023415524,0.4335946596334703,0.25413967760319073
148A,2022-09-13,WLD133,Wild cicer,Infected,1,12,3,0.06014765060573834,8,0.00222915672178625,0.03179169110156625,0.44175449883565154,0.5148900377013137,-0.06579078172720375,0.41552376543189856,0.03212816264125754
149A,2022-09-13,CVR499,Cultivar,Infected,2,12,3,0.03433175827570229,0,0,0.01155346994296721,0.5406628850433538,0.5294244732668678,-0.01040902258668498,0.5382100839226129,0.00345947429588191
14A,2022-09-13,WLD085,Wild cicer,Infected,5,2,1,0.3278558704916126,1,2.086726598914434e-4,0.3080532342956463,0.6591659383418421,0.600002281163824,0.08845912046133171,0.4934458003499474,0.24560688901019395
150A,2022-09-13,CVR477,Cultivar,Infected,3,12,3,0.1428353509043039,38,0.01480252273225238,0.07026396006131083,0.438988455711716,0.464305816517703,0.03332265627378741,0.3663553186810324,0.08655310564459932
151A,2022-09-13,CVR499,Cultivar,Fungicide,10,9,3,0.22410870862846283,0,0,0.0808349920839577,0.5552614572619309,0.4165751667513984,0.01662407449019545,0.4439890444451912,0.1476799519316049
152A,2022-09-13,CVR498,Cultivar,Fungicide,11,9,3,0.6867014110678822,9,0.00325595943832876,0.4890182992186532,0.5316087751159921,0.41732088225163666,0.03673249715582772,0.35198927178125344,0.22096697266343765
153A,2022-09-13,Howzat,Cultivar,Fungicide,12,9,3,0.4124514427406658,2,0.0011062991989202,0.26003166875038797,0.5196569710380342,0.4501611947733668,0.04746793980406821,0.3536458629716613,0.2033887887470423
154A,2022-09-13,CVR496,Cultivar,Fungicide,13,9,3,0.9158083467332996,6,0.00457425341891456,0.8838011531201793,0.73049353539206,0.5547049719615711,0.08837461138050559,0.5943752010319862,0.24057134170937008
155A,2022-09-13,CVR492,Cultivar,Fungicide,14,9,3,0.8388475745638889,20,0.01245746435550143,0.8858053264776328,0.7264181230669553,0.5662201220643547,0.08016847093611128,0.5975861924229209,0.22765744460607396
156A,2022-09-13,WLD129,Wild cicer,Fungicide,15,9,3,0.22205178418184332,1,2.6829341986042726e-4,0.2142893591802729,0.7064476321984033,0.5365631688006733,0.17019742205644534,0.5805830983657739,0.21338453110852565
157A,2022-09-13,CVR493,Cultivar,Fungicide,16,9,3,0.813723948271443,10,0.00669079614792879,0.5854544054772979,0.5557910433073158,0.48832375406737,0.05109968189486798,0.4757631397868692,0.1087963725682191
158A,2022-09-13,CVR481,Cultivar,Fungicide,17,9,3,0.7985239059436864,5,0.00214303961237843,0.6918327834895845,0.5958252026075459,0.5061107908771659,0.08724529392164058,0.4699285667002034,0.17485529332815347
159A,2022-09-13,CVR477,Cultivar,Fungicide,18,9,3,0.4166911581861939,9,0.00393166569722084,0.3770989713357598,0.5394931440275428,0.48905281593936967,0.07477417832551886,0.4036818918177033,0.17362363467141886
15A,2022-09-13,CVR482,Cultivar,Infected,6,2,1,0.13454803211937316,45,0.0164619660269636,0.08794784262707697,0.47932640544341504,0.5027466206385027,0.02366339694249106,0.37356704700014026,0.12882723375209076
160A,2022-09-13,CVR010,Cultivar,Fungicide,10,10,3,0.8168540506902118,2,0.00343814917940356,0.7084556331014047,0.5984135389975849,0.4435774973229499,0.0726296625502221,0.3983760050901783,0.2626521161183912
161A,2022-09-13,CVR015,Cultivar,Fungicide,11,10,3,0.9087664443604928,20,0.00992025730642715,0.7617037683827672,0.6441358599892574,0.496983630329075,0.1055887983486434,0.420619329761489,0.30658011957461423
162A,2022-09-13,CVR497,Cultivar,Fungicide,12,10,3,0.8784094193149732,13,0.00720749338282497,0.7451595138045727,0.5818037161324864,0.4349541974116829,0.07468695640477399,0.40512341820584674,0.23116686114006607
163A,2022-09-13,CVR491,Cultivar,Fungicide,13,10,3,0.9118700485577272,20,0.01259989686057133,0.9221162320126726,0.7343685606046526,0.5456739100366486,0.11560997683076596,0.5664756325828634,0.2874888232694998
164A,2022-09-13,CVR502,Cultivar,Fungicide,14,10,3,0.642075093726007,26,0.01014547625610845,0.7118745170641194,0.7469364837602684,0.5791786925067965,0.10824696194722884,0.5562602936620908,0.3262160638508284
165A,2022-09-13,CVR016,Cultivar,Fungicide,15,10,3,0.8711124715598962,7,0.00284523515629761,0.8787317734513262,0.7495191770353715,0.5528186441620446,0.1343913861400187,0.6032003329750398,0.26705890243397934
166A,2022-09-13,WLD133,Wild cicer,Fungicide,16,10,3,0.5652931845519544,0,0,0.5969685779034524,0.6507886087470313,0.5281471840501412,0.13449523778283884,0.47407549670732607,0.2555588904659859
167A,2022-09-13,WLD085,Wild cicer,Fungicide,17,10,3,0.5275000960883014,0,0,0.6095830808003655,0.6940554091887411,0.5578883552085909,0.2026970633655807,0.4980455768850201,0.29955863212780304
168A,2022-09-13,CVR501,Cultivar,Fungicide,18,10,3,0.6380076167204535,23,0.01164595566516665,0.5566886231703183,0.5933501296159063,0.49646718248988,0.10291280585394096,0.464035745382362,0.1784472876904057
169A,2022-09-13,Genesis090,Cultivar,Fungicide,10,11,3,0.8665117178459599,18,0.01256014812651655,0.6377594003551529,0.5602620153683943,0.4279479308180528,0.05541440390518257,0.3854033844697835,0.22301316771340615
16A,2022-09-13,WLD133,Wild cicer,Infected,7,2,1,0.04022430028944801,23,0.00763477364768928,0.0535232178990522,0.5380970782699858,0.5413137658500389,-0.00961633565485999,0.3554921161945481,0.225797624653707
170A,2022-09-13,CVR495,Cultivar,Fungicide,11,11,3,0.7352792756960974,5,0.00314335292070282,0.5980296108573983,0.6044423972686223,0.4638627321127631,0.06674178814395991,0.4156325441384308,0.2521586430919058
171A,2022-09-13,CVR504,Cultivar,Fungicide,12,11,3,0.7408571513291203,9,0.0038720451426254,0.6056533291190841,0.5635448891143398,0.4347409269658667,0.05736714867026213,0.3648444605029176,0.25012838264212445
172A,2022-09-13,WLD131,Wild cicer,Fungicide,13,11,3,0.15918475359112172,0,0,0.1604517611467182,0.7041807019108376,0.5067195832895672,0.10963495099696992,0.5030228465946865,0.31149545969549636
173A,2022-09-13,CVR484,Cultivar,Fungicide,14,11,3,0.3844163243571111,1,2.086726598914434e-4,0.43199760232326057,0.6785347658206655,0.5119407583266562,0.03478561978152941,0.5527681951013033,0.20124983810902464
174A,2022-09-13,WLD132,Wild cicer,Fungicide,15,11,3,0.05489769046420548,0,0,0.09655399880908316,0.7270503598156428,0.47153683537863805,0.16812556118984637,0.559396399749707,0.28258318434053686
175A,2022-09-13,CVR503,Cultivar,Fungicide,16,11,3,0.7546991598032312,10,0.00712139073084337,0.6923043536913382,0.5709105762709119,0.48834325239009085,0.0874734654424355,0.411651858106002,0.2081857938757845
176A,2022-09-13,CVR482,Cultivar,Fungicide,17,11,3,0.5591157866567122,13,0.00783352265735638,0.4933410260680627,0.58199714669204,0.5103364940663702,0.06839720452370901,0.4854561519175995,0.13455830324013016
177A,2022-09-13,CVR485,Cultivar,Fungicide,18,11,3,0.6699346613918953,16,0.01281188568674808,0.5430130873194592,0.5669244803856871,0.4796319699603719,0.07096480259801433,0.5048809802888515,0.0869235844152111
178A,2022-09-13,CVR494,Cultivar,Fungicide,10,12,3,0.8740007777071622,3,0.00256370356280176,0.7153326985436471,0.5608799021163212,0.4513844320773977,0.05774150259395377,0.37371585103614535,0.23679953237782547
179A,2022-09-13,CVR500,Cultivar,Fungicide,11,12,3,0.9432240691884842,12,0.00965197637251646,0.6966663780575606,0.5549415758165998,0.4104004593310593,0.07832000061732836,0.3773276078597846,0.22465569775940383
17A,2022-09-13,Genesis090,Cultivar,Infected,8,2,1,0.3948533113640323,68,0.03661053655290712,0.3938004159812057,0.5758247451487859,0.5514407835787745,-9.048912905537517e-6,0.45514974339870434,0.16353542697968654
180A,2022-09-13,CVR019,Cultivar,Fungicide,12,12,3,0.8628450264411164,3,0.00193105304515781,0.6264024179962497,0.566446862679504,0.4187735818969493,0.07296671156642773,0.4054101018837178,0.20904180710037376
18A,2022-09-13,CVR019,Cultivar,Infected,9,2,1,0.46048940610511446,49,0.02043671494275886,0.45640136026401784,0.621534462164624,0.5620010593651475,0.02873901383990638,0.5012248160203401,0.17474891193565684
19A,2022-09-13,CVR494,Cultivar,Infected,1,3,1,0.7831052532882696,9,0.00722738976456898,0.7576168266342346,0.7049997946923937,0.5020383723720553,0.12300988269527692,0.3876047507730922,0.43673885908850446
1A,2022-09-13,WLD132,Wild cicer,Infected,1,1,1,0.037902393627483,0,0,0.00153260315569973,0.34432657963793145,0.5153693775395837,-0.16792222362831605,0.4997003195429861,-0.1876630661916411
20A,2022-09-13,Howzat,Cultivar,Infected,2,3,1,0.4824332458134143,21,0.00717436511151167,0.4419398740769024,0.6724868243623212,0.48806610746369233,0.09948316975703922,0.3822806926337096,0.3906283788854934
21A,2022-09-13,CVR010,Cultivar,Infected,3,3,1,0.18363929978982024,30,0.01566041224280505,0.18603444459185983,0.6579542691056312,0.4580498410460118,0.10617106673007703,0.3666396473555502,0.3839311466520824
22A,2022-09-13,CVR501,Cultivar,Infected,4,3,1,0.8134357801122547,12,0.01189769289684636,0.7785231055786515,0.5955524564510176,0.5614149221902675,0.0220126867178811,0.4519875789545497,0.19644417484255097
23A,2022-09-13,CVR491,Cultivar,Infected,5,3,1,0.7799552772033499,41,0.02106273715287853,0.756477198646663,0.5573411980013562,0.534175292958009,0.014193319848159981,0.4204905745022308,0.17873940406802274
24A,2022-09-13,CVR502,Cultivar,Infected,6,3,1,0.25035850933612713,35,0.01930060597992385,0.2162935325377264,0.5005774494297718,0.5007661910428385,-0.02214894174177955,0.44664907573075824,0.06945795346151228
25A,2022-09-13,CVR485,Cultivar,Infected,7,3,1,0.2399115854961305,47,0.02570987616128108,0.19719493936669896,0.46934464416557503,0.5214676267636765,-0.1258073652403577,0.4368463012748621,0.04088003705680843
26A,2022-09-13,CVR503,Cultivar,Infected,8,3,1,0.6346555916963328,41,0.01811480196096448,0.6404709290152371,0.6240887680273696,0.5589060518449589,0.01051275544543458,0.4872875209052912,0.19658477425749463
27A,2022-09-13,CVR504,Cultivar,Infected,9,3,1,0.7373395124204087,36,0.01876071085978538,0.7390683986985865,0.6154204857940654,0.5464150838462907,0.01451266824750813,0.5072172206855592,0.15730691141097866
28A,2022-09-13,CVR495,Cultivar,Infected,1,4,1,0.45948578596449335,8,0.00514064858501185,0.4324298750082015,0.6373415932216867,0.4217817898659589,0.12320621763028476,0.3314873124718799,0.3877810322038563
29A,2022-09-13,CVR492,Cultivar,Infected,2,4,1,0.7383663185048726,16,0.00925448615690462,0.6393313010276654,0.6508324266320963,0.4346036382136021,0.1292570100877539,0.3512845759969354,0.3883309414026977
2A,2022-09-13,CVR016,Cultivar,Infected,2,1,1,0.5706623866903927,36,0.01860172237189556,0.5014363145315023,0.6736924489488335,0.4793912702081952,0.14742552037646736,0.32546389424005967,0.4460251813425377
30A,2022-09-13,CVR484,Cultivar,Infected,3,4,1,0.03708757331529556,14,0.00523338102312826,0.01905929565421462,0.5149601116985539,0.44887222250603415,-0.08065918785080248,0.4192684641980974,0.12204112365531476
31A,2022-09-13,CVR491,Cultivar,Fungicide,10,1,1,0.799683203135823,0,0,0.6800435284457405,0.5936418327613829,0.471749957238001,0.08286530396510322,0.4988446579100939,0.134680915411446
32A,2022-09-13,CVR016,Cultivar,Fungicide,11,1,1,0.8854678830762391,0,0,0.7900765755216187,0.6350518730123497,0.5241432706114618,0.10228953220201138,0.5234489630886847,0.16717464463166354
33A,2022-09-13,Howzat,Cultivar,Fungicide,12,1,1,0.5472048360769317,4,0.00191780398738693,0.4424114442786562,0.5790105617909009,0.50896145314086,0.04164444728545128,0.4942928838197887,0.11868558834560385
34A,2022-09-13,CVR496,Cultivar,Fungicide,13,1,1,0.8421234172010977,9,0.01047011760082085,0.7657121150976742,0.6651563241026195,0.48789691133447816,0.07529074733145623,0.5392115375961627,0.1963775524498017
35A,2022-09-13,Genesis090,Cultivar,Fungicide,14,1,1,0.8013492788148078,8,0.00485248116777348,0.6937583618134123,0.6404108618296,0.46029072331181387,0.06822415386366776,0.5373814159828574,0.15709178014725522
36A,2022-09-13,CVR484,Cultivar,Fungicide,15,1,1,0.4405296207342141,6,0.00322615049586991,0.41631789311494793,0.6518159217598432,0.5053070009868409,0.07045714831654665,0.5318987631362343,0.183556059667898
37A,2022-09-13,WLD133,Wild cicer,Fungicide,16,1,1,0.5810530018096285,0,0,0.452785988717239,0.6012390084507915,0.47087282823633336,0.02339358280141041,0.45735429431424174,0.19845599264998695
38A,2022-09-13,CVR499,Cultivar,Fungicide,17,1,1,0.00861192199872898,0,0,0.00361537154677885,0.7088862237128316,0.616817437578137,-0.11763473756816456,0.7092602908908452,-7.523245770792086e-4
39A,2022-09-13,CVR015,Cultivar,Fungicide,18,1,1,0.8820959843859675,7,0.00451131443903948,0.8294133898512451,0.6519719893061864,0.5218375663523857,0.07807217794354626,0.4834486779904385,0.2460894859257291
3A,2022-09-13,CVR497,Cultivar,Infected,3,1,1,0.591612543091147,18,0.01155982611088124,0.5046980084269659,0.6320479728596077,0.4615318105659095,0.10322944824380698,0.34611670882906465,0.3659978102993516
40A,2022-09-13,CVR497,Cultivar,Fungicide,10,2,1,0.9258544849725864,3,0.00237821634328775,0.809410953793523,0.6396947108292291,0.5167140611466843,0.08933902529420565,0.5486512071462972,0.1402761074604492
41A,2022-09-13,CVR503,Cultivar,Fungicide,11,2,1,0.7572065540159381,14,0.00653843198357635,0.7767547173220748,0.6738009160994851,0.5719490849971666,0.11329689035275882,0.5367140622373916,0.21474797296927955
42A,2022-09-13,CVR477,Cultivar,Fungicide,12,2,1,0.647066696207578,25,0.01019185489951504,0.607814692543789,0.6079695734122493,0.5025352746981316,0.09152299272413848,0.5077487702642159,0.14497352051437826
43A,2022-09-13,CVR500,Cultivar,Fungicide,13,2,1,0.9230390489345404,2,0.00158989001291832,0.8869449544652044,0.6736980356508178,0.4891044989543353,0.09112582780327771,0.5457010270239183,0.20241088161428675
44A,2022-09-13,WLD085,Wild cicer,Fungicide,14,2,1,0.29335518605362754,0,0,0.3198031918226776,0.7380190522994838,0.5073063668841843,0.22056477241270728,0.5313033768095188,0.3400555373147355
45A,2022-09-13,CVR502,Cultivar,Fungicide,15,2,1,0.6494184133687694,37,0.01944966901042747,0.6653462571577481,0.6719390868648768,0.4776113926668348,0.10176326323982963,0.5035067964235093,0.25455475691516144
46A,2022-09-13,CVR495,Cultivar,Fungicide,16,2,1,0.7990671194851446,8,0.00634633091395155,0.7923165339799491,0.6229412684534202,0.5093097588850832,0.02763451957321688,0.465517541061464,0.22172046421328803
47A,2022-09-13,CVR494,Cultivar,Fungicide,17,2,1,0.916570170602418,3,0.00209335975296646,0.8752735919717987,0.698752937711503,0.575142128378778,0.07230503492829493,0.5416463394645273,0.2527767932828799
48A,2022-09-13,CVR019,Cultivar,Fungicide,18,2,1,0.8647230878923777,5,0.00210991245001348,0.8445429338241784,0.7085145130499697,0.5499720037509583,0.10018907047052496,0.5500709130405581,0.259630061024223
49A,2022-09-13,CVR501,Cultivar,Fungicide,10,3,1,0.8109846946203089,3,0.00202048685480177,0.7749077340318726,0.6411298752650597,0.5276467340819041,0.0938441547473943,0.5103982951246071,0.19431884616602924
4A,2022-09-13,CVR498,Cultivar,Infected,4,1,1,0.4604330973843535,21,0.01380556489637346,0.2887581535405548,0.43870962937869656,0.4645241105258857,-0.07935000219551469,0.3830151245836896,0.06694311936943123
50A,2022-09-13,WLD132,Wild cicer,Fungicide,11,3,1,0.09592024967738184,0,0,0.08511842141655439,0.6766199219985398,0.4984479323218181,0.17569197762663116,0.5429687867895923,0.2112672287575771
51A,2022-09-13,CVR492,Cultivar,Fungicide,12,3,1,0.8190335294114286,9,0.00325595869902986,0.7424086876276756,0.6227417771382485,0.5247608965920283,0.07894974291020315,0.5517436972977051,0.10816181399774712
52A,2022-09-13,WLD129,Wild cicer,Fungicide,13,3,1,0.404402607949546,0,0,0.3939183085316441,0.6979829949764341,0.4834643640184024,0.139190350962357,0.5030461074993914,0.3004194536732538
53A,2022-09-13,CVR498,Cultivar,Fungicide,14,3,1,0.7563784845929834,24,0.012795314055422,0.7525474469653816,0.6526071044413844,0.4662179725949064,0.09009581233912392,0.49553228196164895,0.23214899588932697
54A,2022-09-13,CVR482,Cultivar,Fungicide,15,3,1,0.4370517291578043,0,0,0.482101936259598,0.6162471372361509,0.46341686721114234,0.04628742785719388,0.4840155673220827,0.1884373966799716
55A,2022-09-13,CVR493,Cultivar,Fungicide,16,3,1,0.9229231192153264,12,0.01166252602326846,0.832596488713083,0.6071455878344064,0.5002755540457223,0.0470119616475927,0.468036781351328,0.19433122369929248
56A,2022-09-13,WLD131,Wild cicer,Fungicide,17,3,1,0.1417654852098464,0,0,0.13585151562189682,0.692206601534964,0.5038891203324741,0.15651518924901917,0.46534909006435166,0.3346562014383772
57A,2022-09-13,CVR504,Cultivar,Fungicide,18,3,1,0.807652543262339,5,0.00490216739338317,0.7868934766597807,0.6053754275845472,0.46549551041876375,0.05654471449408814,0.4528320675508986,0.2101534378401607
58A,2022-09-13,CVR481,Cultivar,Fungicide,10,4,1,0.5080669628704003,0,0,0.6249484098741757,0.565941106983054,0.5088485857589528,0.01767206591623792,0.4281807517433987,0.18181987178465775
59A,2022-09-13,CVR485,Cultivar,Fungicide,11,4,1,0.8979286717528616,2,0.00280218660267769,0.8019051280822755,0.6210588592557345,0.5245584036093088,0.06301827033593618,0.5574560555768205,0.09728368079425392
5A,2022-09-13,CVR015,Cultivar,Infected,5,1,1,0.1715958581023669,32,0.0166342319535254,0.11317684842090336,0.4939633545103264,0.48618446945638094,-0.04637435320449732,0.4314079247062987,0.07949600508882879
60A,2022-09-13,CVR010,Cultivar,Fungicide,12,4,1,0.8535971471255582,2,0.00149714660852213,0.8038700039229163,0.6232551067529325,0.5241597413147182,0.06421456382207785,0.5638666082026234,0.09156875854823872
61A,2022-09-13,CVR493,Cultivar,Fungicide,1,5,2,0.7923034484384506,1,3.279141798294111e-4,0.8138122756765581,0.6427324986386259,0.6041632202217471,0.05526322377451411,0.4541304122433428,0.2663436303647112
62A,2022-09-13,CVR495,Cultivar,Fungicide,2,5,2,0.6801066661834709,0,0,0.7758508744353801,0.6741779165002133,0.6221800056358637,0.08586610263789869,0.4481775870456715,0.32385296720718226
63A,2022-09-13,CVR501,Cultivar,Fungicide,3,5,2,0.5409843785716959,1,3.5772455981390294e-4,0.6983168737636988,0.6634405209860635,0.6287238590819614,0.08534838457452633,0.45029502315910774,0.30394818314062644
64A,2022-09-13,WLD085,Wild cicer,Fungicide,4,5,2,0.28212656467836167,0,0,0.2629396849945362,0.5589078000119855,0.5299847365815291,0.1190476943088652,0.4001429245967216,0.20449983159571147
65A,2022-09-13,CVR485,Cultivar,Fungicide,5,5,2,0.8197489813928615,4,0.00410722372176924,0.7261395156671708,0.5939462546882299,0.5732247303432471,0.07638283227618585,0.4823714527490868,0.1563773327685079
66A,2022-09-13,CVR491,Cultivar,Fungicide,6,5,2,0.7706477768893389,0,0,0.6801221234793661,0.5981073659022775,0.5551153311088567,0.12087789885285027,0.4632484363127608,0.1865455286370465
67A,2022-09-13,CVR016,Cultivar,Fungicide,7,5,2,0.793393187799059,6,0.00354082506455099,0.6818512142191299,0.5860727232334475,0.49860234526942143,0.00382105605847292,0.5011249843258458,0.12027073460070405
68A,2022-09-13,CVR484,Cultivar,Fungicide,8,5,2,0.7075025149725046,0,0,0.6479374572096717,0.6187973011396048,0.5304420168301128,0.03281464821512166,0.495552937483532,0.17775120567993746
69A,2022-09-13,CVR481,Cultivar,Fungicide,9,5,2,0.730605651872941,1,5.630870088706867e-4,0.6710836946124189,0.633850655807114,0.5501853440895064,0.04535172437328632,0.5228214246185258,0.1660599570844448
6A,2022-09-13,CVR477,Cultivar,Infected,6,1,1,0.04885609595432791,28,0.01243427045425878,0.01827334531795835,0.4633666845036935,0.5155522415182738,0.01918908610594938,0.384302070722063,0.0961941781552488
70A,2022-09-13,Howzat,Cultivar,Fungicide,1,6,2,0.6273354579974132,1,5.167132530645264e-4,0.740876084471976,0.7198593382831338,0.676043499485195,0.10003349569757793,0.44506687571848264,0.4043358130609057
71A,2022-09-13,WLD132,Wild cicer,Fungicide,2,6,2,0.02664396175299076,0,0,0.04770718541075578,0.6852856637619739,0.6901054394272271,0.03615877049455053,0.5415143794869742,0.22860465067067345
72A,2022-09-13,CVR492,Cultivar,Fungicide,3,6,2,0.7503600760269485,2,0.00105330276247586,0.8103933917138433,0.713153108940253,0.6569395133651209,0.1162657617330394,0.4986844013302525,0.33283902192015713
73A,2022-09-13,CVR496,Cultivar,Fungicide,4,6,2,0.9038576488212172,2,0.00246102295435579,0.8483940904718341,0.6306588838196319,0.6047483040682776,0.1049149026166024,0.4890630758144145,0.2047460301540852
74A,2022-09-13,CVR498,Cultivar,Fungicide,5,6,2,0.9078423188844754,3,0.00175881734774437,0.8824257400317308,0.6368211141469023,0.6016636936544824,0.1179041590852567,0.472990459400559,0.23444915888733597
75A,2022-09-13,CVR019,Cultivar,Fungicide,6,6,2,0.9217671343008818,0,0,0.88026437660702606,0.6471925461246227,0.5942068023486357,0.12298516966165426,0.518556151300429,0.19361453003438664
76A,2022-09-13,CVR499,Cultivar,Fungicide,7,6,2,0,0,0,0,NA,NA,NA,NA,NA
77A,2022-09-13,CVR502,Cultivar,Fungicide,8,6,2,0.64830880034201,13,0.00571366409063413,0.568792258348665,0.6422035824480395,0.5272250441231014,0.03744344517357773,0.5275619838182515,0.17338472380171796
78A,2022-09-13,CVR482,Cultivar,Fungicide,9,6,2,0.6784339659491024,0,0,0.6067929571066557,0.6316840179926692,0.5338445026313658,0.02716763586521003,0.5364629008128612,0.14402892499946116
79A,2022-09-13,CVR497,Cultivar,Fungicide,1,7,2,0.9310216381718236,0,0,0.9266747439629588,0.7125837859017798,0.6376564840608508,0.14067101354182987,0.4600278938800313,0.3757201055107352
7A,2022-09-13,WLD131,Wild cicer,Infected,7,1,1,0.00187806145126128,0,0,0,NA,NA,NA,NA,NA
80A,2022-09-13,CVR503,Cultivar,Fungicide,2,7,2,0.8059400956956687,2,8.611887551075441e-4,0.8992057797108022,0.7193976392731366,0.6518915741032941,0.1641872411470313,0.4229154556250343,0.4261297721371907
81A,2022-09-13,CVR477,Cultivar,Fungicide,3,7,2,0.6986222984807382,4,0.00189130525576274,0.7891727326349239,0.6684616175452254,0.6199723021513751,0.10677908656076096,0.4284849674215245,0.33630228614464175
82A,2022-09-13,WLD133,Wild cicer,Fungicide,4,7,2,0.6422672058321325,0,0,0.5947679169619348,0.610317714699133,0.561144345024519,0.13131447751478686,0.4000560905719549,0.2781832015198053
83A,2022-09-13,CVR500,Cultivar,Fungicide,5,7,2,0.858555626830211,27,0.01503440198472249,0.7431946379639319,0.5654775706342445,0.5501387812214493,0.09147653738966592,0.44368979227128225,0.16257806674673553
84A,2022-09-13,CVR494,Cultivar,Fungicide,6,7,2,0.71676364339883,6,0.00313341160942418,0.6758779916635822,0.5744996138891418,0.5717305025927174,0.07896432585818086,0.4489456536625056,0.1691917431367962
85A,2022-09-13,WLD131,Wild cicer,Fungicide,7,7,2,0.10172336019344844,0,0,0.10806817123523756,0.5827870570328847,0.45669363969168897,0.04847265024827961,0.4390839054262777,0.19312147180893743
86A,2022-09-13,CVR504,Cultivar,Fungicide,8,7,2,0.7773418901045048,14,0.00969170773303431,0.7630005864375901,0.6368208711013956,0.5411996694818169,0.04371661885721074,0.4991541658233628,0.20181939905109564
87A,2022-09-13,CVR010,Cultivar,Fungicide,9,7,2,0.8725036281904601,0,0,0.8173490521897113,0.6440497392890477,0.5389718013462855,0.03351965115383182,0.5584628111687701,0.1336622904129371
88A,2022-09-13,Genesis090,Cultivar,Fungicide,1,8,2,0.8979684190851634,2,6.492038307733794e-4,0.9341805696742064,0.6694683387115509,0.6062520110379824,0.11618185458542468,0.44640297258755773,0.3181433520034256
89A,2022-09-13,CVR015,Cultivar,Fungicide,2,8,2,0.7719329406337647,0,0,0.8540922304096921,0.7210346816572168,0.6499238376936676,0.14898400187082417,0.4743821778909328,0.37487803820366894
8A,2022-09-13,CVR493,Cultivar,Infected,8,1,1,0.5087890394072168,67,0.0381805800458125,0.48398821706661305,0.5318916884419336,0.5417114629275656,-0.02140136976326253,0.4078016597794713,0.15846128091825357
90A,2022-09-13,WLD129,Wild cicer,Fungicide,3,8,2,0.0255442855593069,0,0,0.07439019932665626,0.6230910501122755,0.5795514933890168,0.00905468695063719,0.5450245068521482,0.1182109789978135
91A,2022-09-13,CVR503,Cultivar,Infected,10,5,2,0.6367886985298641,9,0.00686303615791917,0.5984618835423392,0.5792050700113632,0.4815962323878828,0.0373736327692564,0.46493532116978115,0.1563824247753899
92A,2022-09-13,CVR501,Cultivar,Infected,11,5,2,0.6613691112808517,13,0.00783352594314201,0.5531911441739779,0.5684678526273208,0.5045196804739513,0.02563445339519383,0.4716054483972808,0.13234241904275318
93A,2022-09-13,CVR019,Cultivar,Infected,12,5,2,0.8206267349811934,12,0.00683983593153822,0.6499809280839379,0.5675823841167225,0.4913760503692135,0.03913300291552883,0.4851597221852849,0.11374418276795124
94A,2022-09-13,CVR499,Cultivar,Infected,13,5,2,0.18474560053888772,1,4.3721890643921466e-4,0.16143419906703851,0.6230142357243881,0.6854443685497106,0.0163528051632129,0.41865588976503504,0.2764694903062865
95A,2022-09-13,WLD133,Wild cicer,Infected,14,5,2,0.03154944501457447,9,0.0035341960998594,0.01371483336767196,0.6463562121642443,0.7583672889082379,0.20355637083015693,0.3229330674855081,0.4087391921770532
96A,2022-09-13,CVR493,Cultivar,Infected,15,5,2,0.4782730250324898,78,0.0410489932083622,0.4108555382779669,0.6145099870084118,0.7207326826246598,0.08938174210431647,0.34995927002962857,0.3370302379605753
97A,2022-09-13,CVR504,Cultivar,Infected,16,5,2,0.5290303683819217,12,0.00966853420359637,0.5168016436053124,0.5903574566355387,0.4723953630462851,0.03614598757045216,0.46068849651135374,0.1781095813108187
98A,2022-09-13,CVR015,Cultivar,Infected,17,5,2,0.6863900569648512,18,0.00900275130741026,0.6397242761957936,0.6424561519645562,0.5254434779821177,0.07891314682785412,0.4916715834160516,0.2204057809736124
99A,2022-09-13,CVR010,Cultivar,Infected,18,5,2,0.6177232281357549,6,0.00375611835145982,0.6174032866461154,0.6562744598000643,0.5553783425136435,0.0792945081272215,0.5100910816951175,0.21974523926446668
9A,2022-09-13,CVR496,Cultivar,Infected,9,1,1,0.6924780233624143,39,0.02274207592573297,0.5996015115299108,0.6007786493867027,0.5590128369858851,0.0014625063756152,0.498788674553786,0.14562955969182645
100A,2022-09-16,CVR482,Cultivar,Infected,10,6,2,0.39055397492005145,22,0.01203348423876732,0.457226608117087,0.6612642220463711,0.606811565878601,-0.01836093320220092,0.5002901248238509,0.24055567988957816
101A,2022-09-16,CVR498,Cultivar,Infected,11,6,2,0.6341355640987172,4,0.0019840529727486,0.6509240684874454,0.6809755983154595,0.6202213614260531,0.03657693085542318,0.4873113927811736,0.28985016009222714
102A,2022-09-16,CVR484,Cultivar,Infected,12,6,2,0.09533066424823808,11,0.00498496209351171,0.11502383171110558,0.5966434681034071,0.5933457327517663,0.00697084547775939,0.4273426652101487,0.22724061825422137
103A,2022-09-16,WLD131,Wild cicer,Infected,13,6,2,0.23177994376271527,0,0,0.24034361282716837,0.8543549187785245,0.8067165265096338,0.27834888422177784,0.45465997158342863,0.6535672537660179
104A,2022-09-16,CVR494,Cultivar,Infected,14,6,2,0.15131809407305197,86,0.03290077577483669,0.0914846191402302,0.7638900279470222,0.7457898857693374,0.12532508229279055,0.43573854705754794,0.49187528276621567
105A,2022-09-16,Genesis090,Cultivar,Infected,15,6,2,0.266505863083744,70,0.03223834568134039,0.20678353346902548,0.7628473997497797,0.7676556885232861,0.13706500199542823,0.4402590911803996,0.4857164087140188
106A,2022-09-16,Howzat,Cultivar,Infected,16,6,2,0.5623518819616193,49,0.0234773797388102,0.6041207259633844,0.6404403594946345,0.569271653905413,0.00161457758052086,0.476233123258463,0.23626903501019392
107A,2022-09-16,WLD129,Wild cicer,Infected,17,6,2,0.06636810811097413,1,9.473103003087786e-4,0.07942028147869641,0.6647558772257369,0.5517041221637315,0.1340754732550303,0.4498543384084373,0.30658319340427076
108A,2022-09-16,CVR495,Cultivar,Infected,18,6,2,0.6532374695474364,32,0.01620362463822811,0.6989849315495166,0.6640453638380431,0.5630871831096567,0.05556636549005358,0.48161782278278426,0.2682032555083058
109A,2022-09-16,CVR481,Cultivar,Infected,10,7,2,0.8131542365084502,21,0.00849265720276533,0.8676891712269257,0.7079899711926294,0.6317585775123767,0.03911854104590431,0.49992622807342174,0.32205155965824545
10A,2022-09-16,CVR481,Cultivar,Infected,1,2,1,0.7572595504590072,36,0.01761797223403203,0.7905481457233724,0.809796261241524,0.5323792091242591,0.11587297451012532,0.513613303605954,0.5070949857229587
110A,2022-09-16,CVR477,Cultivar,Infected,11,7,2,0.7696673426925605,30,0.01387841964060469,0.7901944680720571,0.7016756846539508,0.6182597114748286,0.05059342093079198,0.49878129902126545,0.31213690557587276
111A,2022-09-16,WLD132,Wild cicer,Infected,12,7,2,0.08925594696144233,0,0,0.08692610718994381,0.6505767080929995,0.5584755260361418,-0.02182677842252304,0.5631784559521585,0.13793715464004538
112A,2022-09-16,WLD085,Wild cicer,Infected,13,7,2,0.42403447782895626,0,0,0.33780145452294624,0.8376858737923041,0.8041196508979837,0.22642204307787017,0.4422047675341102,0.6281752331253434
113A,2022-09-16,CVR500,Cultivar,Infected,14,7,2,0.4584258571031113,60,0.03857476957934382,0.48831094391602253,0.7673491161839726,0.7582072037979221,0.16499992022003235,0.412256284060556,0.5194031637837387
114A,2022-09-16,CVR491,Cultivar,Infected,15,7,2,0.4564583641541709,40,0.0192939829707211,0.425788594666836,0.7969500560955883,0.7662551737263629,0.22027177329392492,0.4180833911273328,0.5681791872261945
115A,2022-09-16,CVR502,Cultivar,Infected,16,7,2,0.4776933764364215,17,0.01188445275175993,0.4545150794570028,0.621380241047931,0.5662061300232141,0.00824843247697222,0.4168056050396428,0.276077181359528
116A,2022-09-16,CVR492,Cultivar,Infected,17,7,2,0.7776664933183031,21,0.01139091302812061,0.8007262025778912,0.6760809421091621,0.5690977648045239,0.08383156818149007,0.4708438670572521,0.30107917771275067
117A,2022-09-16,CVR485,Cultivar,Infected,18,7,2,0.47068790911822467,40,0.02212598935892146,0.49318383600081145,0.6487171375335122,0.5526549420834966,0.04321072818866067,0.5030328676884365,0.21625337912749773
118A,2022-09-16,CVR016,Cultivar,Infected,10,8,2,0.8222298773840337,44,0.02352377427715541,0.8318891334104523,0.6744312322093861,0.5964429290007993,0.06620193156352192,0.4469955723609808,0.325590791087068
119A,2022-09-16,CVR497,Cultivar,Infected,11,8,2,0.823011574919303,34,0.01561074031034566,0.8121224824536071,0.6762095807263616,0.5871793499330837,0.04783554019022221,0.4892680058240879,0.2793707479698698
11A,2022-09-16,CVR499,Cultivar,Infected,2,2,1,0.3644432898754435,16,0.00507770171926907,0.3738372774402964,0.811201850869493,0.5409557685146943,0.1339642276707418,0.525208087322905,0.49829018241921275
120A,2022-09-16,CVR496,Cultivar,Infected,12,8,2,0.7220169158180547,28,0.01745568852667187,0.7186729874727362,0.64119246461415,0.5656667779726765,0.0480985529871736,0.4559180576609121,0.2618094975911255
121A,2022-09-16,WLD085,Wild cicer,Infected,1,9,3,0.4596878349036943,0,0,0.5384545753691727,0.6204700749190856,0.6338818283953701,0.00840088022137243,0.41053149077456386,0.28169183358845057
122A,2022-09-16,CVR019,Cultivar,Infected,2,9,3,0.2749621080309575,61,0.03400381224241499,0.35253802332775136,0.5232708338749887,0.6313510316933224,-0.04731561012013153,0.36282535281068135,0.19804561435287613
123A,2022-09-16,CVR494,Cultivar,Infected,3,9,3,0.2641309599787099,28,0.0166342372107875,0.2620358421078415,0.5350011827450357,0.61374662175932,-0.01165113842886677,0.37744657420030686,0.19742061474972936
124A,2022-09-16,CVR498,Cultivar,Infected,4,9,3,0.40086178309699166,14,0.00618732332746856,0.45549751737732314,0.5960526144770396,0.5587324423456218,-0.0181041755997074,0.42933961432681206,0.22404920912180668
125A,2022-09-16,CVR485,Cultivar,Infected,5,9,3,0.36525479790993914,33,0.01532918974147312,0.3611441795097575,0.6116105257051949,0.5661986381257625,0.03165562834792826,0.42178196660021305,0.25582201540170957
126A,2022-09-16,CVR502,Cultivar,Infected,6,9,3,0.1518348093929757,16,0.00811175245982336,0.14622606006047964,0.5487436171349346,0.577857349305855,0.0235321336302462,0.3753560169742387,0.21836520197885512
127A,2022-09-16,Genesis090,Cultivar,Infected,7,9,3,0.45959509112832336,45,0.02320247649391079,0.4615886324833093,0.5674231235828355,0.5739967475741258,-0.05013130929394068,0.4087619995913278,0.206574138423318
128A,2022-09-16,CVR010,Cultivar,Infected,8,9,3,0.23322740911404008,34,0.01055288030568538,0.20756948380528176,0.5905430422748472,0.6270058828495743,-0.07246993900108122,0.4385710448155071,0.20508905293955793
129A,2022-09-16,CVR491,Cultivar,Infected,9,9,3,0.5242043797849417,28,0.01657461070067775,0.49145474526104765,0.6224153607281927,0.6114666947733843,0.02988709243590862,0.4126274031098,0.2822863209535185
12A,2022-09-16,CVR500,Cultivar,Infected,3,2,1,0.35787504321256675,63,0.03247019692257057,0.3686107077041922,0.7726115971878535,0.5090320214543019,0.09636681324150792,0.5150967253078543,0.42774404118812137
130A,2022-09-16,CVR484,Cultivar,Infected,1,10,3,0.10311120454632054,46,0.02229158758970543,0.12249035990554018,0.4577235148251785,0.5865786296056119,-0.15772863193771722,0.36079211366643454,0.11610539907007636
131A,2022-09-16,CVR481,Cultivar,Infected,2,10,3,0.4853546747375985,26,0.01374593407370002,0.5309094521411125,0.6258610110372111,0.6447558778859669,-0.01241427602708265,0.4212917155433707,0.2778228673205789
132A,2022-09-16,CVR492,Cultivar,Infected,3,10,3,0.5285302144504571,16,0.01061252751615115,0.5827821743340266,0.5910447534476647,0.6198455507312135,-0.01191521037396298,0.41253530797393767,0.23606953064693356
133A,2022-09-16,CVR496,Cultivar,Infected,4,10,3,0.3572258367849703,76,0.03527901076489635,0.3969835148430436,0.6497241056307018,0.6019568612336538,0.0303782657705863,0.433353944550837,0.30116685162499196
134A,2022-09-16,WLD131,Wild cicer,Infected,5,10,3,0.08661274936337089,1,1.324909062861428e-4,0.0989904448514776,0.7297169418793019,0.6190437978153375,0.20434847751725788,0.43603275416296566,0.4307359682673562
135A,2022-09-16,Howzat,Cultivar,Infected,6,10,3,0.0922734319386893,35,0.01830361577911821,0.09568945343920128,0.5925128832048825,0.5607194070176506,0.08510561862667178,0.3831153831341955,0.27088967251374285
136A,2022-09-16,CVR016,Cultivar,Infected,7,10,3,0.4208613158001938,88,0.03840909203810191,0.4277141729906639,0.6095902096336168,0.5886935853479952,-0.02539811058054774,0.40306066490817993,0.27380358904187374
137A,2022-09-16,CVR482,Cultivar,Infected,8,10,3,0.18541799291032693,42,0.01720061488009317,0.18458043646978575,0.6182093918930528,0.6266036495036722,-0.02909017607263681,0.4369959892984085,0.2482902654032079
138A,2022-09-16,CVR497,Cultivar,Infected,9,10,3,0.5966405806273279,45,0.02079112879888592,0.6101725435525577,0.6843265638440497,0.6250371981950513,0.06383016283385404,0.472636417174924,0.3128908197913711
139A,2022-09-16,CVR493,Cultivar,Infected,1,11,3,0.8401128646421637,7,0.00436557726788941,0.849690908526657,0.6664210289723449,0.6451998610623845,0.04968228202742154,0.4294088518388433,0.3320275283549289
13A,2022-09-16,WLD129,Wild cicer,Infected,4,2,1,0.2791653884218756,0,0,0.3227112080668258,0.7191437792413208,0.6148222777433017,0.13516353587928204,0.4418412782286567,0.40645136964759926
140A,2022-09-16,CVR495,Cultivar,Infected,2,11,3,0.5193187701895089,33,0.01448124203506502,0.5977938257565214,0.6401086374998173,0.6548461373530591,0.01063289553346713,0.4188398359454504,0.30232232207817644
141A,2022-09-16,CVR504,Cultivar,Infected,3,11,3,0.6080546895533356,17,0.00825086908610035,0.6822048918704452,0.649449262381323,0.6420076180079757,0.02167588958273013,0.4455500501502666,0.28692422256941613
142A,2022-09-16,CVR015,Cultivar,Infected,4,11,3,0.5663729870794874,62,0.02958519261931532,0.6159099810072285,0.6312507529763333,0.5629344312454517,0.03820893617359142,0.41423162725921325,0.2938584046085186
143A,2022-09-16,WLD132,Wild cicer,Infected,5,11,3,0.18036014487491955,6,0.00446825972458264,0.1901999813740181,0.6189614320537499,0.545947703268585,-0.05300693897111779,0.5020491189836561,0.16962227132703236
144A,2022-09-16,WLD129,Wild cicer,Infected,6,11,3,0.17742546683996807,0,0,0.21900506119781055,0.714437336178107,0.5889683389760303,0.1908283284473022,0.4348631143866744,0.4055811719599881
145A,2022-09-16,CVR500,Cultivar,Infected,7,11,3,0.6166997343289828,101,0.04452687686979485,0.5744903982865229,0.5888322059255685,0.5873557138490269,-0.03606310438379297,0.40989664831816025,0.2358637029432504
146A,2022-09-16,CVR501,Cultivar,Infected,8,11,3,0.43546514814342313,51,0.0266571673629972,0.4297183463481174,0.6278546960740631,0.6037209203598503,-0.02667149773714919,0.4318047422588909,0.26897079760906006
147A,2022-09-16,CVR503,Cultivar,Infected,9,11,3,0.6552844571609805,35,0.02225848802785881,0.6348513841110047,0.6833420517618954,0.6219215981829861,0.07786110465395399,0.4107392293175477,0.3789705201008995
148A,2022-09-16,WLD133,Wild cicer,Infected,1,12,3,0.06127051274326493,7,0.00279224138954375,0.06908503455692641,0.5230544347097542,0.6134505864408493,-0.10787991673554026,0.4269349590169231,0.12375529924456592
149A,2022-09-16,CVR499,Cultivar,Infected,2,12,3,0.02468971791481764,1,6.45891566330658e-4,0.03367797190858131,0.591438544698712,0.6231444358500098,-0.01336468574926108,0.4979692989805838,0.13248995322865692
14A,2022-09-16,WLD085,Wild cicer,Infected,5,2,1,0.35388706087161687,0,0,0.37804211173926744,0.7351652373734265,0.6328977260862442,0.16079597004799767,0.4778748539091546,0.3966349907331658
150A,2022-09-16,CVR477,Cultivar,Infected,3,12,3,0.1888561371544349,48,0.02323227611296357,0.2157826648191598,0.5217865084842123,0.5866973267779796,-0.0353511901216688,0.3638063195026593,0.19499615967263775
151A,2022-09-16,CVR499,Cultivar,Fungicide,10,9,3,0.2727263205889798,0,0,0.20957365716273527,0.5375156550668233,0.532987335671995,-0.03282129482618227,0.4658579954127087,0.09559529073471268
152A,2022-09-16,CVR498,Cultivar,Fungicide,11,9,3,0.6889935072306209,1,0.00167601504926599,0.6954874525531761,0.5660293812039981,0.5629701093514702,0.01629972758067442,0.42376506833985905,0.18715626602625943
153A,2022-09-16,Howzat,Cultivar,Fungicide,12,9,3,0.4427322853992736,4,0.00353751588052036,0.4324691725250143,0.5704214688864507,0.59714855931921,0.03496882318293492,0.42620075548597425,0.1905448442973187
154A,2022-09-16,CVR496,Cultivar,Fungicide,13,9,3,0.9519221104072004,8,0.00603827430259739,0.9291504875221662,0.6795008498475091,0.5516927761495118,0.01885015457208316,0.5140065460841873,0.25432017249632694
155A,2022-09-16,CVR492,Cultivar,Fungicide,14,9,3,0.854368907827752,7,0.00636950855059289,0.8504375613461005,0.678129391662917,0.5805718591839298,0.02178331870625515,0.5080311540547129,0.2594981771096447
156A,2022-09-16,WLD129,Wild cicer,Fungicide,15,9,3,0.26409121264640806,0,0,0.3088784821487154,0.6297111570615672,0.5233328664725103,0.08173067090095852,0.47297899440559577,0.2232143615427266
157A,2022-09-16,CVR493,Cultivar,Fungicide,16,9,3,0.7960165117309794,14,0.00791301104850558,0.8040271939901675,0.6224670790272337,0.5496288447799378,0.02273659129967343,0.456803361968407,0.23148546388265984
158A,2022-09-16,CVR481,Cultivar,Fungicide,17,9,3,0.7725987084498203,8,0.00283198609852673,0.8470579749001985,0.694018911249932,0.5961306865762026,0.06750266917437692,0.4928065689201357,0.3058017704262787
159A,2022-09-16,CVR477,Cultivar,Fungicide,18,9,3,0.3876557319397099,6,0.0034712638147466,0.4389925603159414,0.6356215110201722,0.5745995774175998,0.04845330133510004,0.4226103824540991,0.2912455923584325
15A,2022-09-16,CVR482,Cultivar,Infected,6,2,1,0.11202785609269686,42,0.01911180070479239,0.10798957620161194,0.5983484915275296,0.5885777075714821,0.09195966836859784,0.37680736814760074,0.28603006927643776
160A,2022-09-16,CVR010,Cultivar,Fungicide,10,10,3,0.8537163891224637,1,2.9810379984491917e-4,0.8742518565346655,0.6542641281746823,0.6074524837713277,0.0535626089948274,0.49778550877142685,0.23205505164261797
161A,2022-09-16,CVR015,Cultivar,Fungicide,11,10,3,0.8891213253703153,1,1.6561363285767854e-4,0.9253386283913232,0.685575937409835,0.6412907405827097,0.08653073148810486,0.5024684248458089,0.2793318061637697
162A,2022-09-16,CVR497,Cultivar,Fungicide,12,10,3,0.904904328571832,5,0.00300754165873272,0.8990092921267381,0.6369721401418672,0.6029568929196121,0.07254393907265685,0.47543302734705617,0.23170944267087787
163A,2022-09-16,CVR491,Cultivar,Fungicide,13,10,3,0.953319891593148,16,0.01169233599254407,0.9423151556544588,0.703335954787629,0.5561306728660218,0.05716844917433877,0.5069421258765636,0.3052203269979693
164A,2022-09-16,CVR502,Cultivar,Fungicide,14,10,3,0.7195459566599579,12,0.0101488137799558,0.7656728175808614,0.716857468309079,0.599119628932897,0.05341330671729499,0.49876718366164086,0.3394638971549383
165A,2022-09-16,CVR016,Cultivar,Fungicide,15,10,3,0.8869087238721803,12,0.0080620818416604,0.9100518943511388,0.7064578719478842,0.5514200443225358,0.07432532961874143,0.516831249003231,0.29868081353426673
166A,2022-09-16,WLD133,Wild cicer,Fungicide,16,10,3,0.5668201445678829,0,0,0.7029539807476107,0.7403328003322083,0.6107976651034402,0.12716430905435033,0.4919017143154354,0.39071995099353873
167A,2022-09-16,WLD085,Wild cicer,Fungicide,17,10,3,0.556542146890169,0,0,0.779466245982159,0.774246222496134,0.640024936039291,0.1737789701685847,0.5292989039024734,0.415029659000765
168A,2022-09-16,CVR501,Cultivar,Fungicide,18,10,3,0.6305649287469365,21,0.01201691922005921,0.6723805126672417,0.6897586866057391,0.5857378726054118,0.07709543110376273,0.49091826413801615,0.30064253602152835
169A,2022-09-16,Genesis090,Cultivar,Fungicide,10,11,3,0.9000220312540911,13,0.01107956337413339,0.8821899549308538,0.5990129568594472,0.5734116054597944,0.04323132013014393,0.4535629337867433,0.1997089671555108
16A,2022-09-16,WLD133,Wild cicer,Infected,7,2,1,0.04056877716939717,25,0.00831049173538926,0.04295218587640533,0.5913412269033507,0.5184615451027164,0.05511961336342162,0.38080363431444575,0.27172623431891785
170A,2022-09-16,CVR495,Cultivar,Fungicide,11,11,3,0.8247273347636652,2,0.00144083811299586,0.8301207451538758,0.660403384609921,0.6135983631866815,0.06596626498321428,0.4973592663137235,0.2427905564511908
171A,2022-09-16,CVR504,Cultivar,Fungicide,12,11,3,0.7991267404835973,7,0.0027293102133793,0.7968357484134226,0.6040830080485178,0.5902825230774678,0.05200913218996165,0.4265630832085955,0.239141889970004
172A,2022-09-16,WLD131,Wild cicer,Fungicide,13,11,3,0.17186415259540425,0,0,0.2002994431949112,0.6362777460122953,0.5089990278415808,0.02578309885726778,0.4162160103092255,0.29933407490402175
173A,2022-09-16,CVR484,Cultivar,Fungicide,14,11,3,0.415611355658661,0,0,0.47793639947743977,0.6622368175297135,0.5426407650731648,0.00133652375596922,0.4829716206841867,0.26356389034763056
174A,2022-09-16,WLD132,Wild cicer,Fungicide,15,11,3,0.06745784747158252,0,0,0.1527101503345939,0.6829360159314406,0.507203996654191,0.14557772323168047,0.44641215756071334,0.34025891319964924
175A,2022-09-16,CVR503,Cultivar,Fungicide,16,11,3,0.7368658567104786,13,0.00769772371707285,0.7977002937833045,0.6507704873790678,0.5651274629896902,0.0494849721287573,0.4352571125435803,0.30068241577909216
176A,2022-09-16,CVR482,Cultivar,Fungicide,17,11,3,0.6110423640313563,11,0.00653179903487238,0.640274441431173,0.6632396347039975,0.5737552018901568,0.03719514891252188,0.5006572157038163,0.24340715409298247
177A,2022-09-16,CVR485,Cultivar,Fungicide,18,11,3,0.7083670194500693,20,0.01537228827998966,0.713249930152568,0.6529612751167033,0.5566042643556189,0.03623864917413326,0.5182811885631842,0.2035726396445225
178A,2022-09-16,CVR494,Cultivar,Fungicide,10,12,3,0.925526569481096,4,0.00312348097693294,0.919483298386214,0.6070743818179245,0.6009018915189822,0.0397400051718565,0.46596668315995143,0.1967690168984291
179A,2022-09-16,CVR500,Cultivar,Fungicide,11,12,3,0.9281929530230104,13,0.01003288555126458,0.9106413571033308,0.5905500943742396,0.563647379754265,0.06324104940500651,0.43263666541019696,0.2121048710489512
17A,2022-09-16,Genesis090,Cultivar,Infected,8,2,1,0.3736249236371653,52,0.02246049603131235,0.41663227324945046,0.6489761218701653,0.5689553920487129,0.04074702473854982,0.4944634372576904,0.22752398583867656
180A,2022-09-16,CVR019,Cultivar,Fungicide,12,12,3,0.9146589863742386,1,8.446305133060301e-4,0.90392148172834,0.6000093826618604,0.5709646089675203,0.04676044917994755,0.4730920663797325,0.17722408933781758
18A,2022-09-16,CVR019,Cultivar,Infected,9,2,1,0.4514667616725999,51,0.02159931787282291,0.4560476826127025,0.6829796954408096,0.5632459771618732,0.07659819069826805,0.5290863820931249,0.24096857418544343
19A,2022-09-16,CVR494,Cultivar,Infected,1,3,1,0.7026467158762981,39,0.0203141564350669,0.7312088953360238,0.8249814933768176,0.5602270651922338,0.12361120744921232,0.5483303549110021,0.5051719165547015
1A,2022-09-16,WLD132,Wild cicer,Infected,1,1,1,0.00481936404159641,0,0,3.5367765131532296e-4,0.3383838665159356,0.398260904474495,-0.3125810362846282,0.6089552430784961,-0.34079601878950805
20A,2022-09-16,Howzat,Cultivar,Infected,2,3,1,0.49828249456876744,39,0.01983058163923713,0.48225912632684925,0.8017732735459937,0.5710192531608035,0.11833706192395271,0.5169824515431894,0.4864084396327351
21A,2022-09-16,CVR010,Cultivar,Infected,3,3,1,0.17400719626201103,43,0.02136747307998419,0.21582196233597264,0.7838329577709992,0.4887091040791517,0.12021390744221364,0.496910953073945,0.4699750047550441
22A,2022-09-16,CVR501,Cultivar,Infected,4,3,1,0.855355966579914,8,0.00269949552081787,0.9083621011281878,0.7105891249830026,0.6148304856587594,0.11686016690127154,0.4519198437968992,0.3810288045018656
23A,2022-09-16,CVR491,Cultivar,Infected,5,3,1,0.7186549539608587,68,0.02913142269980044,0.751211331393746,0.681459533830401,0.5911018469643841,0.10481640859805416,0.43250186036358507,0.35299752103373666
24A,2022-09-16,CVR502,Cultivar,Infected,6,3,1,0.30037721476028345,23,0.01514372272950064,0.28561435219552966,0.6213313593112141,0.5620792723444773,0.07828977716287869,0.449617357929294,0.2382803153270485
25A,2022-09-16,CVR485,Cultivar,Infected,7,3,1,0.2718187565014214,31,0.01625661791210331,0.26199654459102867,0.6106831763528513,0.5403391778576107,0.01194940932880743,0.4800017791521385,0.18487305217163036
26A,2022-09-16,CVR503,Cultivar,Infected,8,3,1,0.5362875688046969,46,0.02527926034402095,0.5529160615562883,0.6918127015217533,0.5653044186112731,0.08037645704538518,0.49031521486077023,0.30493251470980115
27A,2022-09-16,CVR504,Cultivar,Infected,9,3,1,0.7210199202328172,27,0.01554450951997689,0.7692095940940146,0.6884489692912602,0.564352162264795,0.08259660514725883,0.5235793541613053,0.25779312259594206
28A,2022-09-16,CVR495,Cultivar,Infected,1,4,1,0.4548154744190287,17,0.00716113309870043,0.5028903226535765,0.7876417829058516,0.5025955752996321,0.12893712144088398,0.4906845178070909,0.4840250054753414
29A,2022-09-16,CVR492,Cultivar,Infected,2,4,1,0.6622269912030329,37,0.02025455534870185,0.7110492692110504,0.8027983380120258,0.5337889061263035,0.1464627726209529,0.5166091263428894,0.4889891045562654
2A,2022-09-16,CVR016,Cultivar,Infected,2,1,1,0.5431671695706045,53,0.03469937060718436,0.5031654052712661,0.7823538158156822,0.5412833022099878,0.13934164506168456,0.4656644428006697,0.4981855023244046
30A,2022-09-16,CVR484,Cultivar,Infected,3,4,1,0.06207208394468509,39,0.01444811454409783,0.04739280527625327,0.7119135473300284,0.47805598643490427,-0.0421393395302545,0.5694956357322564,0.2395316090529697
31A,2022-09-16,CVR491,Cultivar,Fungicide,10,1,1,0.8424943923025815,0,0,0.7602497602606931,0.5935722784354088,0.5487003177101023,0.0432196269778157,0.49944383537363407,0.13379183833642566
32A,2022-09-16,CVR016,Cultivar,Fungicide,11,1,1,0.905271991395624,0,0,0.8464685121480062,0.6301839070618747,0.5794091454604215,0.06057589354154894,0.5238260569506901,0.15876835645100043
33A,2022-09-16,Howzat,Cultivar,Fungicide,12,1,1,0.650484966785535,4,0.00333546179403825,0.5772412244634199,0.5822333190087992,0.5706701879995448,0.02820516147497255,0.4969119218479496,0.12005577529773764
34A,2022-09-16,CVR496,Cultivar,Fungicide,13,1,1,0.8399472507575728,7,0.00361699934301021,0.8400237193907049,0.6720312015540293,0.5736731510791945,-0.0208631700082453,0.49701970029382536,0.262785061290738
35A,2022-09-16,Genesis090,Cultivar,Fungicide,14,1,1,0.7936283595151781,4,0.0032195382886583,0.7818633945077406,0.6346451201390582,0.5246836485678863,-0.02859902970640763,0.48095829829855374,0.22120781761935832
36A,2022-09-16,CVR484,Cultivar,Fungicide,15,1,1,0.4501815979281742,1,7.949459305827916e-4,0.4398964032026361,0.6622360193250832,0.5845285659119056,-0.01948603892584164,0.4913524142058706,0.2533077274677782
37A,2022-09-16,WLD133,Wild cicer,Fungicide,16,1,1,0.5894396889253137,0,0,0.6163029561753567,0.6816830216811137,0.5228728456626228,0.03442680830143029,0.4919481354694167,0.28546701955220904
38A,2022-09-16,CVR499,Cultivar,Fungicide,17,1,1,0.04011830740330981,0,0,0.05423057320168285,0.7051760820413336,0.5368694744379845,-0.03940955965088293,0.6099218667264029,0.16714265977158646
39A,2022-09-16,CVR015,Cultivar,Fungicide,18,1,1,0.8527127689818426,2,0.00146071642296347,0.8577861969900966,0.7303169318732929,0.5696390533534884,0.06696045570770111,0.537966683883213,0.31682732467515623
3A,2022-09-16,CVR497,Cultivar,Infected,3,1,1,0.550381310383386,28,0.01668724034199413,0.5519336236359679,0.7510744896125862,0.5006161898390002,0.10498637663347032,0.48213420097773574,0.4216149433777811
40A,2022-09-16,CVR497,Cultivar,Fungicide,10,2,1,0.9378018706069768,3,0.00163957089914705,0.9413327177341384,0.6523722205850412,0.6028438244099966,0.0565115948004981,0.5532284336558859,0.15513295563337876
41A,2022-09-16,CVR503,Cultivar,Fungicide,11,2,1,0.7408472144960448,7,0.00285517728900674,0.754983893007776,0.6895213156399064,0.6350287601664705,0.09529990056072454,0.531541717744019,0.24937952364942617
42A,2022-09-16,CVR477,Cultivar,Fungicide,12,2,1,0.6532904659905056,1,8.181319870426471e-4,0.6550503077527909,0.6148220086316405,0.5734476211520712,0.05743257968289188,0.5105698703173986,0.15195102173606534
43A,2022-09-16,CVR500,Cultivar,Fungicide,13,2,1,0.9347578874081952,11,0.00601839578726898,0.9423544531712716,0.681464768328718,0.5573913693011269,0.01840278197013148,0.48351392702501,0.29522768699370205
44A,2022-09-16,WLD085,Wild cicer,Fungicide,14,2,1,0.2974458490030238,0,0,0.42347004117488,0.7308235385799475,0.5791849635106536,0.11478065827328315,0.4902614895037338,0.3748792869633323
45A,2022-09-16,CVR502,Cultivar,Fungicide,15,2,1,0.6167924781043538,48,0.0243518313930197,0.6708086119947292,0.6832290249993689,0.5720708898923468,0.02744192634072733,0.4562657894297832,0.32976094360565467
46A,2022-09-16,CVR495,Cultivar,Fungicide,16,2,1,0.7738739353611706,16,0.0083071751172842,0.8107470693651586,0.7090330123744278,0.5598128765828962,0.03499000125741833,0.5070192705701362,0.31539681564408406
47A,2022-09-16,CVR494,Cultivar,Fungicide,17,2,1,0.9444926715444508,5,0.00229871152324859,0.9533970553956722,0.7665284740344057,0.621272943685415,0.06678753976301587,0.5912566382381954,0.32054985304613726
48A,2022-09-16,CVR019,Cultivar,Fungicide,18,2,1,0.9112042807416716,1,2.3848303987593532e-4,0.917557720062386,0.7655945216000745,0.5904981961411107,0.07880655241135945,0.5873091741903631,0.32394354552392257
49A,2022-09-16,CVR501,Cultivar,Fungicide,10,3,1,0.8205505525942817,4,0.00297111167853487,0.8292954973008068,0.658164194852982,0.6066393476330005,0.05889610762120748,0.5241741528277016,0.20456265707436985
4A,2022-09-16,CVR498,Cultivar,Infected,4,1,1,0.35252571474027933,34,0.02222867555318085,0.2845140217247709,0.5403120732703606,0.5363520004750925,4.541524128092433e-4,0.3352347020294655,0.2504398879665891
50A,2022-09-16,WLD132,Wild cicer,Fungicide,11,3,1,0.1035616743124079,0,0,0.14449696932071582,0.6641914029608929,0.5540606190586257,0.1372004582281358,0.5083111525896201,0.23533211289578557
51A,2022-09-16,CVR492,Cultivar,Fungicide,12,3,1,0.8487347234739682,8,0.00567392028522596,0.8455253717444987,0.6295491529884473,0.5922609019732079,0.0468256730698029,0.5477451064533772,0.12485973818488384
52A,2022-09-16,WLD129,Wild cicer,Fungicide,13,3,1,0.4315434113563096,0,0,0.5259972625395108,0.6823676401955239,0.5619227870233212,0.03750435593640763,0.44065561835348127,0.3456431663573149
53A,2022-09-16,CVR498,Cultivar,Fungicide,14,3,1,0.7589388752487594,40,0.01625330646911654,0.765319139929546,0.650869412803732,0.5409479682822478,0.00974755205335517,0.4311291104063238,0.305453121208136
54A,2022-09-16,CVR482,Cultivar,Fungicide,15,3,1,0.4822444459849806,2,0.001232164837022,0.5175089989079431,0.6148428438657361,0.5341378818721776,-0.04660144980975558,0.4457813559137045,0.2328944834483491
55A,2022-09-16,CVR493,Cultivar,Fungicide,16,3,1,0.8887072906588379,3,0.00202711528555526,0.8873379296333325,0.6758703854707452,0.547695310322688,0.04250645504020078,0.4799242818279718,0.2900183832772913
56A,2022-09-16,WLD131,Wild cicer,Fungicide,17,3,1,0.14268298613048025,0,0,0.20320745943905943,0.7471004260190757,0.5461373668351477,0.15155513041766647,0.49559498708573624,0.39937931496749113
57A,2022-09-16,CVR504,Cultivar,Fungicide,18,3,1,0.8222033791624992,1,5.564604263771823e-4,0.8420671902649711,0.6909438969973434,0.5411904151306869,0.04888609655666467,0.4946255834338921,0.2982466495439357
58A,2022-09-16,CVR481,Cultivar,Fungicide,10,4,1,0.6094425339062077,0,0,0.7431160429303063,0.5730566272198633,0.5709295201446689,0.001273295342201,0.4292487258341206,0.19072256875599575
59A,2022-09-16,CVR485,Cultivar,Fungicide,11,4,1,0.9487191378792116,1,0.0012917862130734,0.9071831756238034,0.6271367734192862,0.5835763460791383,0.03374959663040596,0.5556694220151478,0.10969338056534104
5A,2022-09-16,CVR015,Cultivar,Infected,5,1,1,0.07163794191865791,28,0.01461376037759307,0.08173883497065242,0.5701420408107262,0.5275578512154357,0.02019481809518107,0.39816114339955955,0.2224874098754916
60A,2022-09-16,CVR010,Cultivar,Fungicide,12,4,1,0.9152518840810742,0,0,0.8790461535858288,0.6236416511022953,0.5883298104745012,0.02708341484167291,0.5634011037330551,0.09287213864906552
61A,2022-09-16,CVR493,Cultivar,Fungicide,1,5,2,0.7690214485426559,1,0.00131166493376262,0.8082713258059514,0.6083464240670517,0.5875557175969381,0.02558326507502836,0.47730946182046446,0.18465520159492343
62A,2022-09-16,CVR495,Cultivar,Fungicide,2,5,2,0.6536382551481466,0,0,0.7959319055267279,0.6384065459092475,0.5980024574934202,0.04768603790261011,0.47143706705333815,0.238858307739816
63A,2022-09-16,CVR501,Cultivar,Fungicide,3,5,2,0.5890687138238301,0,0,0.7128569549844398,0.6289432625231302,0.6013905233159393,0.0637193064716329,0.4677506169041674,0.22837920356682265
64A,2022-09-16,WLD085,Wild cicer,Fungicide,4,5,2,0.2979426906567966,0,0,0.3909709947706831,0.6264784049027531,0.5466916770998642,0.10063655338693646,0.46178402752888525,0.23173469712241476
65A,2022-09-16,CVR485,Cultivar,Fungicide,5,5,2,0.8137173237160593,3,0.00253388845950599,0.8226149194426283,0.6686776709293697,0.5930533273514372,0.07393205182380502,0.5226287921008977,0.2245075930508716
66A,2022-09-16,CVR491,Cultivar,Fungicide,6,5,2,0.7734731497604604,1,5.597726908199036e-4,0.7428016627958038,0.6703724710819606,0.5958931441107571,0.10548506950919008,0.5111810089497871,0.2421832107118317
67A,2022-09-16,CVR016,Cultivar,Fungicide,7,5,2,0.8091132577244312,19,0.01204673206437337,0.8336968191838419,0.6913507770054974,0.5465759946472633,0.04576737924037654,0.5240657072215523,0.26233109839223506
68A,2022-09-16,CVR484,Cultivar,Fungicide,8,5,2,0.7887791849743553,11,0.00519032413184688,0.8282737618636735,0.7319524337675269,0.5876762548006341,0.06617053536452501,0.5417081334275307,0.315237359112963
69A,2022-09-16,CVR481,Cultivar,Fungicide,9,5,2,0.7599756181662987,2,0.00187806174274635,0.8036342188220393,0.7290252830387718,0.5807771970336506,0.06447478401297974,0.5680627485738377,0.27474202995359004
6A,2022-09-16,CVR477,Cultivar,Infected,6,1,1,0.03252987921135284,26,0.0099732413801255,0.03018049291224089,0.5564521147725596,0.5992589796083442,0.02580724740139461,0.3883061227545237,0.21449210923387865
70A,2022-09-16,Howzat,Cultivar,Fungicide,1,6,2,0.6637572634966531,1,4.769679279991262e-4,0.8326750837467086,0.6877684996170024,0.6471599863851876,0.06965512886893485,0.4776361042333539,0.3129312808226016
71A,2022-09-16,WLD132,Wild cicer,Fungicide,2,6,2,0.04909126767044705,0,0,0.13824866414747847,0.6641823419949331,0.6426812943159306,0.0854449344805098,0.5059069592074442,0.23837173461991704
72A,2022-09-16,CVR492,Cultivar,Fungicide,3,6,2,0.7640960916149213,13,0.00855891785263352,0.8403773970420202,0.6785266655637228,0.6326680375753169,0.08159910060234332,0.5105954909700957,0.256953342584713
73A,2022-09-16,CVR496,Cultivar,Fungicide,4,6,2,0.9362219141479792,2,0.00180188541067907,0.9343377597414576,0.7044377337599063,0.6187167132891496,0.09927704291296384,0.5403718399225236,0.2649036834209918
74A,2022-09-16,CVR498,Cultivar,Fungicide,5,6,2,0.8401029278090882,16,0.00808525578180723,0.8750771043877346,0.7234593759700406,0.6269749040981828,0.12413506708463884,0.5365749628076001,0.30546161473996897
75A,2022-09-16,CVR019,Cultivar,Fungicide,6,6,2,0.9477420159601252,0,0,0.9397608170616258,0.7198732357043008,0.6158798388090869,0.11692689476950203,0.5622025948283788,0.26486562774225825
76A,2022-09-16,CVR499,Cultivar,Fungicide,7,6,2,0,0,0,0,NA,NA,NA,NA,NA
77A,2022-09-16,CVR502,Cultivar,Fungicide,8,6,2,0.6435391204657909,28,0.01578959786692912,0.7190659626408644,0.7486054772762519,0.5948988474492625,0.08434815060130574,0.558384792336671,0.32684523242909763
78A,2022-09-16,CVR482,Cultivar,Fungicide,9,6,2,0.728906453417038,3,0.00174225335584028,0.7521151742804406,0.7359953449752742,0.5833485388752705,0.05464252504473636,0.5873749767303598,0.2617962697133663
79A,2022-09-16,CVR497,Cultivar,Fungicide,1,7,2,0.9221877935677428,0,0,0.9462056098189272,0.6836727566653042,0.61842555477864,0.09881303283792953,0.49431559533697006,0.2860164512769477
7A,2022-09-16,WLD131,Wild cicer,Infected,7,1,1,0,0,0,0,NA,NA,NA,NA,NA
80A,2022-09-16,CVR503,Cultivar,Fungicide,2,7,2,0.8197291077267106,9,0.0060482188175046,0.9347307349095856,0.7012802585686804,0.6391115512933289,0.12528701936562803,0.4800387269708753,0.33351738537926806
81A,2022-09-16,CVR477,Cultivar,Fungicide,3,7,2,0.6909643124572531,0,0,0.802023020632714,0.6471251835521642,0.6199985436092584,0.07455844336265421,0.4669503127347671,0.2581950346311806
82A,2022-09-16,WLD133,Wild cicer,Fungicide,4,7,2,0.6507201385016541,1,4.736538153091493e-4,0.7529011246166969,0.7042096404801238,0.5976896488924259,0.14633216467774535,0.4682577371306328,0.3520365103837153
83A,2022-09-16,CVR500,Cultivar,Fungicide,5,7,2,0.8672304821050846,13,0.00710151303695819,0.8718154104922711,0.6613201003682101,0.5876112617954025,0.1007849472755853,0.48841173261392234,0.25540247094907215
84A,2022-09-16,CVR494,Cultivar,Fungicide,6,7,2,0.7558650815507515,2,0.00167270114193682,0.8141266558110606,0.6867968985033349,0.6162529686496008,0.0961935153503721,0.5243061033400815,0.2539282925199186
85A,2022-09-16,WLD131,Wild cicer,Fungicide,7,7,2,0.10724492710571046,0,0,0.1705512229676113,0.6532004880162287,0.4856064862257434,0.03243489785500232,0.46460194192479953,0.2707719273205438
86A,2022-09-16,CVR504,Cultivar,Fungicide,8,7,2,0.835846650975101,17,0.01020512412375478,0.8650169400836543,0.7392489497326018,0.5891030524661638,0.08340233664767945,0.5507993437233587,0.3178855609115987
87A,2022-09-16,CVR010,Cultivar,Fungicide,9,7,2,0.8987037447327472,6,0.00506778410666567,0.9168896622765684,0.7451215990491493,0.5911473846983646,0.06862627506611357,0.5946189712934057,0.27023298202675355
88A,2022-09-16,Genesis090,Cultivar,Fungicide,1,8,2,0.9117011223954444,0,0,0.9408611475323848,0.6435300120382632,0.594425102291532,0.0761868410046655,0.48730480052736286,0.22759926228854985
89A,2022-09-16,CVR015,Cultivar,Fungicide,2,8,2,0.8113026732787234,1,6.492038307733794e-4,0.9056505724681037,0.6755402720779062,0.6173304405452321,0.09502925631382246,0.49874845205027674,0.26662403303945936
8A,2022-09-16,CVR493,Cultivar,Infected,8,1,1,0.43319292564683537,79,0.0459180399698673,0.4242166939943235,0.5887405737706438,0.5705305679886158,0.00250461762722462,0.4399486561292503,0.2008030432336906
90A,2022-09-16,WLD129,Wild cicer,Fungicide,3,8,2,0.1639014370242717,0,0,0.192754319966851,0.6017682731613494,0.5446829337458328,0.03550600063221058,0.4996734632675533,0.1459931431435525
91A,2022-09-16,CVR503,Cultivar,Infected,10,5,2,0.6516806990322817,4,0.00565737251685103,0.6855058832827216,0.6681135497030526,0.6048463297525767,0.03044568883934985,0.4506765706250364,0.31111453827915303
92A,2022-09-16,CVR501,Cultivar,Infected,11,5,2,0.6227380165611686,3,0.00172900491415181,0.6669574553470734,0.6443591817982126,0.60820932120134,0.00243334942331567,0.4659824441354256,0.25491861919915426
93A,2022-09-16,CVR019,Cultivar,Infected,12,5,2,0.7851423040687382,22,0.011907616752431,0.7821777746422431,0.6201657794965934,0.5718185528053668,0.01004355217655512,0.4560738050099298,0.22880847679771613
94A,2022-09-16,CVR499,Cultivar,Infected,13,5,2,0.2148210819806028,2,9.174972506338068e-4,0.21189221065469127,0.7183092219047238,0.708955087412585,0.05259507926291441,0.44380998669588545,0.402959977102514
95A,2022-09-16,WLD133,Wild cicer,Infected,14,5,2,0.00714458298125324,5,0.00145739910663218,0.00982437920320341,0.6746141223913769,0.7456866984199323,0.19263966111988975,0.2832228917548388,0.48383589920813475
96A,2022-09-16,CVR493,Cultivar,Infected,15,5,2,0.38985508432707766,71,0.03702459404623415,0.3042806726816162,0.7378531000653685,0.7732785504737133,0.12453321428150346,0.4053397595028523,0.4743963775474245
97A,2022-09-16,CVR504,Cultivar,Infected,16,5,2,0.5584765170621913,11,0.00819125748523605,0.5561777554517517,0.5812494467016632,0.5458617064810075,-0.02586503809115965,0.436941493101468,0.1934350370417441
98A,2022-09-16,CVR015,Cultivar,Infected,17,5,2,0.7094203237560677,8,0.00507108733520746,0.6600017948712055,0.6381467917871704,0.5719307048606672,0.02087714834383249,0.4750099892113623,0.23409802366752996
99A,2022-09-16,CVR010,Cultivar,Infected,18,5,2,0.617574175639623,2,0.00107317655449299,0.6173246916124898,0.6458180156554687,0.5853234903768757,0.02336576840018225,0.4843683121302136,0.2349431629157476
9A,2022-09-16,CVR496,Cultivar,Infected,9,1,1,0.6979995902746763,26,0.01783992915061293,0.6308430373960977,0.6531711481880749,0.562352957967747,0.04809715967717964,0.511849671622629,0.2122981477315488
100A,2022-09-20,CVR482,Cultivar,Infected,10,6,2,0.43074515243258127,17,0.00940022271195953,0.3912460773883728,0.565928824512622,0.46053541767101847,0.06212580160669948,0.4322637740236974,0.17695320728633798
101A,2022-09-20,CVR498,Cultivar,Infected,11,6,2,0.6311743878422312,5,0.00391179272664693,0.5532697392076036,0.5788581853589049,0.4743338854531987,0.079272499192458,0.4413494745106185,0.18469413994895925
102A,2022-09-20,CVR484,Cultivar,Infected,12,6,2,0.05348003561210701,5,0.00210660523744659,0.04075152493488777,0.4917967268514463,0.46614436386917857,0.06640146341442665,0.38200610660161943,0.1351883722612838
103A,2022-09-20,WLD131,Wild cicer,Infected,13,6,2,0.30435194799046605,0,0,0.2764580307781441,0.8061778500201551,0.7729374440654991,0.25046820250007323,0.4191157896190297,0.584581573337517
104A,2022-09-20,CVR494,Cultivar,Infected,14,6,2,0.1138992929885745,51,0.01974443602572445,0.08955904081640233,0.6743275458354856,0.7174536441024653,0.12044753112868016,0.3556062134415529,0.4192571210751525
105A,2022-09-20,Genesis090,Cultivar,Infected,15,6,2,0.20001188842048076,54,0.0246797402334437,0.2160577474368495,0.6431810817024259,0.6891361330469427,0.0983354355254847,0.38122256173086966,0.3470546279217997
106A,2022-09-20,Howzat,Cultivar,Infected,16,6,2,0.42657830709627315,36,0.01504100453996348,0.5531518466571651,0.6280628168854709,0.4659284471852767,8.657935908005472e-4,0.48236974338800026,0.20901635477700928
107A,2022-09-20,WLD129,Wild cicer,Infected,17,6,2,0.08195899920636542,2,8.645010195502653e-4,0.10763589855029662,0.689703247065048,0.4971977795155898,0.13570785684082606,0.46418316335969506,0.3317196895030901
108A,2022-09-20,CVR495,Cultivar,Infected,18,6,2,0.6539827320280958,6,0.00414033650886503,0.7515650090450613,0.6522137810827652,0.45750694187811214,0.05201657841882107,0.4922148082152559,0.23564929742987248
109A,2022-09-20,CVR481,Cultivar,Infected,10,7,2,0.8246677137652124,2,0.00255707964999873,0.8361725627430491,0.6072816069790435,0.49302746036347783,0.07998840720478823,0.4570830268592867,0.20790978686246803
10A,2022-09-20,CVR481,Cultivar,Infected,1,2,1,0.6763538555586401,8,0.00504127264264603,0.7628826938871516,0.7419327947506548,0.505744721986984,0.07865135764077441,0.44007298381481513,0.44819875744253446
110A,2022-09-20,CVR477,Cultivar,Infected,11,7,2,0.7544971108640303,21,0.00906237420313163,0.6910075356365154,0.5899762548847994,0.4709281480268982,0.08620488623695076,0.4458943189263234,0.19551566798981485
111A,2022-09-20,WLD132,Wild cicer,Infected,12,7,2,0.07368161725451013,0,0,0.04295218587640533,0.6008207044520099,0.47868396737180946,0.0916372893805543,0.5317942468913294,0.10143684883942738
112A,2022-09-20,WLD085,Wild cicer,Infected,13,7,2,0.4926449979372918,0,0,0.3885738462451015,0.7699795106392258,0.753419651728987,0.1855906969422433,0.3963750937277615,0.5377155925269819
113A,2022-09-20,CVR500,Cultivar,Infected,14,7,2,0.41174923987000017,39,0.02508717093890267,0.43337301541170903,0.6581686831980508,0.6829940518052543,0.1294302687035406,0.3609623686675642,0.3898166694033513
114A,2022-09-20,CVR491,Cultivar,Infected,15,7,2,0.4056480243616699,20,0.01002293943454308,0.41003029042489775,0.688301365079248,0.6814254806328163,0.1790222910944474,0.35724590593213956,0.43900320641447016
115A,2022-09-20,CVR502,Cultivar,Infected,16,7,2,0.44869769752223937,5,0.00196417281453374,0.49683850506440314,0.6183829863784002,0.45782861185178986,0.00281694267821324,0.4422932440857864,0.2423831330681126
116A,2022-09-20,CVR492,Cultivar,Infected,17,7,2,0.7937045419020899,2,5.962075996898383e-4,0.8579826845741607,0.6871174490250145,0.4801064504104635,0.09223398723072444,0.49711566990236333,0.28857092798700185
117A,2022-09-20,CVR485,Cultivar,Infected,18,7,2,0.5158938750561682,20,0.01225871932982073,0.5706392416388671,0.6638420740262906,0.46534832703744455,0.04204152344220535,0.5279816166518201,0.20917583793019143
118A,2022-09-20,CVR016,Cultivar,Infected,10,8,2,0.7892362792958263,44,0.01834999282072274,0.7201269955948103,0.5743690367940413,0.4590146537885868,0.11060947361464626,0.4091589844085288,0.2159631823060104
119A,2022-09-20,CVR497,Cultivar,Infected,11,8,2,0.8044031988466648,26,0.01190097949115011,0.7339597215129208,0.5875919677352978,0.4648059325243847,0.09498333136278402,0.4490951021622892,0.18814560820559392
11A,2022-09-20,CVR499,Cultivar,Infected,2,2,1,0.3672653504688731,4,0.00167600806698585,0.41010888545852336,0.750726283758681,0.5095552951071602,0.09878043833926492,0.46911084146380394,0.4347083509600459
120A,2022-09-20,CVR496,Cultivar,Infected,12,8,2,0.6888212687906463,28,0.01553787883025453,0.62235477376453,0.5476774447309307,0.44104906172203007,0.0923629060179812,0.43051764220492794,0.15330734440039576
121A,2022-09-20,WLD085,Wild cicer,Infected,1,9,3,0.46662374439036297,0,0,0.5817997364137063,0.5922876223228417,0.5016573348421262,0.02330698426932097,0.4420626860345007,0.2035094647817607
122A,2022-09-20,CVR019,Cultivar,Infected,2,9,3,0.19798477447308763,40,0.02764092460633137,0.2405401004112324,0.47122356861710857,0.49226154334000066,-0.0184861538916763,0.37599717362689666,0.11573156705588096
123A,2022-09-20,CVR494,Cultivar,Infected,3,9,3,0.16105287820930753,10,0.00641587429732761,0.18033630465400188,0.5244396599769534,0.4868171161847555,0.04035721044243444,0.4005791380596187,0.15680126740910694
124A,2022-09-20,CVR498,Cultivar,Infected,4,9,3,0.4596149647944743,1,2.649811554177059e-4,0.4490527246200217,0.567257015126022,0.48892619385671027,0.01663646168068461,0.4100115947216266,0.20490190594132787
125A,2022-09-20,CVR485,Cultivar,Infected,5,9,3,0.3273159692278461,28,0.01427919616301516,0.2769688984967107,0.5617189204280515,0.48707509808560134,0.03475590021455325,0.4000636097502614,0.2085130514864272
126A,2022-09-20,CVR502,Cultivar,Infected,6,9,3,0.12182226122740518,4,0.00215628415221158,0.1230798226577324,0.4844709542687461,0.4788864218121825,0.02704490469079893,0.3463034101156105,0.16602165131075217
127A,2022-09-20,Genesis090,Cultivar,Infected,7,9,3,0.450039169987426,21,0.01098680538910722,0.36020103910625,0.5510815447394972,0.47994003801428137,0.04718031026522412,0.453433681646476,0.13017613753617355
128A,2022-09-20,CVR010,Cultivar,Infected,8,9,3,0.1893132314759059,20,0.00680670597626631,0.1814759326415735,0.5526354409747083,0.5136018586132084,0.03998589833753023,0.4532200035602094,0.13263622821304985
129A,2022-09-20,CVR491,Cultivar,Infected,9,9,3,0.4938871020717238,18,0.00779045968739564,0.4252384294314566,0.5795910531862006,0.4863620508439156,0.1061536181374695,0.4421837270686817,0.18475822240256592
12A,2022-09-20,CVR500,Cultivar,Infected,3,2,1,0.31951886754130454,37,0.01290459779413195,0.3745839302597398,0.6982484981590479,0.4825082174449386,0.05936663313844769,0.44460419060017026,0.36783725208990303
130A,2022-09-20,CVR484,Cultivar,Infected,1,10,3,0.10534367971060644,28,0.0142891517263592,0.12351209534267334,0.5053607812069401,0.47485254226291507,-0.02424253887659106,0.39812842549649863,0.1342415539453878
131A,2022-09-20,CVR481,Cultivar,Infected,2,10,3,0.443182755165361,12,0.00646555485496631,0.5019471822500688,0.5760506080014871,0.5054719886594892,0.020632240553275,0.430120703762279,0.19399672315745364
132A,2022-09-20,CVR492,Cultivar,Infected,3,10,3,0.43350096747217454,5,0.00457093869014217,0.4527073936836134,0.5508401330100037,0.4591007049107914,0.02348895592265013,0.4351837246044716,0.1521227711222118
133A,2022-09-20,CVR496,Cultivar,Infected,4,10,3,0.31016830761729997,49,0.02255325738426797,0.31882075390235726,0.5748252144080885,0.5060676949475253,0.02469881229029344,0.3908884375268083,0.23724365361804547
134A,2022-09-20,WLD131,Wild cicer,Infected,5,10,3,0.13705542633208004,1,1.9873627728489177e-4,0.12504469849837307,0.6953355345634686,0.5685904110053752,0.1852901763978515,0.4356511540363905,0.3725336681020325
135A,2022-09-20,Howzat,Cultivar,Infected,6,10,3,0.06353942296216084,20,0.00829060323951243,0.07384003409127687,0.5325801895322638,0.4888446572282734,0.1141374750126983,0.3240884602982173,0.2519851447643497
136A,2022-09-20,CVR016,Cultivar,Infected,7,10,3,0.3443178906199522,91,0.03905498697234878,0.3592186011859297,0.5612733437541569,0.4798860493861616,0.06235316333029844,0.42040620556099434,0.18437209286446496
137A,2022-09-20,CVR482,Cultivar,Infected,8,10,3,0.1439416516533714,31,0.01009579795742741,0.16037316611309255,0.5728172465707096,0.5103640967948805,0.06572111646799252,0.4456439050165025,0.17076493623671715
138A,2022-09-20,CVR497,Cultivar,Infected,9,10,3,0.5071991461151437,52,0.01922109832591932,0.5540556895438598,0.619469056577842,0.5019871739753957,0.11360049799272635,0.4844796681483288,0.19287509267337788
139A,2022-09-20,CVR493,Cultivar,Infected,1,11,3,0.7831781233974896,5,0.0022854655458898,0.8165238043366423,0.6075551469257013,0.4842227261998802,0.06155634545102108,0.4355170872081385,0.2339382802391955
13A,2022-09-20,WLD129,Wild cicer,Infected,4,2,1,0.32402687747987,0,0,0.3602796341398756,0.6617607999071526,0.5547673297239661,0.11612145662869654,0.4437075228806717,0.3086947850975398
140A,2022-09-20,CVR495,Cultivar,Infected,2,11,3,0.43540221486727854,4,0.00116923119652788,0.5273333781111466,0.572664910999312,0.49464444082829473,0.04472635437856848,0.40940975435060256,0.2132533965501197
141A,2022-09-20,CVR504,Cultivar,Infected,3,11,3,0.5808078932604339,7,0.00621383561293142,0.6016842799209899,0.6008048350276917,0.49103687051201533,0.05686143233455137,0.4504672136922724,0.20612347122493407
142A,2022-09-20,CVR015,Cultivar,Infected,4,11,3,0.5834842136354235,49,0.02248369104151558,0.5994836189794724,0.5995063547037345,0.4955105107649282,0.05116986755317212,0.41096646458432384,0.25017799601761054
143A,2022-09-20,WLD132,Wild cicer,Infected,5,11,3,0.23587723126749516,4,0.00164619542803249,0.2039148147416901,0.6164246671121832,0.5022414462859004,0.01022729120409597,0.4793250142282887,0.19459670623181857
144A,2022-09-20,WLD129,Wild cicer,Infected,6,11,3,0.2089417890776243,0,0,0.2732356343994934,0.6790815116886937,0.5219859493982156,0.19532074126232177,0.41858862347987824,0.3639469051442252
145A,2022-09-20,CVR500,Cultivar,Infected,7,11,3,0.515019433745528,73,0.03179448737788063,0.48194474619234673,0.5462344376455678,0.474105064436391,0.06488413652828821,0.43001177972918114,0.15190265330784597
146A,2022-09-20,CVR501,Cultivar,Infected,8,11,3,0.3706968701575975,42,0.01963513327056515,0.3403164955989663,0.5568005619795758,0.4782937679642775,0.05231808721840531,0.43683230561824016,0.15852638758488213
147A,2022-09-20,CVR503,Cultivar,Infected,9,11,3,0.6186009817240868,34,0.01831354719199325,0.6260487403449344,0.6165579331020011,0.491379385026599,0.12483995385063366,0.43552407191642223,0.2474918001628063
148A,2022-09-20,WLD133,Wild cicer,Infected,1,12,3,0.1310900142091143,0,0,0.12787411970889564,0.5343880430216941,0.4778845495447385,0.05982225384004472,0.4159126130649631,0.15233270256464
149A,2022-09-20,CVR499,Cultivar,Infected,2,12,3,0.07401615730138383,1,4.3059437755377206e-4,0.05595966394144665,0.5388416000730405,0.5339830095893442,-0.0062960692676117,0.4828631819138967,0.07566560836680815
14A,2022-09-20,WLD085,Wild cicer,Infected,5,2,1,0.42075863519174744,2,6.690774174297075e-4,0.4420970641441537,0.6822008275593051,0.5685348756550319,0.1272220473129522,0.49684019709019034,0.28040113545746126
150A,2022-09-20,CVR477,Cultivar,Infected,3,12,3,0.11752954933880796,35,0.01658784497245786,0.12186159963653516,0.4756526063080326,0.46748063069007184,-0.02036896839073782,0.3905026864628093,0.10457384430507922
151A,2022-09-20,CVR499,Cultivar,Fungicide,10,9,3,0.2871777881583854,0,0,0.1777426685443562,0.5440217103647487,0.4189276939102928,0.05326952713404162,0.4508460174686042,0.12345566699970704
152A,2022-09-20,CVR498,Cultivar,Fungicide,11,9,3,0.6789241830474916,2,0.00132491234864705,0.5578675486747028,0.5388151857610205,0.4289897483135211,0.06627739425307508,0.41291295092030234,0.16192875430273987
153A,2022-09-20,Howzat,Cultivar,Fungicide,12,9,3,0.4459551315934134,0,0,0.3337931078080392,0.5487570473474576,0.43981741483061904,0.08846550544299515,0.4142886362613561,0.17403395276564526
154A,2022-09-20,CVR496,Cultivar,Fungicide,13,9,3,0.9409584712472802,11,0.00759504331398768,0.932765859068945,0.7011113239398139,0.5034290521752518,0.09461691255555547,0.5074279985797884,0.3006401067569401
155A,2022-09-20,CVR492,Cultivar,Fungicide,14,9,3,0.9088525635804802,0,0,0.9084406961618134,0.6836010995127284,0.5003407473569942,0.09682228625386324,0.48931906069775977,0.2919335249687034
156A,2022-09-20,WLD129,Wild cicer,Fungicide,15,9,3,0.24948406802548695,0,0,0.38711983812302736,0.657543605544623,0.471501279775333,0.13484128126523362,0.4816802188207285,0.25738330715433644
157A,2022-09-20,CVR493,Cultivar,Fungicide,16,9,3,0.8114914731071571,4,0.00302079482373246,0.7825314522935585,0.5898608915178297,0.4267189718686096,0.03969447704620135,0.4769223296074385,0.15714674261810083
158A,2022-09-20,CVR481,Cultivar,Fungicide,17,9,3,0.8325211241725149,3,0.00159319919694895,0.8850979711750021,0.6621441601772836,0.49216171558834665,0.08801959558219238,0.5060003061955499,0.2348187301198406
159A,2022-09-20,CVR477,Cultivar,Fungicide,18,9,3,0.3364744170457252,0,0,0.42936466869680207,0.5809985816725687,0.4499986276818464,0.05459913866971296,0.4355842697610606,0.194683651837743
15A,2022-09-20,CVR482,Cultivar,Infected,6,2,1,0.08240615669476097,21,0.0072803647613197,0.07053904267900052,0.5150237557689549,0.48993469744949375,0.12034132464109124,0.3423909302062557,0.2095922018467968
160A,2022-09-20,CVR010,Cultivar,Fungicide,10,10,3,0.8742293248678977,0,0,0.8207286386356133,0.6192229785327235,0.4398209807072008,0.0985299784046102,0.4650836380148603,0.21648494189372952
161A,2022-09-20,CVR015,Cultivar,Fungicide,11,10,3,0.9151160806957096,5,0.0014607086192401,0.8223398368249387,0.6648308991539742,0.4913965558442534,0.14590722067776166,0.4738418203710112,0.27882622071286606
162A,2022-09-20,CVR497,Cultivar,Fungicide,12,10,3,0.924595819449695,3,0.00197742721168559,0.8433247108029812,0.6108540644543293,0.44030983453559414,0.11338536087513695,0.4605979754964779,0.20908340920927948
163A,2022-09-20,CVR491,Cultivar,Fungicide,13,10,3,0.9287527279529276,5,0.00354082054660052,0.9579555673459588,0.7014102883674969,0.47421903304471646,0.11994499777325196,0.48283662620132456,0.33050448478287225
164A,2022-09-20,CVR502,Cultivar,Fungicide,14,10,3,0.7209271764574463,28,0.011838039895192611,0.8035949213052266,0.7150223533375933,0.5271566708868498,0.11609351988086036,0.4817234269193678,0.35587894409952375
165A,2022-09-20,CVR016,Cultivar,Fungicide,15,10,3,0.8572406525865589,2,0.00165613530177275,0.92250920718080065,0.711693811011443,0.4848231218907262,0.1347313236959756,0.508531060619835,0.31839619433308525
166A,2022-09-20,WLD133,Wild cicer,Fungicide,16,10,3,0.7019345761725571,0,0,0.7831995100793763,0.7261467003740861,0.5197852617313403,0.12512237110305022,0.5368520188616897,0.3102343808079062
167A,2022-09-20,WLD085,Wild cicer,Fungicide,17,10,3,0.6763141082263383,0,0,0.8298456625361861,0.7737339876913837,0.5785886813086162,0.1853859586078112,0.5724700717170605,0.3612963664691501
168A,2022-09-20,CVR501,Cultivar,Fungicide,18,10,3,0.519226026414138,9,0.00749568441658152,0.6258129552440576,0.6279173175963308,0.4420745829959809,0.09050870703328552,0.47738050881255206,0.21497749189861717
169A,2022-09-20,Genesis090,Cultivar,Fungicide,10,11,3,0.9149769650326532,1,1.6230095769334486e-4,0.7727856681239806,0.5744714441573296,0.40155478918219706,0.08578259943547417,0.43442842836077467,0.18661621327960196
16A,2022-09-20,WLD133,Wild cicer,Infected,7,2,1,0.01168240341904505,11,0.00258025461696232,0.02440375794075728,0.4913196050788177,0.4662154054287047,-8.695888519858773e-5,0.32257399768322104,0.20052642465224285
170A,2022-09-20,CVR495,Cultivar,Fungicide,11,11,3,0.8374100460456395,0,0,0.7144288556569524,0.6216999107123984,0.4569261686945598,0.11464115501290573,0.4701184972379128,0.21418051557634543
171A,2022-09-20,CVR504,Cultivar,Fungicide,12,11,3,0.7623339598828737,3,0.00173231717859453,0.7434304230648089,0.5802706690475583,0.4327463615627571,0.08756997991018313,0.43323028343022424,0.19641809211836053
172A,2022-09-20,WLD131,Wild cicer,Fungicide,13,11,3,0.2290473146669647,0,0,0.2843568316575196,0.6371993166007118,0.4468119334148859,0.05810809348837541,0.42745197705208704,0.28826181865196066
173A,2022-09-20,CVR484,Cultivar,Fungicide,14,11,3,0.3814087762129396,0,0,0.4679548302069851,0.6604173705404498,0.4622366942010336,0.07141752428860335,0.46125337751069545,0.28641019204546997
174A,2022-09-20,WLD132,Wild cicer,Fungicide,15,11,3,0.14371972904801952,0,0,0.20804105400703551,0.6783260781764163,0.45673060524617154,0.12380610197190546,0.4943107795685014,0.27684124599647514
175A,2022-09-20,CVR503,Cultivar,Fungicide,16,11,3,0.7457129504253267,0,0,0.8023374007672165,0.5969498198971437,0.4536210946890762,0.05758644131885517,0.4447825721807064,0.20717483372836976
176A,2022-09-20,CVR482,Cultivar,Fungicide,17,11,3,0.7011826891365142,14,0.00654172822983799,0.764690379660541,0.6401928475629182,0.4774801873560815,0.064243480741497,0.514697720314445,0.1871681024223017
177A,2022-09-20,CVR485,Cultivar,Fungicide,18,11,3,0.6460630760669569,16,0.01025811789048318,0.6343012188756253,0.6064478775118203,0.4426952644181076,0.05133827268502064,0.5156919011546129,0.13205484175843088
178A,2022-09-20,CVR494,Cultivar,Fungicide,10,12,3,0.9492855373645128,3,0.00178200114523535,0.8865519792970762,0.5790481036908633,0.44238713118973744,0.07405613353441885,0.4520286150582108,0.17205398463947533
179A,2022-09-20,CVR500,Cultivar,Fungicide,11,12,3,0.9299318988112152,6,0.00463056766455613,0.8511056191319183,0.5831989997359267,0.40535664022828566,0.1175947481024356,0.4216629436471697,0.21421419977472797
17A,2022-09-20,Genesis090,Cultivar,Infected,8,2,1,0.32755114094396526,65,0.02490164108642266,0.3666065343467386,0.5972449656542558,0.5074406406298357,0.04700570997033144,0.4338783077663011,0.22050699639789204
180A,2022-09-20,CVR019,Cultivar,Fungicide,12,12,3,0.9304254281872962,7,0.00418671047003199,0.6618094806445949,0.558461764887377,0.40447861367514143,0.08885675567474238,0.4420677591712005,0.15454866090185637
18A,2022-09-20,CVR019,Cultivar,Infected,9,2,1,0.40132218969615446,30,0.01519008231536025,0.447087848779381,0.6540077077144231,0.5150657342017048,0.0744598707968125,0.4989704829973618,0.23013842000768647
19A,2022-09-20,CVR494,Cultivar,Infected,1,3,1,0.7487072494587309,10,0.00429601211622971,0.7837103777979428,0.766478948215948,0.5384877649352301,0.08906357884891061,0.4867406059077722,0.4462080461715492
1A,2022-09-20,WLD132,Wild cicer,Infected,1,1,1,0.02402726237645387,0,0,0.00797739591300117,0.5541745483769582,0.47685820983060007,-0.11772373081519866,0.5238438622399517,0.04273739062937581
20A,2022-09-20,Howzat,Cultivar,Infected,2,3,1,0.4648417389921644,57,0.0218543582919972,0.47035197873256673,0.7127046097798503,0.5128803122974709,0.06498579176904375,0.44471101061828233,0.3923470500562743
21A,2022-09-20,CVR010,Cultivar,Infected,3,3,1,0.12928813514476484,40,0.01873751227629088,0.19342237775266885,0.7164412752804851,0.4853473995524556,0.08706182758476462,0.4317483214897941,0.4121936486875269
22A,2022-09-20,CVR501,Cultivar,Infected,4,3,1,0.8242801772752696,5,0.00314335168852525,0.7920807488790722,0.6324263608461811,0.5319077314166641,0.10584591666744476,0.4506026476347843,0.254289294442896
23A,2022-09-20,CVR491,Cultivar,Infected,5,3,1,0.7099304145206078,23,0.01926420195738282,0.7313660854032751,0.5873997114637834,0.48693442166271744,0.1000388982646466,0.4120888656227589,0.23129937668053624
24A,2022-09-20,CVR502,Cultivar,Infected,6,3,1,0.29165267532003264,15,0.0090325738858521,0.22568563905598885,0.5498455462015402,0.4711634577313733,0.1044669888048618,0.437119027808321,0.14839230471675405
25A,2022-09-20,CVR485,Cultivar,Infected,7,3,1,0.28875774461738296,25,0.01287150385919637,0.33045281887895006,0.5859715539756064,0.4758619864911966,0.03079841691703574,0.4346251807786552,0.20306172592488336
26A,2022-09-20,CVR503,Cultivar,Infected,8,3,1,0.4895016464077557,51,0.01514368675023698,0.5442313103406564,0.655636744290193,0.5066258890710855,0.07948704405523198,0.4481581781489519,0.29380781282255614
27A,2022-09-20,CVR504,Cultivar,Infected,9,3,1,0.7280121384402468,22,0.01035416366090578,0.808782193524518,0.6716542227466197,0.5055572214741005,0.08348599317228314,0.4978353829880814,0.2611355935144497
28A,2022-09-20,CVR495,Cultivar,Infected,1,4,1,0.3487265322277631,2,0.00168595225331577,0.5260365600563237,0.7034809941560815,0.4537077215546266,0.0921341098769178,0.4053169711690092,0.41709007921382496
29A,2022-09-20,CVR492,Cultivar,Infected,2,4,1,0.6267491848459612,11,0.00485909707149233,0.7289689368776934,0.7236118405236408,0.4853666204088356,0.1109192228936774,0.4339741885820574,0.4222300846464323
2A,2022-09-20,CVR016,Cultivar,Infected,2,1,1,0.4754012802736829,22,0.0132192841505233,0.4522751209986724,0.7133858281815562,0.5138225235592073,0.08505334973081191,0.41278790296533086,0.4260639869535263
30A,2022-09-20,CVR484,Cultivar,Infected,3,4,1,0.05167815654775756,15,0.00467360607333949,0.03752912855623704,0.6352164400955075,0.48177274159989875,-0.01235688470034837,0.5219099364647558,0.16950018245487286
31A,2022-09-20,CVR491,Cultivar,Fungicide,10,1,1,0.8545212726015756,0,0,0.7558091408608452,0.6055003118479818,0.4407185335354774,0.01570741518530099,0.4887980742298327,0.16576254474571522
32A,2022-09-20,CVR016,Cultivar,Fungicide,11,1,1,0.923482894145244,0,0,0.8798714014388979,0.6328636522031967,0.4870689173944075,0.02777838255026169,0.5074727708758465,0.1847137457828113
33A,2022-09-20,Howzat,Cultivar,Fungicide,12,1,1,0.5818578852887405,0,0,0.5325599478472507,0.5843999651929414,0.46619886241138914,-0.00777435422585562,0.47523323393163014,0.1511431595111532
34A,2022-09-20,CVR496,Cultivar,Fungicide,13,1,1,0.8423652134726005,12,0.0088802121858166,0.7577347191846731,0.6172882827606717,0.4377378777162694,-0.01910771170697082,0.5014578404461563,0.16775935116685553
35A,2022-09-20,Genesis090,Cultivar,Fungicide,14,1,1,0.7670572678714074,2,0.00164289076195233,0.6603161750057079,0.5844754595108663,0.39643129758558154,-0.01711058332147372,0.4793331592178611,0.14606312041045705
36A,2022-09-20,CVR484,Cultivar,Fungicide,15,1,1,0.45984019967751794,6,0.00305391705743807,0.42618156983496414,0.6082887023097329,0.4737591817831567,-0.00757285615405066,0.47715392903993376,0.184761229445545
37A,2022-09-20,WLD133,Wild cicer,Fungicide,16,1,1,0.6225790272319612,0,0,0.6276992360510726,0.6682298613723203,0.4575279880473133,0.04039721955369167,0.4876198533850212,0.26790462677485083
38A,2022-09-20,CVR499,Cultivar,Fungicide,17,1,1,0.05793173682991154,0,0,0.06020379575723052,0.6854468617361356,0.5239603568129875,-0.00668469449931544,0.5808849116922362,0.1737387798433837
39A,2022-09-20,CVR015,Cultivar,Fungicide,18,1,1,0.8629278333834118,1,0.00211323518787005,0.8503982638292876,0.6953133125809675,0.4910966013363429,0.0630617195424679,0.5226211862985228,0.2712663906889051
3A,2022-09-20,CVR497,Cultivar,Infected,3,1,1,0.4905781366575968,15,0.00779046157671455,0.5341318485197633,0.6768949027594231,0.47501289583991313,0.0619507416246579,0.4223165968113277,0.35648432335215546
40A,2022-09-20,CVR497,Cultivar,Fungicide,10,2,1,0.954787230610624,2,0.00112948484465845,0.9320978012831272,0.6347928072538223,0.4812210897606792,0.01735662584800238,0.5171175157533868,0.175180465449896
41A,2022-09-20,CVR503,Cultivar,Fungicide,11,2,1,0.7395951735285373,25,0.0102316037567858,0.8016300454645858,0.6881905866611292,0.5432557498245807,0.06467454181853928,0.5061346840033923,0.2793627233024031
42A,2022-09-20,CVR477,Cultivar,Fungicide,12,2,1,0.6311843246753066,0,0,0.6930903040275945,0.6125142739264605,0.47593340680665974,0.01343386118368566,0.48974691369341594,0.1753761746289008
43A,2022-09-20,CVR500,Cultivar,Fungicide,13,2,1,0.9467483326525796,10,0.00573685269356798,0.9042358618628424,0.6253325587690145,0.42548487087697534,0.01262672412997877,0.4837612611358185,0.20297299752230336
44A,2022-09-20,WLD085,Wild cicer,Fungicide,14,2,1,0.39735739329904735,0,0,0.5286694936827822,0.714457459739343,0.4990516987165984,0.11678085394838768,0.5169270230706745,0.31320349188757807
45A,2022-09-20,CVR502,Cultivar,Fungicide,15,2,1,0.6061335684920808,13,0.00652185718965566,0.662831216081728,0.6326368152259599,0.4426327145803586,0.01887414436310889,0.46716833510172073,0.23488960744597387
46A,2022-09-20,CVR495,Cultivar,Fungicide,16,2,1,0.7919059751154323,9,0.00579647550714503,0.8652527251845312,0.6756911130289157,0.4799296679727812,0.03788875766597481,0.4875120395889734,0.28061615394288386
47A,2022-09-20,CVR494,Cultivar,Fungicide,17,2,1,0.9414851234002792,4,0.00296117016189543,0.9708451528605616,0.7346995527096948,0.5384444678406838,0.06934209068730922,0.5624340506076482,0.293577687435582
48A,2022-09-20,CVR019,Cultivar,Fungicide,18,2,1,0.942770287144705,0,0,0.9265961489293332,0.7335409347786006,0.5153112717863529,0.0838291450940216,0.5600550792098727,0.2944547252497401
49A,2022-09-20,CVR501,Cultivar,Fungicide,10,3,1,0.8659022587506652,2,0.00233847019677913,0.8874951197005837,0.6523420786661664,0.4975241310911863,0.02399647569555405,0.5032614052650295,0.22194485742196904
4A,2022-09-20,CVR498,Cultivar,Infected,4,1,1,0.2918017278161645,29,0.02409349595973537,0.2658084037218716,0.4843337467976667,0.4726903163183334,-0.00461187368800519,0.37582505549854794,0.1326552267486447
50A,2022-09-20,WLD132,Wild cicer,Fungicide,11,3,1,0.11581047721675396,0,0,0.176092172838218,0.7058128002429404,0.5150890424292053,0.12838538366106134,0.5137884535236064,0.3012801005574271
51A,2022-09-20,CVR492,Cultivar,Fungicide,12,3,1,0.8886476696603852,8,0.00321289650943968,0.8809717319096566,0.6299807674311008,0.47528515793473775,0.01634794111224809,0.5200198912597218,0.16353552936485088
52A,2022-09-20,WLD129,Wild cicer,Fungicide,13,3,1,0.5275332188652196,0,0,0.5830572569517163,0.6544552566541556,0.4717364919546478,0.02788374473019839,0.4820911027120957,0.2518129011301218
53A,2022-09-20,CVR498,Cultivar,Fungicide,14,3,1,0.7584420335949865,8,0.00383561043911627,0.7222490615027023,0.5897725802674996,0.4111940107599815,0.00852530573713298,0.4367197654690905,0.2061498791063452
54A,2022-09-20,CVR482,Cultivar,Fungicide,15,3,1,0.45144026345106536,0,0,0.4719238794050792,0.5638778353266453,0.41657534349522335,-0.05523173888635938,0.4490797806896183,0.15372532430451494
55A,2022-09-20,CVR493,Cultivar,Fungicide,16,3,1,0.8630139526033992,9,0.00505783950961414,0.8749199143204833,0.6296404031723434,0.4571006435462891,0.02875046383390822,0.46686507483178413,0.2305459506148018
56A,2022-09-20,WLD131,Wild cicer,Fungicide,17,3,1,0.18053238331489413,0,0,0.22340638308084565,0.7418961264953636,0.5067719225621558,0.15487041365719495,0.5034484385517973,0.3806067701623838
57A,2022-09-20,CVR504,Cultivar,Fungicide,18,3,1,0.8165791316417909,9,0.00963873552920329,0.8464292146311935,0.6463742104799435,0.4414699458134581,0.04812232542391533,0.47140832078739087,0.2516430967056766
58A,2022-09-20,CVR481,Cultivar,Fungicide,10,4,1,0.6067330907542999,0,0,0.7539621575706429,0.5918970842410702,0.4842800922030886,-0.03569148764662169,0.4467799649315734,0.19729002391661227
59A,2022-09-20,CVR485,Cultivar,Fungicide,11,4,1,0.9579703294724616,2,8.346906395657734e-4,0.9393678418934978,0.6390064767668097,0.4863724002032658,0.01746716272361909,0.5244709844912788,0.17227018259166113
5A,2022-09-20,CVR015,Cultivar,Infected,5,1,1,0.10179291802497664,8,0.00538907055396884,0.1435931264340211,0.5343176777136773,0.4802903327281949,0.01267549911678366,0.4458222450500718,0.1161678608979134
60A,2022-09-20,CVR010,Cultivar,Fungicide,12,4,1,0.9087962548597192,3,9.075604573056428e-4,0.9011706555514428,0.6405622098148487,0.4932812030439134,0.00534604158313744,0.5496250176531874,0.1403501212167091
61A,2022-09-20,CVR493,Cultivar,Fungicide,1,5,2,0.7775439390437058,8,0.00517708246707775,0.6764281568989615,0.5185639678903934,0.42930588878473097,-0.05476380094575578,0.4343115599792127,0.10874341859324996
62A,2022-09-20,CVR495,Cultivar,Fungicide,2,5,2,0.5064207608575664,0,0,0.6590193569508851,0.5278635665176554,0.416610873130252,-0.05083704530883368,0.4297125432129372,0.12694617221630272
63A,2022-09-20,CVR501,Cultivar,Fungicide,3,5,2,0.4101063501348581,0,0,0.461431442416058,0.531552389324516,0.4176136144679321,-0.02231040737050478,0.4243303359743428,0.13844997095609174
64A,2022-09-20,WLD085,Wild cicer,Fungicide,4,5,2,0.4299237075650102,0,0,0.4242559915111363,0.5540356318751571,0.4826219023230175,0.02264895680655341,0.4177245576790053,0.1773577357042385
65A,2022-09-20,CVR485,Cultivar,Fungicide,5,5,2,0.8395729633783973,4,0.00150045579255275,0.7192624502249284,0.5493473184508377,0.48294540434214334,-0.01123023433724993,0.4544255995957551,0.1265011469837481
66A,2022-09-20,CVR491,Cultivar,Fungicide,6,5,2,0.8247637698182751,2,0.001212288786036,0.6482125398273614,0.5502558372112113,0.4711994407029766,0.01479701014606875,0.4416389776788987,0.14348603616499175
67A,2022-09-20,CVR016,Cultivar,Fungicide,7,5,2,0.8091662541675003,12,0.00762817047635263,0.761114305630575,0.5967566668390432,0.46126755432083755,0.00488256478554285,0.44550019893689585,0.2060308412510414
68A,2022-09-20,CVR484,Cultivar,Fungicide,8,5,2,0.7978084539622534,2,0.00174557321864556,0.7985648391531864,0.6320298599129012,0.4907142549854708,0.02385022820344979,0.4484426166164025,0.25620249089951164
69A,2022-09-20,CVR481,Cultivar,Fungicide,9,5,2,0.7878649963314133,2,0.00143090583761817,0.8003725249265758,0.6548261367046386,0.5067112874345259,0.02886388348262631,0.49728980005963874,0.23360809241305355
6A,2022-09-20,CVR477,Cultivar,Infected,6,1,1,0.01940663499636659,5,0.00217285307278774,0.01355764330042071,0.5021809240306901,0.4792811037604363,0.00753905417433969,0.4280022812741891,0.0944872121105553
70A,2022-09-20,Howzat,Cultivar,Fungicide,1,6,2,0.6666621310323783,0,0,0.7884653773322933,0.5964905650543588,0.4620761924410104,-0.01687330924003861,0.43412415905506047,0.21910345782425025
71A,2022-09-20,WLD132,Wild cicer,Fungicide,2,6,2,0.0517377775462103,0,0,0.12107564930027888,0.6445879046166825,0.5105588735563583,0.06577010273786824,0.5091148370607141,0.20164761852360277
72A,2022-09-20,CVR492,Cultivar,Fungicide,3,6,2,0.7734665252050767,1,2.086726598914434e-4,0.809843226478464,0.5603623811521081,0.43663658948521017,-0.02218130974843392,0.4511034412518236,0.14622085113897634
73A,2022-09-20,CVR496,Cultivar,Fungicide,4,6,2,0.9689207195216148,2,0.00164951693372422,0.920151356172032,0.5822875029664983,0.5038692652090426,0.01140249184653429,0.4565438870708079,0.1712754462788778
74A,2022-09-20,CVR498,Cultivar,Fungicide,5,6,2,0.8594930014169957,5,0.00254381909200997,0.8557427261158302,0.5986874315150801,0.506584667857982,0.02883377853314526,0.45752846164963706,0.19441149338117525
75A,2022-09-20,CVR019,Cultivar,Fungicide,6,6,2,0.957947143528619,0,0,0.9550868486186233,0.6082482422587887,0.5106860621763085,0.02090020447563512,0.4963893640944707,0.16023973381559636
76A,2022-09-20,CVR499,Cultivar,Fungicide,7,6,2,0,0,0,0,NA,NA,NA,NA,NA
77A,2022-09-20,CVR502,Cultivar,Fungicide,8,6,2,0.6967906089171624,12,0.00639269049983662,0.7582455869032396,0.6803816531287556,0.5130178853010781,0.0472168320860356,0.501288687306858,0.2717926343044017
78A,2022-09-20,CVR482,Cultivar,Fungicide,9,6,2,0.769660718137177,4,0.00266969335526563,0.7590708347563087,0.6571352788112967,0.5058896019267075,0.01743813009417792,0.5176499471108985,0.2113945941659686
79A,2022-09-20,CVR497,Cultivar,Fungicide,1,7,2,0.8930265007689697,0,0,0.8923680117853726,0.5697171955701545,0.4177282788076225,0.00597858975767847,0.42443522933038547,0.1916163393226974
7A,2022-09-20,WLD131,Wild cicer,Infected,7,1,1,0.001828377285884,0,0,3.5367765131532296e-4,0.5349716451012991,0.4488889153692441,-0.0435806644634564,0.5375939850832373,-0.00368098108023392
80A,2022-09-20,CVR503,Cultivar,Fungicide,2,7,2,0.7469914896143688,4,0.00236165481571334,0.8906389210456088,0.6269027997470482,0.4709969663997374,0.0512806240347447,0.43564388180138897,0.2631181645292121
81A,2022-09-20,CVR477,Cultivar,Fungicide,3,7,2,0.627868734705796,0,0,0.7352958370845564,0.5241514869211451,0.437851792165268,-0.02394181795145912,0.40862032964134254,0.14701967804874078
82A,2022-09-20,WLD133,Wild cicer,Fungicide,4,7,2,0.6995166134575294,0,0,0.7384003409127687,0.5851915435684281,0.5076022049561929,0.02968061267495877,0.4061252365701086,0.23489067160277577
83A,2022-09-20,CVR500,Cultivar,Fungicide,5,7,2,0.8572870244742444,4,0.00246764419746833,0.7715674451027834,0.528172359629074,0.47048392082689067,0.00582295546231058,0.4159772199707559,0.14378603418157
84A,2022-09-20,CVR494,Cultivar,Fungicide,6,7,2,0.6848432232827719,7,0.00312677763392892,0.6352443592791328,0.5335468778362211,0.4872959230179044,-0.00701671253348885,0.4301238278452214,0.134226959386268
85A,2022-09-20,WLD131,Wild cicer,Fungicide,7,7,2,0.1697674808164829,0,0,0.19145750191202815,0.5971611558533465,0.44863465797056246,-0.00223120994400471,0.42368061331775886,0.232238077877674
86A,2022-09-20,CVR504,Cultivar,Fungicide,8,7,2,0.8484829903693899,4,0.00314997519060666,0.8731908235807195,0.6714339168181579,0.5183460487199626,0.05101363171282562,0.48352821696413634,0.27823752954163894
87A,2022-09-20,CVR010,Cultivar,Fungicide,9,7,2,0.9288487840059904,0,0,0.9200727611384062,0.6744413603853232,0.517911832148287,0.02693291334884357,0.5404094270481319,0.21089936883658136
88A,2022-09-20,Genesis090,Cultivar,Fungicide,1,8,2,0.8336969827531107,0,0,0.8689073942481229,0.5503019096305781,0.41764609960543375,-0.01309557690351341,0.4353779306500736,0.15113409107105596
89A,2022-09-20,CVR015,Cultivar,Fungicide,2,8,2,0.7681867545643175,0,0,0.8654885102854081,0.6007318987666186,0.46210115456265255,0.0170229282232772,0.4552988633493765,0.20018657659482056
8A,2022-09-20,CVR493,Cultivar,Infected,8,1,1,0.27500185536325933,56,0.02137738929610864,0.2959495991172997,0.5204131257291638,0.5194585223126874,-0.016816222239046,0.384812509667334,0.16955618972468556
90A,2022-09-20,WLD129,Wild cicer,Fungicide,3,8,2,0.09867275243928328,0,0,0.15145262979658386,0.537061281577061,0.41156376179099013,-0.02470917533970554,0.4626498675897934,0.0990134069900386
91A,2022-09-20,CVR503,Cultivar,Infected,10,5,2,0.6315486752214067,4,0.00205029456509578,0.6350478716950687,0.5727777481199644,0.4651108190565879,0.08394428971386056,0.411266270138103,0.21128193007091708
92A,2022-09-20,CVR501,Cultivar,Infected,11,5,2,0.6297766066562837,1,0.00145740497996397,0.49212280304686545,0.5443382180157491,0.4569582109286571,0.05854712589744888,0.4216743646693292,0.15920724512739406
93A,2022-09-20,CVR019,Cultivar,Infected,12,5,2,0.7534007469480383,7,0.00340832750456199,0.5333066006666942,0.5302754001340602,0.4352230594103388,0.05938107460101612,0.4298521490096977,0.13007182572173148
94A,2022-09-20,CVR499,Cultivar,Infected,13,5,2,0.2344032676946358,0,0,0.2586955531787523,0.6338712905672299,0.6581422498580929,0.04113556511270504,0.3748504507250123,0.339747110883381
95A,2022-09-20,WLD133,Wild cicer,Infected,14,5,2,0.00458088004778545,0,0,0.00510867718566577,0.5725535383467096,0.6833164046273222,0.2015484238283541,0.2472847026200044,0.37891737103430856
96A,2022-09-20,CVR493,Cultivar,Infected,15,5,2,0.320900087338793,49,0.02513352604792217,0.32499046404196896,0.6245378347666527,0.6942900480058308,0.08072489683391362,0.3548323609642777,0.3464897661430061
97A,2022-09-20,CVR504,Cultivar,Infected,16,5,2,0.4737219554839307,8,0.00474648090188303,0.5769661418457301,0.5827827249801392,0.43554890678569297,-0.01967803179840584,0.4598932427486602,0.1678858973324053
98A,2022-09-20,CVR015,Cultivar,Infected,17,5,2,0.7296583404530808,8,0.00385216662729699,0.7227599292212689,0.6480222470519782,0.48467403138303145,0.0242798262145744,0.5020625777205533,0.21634799675291363
99A,2022-09-20,CVR010,Cultivar,Infected,18,5,2,0.6024999998641555,6,0.00286842408780875,0.6216081209450864,0.6484617380938031,0.4883364797806896,0.02090948368717938,0.5042688000303404,0.2142536829685061
9A,2022-09-20,CVR496,Cultivar,Infected,9,1,1,0.6647012626388215,24,0.01281849707254193,0.6291532441731467,0.624279218552541,0.4970604689003144,0.05987255002547421,0.4764512531228852,0.21041288176609033
